Date Time, Prediction
1997-01-01 00:00,1.404
1997-01-01 00:06,1.407
1997-01-01 00:12,1.410
1997-01-01 00:18,1.412
1997-01-01 00:24,1.415
1997-01-01 00:30,1.418
1997-01-01 00:36,1.420
1997-01-01 00:42,1.422
1997-01-01 00:48,1.425
1997-01-01 00:54,1.427
1997-01-01 01:00,1.429
1997-01-01 01:06,1.431
1997-01-01 01:12,1.432
1997-01-01 01:18,1.434
1997-01-01 01:24,1.436
1997-01-01 01:30,1.437
1997-01-01 01:36,1.438
1997-01-01 01:42,1.439
1997-01-01 01:48,1.440
1997-01-01 01:54,1.441
1997-01-01 02:00,1.442
1997-01-01 02:06,1.442
1997-01-01 02:12,1.443
1997-01-01 02:18,1.443
1997-01-01 02:24,1.443
1997-01-01 02:30,1.443
1997-01-01 02:36,1.443
1997-01-01 02:42,1.443
1997-01-01 02:48,1.442
1997-01-01 02:54,1.442
1997-01-01 03:00,1.441
1997-01-01 03:06,1.440
1997-01-01 03:12,1.440
1997-01-01 03:18,1.439
1997-01-01 03:24,1.437
1997-01-01 03:30,1.436
1997-01-01 03:36,1.435
1997-01-01 03:42,1.433
1997-01-01 03:48,1.431
1997-01-01 03:54,1.430
1997-01-01 04:00,1.428
1997-01-01 04:06,1.426
1997-01-01 04:12,1.424
1997-01-01 04:18,1.421
1997-01-01 04:24,1.419
1997-01-01 04:30,1.417
1997-01-01 04:36,1.414
1997-01-01 04:42,1.412
1997-01-01 04:48,1.409
1997-01-01 04:54,1.406
1997-01-01 05:00,1.403
1997-01-01 05:06,1.401
1997-01-01 05:12,1.398
1997-01-01 05:18,1.395
1997-01-01 05:24,1.392
1997-01-01 05:30,1.388
1997-01-01 05:36,1.385
1997-01-01 05:42,1.382
1997-01-01 05:48,1.379
1997-01-01 05:54,1.376
1997-01-01 06:00,1.373
1997-01-01 06:06,1.370
1997-01-01 06:12,1.367
1997-01-01 06:18,1.363
1997-01-01 06:24,1.360
1997-01-01 06:30,1.357
1997-01-01 06:36,1.354
1997-01-01 06:42,1.351
1997-01-01 06:48,1.348
1997-01-01 06:54,1.346
1997-01-01 07:00,1.343
1997-01-01 07:06,1.340
1997-01-01 07:12,1.337
1997-01-01 07:18,1.335
1997-01-01 07:24,1.332
1997-01-01 07:30,1.330
1997-01-01 07:36,1.328
1997-01-01 07:42,1.325
1997-01-01 07:48,1.323
1997-01-01 07:54,1.321
1997-01-01 08:00,1.319
1997-01-01 08:06,1.318
1997-01-01 08:12,1.316
1997-01-01 08:18,1.314
1997-01-01 08:24,1.313
1997-01-01 08:30,1.311
1997-01-01 08:36,1.310
1997-01-01 08:42,1.309
1997-01-01 08:48,1.308
1997-01-01 08:54,1.307
1997-01-01 09:00,1.306
1997-01-01 09:06,1.305
1997-01-01 09:12,1.305
1997-01-01 09:18,1.304
1997-01-01 09:24,1.304
1997-01-01 09:30,1.303
1997-01-01 09:36,1.303
1997-01-01 09:42,1.303
1997-01-01 09:48,1.303
1997-01-01 09:54,1.303
1997-01-01 10:00,1.303
1997-01-01 10:06,1.303
1997-01-01 10:12,1.304
1997-01-01 10:18,1.304
1997-01-01 10:24,1.305
1997-01-01 10:30,1.305
1997-01-01 10:36,1.306
1997-01-01 10:42,1.306
1997-01-01 10:48,1.307
1997-01-01 10:54,1.308
1997-01-01 11:00,1.309
1997-01-01 11:06,1.310
1997-01-01 11:12,1.311
1997-01-01 11:18,1.311
1997-01-01 11:24,1.312
1997-01-01 11:30,1.313
1997-01-01 11:36,1.314
1997-01-01 11:42,1.315
1997-01-01 11:48,1.317
1997-01-01 11:54,1.318
1997-01-01 12:00,1.319
1997-01-01 12:06,1.320
1997-01-01 12:12,1.321
1997-01-01 12:18,1.322
1997-01-01 12:24,1.323
1997-01-01 12:30,1.324
1997-01-01 12:36,1.325
1997-01-01 12:42,1.326
1997-01-01 12:48,1.326
1997-01-01 12:54,1.327
1997-01-01 13:00,1.328
1997-01-01 13:06,1.329
1997-01-01 13:12,1.330
1997-01-01 13:18,1.331
1997-01-01 13:24,1.332
1997-01-01 13:30,1.332
1997-01-01 13:36,1.333
1997-01-01 13:42,1.334
1997-01-01 13:48,1.334
1997-01-01 13:54,1.335
1997-01-01 14:00,1.336
1997-01-01 14:06,1.336
1997-01-01 14:12,1.337
1997-01-01 14:18,1.337
1997-01-01 14:24,1.338
1997-01-01 14:30,1.338
1997-01-01 14:36,1.338
1997-01-01 14:42,1.339
1997-01-01 14:48,1.339
1997-01-01 14:54,1.339
1997-01-01 15:00,1.339
1997-01-01 15:06,1.339
1997-01-01 15:12,1.339
1997-01-01 15:18,1.339
1997-01-01 15:24,1.339
1997-01-01 15:30,1.339
1997-01-01 15:36,1.339
1997-01-01 15:42,1.338
1997-01-01 15:48,1.338
1997-01-01 15:54,1.337
1997-01-01 16:00,1.337
1997-01-01 16:06,1.336
1997-01-01 16:12,1.335
1997-01-01 16:18,1.335
1997-01-01 16:24,1.334
1997-01-01 16:30,1.333
1997-01-01 16:36,1.332
1997-01-01 16:42,1.331
1997-01-01 16:48,1.329
1997-01-01 16:54,1.328
1997-01-01 17:00,1.327
1997-01-01 17:06,1.326
1997-01-01 17:12,1.324
1997-01-01 17:18,1.323
1997-01-01 17:24,1.322
1997-01-01 17:30,1.320
1997-01-01 17:36,1.319
1997-01-01 17:42,1.317
1997-01-01 17:48,1.316
1997-01-01 17:54,1.315
1997-01-01 18:00,1.314
1997-01-01 18:06,1.312
1997-01-01 18:12,1.311
1997-01-01 18:18,1.310
1997-01-01 18:24,1.309
1997-01-01 18:30,1.308
1997-01-01 18:36,1.307
1997-01-01 18:42,1.307
1997-01-01 18:48,1.306
1997-01-01 18:54,1.305
1997-01-01 19:00,1.305
1997-01-01 19:06,1.305
1997-01-01 19:12,1.304
1997-01-01 19:18,1.304
1997-01-01 19:24,1.304
1997-01-01 19:30,1.304
1997-01-01 19:36,1.305
1997-01-01 19:42,1.305
1997-01-01 19:48,1.305
1997-01-01 19:54,1.306
1997-01-01 20:00,1.306
1997-01-01 20:06,1.307
1997-01-01 20:12,1.308
1997-01-01 20:18,1.309
1997-01-01 20:24,1.310
1997-01-01 20:30,1.311
1997-01-01 20:36,1.313
1997-01-01 20:42,1.314
1997-01-01 20:48,1.316
1997-01-01 20:54,1.317
1997-01-01 21:00,1.319
1997-01-01 21:06,1.321
1997-01-01 21:12,1.323
1997-01-01 21:18,1.325
1997-01-01 21:24,1.327
1997-01-01 21:30,1.329
1997-01-01 21:36,1.331
1997-01-01 21:42,1.333
1997-01-01 21:48,1.336
1997-01-01 21:54,1.338
1997-01-01 22:00,1.341
1997-01-01 22:06,1.344
1997-01-01 22:12,1.346
1997-01-01 22:18,1.349
1997-01-01 22:24,1.352
1997-01-01 22:30,1.355
1997-01-01 22:36,1.358
1997-01-01 22:42,1.361
1997-01-01 22:48,1.364
1997-01-01 22:54,1.367
1997-01-01 23:00,1.370
1997-01-01 23:06,1.373
1997-01-01 23:12,1.376
1997-01-01 23:18,1.379
1997-01-01 23:24,1.382
1997-01-01 23:30,1.385
1997-01-01 23:36,1.388
1997-01-01 23:42,1.391
1997-01-01 23:48,1.394
1997-01-01 23:54,1.396
1997-01-02 00:00,1.399
1997-01-02 00:06,1.402
1997-01-02 00:12,1.404
1997-01-02 00:18,1.407
1997-01-02 00:24,1.409
1997-01-02 00:30,1.411
1997-01-02 00:36,1.413
1997-01-02 00:42,1.415
1997-01-02 00:48,1.417
1997-01-02 00:54,1.419
1997-01-02 01:00,1.421
1997-01-02 01:06,1.422
1997-01-02 01:12,1.424
1997-01-02 01:18,1.425
1997-01-02 01:24,1.426
1997-01-02 01:30,1.427
1997-01-02 01:36,1.428
1997-01-02 01:42,1.429
1997-01-02 01:48,1.430
1997-01-02 01:54,1.431
1997-01-02 02:00,1.431
1997-01-02 02:06,1.432
1997-01-02 02:12,1.432
1997-01-02 02:18,1.432
1997-01-02 02:24,1.433
1997-01-02 02:30,1.433
1997-01-02 02:36,1.433
1997-01-02 02:42,1.432
1997-01-02 02:48,1.432
1997-01-02 02:54,1.432
1997-01-02 03:00,1.431
1997-01-02 03:06,1.431
1997-01-02 03:12,1.430
1997-01-02 03:18,1.429
1997-01-02 03:24,1.429
1997-01-02 03:30,1.427
1997-01-02 03:36,1.426
1997-01-02 03:42,1.425
1997-01-02 03:48,1.423
1997-01-02 03:54,1.422
1997-01-02 04:00,1.420
1997-01-02 04:06,1.418
1997-01-02 04:12,1.416
1997-01-02 04:18,1.414
1997-01-02 04:24,1.411
1997-01-02 04:30,1.409
1997-01-02 04:36,1.406
1997-01-02 04:42,1.403
1997-01-02 04:48,1.400
1997-01-02 04:54,1.397
1997-01-02 05:00,1.394
1997-01-02 05:06,1.391
1997-01-02 05:12,1.387
1997-01-02 05:18,1.384
1997-01-02 05:24,1.380
1997-01-02 05:30,1.376
1997-01-02 05:36,1.372
1997-01-02 05:42,1.369
1997-01-02 05:48,1.365
1997-01-02 05:54,1.361
1997-01-02 06:00,1.357
1997-01-02 06:06,1.353
1997-01-02 06:12,1.349
1997-01-02 06:18,1.345
1997-01-02 06:24,1.341
1997-01-02 06:30,1.337
1997-01-02 06:36,1.333
1997-01-02 06:42,1.329
1997-01-02 06:48,1.326
1997-01-02 06:54,1.322
1997-01-02 07:00,1.318
1997-01-02 07:06,1.315
1997-01-02 07:12,1.311
1997-01-02 07:18,1.308
1997-01-02 07:24,1.305
1997-01-02 07:30,1.301
1997-01-02 07:36,1.298
1997-01-02 07:42,1.295
1997-01-02 07:48,1.292
1997-01-02 07:54,1.289
1997-01-02 08:00,1.286
1997-01-02 08:06,1.284
1997-01-02 08:12,1.281
1997-01-02 08:18,1.278
1997-01-02 08:24,1.276
1997-01-02 08:30,1.274
1997-01-02 08:36,1.271
1997-01-02 08:42,1.269
1997-01-02 08:48,1.267
1997-01-02 08:54,1.265
1997-01-02 09:00,1.263
1997-01-02 09:06,1.261
1997-01-02 09:12,1.260
1997-01-02 09:18,1.258
1997-01-02 09:24,1.257
1997-01-02 09:30,1.256
1997-01-02 09:36,1.254
1997-01-02 09:42,1.253
1997-01-02 09:48,1.252
1997-01-02 09:54,1.252
1997-01-02 10:00,1.251
1997-01-02 10:06,1.251
1997-01-02 10:12,1.250
1997-01-02 10:18,1.250
1997-01-02 10:24,1.250
1997-01-02 10:30,1.251
1997-01-02 10:36,1.251
1997-01-02 10:42,1.252
1997-01-02 10:48,1.252
1997-01-02 10:54,1.253
1997-01-02 11:00,1.254
1997-01-02 11:06,1.255
1997-01-02 11:12,1.256
1997-01-02 11:18,1.258
1997-01-02 11:24,1.259
1997-01-02 11:30,1.261
1997-01-02 11:36,1.263
1997-01-02 11:42,1.264
1997-01-02 11:48,1.266
1997-01-02 11:54,1.268
1997-01-02 12:00,1.270
1997-01-02 12:06,1.272
1997-01-02 12:12,1.275
1997-01-02 12:18,1.277
1997-01-02 12:24,1.279
1997-01-02 12:30,1.281
1997-01-02 12:36,1.283
1997-01-02 12:42,1.286
1997-01-02 12:48,1.288
1997-01-02 12:54,1.290
1997-01-02 13:00,1.292
1997-01-02 13:06,1.295
1997-01-02 13:12,1.297
1997-01-02 13:18,1.299
1997-01-02 13:24,1.301
1997-01-02 13:30,1.304
1997-01-02 13:36,1.306
1997-01-02 13:42,1.308
1997-01-02 13:48,1.310
1997-01-02 13:54,1.313
1997-01-02 14:00,1.315
1997-01-02 14:06,1.317
1997-01-02 14:12,1.320
1997-01-02 14:18,1.322
1997-01-02 14:24,1.324
1997-01-02 14:30,1.326
1997-01-02 14:36,1.329
1997-01-02 14:42,1.331
1997-01-02 14:48,1.333
1997-01-02 14:54,1.335
1997-01-02 15:00,1.338
1997-01-02 15:06,1.340
1997-01-02 15:12,1.342
1997-01-02 15:18,1.344
1997-01-02 15:24,1.346
1997-01-02 15:30,1.348
1997-01-02 15:36,1.350
1997-01-02 15:42,1.352
1997-01-02 15:48,1.354
1997-01-02 15:54,1.356
1997-01-02 16:00,1.357
1997-01-02 16:06,1.359
1997-01-02 16:12,1.360
1997-01-02 16:18,1.361
1997-01-02 16:24,1.363
1997-01-02 16:30,1.364
1997-01-02 16:36,1.364
1997-01-02 16:42,1.365
1997-01-02 16:48,1.366
1997-01-02 16:54,1.366
1997-01-02 17:00,1.367
1997-01-02 17:06,1.367
1997-01-02 17:12,1.367
1997-01-02 17:18,1.367
1997-01-02 17:24,1.367
1997-01-02 17:30,1.367
1997-01-02 17:36,1.366
1997-01-02 17:42,1.366
1997-01-02 17:48,1.366
1997-01-02 17:54,1.365
1997-01-02 18:00,1.365
1997-01-02 18:06,1.364
1997-01-02 18:12,1.364
1997-01-02 18:18,1.363
1997-01-02 18:24,1.362
1997-01-02 18:30,1.362
1997-01-02 18:36,1.361
1997-01-02 18:42,1.361
1997-01-02 18:48,1.360
1997-01-02 18:54,1.360
1997-01-02 19:00,1.360
1997-01-02 19:06,1.359
1997-01-02 19:12,1.359
1997-01-02 19:18,1.359
1997-01-02 19:24,1.359
1997-01-02 19:30,1.359
1997-01-02 19:36,1.359
1997-01-02 19:42,1.359
1997-01-02 19:48,1.359
1997-01-02 19:54,1.359
1997-01-02 20:00,1.359
1997-01-02 20:06,1.359
1997-01-02 20:12,1.359
1997-01-02 20:18,1.360
1997-01-02 20:24,1.360
1997-01-02 20:30,1.360
1997-01-02 20:36,1.361
1997-01-02 20:42,1.361
1997-01-02 20:48,1.362
1997-01-02 20:54,1.362
1997-01-02 21:00,1.363
1997-01-02 21:06,1.363
1997-01-02 21:12,1.364
1997-01-02 21:18,1.364
1997-01-02 21:24,1.365
1997-01-02 21:30,1.366
1997-01-02 21:36,1.367
1997-01-02 21:42,1.367
1997-01-02 21:48,1.368
1997-01-02 21:54,1.369
1997-01-02 22:00,1.370
1997-01-02 22:06,1.371
1997-01-02 22:12,1.372
1997-01-02 22:18,1.374
1997-01-02 22:24,1.375
1997-01-02 22:30,1.376
1997-01-02 22:36,1.378
1997-01-02 22:42,1.379
1997-01-02 22:48,1.381
1997-01-02 22:54,1.383
1997-01-02 23:00,1.384
1997-01-02 23:06,1.386
1997-01-02 23:12,1.388
1997-01-02 23:18,1.390
1997-01-02 23:24,1.392
1997-01-02 23:30,1.394
1997-01-02 23:36,1.396
1997-01-02 23:42,1.398
1997-01-02 23:48,1.400
1997-01-02 23:54,1.402
1997-01-03 00:00,1.404
1997-01-03 00:06,1.406
1997-01-03 00:12,1.408
1997-01-03 00:18,1.410
1997-01-03 00:24,1.412
1997-01-03 00:30,1.414
1997-01-03 00:36,1.416
1997-01-03 00:42,1.417
1997-01-03 00:48,1.419
1997-01-03 00:54,1.420
1997-01-03 01:00,1.422
1997-01-03 01:06,1.423
1997-01-03 01:12,1.424
1997-01-03 01:18,1.425
1997-01-03 01:24,1.426
1997-01-03 01:30,1.427
1997-01-03 01:36,1.428
1997-01-03 01:42,1.428
1997-01-03 01:48,1.429
1997-01-03 01:54,1.429
1997-01-03 02:00,1.429
1997-01-03 02:06,1.430
1997-01-03 02:12,1.430
1997-01-03 02:18,1.430
1997-01-03 02:24,1.430
1997-01-03 02:30,1.430
1997-01-03 02:36,1.429
1997-01-03 02:42,1.429
1997-01-03 02:48,1.429
1997-01-03 02:54,1.428
1997-01-03 03:00,1.428
1997-01-03 03:06,1.427
1997-01-03 03:12,1.427
1997-01-03 03:18,1.426
1997-01-03 03:24,1.425
1997-01-03 03:30,1.424
1997-01-03 03:36,1.423
1997-01-03 03:42,1.422
1997-01-03 03:48,1.421
1997-01-03 03:54,1.419
1997-01-03 04:00,1.418
1997-01-03 04:06,1.416
1997-01-03 04:12,1.414
1997-01-03 04:18,1.412
1997-01-03 04:24,1.410
1997-01-03 04:30,1.407
1997-01-03 04:36,1.405
1997-01-03 04:42,1.402
1997-01-03 04:48,1.399
1997-01-03 04:54,1.396
1997-01-03 05:00,1.393
1997-01-03 05:06,1.389
1997-01-03 05:12,1.386
1997-01-03 05:18,1.382
1997-01-03 05:24,1.378
1997-01-03 05:30,1.374
1997-01-03 05:36,1.370
1997-01-03 05:42,1.365
1997-01-03 05:48,1.361
1997-01-03 05:54,1.356
1997-01-03 06:00,1.352
1997-01-03 06:06,1.347
1997-01-03 06:12,1.342
1997-01-03 06:18,1.338
1997-01-03 06:24,1.333
1997-01-03 06:30,1.328
1997-01-03 06:36,1.323
1997-01-03 06:42,1.318
1997-01-03 06:48,1.314
1997-01-03 06:54,1.309
1997-01-03 07:00,1.304
1997-01-03 07:06,1.300
1997-01-03 07:12,1.295
1997-01-03 07:18,1.290
1997-01-03 07:24,1.286
1997-01-03 07:30,1.282
1997-01-03 07:36,1.277
1997-01-03 07:42,1.273
1997-01-03 07:48,1.269
1997-01-03 07:54,1.265
1997-01-03 08:00,1.261
1997-01-03 08:06,1.257
1997-01-03 08:12,1.254
1997-01-03 08:18,1.250
1997-01-03 08:24,1.246
1997-01-03 08:30,1.243
1997-01-03 08:36,1.239
1997-01-03 08:42,1.236
1997-01-03 08:48,1.233
1997-01-03 08:54,1.230
1997-01-03 09:00,1.226
1997-01-03 09:06,1.223
1997-01-03 09:12,1.221
1997-01-03 09:18,1.218
1997-01-03 09:24,1.215
1997-01-03 09:30,1.213
1997-01-03 09:36,1.210
1997-01-03 09:42,1.208
1997-01-03 09:48,1.206
1997-01-03 09:54,1.204
1997-01-03 10:00,1.202
1997-01-03 10:06,1.200
1997-01-03 10:12,1.199
1997-01-03 10:18,1.197
1997-01-03 10:24,1.196
1997-01-03 10:30,1.195
1997-01-03 10:36,1.195
1997-01-03 10:42,1.194
1997-01-03 10:48,1.194
1997-01-03 10:54,1.194
1997-01-03 11:00,1.194
1997-01-03 11:06,1.195
1997-01-03 11:12,1.195
1997-01-03 11:18,1.196
1997-01-03 11:24,1.197
1997-01-03 11:30,1.199
1997-01-03 11:36,1.200
1997-01-03 11:42,1.202
1997-01-03 11:48,1.204
1997-01-03 11:54,1.206
1997-01-03 12:00,1.208
1997-01-03 12:06,1.211
1997-01-03 12:12,1.213
1997-01-03 12:18,1.216
1997-01-03 12:24,1.219
1997-01-03 12:30,1.222
1997-01-03 12:36,1.225
1997-01-03 12:42,1.228
1997-01-03 12:48,1.231
1997-01-03 12:54,1.234
1997-01-03 13:00,1.238
1997-01-03 13:06,1.241
1997-01-03 13:12,1.245
1997-01-03 13:18,1.248
1997-01-03 13:24,1.252
1997-01-03 13:30,1.255
1997-01-03 13:36,1.259
1997-01-03 13:42,1.263
1997-01-03 13:48,1.266
1997-01-03 13:54,1.270
1997-01-03 14:00,1.274
1997-01-03 14:06,1.278
1997-01-03 14:12,1.282
1997-01-03 14:18,1.286
1997-01-03 14:24,1.289
1997-01-03 14:30,1.293
1997-01-03 14:36,1.297
1997-01-03 14:42,1.301
1997-01-03 14:48,1.306
1997-01-03 14:54,1.310
1997-01-03 15:00,1.314
1997-01-03 15:06,1.318
1997-01-03 15:12,1.322
1997-01-03 15:18,1.326
1997-01-03 15:24,1.330
1997-01-03 15:30,1.334
1997-01-03 15:36,1.339
1997-01-03 15:42,1.343
1997-01-03 15:48,1.347
1997-01-03 15:54,1.351
1997-01-03 16:00,1.354
1997-01-03 16:06,1.358
1997-01-03 16:12,1.362
1997-01-03 16:18,1.366
1997-01-03 16:24,1.369
1997-01-03 16:30,1.372
1997-01-03 16:36,1.376
1997-01-03 16:42,1.379
1997-01-03 16:48,1.382
1997-01-03 16:54,1.384
1997-01-03 17:00,1.387
1997-01-03 17:06,1.390
1997-01-03 17:12,1.392
1997-01-03 17:18,1.394
1997-01-03 17:24,1.396
1997-01-03 17:30,1.398
1997-01-03 17:36,1.399
1997-01-03 17:42,1.401
1997-01-03 17:48,1.402
1997-01-03 17:54,1.403
1997-01-03 18:00,1.404
1997-01-03 18:06,1.405
1997-01-03 18:12,1.406
1997-01-03 18:18,1.406
1997-01-03 18:24,1.407
1997-01-03 18:30,1.407
1997-01-03 18:36,1.408
1997-01-03 18:42,1.408
1997-01-03 18:48,1.409
1997-01-03 18:54,1.409
1997-01-03 19:00,1.409
1997-01-03 19:06,1.410
1997-01-03 19:12,1.410
1997-01-03 19:18,1.410
1997-01-03 19:24,1.410
1997-01-03 19:30,1.411
1997-01-03 19:36,1.411
1997-01-03 19:42,1.411
1997-01-03 19:48,1.411
1997-01-03 19:54,1.412
1997-01-03 20:00,1.412
1997-01-03 20:06,1.412
1997-01-03 20:12,1.412
1997-01-03 20:18,1.413
1997-01-03 20:24,1.413
1997-01-03 20:30,1.413
1997-01-03 20:36,1.413
1997-01-03 20:42,1.413
1997-01-03 20:48,1.414
1997-01-03 20:54,1.414
1997-01-03 21:00,1.414
1997-01-03 21:06,1.414
1997-01-03 21:12,1.414
1997-01-03 21:18,1.414
1997-01-03 21:24,1.414
1997-01-03 21:30,1.414
1997-01-03 21:36,1.413
1997-01-03 21:42,1.413
1997-01-03 21:48,1.413
1997-01-03 21:54,1.413
1997-01-03 22:00,1.413
1997-01-03 22:06,1.413
1997-01-03 22:12,1.413
1997-01-03 22:18,1.413
1997-01-03 22:24,1.413
1997-01-03 22:30,1.413
1997-01-03 22:36,1.413
1997-01-03 22:42,1.413
1997-01-03 22:48,1.413
1997-01-03 22:54,1.413
1997-01-03 23:00,1.414
1997-01-03 23:06,1.414
1997-01-03 23:12,1.415
1997-01-03 23:18,1.415
1997-01-03 23:24,1.416
1997-01-03 23:30,1.417
1997-01-03 23:36,1.417
1997-01-03 23:42,1.418
1997-01-03 23:48,1.419
1997-01-03 23:54,1.420
1997-01-04 00:00,1.421
1997-01-04 00:06,1.422
1997-01-04 00:12,1.423
1997-01-04 00:18,1.424
1997-01-04 00:24,1.425
1997-01-04 00:30,1.426
1997-01-04 00:36,1.427
1997-01-04 00:42,1.429
1997-01-04 00:48,1.430
1997-01-04 00:54,1.430
1997-01-04 01:00,1.431
1997-01-04 01:06,1.432
1997-01-04 01:12,1.433
1997-01-04 01:18,1.434
1997-01-04 01:24,1.434
1997-01-04 01:30,1.435
1997-01-04 01:36,1.435
1997-01-04 01:42,1.436
1997-01-04 01:48,1.436
1997-01-04 01:54,1.436
1997-01-04 02:00,1.436
1997-01-04 02:06,1.436
1997-01-04 02:12,1.436
1997-01-04 02:18,1.436
1997-01-04 02:24,1.436
1997-01-04 02:30,1.436
1997-01-04 02:36,1.435
1997-01-04 02:42,1.435
1997-01-04 02:48,1.434
1997-01-04 02:54,1.434
1997-01-04 03:00,1.433
1997-01-04 03:06,1.433
1997-01-04 03:12,1.432
1997-01-04 03:18,1.431
1997-01-04 03:24,1.430
1997-01-04 03:30,1.429
1997-01-04 03:36,1.428
1997-01-04 03:42,1.427
1997-01-04 03:48,1.426
1997-01-04 03:54,1.424
1997-01-04 04:00,1.423
1997-01-04 04:06,1.421
1997-01-04 04:12,1.419
1997-01-04 04:18,1.417
1997-01-04 04:24,1.415
1997-01-04 04:30,1.413
1997-01-04 04:36,1.411
1997-01-04 04:42,1.408
1997-01-04 04:48,1.406
1997-01-04 04:54,1.403
1997-01-04 05:00,1.400
1997-01-04 05:06,1.397
1997-01-04 05:12,1.393
1997-01-04 05:18,1.389
1997-01-04 05:24,1.386
1997-01-04 05:30,1.382
1997-01-04 05:36,1.377
1997-01-04 05:42,1.373
1997-01-04 05:48,1.369
1997-01-04 05:54,1.364
1997-01-04 06:00,1.359
1997-01-04 06:06,1.354
1997-01-04 06:12,1.349
1997-01-04 06:18,1.344
1997-01-04 06:24,1.338
1997-01-04 06:30,1.333
1997-01-04 06:36,1.328
1997-01-04 06:42,1.322
1997-01-04 06:48,1.316
1997-01-04 06:54,1.311
1997-01-04 07:00,1.305
1997-01-04 07:06,1.300
1997-01-04 07:12,1.294
1997-01-04 07:18,1.288
1997-01-04 07:24,1.283
1997-01-04 07:30,1.277
1997-01-04 07:36,1.272
1997-01-04 07:42,1.266
1997-01-04 07:48,1.261
1997-01-04 07:54,1.255
1997-01-04 08:00,1.250
1997-01-04 08:06,1.245
1997-01-04 08:12,1.240
1997-01-04 08:18,1.235
1997-01-04 08:24,1.230
1997-01-04 08:30,1.225
1997-01-04 08:36,1.220
1997-01-04 08:42,1.215
1997-01-04 08:48,1.211
1997-01-04 08:54,1.206
1997-01-04 09:00,1.202
1997-01-04 09:06,1.197
1997-01-04 09:12,1.193
1997-01-04 09:18,1.189
1997-01-04 09:24,1.184
1997-01-04 09:30,1.180
1997-01-04 09:36,1.177
1997-01-04 09:42,1.173
1997-01-04 09:48,1.169
1997-01-04 09:54,1.166
1997-01-04 10:00,1.162
1997-01-04 10:06,1.159
1997-01-04 10:12,1.156
1997-01-04 10:18,1.153
1997-01-04 10:24,1.150
1997-01-04 10:30,1.148
1997-01-04 10:36,1.146
1997-01-04 10:42,1.144
1997-01-04 10:48,1.142
1997-01-04 10:54,1.140
1997-01-04 11:00,1.139
1997-01-04 11:06,1.138
1997-01-04 11:12,1.137
1997-01-04 11:18,1.136
1997-01-04 11:24,1.136
1997-01-04 11:30,1.136
1997-01-04 11:36,1.137
1997-01-04 11:42,1.137
1997-01-04 11:48,1.138
1997-01-04 11:54,1.139
1997-01-04 12:00,1.141
1997-01-04 12:06,1.142
1997-01-04 12:12,1.144
1997-01-04 12:18,1.146
1997-01-04 12:24,1.149
1997-01-04 12:30,1.151
1997-01-04 12:36,1.154
1997-01-04 12:42,1.157
1997-01-04 12:48,1.161
1997-01-04 12:54,1.164
1997-01-04 13:00,1.168
1997-01-04 13:06,1.171
1997-01-04 13:12,1.175
1997-01-04 13:18,1.180
1997-01-04 13:24,1.184
1997-01-04 13:30,1.188
1997-01-04 13:36,1.193
1997-01-04 13:42,1.197
1997-01-04 13:48,1.202
1997-01-04 13:54,1.207
1997-01-04 14:00,1.212
1997-01-04 14:06,1.217
1997-01-04 14:12,1.222
1997-01-04 14:18,1.227
1997-01-04 14:24,1.233
1997-01-04 14:30,1.238
1997-01-04 14:36,1.244
1997-01-04 14:42,1.249
1997-01-04 14:48,1.255
1997-01-04 14:54,1.261
1997-01-04 15:00,1.266
1997-01-04 15:06,1.272
1997-01-04 15:12,1.278
1997-01-04 15:18,1.284
1997-01-04 15:24,1.290
1997-01-04 15:30,1.296
1997-01-04 15:36,1.302
1997-01-04 15:42,1.308
1997-01-04 15:48,1.314
1997-01-04 15:54,1.320
1997-01-04 16:00,1.326
1997-01-04 16:06,1.332
1997-01-04 16:12,1.338
1997-01-04 16:18,1.344
1997-01-04 16:24,1.349
1997-01-04 16:30,1.355
1997-01-04 16:36,1.361
1997-01-04 16:42,1.366
1997-01-04 16:48,1.371
1997-01-04 16:54,1.377
1997-01-04 17:00,1.382
1997-01-04 17:06,1.387
1997-01-04 17:12,1.391
1997-01-04 17:18,1.396
1997-01-04 17:24,1.400
1997-01-04 17:30,1.404
1997-01-04 17:36,1.408
1997-01-04 17:42,1.412
1997-01-04 17:48,1.416
1997-01-04 17:54,1.419
1997-01-04 18:00,1.423
1997-01-04 18:06,1.426
1997-01-04 18:12,1.429
1997-01-04 18:18,1.431
1997-01-04 18:24,1.434
1997-01-04 18:30,1.436
1997-01-04 18:36,1.439
1997-01-04 18:42,1.441
1997-01-04 18:48,1.443
1997-01-04 18:54,1.445
1997-01-04 19:00,1.446
1997-01-04 19:06,1.448
1997-01-04 19:12,1.449
1997-01-04 19:18,1.451
1997-01-04 19:24,1.452
1997-01-04 19:30,1.453
1997-01-04 19:36,1.455
1997-01-04 19:42,1.456
1997-01-04 19:48,1.457
1997-01-04 19:54,1.458
1997-01-04 20:00,1.459
1997-01-04 20:06,1.459
1997-01-04 20:12,1.460
1997-01-04 20:18,1.461
1997-01-04 20:24,1.461
1997-01-04 20:30,1.462
1997-01-04 20:36,1.462
1997-01-04 20:42,1.463
1997-01-04 20:48,1.463
1997-01-04 20:54,1.463
1997-01-04 21:00,1.463
1997-01-04 21:06,1.464
1997-01-04 21:12,1.464
1997-01-04 21:18,1.464
1997-01-04 21:24,1.463
1997-01-04 21:30,1.463
1997-01-04 21:36,1.463
1997-01-04 21:42,1.463
1997-01-04 21:48,1.462
1997-01-04 21:54,1.462
1997-01-04 22:00,1.461
1997-01-04 22:06,1.461
1997-01-04 22:12,1.460
1997-01-04 22:18,1.459
1997-01-04 22:24,1.459
1997-01-04 22:30,1.458
1997-01-04 22:36,1.457
1997-01-04 22:42,1.457
1997-01-04 22:48,1.456
1997-01-04 22:54,1.455
1997-01-04 23:00,1.455
1997-01-04 23:06,1.454
1997-01-04 23:12,1.453
1997-01-04 23:18,1.453
1997-01-04 23:24,1.452
1997-01-04 23:30,1.452
1997-01-04 23:36,1.451
1997-01-04 23:42,1.451
1997-01-04 23:48,1.450
1997-01-04 23:54,1.450
1997-01-05 00:00,1.450
1997-01-05 00:06,1.450
1997-01-05 00:12,1.450
1997-01-05 00:18,1.450
1997-01-05 00:24,1.450
1997-01-05 00:30,1.450
1997-01-05 00:36,1.450
1997-01-05 00:42,1.450
1997-01-05 00:48,1.450
1997-01-05 00:54,1.450
1997-01-05 01:00,1.450
1997-01-05 01:06,1.450
1997-01-05 01:12,1.450
1997-01-05 01:18,1.450
1997-01-05 01:24,1.450
1997-01-05 01:30,1.450
1997-01-05 01:36,1.451
1997-01-05 01:42,1.451
1997-01-05 01:48,1.451
1997-01-05 01:54,1.450
1997-01-05 02:00,1.450
1997-01-05 02:06,1.450
1997-01-05 02:12,1.450
1997-01-05 02:18,1.450
1997-01-05 02:24,1.450
1997-01-05 02:30,1.449
1997-01-05 02:36,1.449
1997-01-05 02:42,1.448
1997-01-05 02:48,1.448
1997-01-05 02:54,1.447
1997-01-05 03:00,1.447
1997-01-05 03:06,1.446
1997-01-05 03:12,1.445
1997-01-05 03:18,1.444
1997-01-05 03:24,1.443
1997-01-05 03:30,1.443
1997-01-05 03:36,1.441
1997-01-05 03:42,1.440
1997-01-05 03:48,1.439
1997-01-05 03:54,1.438
1997-01-05 04:00,1.436
1997-01-05 04:06,1.435
1997-01-05 04:12,1.433
1997-01-05 04:18,1.432
1997-01-05 04:24,1.430
1997-01-05 04:30,1.428
1997-01-05 04:36,1.426
1997-01-05 04:42,1.423
1997-01-05 04:48,1.421
1997-01-05 04:54,1.418
1997-01-05 05:00,1.415
1997-01-05 05:06,1.412
1997-01-05 05:12,1.409
1997-01-05 05:18,1.406
1997-01-05 05:24,1.403
1997-01-05 05:30,1.399
1997-01-05 05:36,1.395
1997-01-05 05:42,1.391
1997-01-05 05:48,1.387
1997-01-05 05:54,1.382
1997-01-05 06:00,1.378
1997-01-05 06:06,1.373
1997-01-05 06:12,1.368
1997-01-05 06:18,1.363
1997-01-05 06:24,1.358
1997-01-05 06:30,1.352
1997-01-05 06:36,1.347
1997-01-05 06:42,1.341
1997-01-05 06:48,1.335
1997-01-05 06:54,1.329
1997-01-05 07:00,1.323
1997-01-05 07:06,1.317
1997-01-05 07:12,1.311
1997-01-05 07:18,1.305
1997-01-05 07:24,1.298
1997-01-05 07:30,1.292
1997-01-05 07:36,1.286
1997-01-05 07:42,1.279
1997-01-05 07:48,1.273
1997-01-05 07:54,1.266
1997-01-05 08:00,1.260
1997-01-05 08:06,1.253
1997-01-05 08:12,1.247
1997-01-05 08:18,1.240
1997-01-05 08:24,1.234
1997-01-05 08:30,1.227
1997-01-05 08:36,1.221
1997-01-05 08:42,1.215
1997-01-05 08:48,1.208
1997-01-05 08:54,1.202
1997-01-05 09:00,1.196
1997-01-05 09:06,1.190
1997-01-05 09:12,1.184
1997-01-05 09:18,1.178
1997-01-05 09:24,1.172
1997-01-05 09:30,1.167
1997-01-05 09:36,1.161
1997-01-05 09:42,1.155
1997-01-05 09:48,1.150
1997-01-05 09:54,1.145
1997-01-05 10:00,1.140
1997-01-05 10:06,1.135
1997-01-05 10:12,1.130
1997-01-05 10:18,1.125
1997-01-05 10:24,1.121
1997-01-05 10:30,1.116
1997-01-05 10:36,1.112
1997-01-05 10:42,1.108
1997-01-05 10:48,1.105
1997-01-05 10:54,1.101
1997-01-05 11:00,1.098
1997-01-05 11:06,1.095
1997-01-05 11:12,1.092
1997-01-05 11:18,1.090
1997-01-05 11:24,1.087
1997-01-05 11:30,1.086
1997-01-05 11:36,1.084
1997-01-05 11:42,1.083
1997-01-05 11:48,1.081
1997-01-05 11:54,1.081
1997-01-05 12:00,1.080
1997-01-05 12:06,1.080
1997-01-05 12:12,1.080
1997-01-05 12:18,1.081
1997-01-05 12:24,1.082
1997-01-05 12:30,1.083
1997-01-05 12:36,1.084
1997-01-05 12:42,1.086
1997-01-05 12:48,1.088
1997-01-05 12:54,1.090
1997-01-05 13:00,1.093
1997-01-05 13:06,1.096
1997-01-05 13:12,1.099
1997-01-05 13:18,1.102
1997-01-05 13:24,1.106
1997-01-05 13:30,1.110
1997-01-05 13:36,1.114
1997-01-05 13:42,1.119
1997-01-05 13:48,1.124
1997-01-05 13:54,1.129
1997-01-05 14:00,1.134
1997-01-05 14:06,1.139
1997-01-05 14:12,1.145
1997-01-05 14:18,1.151
1997-01-05 14:24,1.157
1997-01-05 14:30,1.163
1997-01-05 14:36,1.169
1997-01-05 14:42,1.176
1997-01-05 14:48,1.182
1997-01-05 14:54,1.189
1997-01-05 15:00,1.196
1997-01-05 15:06,1.203
1997-01-05 15:12,1.210
1997-01-05 15:18,1.218
1997-01-05 15:24,1.225
1997-01-05 15:30,1.233
1997-01-05 15:36,1.240
1997-01-05 15:42,1.248
1997-01-05 15:48,1.255
1997-01-05 15:54,1.263
1997-01-05 16:00,1.271
1997-01-05 16:06,1.279
1997-01-05 16:12,1.286
1997-01-05 16:18,1.294
1997-01-05 16:24,1.302
1997-01-05 16:30,1.309
1997-01-05 16:36,1.317
1997-01-05 16:42,1.325
1997-01-05 16:48,1.332
1997-01-05 16:54,1.340
1997-01-05 17:00,1.347
1997-01-05 17:06,1.354
1997-01-05 17:12,1.361
1997-01-05 17:18,1.368
1997-01-05 17:24,1.375
1997-01-05 17:30,1.382
1997-01-05 17:36,1.388
1997-01-05 17:42,1.395
1997-01-05 17:48,1.401
1997-01-05 17:54,1.407
1997-01-05 18:00,1.413
1997-01-05 18:06,1.418
1997-01-05 18:12,1.424
1997-01-05 18:18,1.429
1997-01-05 18:24,1.434
1997-01-05 18:30,1.439
1997-01-05 18:36,1.444
1997-01-05 18:42,1.448
1997-01-05 18:48,1.453
1997-01-05 18:54,1.457
1997-01-05 19:00,1.461
1997-01-05 19:06,1.465
1997-01-05 19:12,1.468
1997-01-05 19:18,1.472
1997-01-05 19:24,1.475
1997-01-05 19:30,1.478
1997-01-05 19:36,1.481
1997-01-05 19:42,1.483
1997-01-05 19:48,1.486
1997-01-05 19:54,1.488
1997-01-05 20:00,1.491
1997-01-05 20:06,1.493
1997-01-05 20:12,1.495
1997-01-05 20:18,1.496
1997-01-05 20:24,1.498
1997-01-05 20:30,1.499
1997-01-05 20:36,1.501
1997-01-05 20:42,1.502
1997-01-05 20:48,1.503
1997-01-05 20:54,1.504
1997-01-05 21:00,1.504
1997-01-05 21:06,1.505
1997-01-05 21:12,1.506
1997-01-05 21:18,1.506
1997-01-05 21:24,1.506
1997-01-05 21:30,1.506
1997-01-05 21:36,1.506
1997-01-05 21:42,1.506
1997-01-05 21:48,1.506
1997-01-05 21:54,1.506
1997-01-05 22:00,1.506
1997-01-05 22:06,1.505
1997-01-05 22:12,1.505
1997-01-05 22:18,1.504
1997-01-05 22:24,1.503
1997-01-05 22:30,1.503
1997-01-05 22:36,1.502
1997-01-05 22:42,1.501
1997-01-05 22:48,1.500
1997-01-05 22:54,1.499
1997-01-05 23:00,1.498
1997-01-05 23:06,1.497
1997-01-05 23:12,1.496
1997-01-05 23:18,1.495
1997-01-05 23:24,1.494
1997-01-05 23:30,1.493
1997-01-05 23:36,1.492
1997-01-05 23:42,1.491
1997-01-05 23:48,1.489
1997-01-05 23:54,1.488
1997-01-06 00:00,1.487
1997-01-06 00:06,1.486
1997-01-06 00:12,1.485
1997-01-06 00:18,1.484
1997-01-06 00:24,1.483
1997-01-06 00:30,1.482
1997-01-06 00:36,1.481
1997-01-06 00:42,1.480
1997-01-06 00:48,1.479
1997-01-06 00:54,1.478
1997-01-06 01:00,1.477
1997-01-06 01:06,1.476
1997-01-06 01:12,1.476
1997-01-06 01:18,1.475
1997-01-06 01:24,1.474
1997-01-06 01:30,1.473
1997-01-06 01:36,1.473
1997-01-06 01:42,1.472
1997-01-06 01:48,1.471
1997-01-06 01:54,1.471
1997-01-06 02:00,1.470
1997-01-06 02:06,1.470
1997-01-06 02:12,1.469
1997-01-06 02:18,1.469
1997-01-06 02:24,1.468
1997-01-06 02:30,1.467
1997-01-06 02:36,1.467
1997-01-06 02:42,1.466
1997-01-06 02:48,1.466
1997-01-06 02:54,1.465
1997-01-06 03:00,1.465
1997-01-06 03:06,1.464
1997-01-06 03:12,1.464
1997-01-06 03:18,1.463
1997-01-06 03:24,1.462
1997-01-06 03:30,1.461
1997-01-06 03:36,1.461
1997-01-06 03:42,1.460
1997-01-06 03:48,1.459
1997-01-06 03:54,1.458
1997-01-06 04:00,1.457
1997-01-06 04:06,1.455
1997-01-06 04:12,1.454
1997-01-06 04:18,1.453
1997-01-06 04:24,1.451
1997-01-06 04:30,1.449
1997-01-06 04:36,1.447
1997-01-06 04:42,1.445
1997-01-06 04:48,1.443
1997-01-06 04:54,1.441
1997-01-06 05:00,1.439
1997-01-06 05:06,1.436
1997-01-06 05:12,1.434
1997-01-06 05:18,1.431
1997-01-06 05:24,1.428
1997-01-06 05:30,1.424
1997-01-06 05:36,1.421
1997-01-06 05:42,1.418
1997-01-06 05:48,1.414
1997-01-06 05:54,1.410
1997-01-06 06:00,1.406
1997-01-06 06:06,1.402
1997-01-06 06:12,1.397
1997-01-06 06:18,1.393
1997-01-06 06:24,1.388
1997-01-06 06:30,1.383
1997-01-06 06:36,1.378
1997-01-06 06:42,1.373
1997-01-06 06:48,1.367
1997-01-06 06:54,1.362
1997-01-06 07:00,1.356
1997-01-06 07:06,1.350
1997-01-06 07:12,1.344
1997-01-06 07:18,1.338
1997-01-06 07:24,1.332
1997-01-06 07:30,1.325
1997-01-06 07:36,1.319
1997-01-06 07:42,1.312
1997-01-06 07:48,1.305
1997-01-06 07:54,1.298
1997-01-06 08:00,1.291
1997-01-06 08:06,1.284
1997-01-06 08:12,1.277
1997-01-06 08:18,1.269
1997-01-06 08:24,1.262
1997-01-06 08:30,1.254
1997-01-06 08:36,1.247
1997-01-06 08:42,1.239
1997-01-06 08:48,1.232
1997-01-06 08:54,1.224
1997-01-06 09:00,1.217
1997-01-06 09:06,1.209
1997-01-06 09:12,1.201
1997-01-06 09:18,1.194
1997-01-06 09:24,1.186
1997-01-06 09:30,1.179
1997-01-06 09:36,1.171
1997-01-06 09:42,1.164
1997-01-06 09:48,1.157
1997-01-06 09:54,1.149
1997-01-06 10:00,1.142
1997-01-06 10:06,1.135
1997-01-06 10:12,1.129
1997-01-06 10:18,1.122
1997-01-06 10:24,1.115
1997-01-06 10:30,1.109
1997-01-06 10:36,1.103
1997-01-06 10:42,1.097
1997-01-06 10:48,1.091
1997-01-06 10:54,1.086
1997-01-06 11:00,1.080
1997-01-06 11:06,1.075
1997-01-06 11:12,1.070
1997-01-06 11:18,1.066
1997-01-06 11:24,1.061
1997-01-06 11:30,1.057
1997-01-06 11:36,1.053
1997-01-06 11:42,1.050
1997-01-06 11:48,1.046
1997-01-06 11:54,1.043
1997-01-06 12:00,1.040
1997-01-06 12:06,1.038
1997-01-06 12:12,1.036
1997-01-06 12:18,1.034
1997-01-06 12:24,1.032
1997-01-06 12:30,1.031
1997-01-06 12:36,1.030
1997-01-06 12:42,1.030
1997-01-06 12:48,1.029
1997-01-06 12:54,1.029
1997-01-06 13:00,1.030
1997-01-06 13:06,1.031
1997-01-06 13:12,1.032
1997-01-06 13:18,1.033
1997-01-06 13:24,1.035
1997-01-06 13:30,1.037
1997-01-06 13:36,1.040
1997-01-06 13:42,1.043
1997-01-06 13:48,1.046
1997-01-06 13:54,1.049
1997-01-06 14:00,1.053
1997-01-06 14:06,1.058
1997-01-06 14:12,1.062
1997-01-06 14:18,1.067
1997-01-06 14:24,1.073
1997-01-06 14:30,1.078
1997-01-06 14:36,1.084
1997-01-06 14:42,1.090
1997-01-06 14:48,1.097
1997-01-06 14:54,1.103
1997-01-06 15:00,1.111
1997-01-06 15:06,1.118
1997-01-06 15:12,1.125
1997-01-06 15:18,1.133
1997-01-06 15:24,1.141
1997-01-06 15:30,1.149
1997-01-06 15:36,1.157
1997-01-06 15:42,1.166
1997-01-06 15:48,1.175
1997-01-06 15:54,1.183
1997-01-06 16:00,1.192
1997-01-06 16:06,1.201
1997-01-06 16:12,1.210
1997-01-06 16:18,1.219
1997-01-06 16:24,1.228
1997-01-06 16:30,1.237
1997-01-06 16:36,1.247
1997-01-06 16:42,1.256
1997-01-06 16:48,1.265
1997-01-06 16:54,1.274
1997-01-06 17:00,1.283
1997-01-06 17:06,1.292
1997-01-06 17:12,1.301
1997-01-06 17:18,1.310
1997-01-06 17:24,1.319
1997-01-06 17:30,1.328
1997-01-06 17:36,1.337
1997-01-06 17:42,1.345
1997-01-06 17:48,1.354
1997-01-06 17:54,1.362
1997-01-06 18:00,1.370
1997-01-06 18:06,1.378
1997-01-06 18:12,1.386
1997-01-06 18:18,1.394
1997-01-06 18:24,1.402
1997-01-06 18:30,1.409
1997-01-06 18:36,1.417
1997-01-06 18:42,1.424
1997-01-06 18:48,1.431
1997-01-06 18:54,1.438
1997-01-06 19:00,1.444
1997-01-06 19:06,1.451
1997-01-06 19:12,1.457
1997-01-06 19:18,1.463
1997-01-06 19:24,1.469
1997-01-06 19:30,1.474
1997-01-06 19:36,1.480
1997-01-06 19:42,1.485
1997-01-06 19:48,1.489
1997-01-06 19:54,1.494
1997-01-06 20:00,1.498
1997-01-06 20:06,1.503
1997-01-06 20:12,1.506
1997-01-06 20:18,1.510
1997-01-06 20:24,1.513
1997-01-06 20:30,1.517
1997-01-06 20:36,1.520
1997-01-06 20:42,1.522
1997-01-06 20:48,1.525
1997-01-06 20:54,1.527
1997-01-06 21:00,1.529
1997-01-06 21:06,1.531
1997-01-06 21:12,1.532
1997-01-06 21:18,1.534
1997-01-06 21:24,1.535
1997-01-06 21:30,1.536
1997-01-06 21:36,1.537
1997-01-06 21:42,1.537
1997-01-06 21:48,1.538
1997-01-06 21:54,1.538
1997-01-06 22:00,1.538
1997-01-06 22:06,1.539
1997-01-06 22:12,1.539
1997-01-06 22:18,1.538
1997-01-06 22:24,1.538
1997-01-06 22:30,1.538
1997-01-06 22:36,1.537
1997-01-06 22:42,1.537
1997-01-06 22:48,1.536
1997-01-06 22:54,1.536
1997-01-06 23:00,1.535
1997-01-06 23:06,1.534
1997-01-06 23:12,1.533
1997-01-06 23:18,1.532
1997-01-06 23:24,1.531
1997-01-06 23:30,1.530
1997-01-06 23:36,1.529
1997-01-06 23:42,1.528
1997-01-06 23:48,1.527
1997-01-06 23:54,1.525
1997-01-07 00:00,1.524
1997-01-07 00:06,1.523
1997-01-07 00:12,1.521
1997-01-07 00:18,1.520
1997-01-07 00:24,1.518
1997-01-07 00:30,1.517
1997-01-07 00:36,1.515
1997-01-07 00:42,1.514
1997-01-07 00:48,1.512
1997-01-07 00:54,1.510
1997-01-07 01:00,1.509
1997-01-07 01:06,1.507
1997-01-07 01:12,1.506
1997-01-07 01:18,1.504
1997-01-07 01:24,1.502
1997-01-07 01:30,1.501
1997-01-07 01:36,1.499
1997-01-07 01:42,1.498
1997-01-07 01:48,1.496
1997-01-07 01:54,1.495
1997-01-07 02:00,1.494
1997-01-07 02:06,1.492
1997-01-07 02:12,1.491
1997-01-07 02:18,1.490
1997-01-07 02:24,1.489
1997-01-07 02:30,1.488
1997-01-07 02:36,1.487
1997-01-07 02:42,1.486
1997-01-07 02:48,1.485
1997-01-07 02:54,1.485
1997-01-07 03:00,1.484
1997-01-07 03:06,1.483
1997-01-07 03:12,1.483
1997-01-07 03:18,1.482
1997-01-07 03:24,1.481
1997-01-07 03:30,1.481
1997-01-07 03:36,1.480
1997-01-07 03:42,1.480
1997-01-07 03:48,1.479
1997-01-07 03:54,1.478
1997-01-07 04:00,1.477
1997-01-07 04:06,1.477
1997-01-07 04:12,1.476
1997-01-07 04:18,1.475
1997-01-07 04:24,1.474
1997-01-07 04:30,1.473
1997-01-07 04:36,1.471
1997-01-07 04:42,1.470
1997-01-07 04:48,1.468
1997-01-07 04:54,1.467
1997-01-07 05:00,1.465
1997-01-07 05:06,1.463
1997-01-07 05:12,1.461
1997-01-07 05:18,1.459
1997-01-07 05:24,1.456
1997-01-07 05:30,1.454
1997-01-07 05:36,1.451
1997-01-07 05:42,1.449
1997-01-07 05:48,1.446
1997-01-07 05:54,1.442
1997-01-07 06:00,1.439
1997-01-07 06:06,1.436
1997-01-07 06:12,1.432
1997-01-07 06:18,1.428
1997-01-07 06:24,1.425
1997-01-07 06:30,1.420
1997-01-07 06:36,1.416
1997-01-07 06:42,1.412
1997-01-07 06:48,1.407
1997-01-07 06:54,1.403
1997-01-07 07:00,1.398
1997-01-07 07:06,1.393
1997-01-07 07:12,1.388
1997-01-07 07:18,1.382
1997-01-07 07:24,1.377
1997-01-07 07:30,1.371
1997-01-07 07:36,1.365
1997-01-07 07:42,1.359
1997-01-07 07:48,1.353
1997-01-07 07:54,1.346
1997-01-07 08:00,1.339
1997-01-07 08:06,1.333
1997-01-07 08:12,1.326
1997-01-07 08:18,1.318
1997-01-07 08:24,1.311
1997-01-07 08:30,1.303
1997-01-07 08:36,1.296
1997-01-07 08:42,1.288
1997-01-07 08:48,1.280
1997-01-07 08:54,1.272
1997-01-07 09:00,1.263
1997-01-07 09:06,1.255
1997-01-07 09:12,1.246
1997-01-07 09:18,1.238
1997-01-07 09:24,1.229
1997-01-07 09:30,1.220
1997-01-07 09:36,1.212
1997-01-07 09:42,1.203
1997-01-07 09:48,1.194
1997-01-07 09:54,1.185
1997-01-07 10:00,1.176
1997-01-07 10:06,1.168
1997-01-07 10:12,1.159
1997-01-07 10:18,1.151
1997-01-07 10:24,1.142
1997-01-07 10:30,1.134
1997-01-07 10:36,1.126
1997-01-07 10:42,1.118
1997-01-07 10:48,1.110
1997-01-07 10:54,1.102
1997-01-07 11:00,1.095
1997-01-07 11:06,1.087
1997-01-07 11:12,1.080
1997-01-07 11:18,1.073
1997-01-07 11:24,1.067
1997-01-07 11:30,1.060
1997-01-07 11:36,1.054
1997-01-07 11:42,1.048
1997-01-07 11:48,1.042
1997-01-07 11:54,1.037
1997-01-07 12:00,1.031
1997-01-07 12:06,1.027
1997-01-07 12:12,1.022
1997-01-07 12:18,1.017
1997-01-07 12:24,1.013
1997-01-07 12:30,1.009
1997-01-07 12:36,1.006
1997-01-07 12:42,1.003
1997-01-07 12:48,1.000
1997-01-07 12:54,0.997
1997-01-07 13:00,0.995
1997-01-07 13:06,0.993
1997-01-07 13:12,0.991
1997-01-07 13:18,0.990
1997-01-07 13:24,0.989
1997-01-07 13:30,0.988
1997-01-07 13:36,0.988
1997-01-07 13:42,0.988
1997-01-07 13:48,0.988
1997-01-07 13:54,0.989
1997-01-07 14:00,0.991
1997-01-07 14:06,0.993
1997-01-07 14:12,0.995
1997-01-07 14:18,0.997
1997-01-07 14:24,1.000
1997-01-07 14:30,1.004
1997-01-07 14:36,1.008
1997-01-07 14:42,1.012
1997-01-07 14:48,1.017
1997-01-07 14:54,1.022
1997-01-07 15:00,1.027
1997-01-07 15:06,1.033
1997-01-07 15:12,1.039
1997-01-07 15:18,1.046
1997-01-07 15:24,1.053
1997-01-07 15:30,1.060
1997-01-07 15:36,1.068
1997-01-07 15:42,1.076
1997-01-07 15:48,1.084
1997-01-07 15:54,1.092
1997-01-07 16:00,1.101
1997-01-07 16:06,1.110
1997-01-07 16:12,1.119
1997-01-07 16:18,1.128
1997-01-07 16:24,1.138
1997-01-07 16:30,1.147
1997-01-07 16:36,1.157
1997-01-07 16:42,1.167
1997-01-07 16:48,1.177
1997-01-07 16:54,1.187
1997-01-07 17:00,1.197
1997-01-07 17:06,1.207
1997-01-07 17:12,1.217
1997-01-07 17:18,1.227
1997-01-07 17:24,1.238
1997-01-07 17:30,1.248
1997-01-07 17:36,1.258
1997-01-07 17:42,1.268
1997-01-07 17:48,1.278
1997-01-07 17:54,1.288
1997-01-07 18:00,1.298
1997-01-07 18:06,1.308
1997-01-07 18:12,1.318
1997-01-07 18:18,1.328
1997-01-07 18:24,1.338
1997-01-07 18:30,1.347
1997-01-07 18:36,1.357
1997-01-07 18:42,1.366
1997-01-07 18:48,1.376
1997-01-07 18:54,1.385
1997-01-07 19:00,1.394
1997-01-07 19:06,1.403
1997-01-07 19:12,1.412
1997-01-07 19:18,1.420
1997-01-07 19:24,1.429
1997-01-07 19:30,1.437
1997-01-07 19:36,1.445
1997-01-07 19:42,1.452
1997-01-07 19:48,1.460
1997-01-07 19:54,1.467
1997-01-07 20:00,1.474
1997-01-07 20:06,1.481
1997-01-07 20:12,1.487
1997-01-07 20:18,1.493
1997-01-07 20:24,1.499
1997-01-07 20:30,1.505
1997-01-07 20:36,1.510
1997-01-07 20:42,1.515
1997-01-07 20:48,1.520
1997-01-07 20:54,1.524
1997-01-07 21:00,1.528
1997-01-07 21:06,1.532
1997-01-07 21:12,1.535
1997-01-07 21:18,1.538
1997-01-07 21:24,1.541
1997-01-07 21:30,1.544
1997-01-07 21:36,1.546
1997-01-07 21:42,1.548
1997-01-07 21:48,1.550
1997-01-07 21:54,1.551
1997-01-07 22:00,1.553
1997-01-07 22:06,1.554
1997-01-07 22:12,1.555
1997-01-07 22:18,1.556
1997-01-07 22:24,1.556
1997-01-07 22:30,1.557
1997-01-07 22:36,1.557
1997-01-07 22:42,1.557
1997-01-07 22:48,1.557
1997-01-07 22:54,1.557
1997-01-07 23:00,1.557
1997-01-07 23:06,1.557
1997-01-07 23:12,1.556
1997-01-07 23:18,1.556
1997-01-07 23:24,1.555
1997-01-07 23:30,1.555
1997-01-07 23:36,1.554
1997-01-07 23:42,1.553
1997-01-07 23:48,1.552
1997-01-07 23:54,1.552
1997-01-08 00:00,1.550
1997-01-08 00:06,1.549
1997-01-08 00:12,1.548
1997-01-08 00:18,1.547
1997-01-08 00:24,1.546
1997-01-08 00:30,1.544
1997-01-08 00:36,1.543
1997-01-08 00:42,1.541
1997-01-08 00:48,1.539
1997-01-08 00:54,1.538
1997-01-08 01:00,1.536
1997-01-08 01:06,1.534
1997-01-08 01:12,1.532
1997-01-08 01:18,1.530
1997-01-08 01:24,1.528
1997-01-08 01:30,1.526
1997-01-08 01:36,1.524
1997-01-08 01:42,1.522
1997-01-08 01:48,1.520
1997-01-08 01:54,1.518
1997-01-08 02:00,1.517
1997-01-08 02:06,1.515
1997-01-08 02:12,1.513
1997-01-08 02:18,1.511
1997-01-08 02:24,1.509
1997-01-08 02:30,1.508
1997-01-08 02:36,1.506
1997-01-08 02:42,1.505
1997-01-08 02:48,1.503
1997-01-08 02:54,1.502
1997-01-08 03:00,1.501
1997-01-08 03:06,1.500
1997-01-08 03:12,1.499
1997-01-08 03:18,1.498
1997-01-08 03:24,1.497
1997-01-08 03:30,1.496
1997-01-08 03:36,1.495
1997-01-08 03:42,1.495
1997-01-08 03:48,1.494
1997-01-08 03:54,1.493
1997-01-08 04:00,1.493
1997-01-08 04:06,1.492
1997-01-08 04:12,1.492
1997-01-08 04:18,1.491
1997-01-08 04:24,1.490
1997-01-08 04:30,1.490
1997-01-08 04:36,1.489
1997-01-08 04:42,1.488
1997-01-08 04:48,1.488
1997-01-08 04:54,1.487
1997-01-08 05:00,1.486
1997-01-08 05:06,1.485
1997-01-08 05:12,1.483
1997-01-08 05:18,1.482
1997-01-08 05:24,1.481
1997-01-08 05:30,1.479
1997-01-08 05:36,1.477
1997-01-08 05:42,1.475
1997-01-08 05:48,1.474
1997-01-08 05:54,1.471
1997-01-08 06:00,1.469
1997-01-08 06:06,1.467
1997-01-08 06:12,1.464
1997-01-08 06:18,1.462
1997-01-08 06:24,1.459
1997-01-08 06:30,1.456
1997-01-08 06:36,1.453
1997-01-08 06:42,1.450
1997-01-08 06:48,1.447
1997-01-08 06:54,1.443
1997-01-08 07:00,1.440
1997-01-08 07:06,1.436
1997-01-08 07:12,1.432
1997-01-08 07:18,1.428
1997-01-08 07:24,1.424
1997-01-08 07:30,1.419
1997-01-08 07:36,1.414
1997-01-08 07:42,1.410
1997-01-08 07:48,1.405
1997-01-08 07:54,1.399
1997-01-08 08:00,1.394
1997-01-08 08:06,1.388
1997-01-08 08:12,1.383
1997-01-08 08:18,1.377
1997-01-08 08:24,1.370
1997-01-08 08:30,1.364
1997-01-08 08:36,1.357
1997-01-08 08:42,1.350
1997-01-08 08:48,1.343
1997-01-08 08:54,1.335
1997-01-08 09:00,1.327
1997-01-08 09:06,1.319
1997-01-08 09:12,1.311
1997-01-08 09:18,1.303
1997-01-08 09:24,1.294
1997-01-08 09:30,1.285
1997-01-08 09:36,1.276
1997-01-08 09:42,1.267
1997-01-08 09:48,1.258
1997-01-08 09:54,1.249
1997-01-08 10:00,1.239
1997-01-08 10:06,1.230
1997-01-08 10:12,1.220
1997-01-08 10:18,1.211
1997-01-08 10:24,1.201
1997-01-08 10:30,1.192
1997-01-08 10:36,1.182
1997-01-08 10:42,1.172
1997-01-08 10:48,1.163
1997-01-08 10:54,1.154
1997-01-08 11:00,1.144
1997-01-08 11:06,1.135
1997-01-08 11:12,1.126
1997-01-08 11:18,1.117
1997-01-08 11:24,1.109
1997-01-08 11:30,1.100
1997-01-08 11:36,1.092
1997-01-08 11:42,1.084
1997-01-08 11:48,1.076
1997-01-08 11:54,1.068
1997-01-08 12:00,1.060
1997-01-08 12:06,1.053
1997-01-08 12:12,1.046
1997-01-08 12:18,1.039
1997-01-08 12:24,1.033
1997-01-08 12:30,1.026
1997-01-08 12:36,1.020
1997-01-08 12:42,1.014
1997-01-08 12:48,1.009
1997-01-08 12:54,1.003
1997-01-08 13:00,0.998
1997-01-08 13:06,0.993
1997-01-08 13:12,0.989
1997-01-08 13:18,0.985
1997-01-08 13:24,0.981
1997-01-08 13:30,0.977
1997-01-08 13:36,0.974
1997-01-08 13:42,0.971
1997-01-08 13:48,0.968
1997-01-08 13:54,0.966
1997-01-08 14:00,0.964
1997-01-08 14:06,0.963
1997-01-08 14:12,0.962
1997-01-08 14:18,0.961
1997-01-08 14:24,0.961
1997-01-08 14:30,0.961
1997-01-08 14:36,0.962
1997-01-08 14:42,0.963
1997-01-08 14:48,0.965
1997-01-08 14:54,0.967
1997-01-08 15:00,0.969
1997-01-08 15:06,0.972
1997-01-08 15:12,0.976
1997-01-08 15:18,0.980
1997-01-08 15:24,0.984
1997-01-08 15:30,0.989
1997-01-08 15:36,0.994
1997-01-08 15:42,1.000
1997-01-08 15:48,1.006
1997-01-08 15:54,1.012
1997-01-08 16:00,1.019
1997-01-08 16:06,1.026
1997-01-08 16:12,1.034
1997-01-08 16:18,1.042
1997-01-08 16:24,1.050
1997-01-08 16:30,1.058
1997-01-08 16:36,1.067
1997-01-08 16:42,1.076
1997-01-08 16:48,1.085
1997-01-08 16:54,1.095
1997-01-08 17:00,1.104
1997-01-08 17:06,1.114
1997-01-08 17:12,1.124
1997-01-08 17:18,1.134
1997-01-08 17:24,1.145
1997-01-08 17:30,1.155
1997-01-08 17:36,1.165
1997-01-08 17:42,1.176
1997-01-08 17:48,1.187
1997-01-08 17:54,1.197
1997-01-08 18:00,1.208
1997-01-08 18:06,1.219
1997-01-08 18:12,1.230
1997-01-08 18:18,1.241
1997-01-08 18:24,1.251
1997-01-08 18:30,1.262
1997-01-08 18:36,1.273
1997-01-08 18:42,1.284
1997-01-08 18:48,1.295
1997-01-08 18:54,1.306
1997-01-08 19:00,1.316
1997-01-08 19:06,1.327
1997-01-08 19:12,1.338
1997-01-08 19:18,1.348
1997-01-08 19:24,1.358
1997-01-08 19:30,1.369
1997-01-08 19:36,1.379
1997-01-08 19:42,1.389
1997-01-08 19:48,1.398
1997-01-08 19:54,1.408
1997-01-08 20:00,1.417
1997-01-08 20:06,1.427
1997-01-08 20:12,1.435
1997-01-08 20:18,1.444
1997-01-08 20:24,1.452
1997-01-08 20:30,1.461
1997-01-08 20:36,1.468
1997-01-08 20:42,1.476
1997-01-08 20:48,1.483
1997-01-08 20:54,1.490
1997-01-08 21:00,1.496
1997-01-08 21:06,1.502
1997-01-08 21:12,1.508
1997-01-08 21:18,1.514
1997-01-08 21:24,1.519
1997-01-08 21:30,1.524
1997-01-08 21:36,1.528
1997-01-08 21:42,1.532
1997-01-08 21:48,1.536
1997-01-08 21:54,1.539
1997-01-08 22:00,1.542
1997-01-08 22:06,1.545
1997-01-08 22:12,1.548
1997-01-08 22:18,1.550
1997-01-08 22:24,1.552
1997-01-08 22:30,1.554
1997-01-08 22:36,1.555
1997-01-08 22:42,1.557
1997-01-08 22:48,1.558
1997-01-08 22:54,1.559
1997-01-08 23:00,1.560
1997-01-08 23:06,1.560
1997-01-08 23:12,1.561
1997-01-08 23:18,1.561
1997-01-08 23:24,1.561
1997-01-08 23:30,1.561
1997-01-08 23:36,1.561
1997-01-08 23:42,1.561
1997-01-08 23:48,1.561
1997-01-08 23:54,1.560
1997-01-09 00:00,1.560
1997-01-09 00:06,1.559
1997-01-09 00:12,1.559
1997-01-09 00:18,1.558
1997-01-09 00:24,1.557
1997-01-09 00:30,1.556
1997-01-09 00:36,1.555
1997-01-09 00:42,1.554
1997-01-09 00:48,1.552
1997-01-09 00:54,1.551
1997-01-09 01:00,1.549
1997-01-09 01:06,1.548
1997-01-09 01:12,1.546
1997-01-09 01:18,1.544
1997-01-09 01:24,1.543
1997-01-09 01:30,1.541
1997-01-09 01:36,1.539
1997-01-09 01:42,1.537
1997-01-09 01:48,1.535
1997-01-09 01:54,1.533
1997-01-09 02:00,1.531
1997-01-09 02:06,1.529
1997-01-09 02:12,1.526
1997-01-09 02:18,1.524
1997-01-09 02:24,1.522
1997-01-09 02:30,1.520
1997-01-09 02:36,1.518
1997-01-09 02:42,1.516
1997-01-09 02:48,1.514
1997-01-09 02:54,1.513
1997-01-09 03:00,1.511
1997-01-09 03:06,1.509
1997-01-09 03:12,1.508
1997-01-09 03:18,1.506
1997-01-09 03:24,1.505
1997-01-09 03:30,1.503
1997-01-09 03:36,1.502
1997-01-09 03:42,1.501
1997-01-09 03:48,1.500
1997-01-09 03:54,1.499
1997-01-09 04:00,1.498
1997-01-09 04:06,1.498
1997-01-09 04:12,1.497
1997-01-09 04:18,1.496
1997-01-09 04:24,1.496
1997-01-09 04:30,1.495
1997-01-09 04:36,1.495
1997-01-09 04:42,1.494
1997-01-09 04:48,1.494
1997-01-09 04:54,1.493
1997-01-09 05:00,1.493
1997-01-09 05:06,1.492
1997-01-09 05:12,1.492
1997-01-09 05:18,1.491
1997-01-09 05:24,1.491
1997-01-09 05:30,1.490
1997-01-09 05:36,1.489
1997-01-09 05:42,1.488
1997-01-09 05:48,1.487
1997-01-09 05:54,1.486
1997-01-09 06:00,1.485
1997-01-09 06:06,1.484
1997-01-09 06:12,1.483
1997-01-09 06:18,1.482
1997-01-09 06:24,1.480
1997-01-09 06:30,1.479
1997-01-09 06:36,1.477
1997-01-09 06:42,1.475
1997-01-09 06:48,1.474
1997-01-09 06:54,1.472
1997-01-09 07:00,1.470
1997-01-09 07:06,1.467
1997-01-09 07:12,1.465
1997-01-09 07:18,1.463
1997-01-09 07:24,1.460
1997-01-09 07:30,1.457
1997-01-09 07:36,1.454
1997-01-09 07:42,1.451
1997-01-09 07:48,1.448
1997-01-09 07:54,1.445
1997-01-09 08:00,1.441
1997-01-09 08:06,1.437
1997-01-09 08:12,1.433
1997-01-09 08:18,1.429
1997-01-09 08:24,1.424
1997-01-09 08:30,1.420
1997-01-09 08:36,1.415
1997-01-09 08:42,1.409
1997-01-09 08:48,1.404
1997-01-09 08:54,1.398
1997-01-09 09:00,1.392
1997-01-09 09:06,1.386
1997-01-09 09:12,1.379
1997-01-09 09:18,1.372
1997-01-09 09:24,1.365
1997-01-09 09:30,1.358
1997-01-09 09:36,1.350
1997-01-09 09:42,1.342
1997-01-09 09:48,1.334
1997-01-09 09:54,1.326
1997-01-09 10:00,1.317
1997-01-09 10:06,1.308
1997-01-09 10:12,1.299
1997-01-09 10:18,1.290
1997-01-09 10:24,1.281
1997-01-09 10:30,1.271
1997-01-09 10:36,1.262
1997-01-09 10:42,1.252
1997-01-09 10:48,1.242
1997-01-09 10:54,1.233
1997-01-09 11:00,1.223
1997-01-09 11:06,1.213
1997-01-09 11:12,1.203
1997-01-09 11:18,1.193
1997-01-09 11:24,1.184
1997-01-09 11:30,1.174
1997-01-09 11:36,1.164
1997-01-09 11:42,1.155
1997-01-09 11:48,1.145
1997-01-09 11:54,1.136
1997-01-09 12:00,1.127
1997-01-09 12:06,1.118
1997-01-09 12:12,1.109
1997-01-09 12:18,1.100
1997-01-09 12:24,1.092
1997-01-09 12:30,1.083
1997-01-09 12:36,1.075
1997-01-09 12:42,1.067
1997-01-09 12:48,1.059
1997-01-09 12:54,1.052
1997-01-09 13:00,1.044
1997-01-09 13:06,1.037
1997-01-09 13:12,1.030
1997-01-09 13:18,1.024
1997-01-09 13:24,1.017
1997-01-09 13:30,1.011
1997-01-09 13:36,1.005
1997-01-09 13:42,0.999
1997-01-09 13:48,0.994
1997-01-09 13:54,0.989
1997-01-09 14:00,0.984
1997-01-09 14:06,0.980
1997-01-09 14:12,0.976
1997-01-09 14:18,0.972
1997-01-09 14:24,0.969
1997-01-09 14:30,0.966
1997-01-09 14:36,0.963
1997-01-09 14:42,0.961
1997-01-09 14:48,0.959
1997-01-09 14:54,0.958
1997-01-09 15:00,0.957
1997-01-09 15:06,0.956
1997-01-09 15:12,0.956
1997-01-09 15:18,0.956
1997-01-09 15:24,0.957
1997-01-09 15:30,0.958
1997-01-09 15:36,0.960
1997-01-09 15:42,0.962
1997-01-09 15:48,0.965
1997-01-09 15:54,0.968
1997-01-09 16:00,0.971
1997-01-09 16:06,0.975
1997-01-09 16:12,0.980
1997-01-09 16:18,0.985
1997-01-09 16:24,0.990
1997-01-09 16:30,0.996
1997-01-09 16:36,1.002
1997-01-09 16:42,1.008
1997-01-09 16:48,1.015
1997-01-09 16:54,1.022
1997-01-09 17:00,1.029
1997-01-09 17:06,1.037
1997-01-09 17:12,1.045
1997-01-09 17:18,1.054
1997-01-09 17:24,1.062
1997-01-09 17:30,1.071
1997-01-09 17:36,1.080
1997-01-09 17:42,1.090
1997-01-09 17:48,1.099
1997-01-09 17:54,1.109
1997-01-09 18:00,1.119
1997-01-09 18:06,1.130
1997-01-09 18:12,1.140
1997-01-09 18:18,1.150
1997-01-09 18:24,1.161
1997-01-09 18:30,1.172
1997-01-09 18:36,1.183
1997-01-09 18:42,1.194
1997-01-09 18:48,1.205
1997-01-09 18:54,1.216
1997-01-09 19:00,1.227
1997-01-09 19:06,1.238
1997-01-09 19:12,1.249
1997-01-09 19:18,1.261
1997-01-09 19:24,1.272
1997-01-09 19:30,1.283
1997-01-09 19:36,1.294
1997-01-09 19:42,1.305
1997-01-09 19:48,1.316
1997-01-09 19:54,1.327
1997-01-09 20:00,1.338
1997-01-09 20:06,1.349
1997-01-09 20:12,1.359
1997-01-09 20:18,1.370
1997-01-09 20:24,1.380
1997-01-09 20:30,1.390
1997-01-09 20:36,1.400
1997-01-09 20:42,1.409
1997-01-09 20:48,1.418
1997-01-09 20:54,1.427
1997-01-09 21:00,1.436
1997-01-09 21:06,1.444
1997-01-09 21:12,1.452
1997-01-09 21:18,1.460
1997-01-09 21:24,1.468
1997-01-09 21:30,1.475
1997-01-09 21:36,1.481
1997-01-09 21:42,1.488
1997-01-09 21:48,1.494
1997-01-09 21:54,1.499
1997-01-09 22:00,1.505
1997-01-09 22:06,1.510
1997-01-09 22:12,1.514
1997-01-09 22:18,1.519
1997-01-09 22:24,1.523
1997-01-09 22:30,1.526
1997-01-09 22:36,1.530
1997-01-09 22:42,1.533
1997-01-09 22:48,1.536
1997-01-09 22:54,1.538
1997-01-09 23:00,1.540
1997-01-09 23:06,1.542
1997-01-09 23:12,1.544
1997-01-09 23:18,1.546
1997-01-09 23:24,1.547
1997-01-09 23:30,1.548
1997-01-09 23:36,1.549
1997-01-09 23:42,1.550
1997-01-09 23:48,1.550
1997-01-09 23:54,1.550
1997-01-10 00:00,1.551
1997-01-10 00:06,1.551
1997-01-10 00:12,1.551
1997-01-10 00:18,1.550
1997-01-10 00:24,1.550
1997-01-10 00:30,1.549
1997-01-10 00:36,1.549
1997-01-10 00:42,1.548
1997-01-10 00:48,1.547
1997-01-10 00:54,1.546
1997-01-10 01:00,1.545
1997-01-10 01:06,1.544
1997-01-10 01:12,1.543
1997-01-10 01:18,1.541
1997-01-10 01:24,1.540
1997-01-10 01:30,1.538
1997-01-10 01:36,1.537
1997-01-10 01:42,1.535
1997-01-10 01:48,1.533
1997-01-10 01:54,1.531
1997-01-10 02:00,1.530
1997-01-10 02:06,1.528
1997-01-10 02:12,1.526
1997-01-10 02:18,1.524
1997-01-10 02:24,1.521
1997-01-10 02:30,1.519
1997-01-10 02:36,1.517
1997-01-10 02:42,1.515
1997-01-10 02:48,1.513
1997-01-10 02:54,1.511
1997-01-10 03:00,1.509
1997-01-10 03:06,1.507
1997-01-10 03:12,1.505
1997-01-10 03:18,1.503
1997-01-10 03:24,1.501
1997-01-10 03:30,1.500
1997-01-10 03:36,1.498
1997-01-10 03:42,1.496
1997-01-10 03:48,1.495
1997-01-10 03:54,1.493
1997-01-10 04:00,1.492
1997-01-10 04:06,1.491
1997-01-10 04:12,1.490
1997-01-10 04:18,1.488
1997-01-10 04:24,1.487
1997-01-10 04:30,1.486
1997-01-10 04:36,1.486
1997-01-10 04:42,1.485
1997-01-10 04:48,1.484
1997-01-10 04:54,1.483
1997-01-10 05:00,1.483
1997-01-10 05:06,1.482
1997-01-10 05:12,1.482
1997-01-10 05:18,1.482
1997-01-10 05:24,1.481
1997-01-10 05:30,1.481
1997-01-10 05:36,1.481
1997-01-10 05:42,1.480
1997-01-10 05:48,1.480
1997-01-10 05:54,1.480
1997-01-10 06:00,1.480
1997-01-10 06:06,1.479
1997-01-10 06:12,1.479
1997-01-10 06:18,1.479
1997-01-10 06:24,1.479
1997-01-10 06:30,1.478
1997-01-10 06:36,1.478
1997-01-10 06:42,1.478
1997-01-10 06:48,1.477
1997-01-10 06:54,1.477
1997-01-10 07:00,1.476
1997-01-10 07:06,1.476
1997-01-10 07:12,1.475
1997-01-10 07:18,1.474
1997-01-10 07:24,1.473
1997-01-10 07:30,1.472
1997-01-10 07:36,1.471
1997-01-10 07:42,1.470
1997-01-10 07:48,1.469
1997-01-10 07:54,1.467
1997-01-10 08:00,1.466
1997-01-10 08:06,1.464
1997-01-10 08:12,1.462
1997-01-10 08:18,1.460
1997-01-10 08:24,1.458
1997-01-10 08:30,1.455
1997-01-10 08:36,1.453
1997-01-10 08:42,1.450
1997-01-10 08:48,1.446
1997-01-10 08:54,1.443
1997-01-10 09:00,1.439
1997-01-10 09:06,1.435
1997-01-10 09:12,1.431
1997-01-10 09:18,1.427
1997-01-10 09:24,1.422
1997-01-10 09:30,1.417
1997-01-10 09:36,1.412
1997-01-10 09:42,1.406
1997-01-10 09:48,1.400
1997-01-10 09:54,1.394
1997-01-10 10:00,1.388
1997-01-10 10:06,1.381
1997-01-10 10:12,1.374
1997-01-10 10:18,1.367
1997-01-10 10:24,1.359
1997-01-10 10:30,1.352
1997-01-10 10:36,1.344
1997-01-10 10:42,1.336
1997-01-10 10:48,1.327
1997-01-10 10:54,1.319
1997-01-10 11:00,1.310
1997-01-10 11:06,1.301
1997-01-10 11:12,1.292
1997-01-10 11:18,1.283
1997-01-10 11:24,1.274
1997-01-10 11:30,1.265
1997-01-10 11:36,1.256
1997-01-10 11:42,1.246
1997-01-10 11:48,1.237
1997-01-10 11:54,1.227
1997-01-10 12:00,1.218
1997-01-10 12:06,1.209
1997-01-10 12:12,1.199
1997-01-10 12:18,1.190
1997-01-10 12:24,1.180
1997-01-10 12:30,1.171
1997-01-10 12:36,1.162
1997-01-10 12:42,1.153
1997-01-10 12:48,1.144
1997-01-10 12:54,1.135
1997-01-10 13:00,1.126
1997-01-10 13:06,1.118
1997-01-10 13:12,1.109
1997-01-10 13:18,1.101
1997-01-10 13:24,1.093
1997-01-10 13:30,1.085
1997-01-10 13:36,1.077
1997-01-10 13:42,1.070
1997-01-10 13:48,1.062
1997-01-10 13:54,1.055
1997-01-10 14:00,1.048
1997-01-10 14:06,1.042
1997-01-10 14:12,1.035
1997-01-10 14:18,1.029
1997-01-10 14:24,1.023
1997-01-10 14:30,1.018
1997-01-10 14:36,1.013
1997-01-10 14:42,1.008
1997-01-10 14:48,1.003
1997-01-10 14:54,0.999
1997-01-10 15:00,0.995
1997-01-10 15:06,0.991
1997-01-10 15:12,0.988
1997-01-10 15:18,0.985
1997-01-10 15:24,0.983
1997-01-10 15:30,0.981
1997-01-10 15:36,0.979
1997-01-10 15:42,0.977
1997-01-10 15:48,0.977
1997-01-10 15:54,0.976
1997-01-10 16:00,0.976
1997-01-10 16:06,0.976
1997-01-10 16:12,0.977
1997-01-10 16:18,0.978
1997-01-10 16:24,0.979
1997-01-10 16:30,0.981
1997-01-10 16:36,0.984
1997-01-10 16:42,0.986
1997-01-10 16:48,0.989
1997-01-10 16:54,0.993
1997-01-10 17:00,0.997
1997-01-10 17:06,1.001
1997-01-10 17:12,1.006
1997-01-10 17:18,1.011
1997-01-10 17:24,1.017
1997-01-10 17:30,1.022
1997-01-10 17:36,1.029
1997-01-10 17:42,1.035
1997-01-10 17:48,1.042
1997-01-10 17:54,1.049
1997-01-10 18:00,1.057
1997-01-10 18:06,1.065
1997-01-10 18:12,1.073
1997-01-10 18:18,1.082
1997-01-10 18:24,1.090
1997-01-10 18:30,1.099
1997-01-10 18:36,1.109
1997-01-10 18:42,1.118
1997-01-10 18:48,1.128
1997-01-10 18:54,1.138
1997-01-10 19:00,1.148
1997-01-10 19:06,1.158
1997-01-10 19:12,1.169
1997-01-10 19:18,1.179
1997-01-10 19:24,1.190
1997-01-10 19:30,1.201
1997-01-10 19:36,1.212
1997-01-10 19:42,1.222
1997-01-10 19:48,1.233
1997-01-10 19:54,1.244
1997-01-10 20:00,1.255
1997-01-10 20:06,1.266
1997-01-10 20:12,1.277
1997-01-10 20:18,1.288
1997-01-10 20:24,1.299
1997-01-10 20:30,1.309
1997-01-10 20:36,1.320
1997-01-10 20:42,1.330
1997-01-10 20:48,1.340
1997-01-10 20:54,1.350
1997-01-10 21:00,1.360
1997-01-10 21:06,1.370
1997-01-10 21:12,1.379
1997-01-10 21:18,1.389
1997-01-10 21:24,1.397
1997-01-10 21:30,1.406
1997-01-10 21:36,1.415
1997-01-10 21:42,1.423
1997-01-10 21:48,1.430
1997-01-10 21:54,1.438
1997-01-10 22:00,1.445
1997-01-10 22:06,1.452
1997-01-10 22:12,1.459
1997-01-10 22:18,1.465
1997-01-10 22:24,1.471
1997-01-10 22:30,1.477
1997-01-10 22:36,1.482
1997-01-10 22:42,1.487
1997-01-10 22:48,1.492
1997-01-10 22:54,1.496
1997-01-10 23:00,1.500
1997-01-10 23:06,1.504
1997-01-10 23:12,1.507
1997-01-10 23:18,1.510
1997-01-10 23:24,1.513
1997-01-10 23:30,1.516
1997-01-10 23:36,1.518
1997-01-10 23:42,1.520
1997-01-10 23:48,1.522
1997-01-10 23:54,1.523
1997-01-11 00:00,1.525
1997-01-11 00:06,1.526
1997-01-11 00:12,1.527
1997-01-11 00:18,1.527
1997-01-11 00:24,1.528
1997-01-11 00:30,1.528
1997-01-11 00:36,1.528
1997-01-11 00:42,1.527
1997-01-11 00:48,1.527
1997-01-11 00:54,1.527
1997-01-11 01:00,1.526
1997-01-11 01:06,1.525
1997-01-11 01:12,1.524
1997-01-11 01:18,1.523
1997-01-11 01:24,1.522
1997-01-11 01:30,1.521
1997-01-11 01:36,1.519
1997-01-11 01:42,1.518
1997-01-11 01:48,1.516
1997-01-11 01:54,1.514
1997-01-11 02:00,1.513
1997-01-11 02:06,1.511
1997-01-11 02:12,1.509
1997-01-11 02:18,1.507
1997-01-11 02:24,1.505
1997-01-11 02:30,1.503
1997-01-11 02:36,1.501
1997-01-11 02:42,1.499
1997-01-11 02:48,1.497
1997-01-11 02:54,1.495
1997-01-11 03:00,1.493
1997-01-11 03:06,1.491
1997-01-11 03:12,1.489
1997-01-11 03:18,1.487
1997-01-11 03:24,1.485
1997-01-11 03:30,1.483
1997-01-11 03:36,1.481
1997-01-11 03:42,1.479
1997-01-11 03:48,1.477
1997-01-11 03:54,1.475
1997-01-11 04:00,1.473
1997-01-11 04:06,1.471
1997-01-11 04:12,1.469
1997-01-11 04:18,1.468
1997-01-11 04:24,1.466
1997-01-11 04:30,1.465
1997-01-11 04:36,1.463
1997-01-11 04:42,1.462
1997-01-11 04:48,1.460
1997-01-11 04:54,1.459
1997-01-11 05:00,1.458
1997-01-11 05:06,1.457
1997-01-11 05:12,1.456
1997-01-11 05:18,1.455
1997-01-11 05:24,1.454
1997-01-11 05:30,1.453
1997-01-11 05:36,1.452
1997-01-11 05:42,1.452
1997-01-11 05:48,1.451
1997-01-11 05:54,1.451
1997-01-11 06:00,1.451
1997-01-11 06:06,1.451
1997-01-11 06:12,1.451
1997-01-11 06:18,1.451
1997-01-11 06:24,1.451
1997-01-11 06:30,1.451
1997-01-11 06:36,1.452
1997-01-11 06:42,1.452
1997-01-11 06:48,1.452
1997-01-11 06:54,1.453
1997-01-11 07:00,1.453
1997-01-11 07:06,1.454
1997-01-11 07:12,1.455
1997-01-11 07:18,1.455
1997-01-11 07:24,1.456
1997-01-11 07:30,1.456
1997-01-11 07:36,1.457
1997-01-11 07:42,1.457
1997-01-11 07:48,1.458
1997-01-11 07:54,1.458
1997-01-11 08:00,1.458
1997-01-11 08:06,1.459
1997-01-11 08:12,1.459
1997-01-11 08:18,1.459
1997-01-11 08:24,1.458
1997-01-11 08:30,1.458
1997-01-11 08:36,1.458
1997-01-11 08:42,1.457
1997-01-11 08:48,1.456
1997-01-11 08:54,1.455
1997-01-11 09:00,1.454
1997-01-11 09:06,1.453
1997-01-11 09:12,1.451
1997-01-11 09:18,1.449
1997-01-11 09:24,1.447
1997-01-11 09:30,1.445
1997-01-11 09:36,1.442
1997-01-11 09:42,1.439
1997-01-11 09:48,1.436
1997-01-11 09:54,1.433
1997-01-11 10:00,1.430
1997-01-11 10:06,1.426
1997-01-11 10:12,1.422
1997-01-11 10:18,1.417
1997-01-11 10:24,1.413
1997-01-11 10:30,1.408
1997-01-11 10:36,1.403
1997-01-11 10:42,1.398
1997-01-11 10:48,1.392
1997-01-11 10:54,1.387
1997-01-11 11:00,1.381
1997-01-11 11:06,1.374
1997-01-11 11:12,1.368
1997-01-11 11:18,1.361
1997-01-11 11:24,1.355
1997-01-11 11:30,1.348
1997-01-11 11:36,1.340
1997-01-11 11:42,1.333
1997-01-11 11:48,1.325
1997-01-11 11:54,1.318
1997-01-11 12:00,1.310
1997-01-11 12:06,1.302
1997-01-11 12:12,1.294
1997-01-11 12:18,1.286
1997-01-11 12:24,1.277
1997-01-11 12:30,1.269
1997-01-11 12:36,1.260
1997-01-11 12:42,1.252
1997-01-11 12:48,1.243
1997-01-11 12:54,1.235
1997-01-11 13:00,1.226
1997-01-11 13:06,1.218
1997-01-11 13:12,1.209
1997-01-11 13:18,1.200
1997-01-11 13:24,1.192
1997-01-11 13:30,1.184
1997-01-11 13:36,1.175
1997-01-11 13:42,1.167
1997-01-11 13:48,1.159
1997-01-11 13:54,1.151
1997-01-11 14:00,1.143
1997-01-11 14:06,1.136
1997-01-11 14:12,1.128
1997-01-11 14:18,1.121
1997-01-11 14:24,1.114
1997-01-11 14:30,1.107
1997-01-11 14:36,1.100
1997-01-11 14:42,1.094
1997-01-11 14:48,1.087
1997-01-11 14:54,1.081
1997-01-11 15:00,1.076
1997-01-11 15:06,1.070
1997-01-11 15:12,1.065
1997-01-11 15:18,1.060
1997-01-11 15:24,1.055
1997-01-11 15:30,1.051
1997-01-11 15:36,1.047
1997-01-11 15:42,1.043
1997-01-11 15:48,1.039
1997-01-11 15:54,1.036
1997-01-11 16:00,1.033
1997-01-11 16:06,1.030
1997-01-11 16:12,1.028
1997-01-11 16:18,1.026
1997-01-11 16:24,1.024
1997-01-11 16:30,1.022
1997-01-11 16:36,1.021
1997-01-11 16:42,1.020
1997-01-11 16:48,1.020
1997-01-11 16:54,1.020
1997-01-11 17:00,1.020
1997-01-11 17:06,1.021
1997-01-11 17:12,1.022
1997-01-11 17:18,1.023
1997-01-11 17:24,1.025
1997-01-11 17:30,1.027
1997-01-11 17:36,1.029
1997-01-11 17:42,1.032
1997-01-11 17:48,1.035
1997-01-11 17:54,1.039
1997-01-11 18:00,1.043
1997-01-11 18:06,1.047
1997-01-11 18:12,1.052
1997-01-11 18:18,1.057
1997-01-11 18:24,1.063
1997-01-11 18:30,1.068
1997-01-11 18:36,1.075
1997-01-11 18:42,1.081
1997-01-11 18:48,1.088
1997-01-11 18:54,1.095
1997-01-11 19:00,1.103
1997-01-11 19:06,1.111
1997-01-11 19:12,1.119
1997-01-11 19:18,1.127
1997-01-11 19:24,1.136
1997-01-11 19:30,1.145
1997-01-11 19:36,1.154
1997-01-11 19:42,1.163
1997-01-11 19:48,1.172
1997-01-11 19:54,1.182
1997-01-11 20:00,1.191
1997-01-11 20:06,1.201
1997-01-11 20:12,1.211
1997-01-11 20:18,1.221
1997-01-11 20:24,1.230
1997-01-11 20:30,1.240
1997-01-11 20:36,1.250
1997-01-11 20:42,1.260
1997-01-11 20:48,1.270
1997-01-11 20:54,1.280
1997-01-11 21:00,1.289
1997-01-11 21:06,1.299
1997-01-11 21:12,1.308
1997-01-11 21:18,1.318
1997-01-11 21:24,1.327
1997-01-11 21:30,1.336
1997-01-11 21:36,1.345
1997-01-11 21:42,1.353
1997-01-11 21:48,1.362
1997-01-11 21:54,1.370
1997-01-11 22:00,1.378
1997-01-11 22:06,1.386
1997-01-11 22:12,1.394
1997-01-11 22:18,1.401
1997-01-11 22:24,1.408
1997-01-11 22:30,1.415
1997-01-11 22:36,1.422
1997-01-11 22:42,1.428
1997-01-11 22:48,1.435
1997-01-11 22:54,1.440
1997-01-11 23:00,1.446
1997-01-11 23:06,1.451
1997-01-11 23:12,1.456
1997-01-11 23:18,1.461
1997-01-11 23:24,1.466
1997-01-11 23:30,1.470
1997-01-11 23:36,1.474
1997-01-11 23:42,1.477
1997-01-11 23:48,1.480
1997-01-11 23:54,1.483
1997-01-12 00:00,1.486
1997-01-12 00:06,1.488
1997-01-12 00:12,1.490
1997-01-12 00:18,1.492
1997-01-12 00:24,1.494
1997-01-12 00:30,1.495
1997-01-12 00:36,1.496
1997-01-12 00:42,1.497
1997-01-12 00:48,1.497
1997-01-12 00:54,1.497
1997-01-12 01:00,1.497
1997-01-12 01:06,1.497
1997-01-12 01:12,1.496
1997-01-12 01:18,1.496
1997-01-12 01:24,1.495
1997-01-12 01:30,1.494
1997-01-12 01:36,1.493
1997-01-12 01:42,1.491
1997-01-12 01:48,1.490
1997-01-12 01:54,1.488
1997-01-12 02:00,1.487
1997-01-12 02:06,1.485
1997-01-12 02:12,1.483
1997-01-12 02:18,1.481
1997-01-12 02:24,1.479
1997-01-12 02:30,1.477
1997-01-12 02:36,1.475
1997-01-12 02:42,1.473
1997-01-12 02:48,1.471
1997-01-12 02:54,1.469
1997-01-12 03:00,1.466
1997-01-12 03:06,1.464
1997-01-12 03:12,1.462
1997-01-12 03:18,1.460
1997-01-12 03:24,1.457
1997-01-12 03:30,1.455
1997-01-12 03:36,1.453
1997-01-12 03:42,1.451
1997-01-12 03:48,1.448
1997-01-12 03:54,1.446
1997-01-12 04:00,1.444
1997-01-12 04:06,1.442
1997-01-12 04:12,1.439
1997-01-12 04:18,1.437
1997-01-12 04:24,1.435
1997-01-12 04:30,1.433
1997-01-12 04:36,1.431
1997-01-12 04:42,1.428
1997-01-12 04:48,1.426
1997-01-12 04:54,1.424
1997-01-12 05:00,1.422
1997-01-12 05:06,1.420
1997-01-12 05:12,1.418
1997-01-12 05:18,1.417
1997-01-12 05:24,1.415
1997-01-12 05:30,1.413
1997-01-12 05:36,1.412
1997-01-12 05:42,1.410
1997-01-12 05:48,1.409
1997-01-12 05:54,1.408
1997-01-12 06:00,1.407
1997-01-12 06:06,1.406
1997-01-12 06:12,1.405
1997-01-12 06:18,1.405
1997-01-12 06:24,1.404
1997-01-12 06:30,1.404
1997-01-12 06:36,1.404
1997-01-12 06:42,1.404
1997-01-12 06:48,1.404
1997-01-12 06:54,1.405
1997-01-12 07:00,1.405
1997-01-12 07:06,1.406
1997-01-12 07:12,1.407
1997-01-12 07:18,1.408
1997-01-12 07:24,1.409
1997-01-12 07:30,1.410
1997-01-12 07:36,1.411
1997-01-12 07:42,1.413
1997-01-12 07:48,1.414
1997-01-12 07:54,1.415
1997-01-12 08:00,1.417
1997-01-12 08:06,1.418
1997-01-12 08:12,1.420
1997-01-12 08:18,1.421
1997-01-12 08:24,1.423
1997-01-12 08:30,1.424
1997-01-12 08:36,1.425
1997-01-12 08:42,1.426
1997-01-12 08:48,1.428
1997-01-12 08:54,1.429
1997-01-12 09:00,1.429
1997-01-12 09:06,1.430
1997-01-12 09:12,1.431
1997-01-12 09:18,1.431
1997-01-12 09:24,1.432
1997-01-12 09:30,1.432
1997-01-12 09:36,1.432
1997-01-12 09:42,1.431
1997-01-12 09:48,1.431
1997-01-12 09:54,1.431
1997-01-12 10:00,1.430
1997-01-12 10:06,1.429
1997-01-12 10:12,1.428
1997-01-12 10:18,1.427
1997-01-12 10:24,1.425
1997-01-12 10:30,1.423
1997-01-12 10:36,1.422
1997-01-12 10:42,1.420
1997-01-12 10:48,1.417
1997-01-12 10:54,1.415
1997-01-12 11:00,1.412
1997-01-12 11:06,1.409
1997-01-12 11:12,1.406
1997-01-12 11:18,1.403
1997-01-12 11:24,1.400
1997-01-12 11:30,1.396
1997-01-12 11:36,1.392
1997-01-12 11:42,1.388
1997-01-12 11:48,1.384
1997-01-12 11:54,1.379
1997-01-12 12:00,1.374
1997-01-12 12:06,1.369
1997-01-12 12:12,1.364
1997-01-12 12:18,1.359
1997-01-12 12:24,1.353
1997-01-12 12:30,1.347
1997-01-12 12:36,1.342
1997-01-12 12:42,1.335
1997-01-12 12:48,1.329
1997-01-12 12:54,1.323
1997-01-12 13:00,1.316
1997-01-12 13:06,1.309
1997-01-12 13:12,1.303
1997-01-12 13:18,1.296
1997-01-12 13:24,1.289
1997-01-12 13:30,1.282
1997-01-12 13:36,1.274
1997-01-12 13:42,1.267
1997-01-12 13:48,1.260
1997-01-12 13:54,1.253
1997-01-12 14:00,1.246
1997-01-12 14:06,1.239
1997-01-12 14:12,1.232
1997-01-12 14:18,1.225
1997-01-12 14:24,1.218
1997-01-12 14:30,1.211
1997-01-12 14:36,1.204
1997-01-12 14:42,1.197
1997-01-12 14:48,1.191
1997-01-12 14:54,1.185
1997-01-12 15:00,1.178
1997-01-12 15:06,1.172
1997-01-12 15:12,1.167
1997-01-12 15:18,1.161
1997-01-12 15:24,1.155
1997-01-12 15:30,1.150
1997-01-12 15:36,1.145
1997-01-12 15:42,1.140
1997-01-12 15:48,1.135
1997-01-12 15:54,1.131
1997-01-12 16:00,1.126
1997-01-12 16:06,1.122
1997-01-12 16:12,1.118
1997-01-12 16:18,1.114
1997-01-12 16:24,1.110
1997-01-12 16:30,1.107
1997-01-12 16:36,1.104
1997-01-12 16:42,1.101
1997-01-12 16:48,1.098
1997-01-12 16:54,1.095
1997-01-12 17:00,1.093
1997-01-12 17:06,1.091
1997-01-12 17:12,1.089
1997-01-12 17:18,1.087
1997-01-12 17:24,1.086
1997-01-12 17:30,1.085
1997-01-12 17:36,1.084
1997-01-12 17:42,1.083
1997-01-12 17:48,1.083
1997-01-12 17:54,1.083
1997-01-12 18:00,1.084
1997-01-12 18:06,1.084
1997-01-12 18:12,1.085
1997-01-12 18:18,1.087
1997-01-12 18:24,1.089
1997-01-12 18:30,1.091
1997-01-12 18:36,1.093
1997-01-12 18:42,1.096
1997-01-12 18:48,1.100
1997-01-12 18:54,1.103
1997-01-12 19:00,1.107
1997-01-12 19:06,1.112
1997-01-12 19:12,1.116
1997-01-12 19:18,1.121
1997-01-12 19:24,1.127
1997-01-12 19:30,1.132
1997-01-12 19:36,1.138
1997-01-12 19:42,1.145
1997-01-12 19:48,1.151
1997-01-12 19:54,1.158
1997-01-12 20:00,1.165
1997-01-12 20:06,1.172
1997-01-12 20:12,1.180
1997-01-12 20:18,1.187
1997-01-12 20:24,1.195
1997-01-12 20:30,1.203
1997-01-12 20:36,1.211
1997-01-12 20:42,1.219
1997-01-12 20:48,1.227
1997-01-12 20:54,1.235
1997-01-12 21:00,1.243
1997-01-12 21:06,1.251
1997-01-12 21:12,1.259
1997-01-12 21:18,1.267
1997-01-12 21:24,1.275
1997-01-12 21:30,1.284
1997-01-12 21:36,1.292
1997-01-12 21:42,1.299
1997-01-12 21:48,1.307
1997-01-12 21:54,1.315
1997-01-12 22:00,1.323
1997-01-12 22:06,1.330
1997-01-12 22:12,1.338
1997-01-12 22:18,1.345
1997-01-12 22:24,1.352
1997-01-12 22:30,1.359
1997-01-12 22:36,1.366
1997-01-12 22:42,1.373
1997-01-12 22:48,1.379
1997-01-12 22:54,1.385
1997-01-12 23:00,1.392
1997-01-12 23:06,1.398
1997-01-12 23:12,1.403
1997-01-12 23:18,1.409
1997-01-12 23:24,1.414
1997-01-12 23:30,1.420
1997-01-12 23:36,1.424
1997-01-12 23:42,1.429
1997-01-12 23:48,1.434
1997-01-12 23:54,1.438
1997-01-13 00:00,1.442
1997-01-13 00:06,1.445
1997-01-13 00:12,1.448
1997-01-13 00:18,1.451
1997-01-13 00:24,1.454
1997-01-13 00:30,1.457
1997-01-13 00:36,1.459
1997-01-13 00:42,1.461
1997-01-13 00:48,1.462
1997-01-13 00:54,1.463
1997-01-13 01:00,1.464
1997-01-13 01:06,1.465
1997-01-13 01:12,1.465
1997-01-13 01:18,1.465
1997-01-13 01:24,1.465
1997-01-13 01:30,1.465
1997-01-13 01:36,1.464
1997-01-13 01:42,1.463
1997-01-13 01:48,1.462
1997-01-13 01:54,1.461
1997-01-13 02:00,1.460
1997-01-13 02:06,1.458
1997-01-13 02:12,1.456
1997-01-13 02:18,1.454
1997-01-13 02:24,1.452
1997-01-13 02:30,1.450
1997-01-13 02:36,1.448
1997-01-13 02:42,1.446
1997-01-13 02:48,1.443
1997-01-13 02:54,1.441
1997-01-13 03:00,1.438
1997-01-13 03:06,1.436
1997-01-13 03:12,1.433
1997-01-13 03:18,1.431
1997-01-13 03:24,1.428
1997-01-13 03:30,1.425
1997-01-13 03:36,1.423
1997-01-13 03:42,1.420
1997-01-13 03:48,1.417
1997-01-13 03:54,1.415
1997-01-13 04:00,1.412
1997-01-13 04:06,1.409
1997-01-13 04:12,1.406
1997-01-13 04:18,1.404
1997-01-13 04:24,1.401
1997-01-13 04:30,1.398
1997-01-13 04:36,1.395
1997-01-13 04:42,1.392
1997-01-13 04:48,1.390
1997-01-13 04:54,1.387
1997-01-13 05:00,1.384
1997-01-13 05:06,1.381
1997-01-13 05:12,1.378
1997-01-13 05:18,1.376
1997-01-13 05:24,1.373
1997-01-13 05:30,1.370
1997-01-13 05:36,1.368
1997-01-13 05:42,1.365
1997-01-13 05:48,1.363
1997-01-13 05:54,1.360
1997-01-13 06:00,1.358
1997-01-13 06:06,1.356
1997-01-13 06:12,1.354
1997-01-13 06:18,1.352
1997-01-13 06:24,1.351
1997-01-13 06:30,1.349
1997-01-13 06:36,1.348
1997-01-13 06:42,1.347
1997-01-13 06:48,1.346
1997-01-13 06:54,1.345
1997-01-13 07:00,1.345
1997-01-13 07:06,1.345
1997-01-13 07:12,1.345
1997-01-13 07:18,1.345
1997-01-13 07:24,1.345
1997-01-13 07:30,1.346
1997-01-13 07:36,1.347
1997-01-13 07:42,1.348
1997-01-13 07:48,1.349
1997-01-13 07:54,1.350
1997-01-13 08:00,1.351
1997-01-13 08:06,1.353
1997-01-13 08:12,1.355
1997-01-13 08:18,1.356
1997-01-13 08:24,1.358
1997-01-13 08:30,1.360
1997-01-13 08:36,1.362
1997-01-13 08:42,1.364
1997-01-13 08:48,1.366
1997-01-13 08:54,1.368
1997-01-13 09:00,1.370
1997-01-13 09:06,1.372
1997-01-13 09:12,1.374
1997-01-13 09:18,1.376
1997-01-13 09:24,1.378
1997-01-13 09:30,1.380
1997-01-13 09:36,1.381
1997-01-13 09:42,1.383
1997-01-13 09:48,1.385
1997-01-13 09:54,1.386
1997-01-13 10:00,1.388
1997-01-13 10:06,1.389
1997-01-13 10:12,1.390
1997-01-13 10:18,1.391
1997-01-13 10:24,1.392
1997-01-13 10:30,1.393
1997-01-13 10:36,1.394
1997-01-13 10:42,1.395
1997-01-13 10:48,1.395
1997-01-13 10:54,1.396
1997-01-13 11:00,1.396
1997-01-13 11:06,1.396
1997-01-13 11:12,1.396
1997-01-13 11:18,1.396
1997-01-13 11:24,1.396
1997-01-13 11:30,1.396
1997-01-13 11:36,1.395
1997-01-13 11:42,1.395
1997-01-13 11:48,1.394
1997-01-13 11:54,1.393
1997-01-13 12:00,1.392
1997-01-13 12:06,1.390
1997-01-13 12:12,1.389
1997-01-13 12:18,1.387
1997-01-13 12:24,1.385
1997-01-13 12:30,1.383
1997-01-13 12:36,1.381
1997-01-13 12:42,1.378
1997-01-13 12:48,1.376
1997-01-13 12:54,1.373
1997-01-13 13:00,1.369
1997-01-13 13:06,1.366
1997-01-13 13:12,1.362
1997-01-13 13:18,1.359
1997-01-13 13:24,1.355
1997-01-13 13:30,1.351
1997-01-13 13:36,1.346
1997-01-13 13:42,1.342
1997-01-13 13:48,1.337
1997-01-13 13:54,1.333
1997-01-13 14:00,1.328
1997-01-13 14:06,1.323
1997-01-13 14:12,1.318
1997-01-13 14:18,1.313
1997-01-13 14:24,1.308
1997-01-13 14:30,1.303
1997-01-13 14:36,1.298
1997-01-13 14:42,1.293
1997-01-13 14:48,1.287
1997-01-13 14:54,1.282
1997-01-13 15:00,1.277
1997-01-13 15:06,1.272
1997-01-13 15:12,1.267
1997-01-13 15:18,1.262
1997-01-13 15:24,1.258
1997-01-13 15:30,1.253
1997-01-13 15:36,1.248
1997-01-13 15:42,1.244
1997-01-13 15:48,1.239
1997-01-13 15:54,1.235
1997-01-13 16:00,1.231
1997-01-13 16:06,1.226
1997-01-13 16:12,1.222
1997-01-13 16:18,1.218
1997-01-13 16:24,1.214
1997-01-13 16:30,1.211
1997-01-13 16:36,1.207
1997-01-13 16:42,1.203
1997-01-13 16:48,1.200
1997-01-13 16:54,1.196
1997-01-13 17:00,1.193
1997-01-13 17:06,1.190
1997-01-13 17:12,1.187
1997-01-13 17:18,1.184
1997-01-13 17:24,1.181
1997-01-13 17:30,1.178
1997-01-13 17:36,1.175
1997-01-13 17:42,1.173
1997-01-13 17:48,1.171
1997-01-13 17:54,1.169
1997-01-13 18:00,1.167
1997-01-13 18:06,1.165
1997-01-13 18:12,1.164
1997-01-13 18:18,1.162
1997-01-13 18:24,1.161
1997-01-13 18:30,1.161
1997-01-13 18:36,1.160
1997-01-13 18:42,1.160
1997-01-13 18:48,1.160
1997-01-13 18:54,1.161
1997-01-13 19:00,1.162
1997-01-13 19:06,1.163
1997-01-13 19:12,1.164
1997-01-13 19:18,1.166
1997-01-13 19:24,1.168
1997-01-13 19:30,1.170
1997-01-13 19:36,1.172
1997-01-13 19:42,1.175
1997-01-13 19:48,1.178
1997-01-13 19:54,1.182
1997-01-13 20:00,1.186
1997-01-13 20:06,1.190
1997-01-13 20:12,1.194
1997-01-13 20:18,1.198
1997-01-13 20:24,1.203
1997-01-13 20:30,1.208
1997-01-13 20:36,1.213
1997-01-13 20:42,1.218
1997-01-13 20:48,1.224
1997-01-13 20:54,1.229
1997-01-13 21:00,1.235
1997-01-13 21:06,1.240
1997-01-13 21:12,1.246
1997-01-13 21:18,1.252
1997-01-13 21:24,1.258
1997-01-13 21:30,1.264
1997-01-13 21:36,1.270
1997-01-13 21:42,1.276
1997-01-13 21:48,1.282
1997-01-13 21:54,1.288
1997-01-13 22:00,1.294
1997-01-13 22:06,1.300
1997-01-13 22:12,1.306
1997-01-13 22:18,1.312
1997-01-13 22:24,1.318
1997-01-13 22:30,1.324
1997-01-13 22:36,1.330
1997-01-13 22:42,1.336
1997-01-13 22:48,1.342
1997-01-13 22:54,1.347
1997-01-13 23:00,1.353
1997-01-13 23:06,1.358
1997-01-13 23:12,1.364
1997-01-13 23:18,1.369
1997-01-13 23:24,1.374
1997-01-13 23:30,1.379
1997-01-13 23:36,1.384
1997-01-13 23:42,1.389
1997-01-13 23:48,1.393
1997-01-13 23:54,1.398
1997-01-14 00:00,1.402
1997-01-14 00:06,1.406
1997-01-14 00:12,1.410
1997-01-14 00:18,1.414
1997-01-14 00:24,1.417
1997-01-14 00:30,1.421
1997-01-14 00:36,1.424
1997-01-14 00:42,1.426
1997-01-14 00:48,1.429
1997-01-14 00:54,1.431
1997-01-14 01:00,1.433
1997-01-14 01:06,1.434
1997-01-14 01:12,1.436
1997-01-14 01:18,1.437
1997-01-14 01:24,1.438
1997-01-14 01:30,1.438
1997-01-14 01:36,1.438
1997-01-14 01:42,1.438
1997-01-14 01:48,1.438
1997-01-14 01:54,1.437
1997-01-14 02:00,1.437
1997-01-14 02:06,1.436
1997-01-14 02:12,1.434
1997-01-14 02:18,1.433
1997-01-14 02:24,1.431
1997-01-14 02:30,1.429
1997-01-14 02:36,1.427
1997-01-14 02:42,1.425
1997-01-14 02:48,1.423
1997-01-14 02:54,1.420
1997-01-14 03:00,1.418
1997-01-14 03:06,1.415
1997-01-14 03:12,1.412
1997-01-14 03:18,1.409
1997-01-14 03:24,1.406
1997-01-14 03:30,1.403
1997-01-14 03:36,1.400
1997-01-14 03:42,1.397
1997-01-14 03:48,1.394
1997-01-14 03:54,1.391
1997-01-14 04:00,1.387
1997-01-14 04:06,1.384
1997-01-14 04:12,1.380
1997-01-14 04:18,1.377
1997-01-14 04:24,1.374
1997-01-14 04:30,1.370
1997-01-14 04:36,1.367
1997-01-14 04:42,1.363
1997-01-14 04:48,1.359
1997-01-14 04:54,1.356
1997-01-14 05:00,1.352
1997-01-14 05:06,1.348
1997-01-14 05:12,1.345
1997-01-14 05:18,1.341
1997-01-14 05:24,1.338
1997-01-14 05:30,1.334
1997-01-14 05:36,1.330
1997-01-14 05:42,1.327
1997-01-14 05:48,1.323
1997-01-14 05:54,1.320
1997-01-14 06:00,1.316
1997-01-14 06:06,1.313
1997-01-14 06:12,1.310
1997-01-14 06:18,1.307
1997-01-14 06:24,1.304
1997-01-14 06:30,1.301
1997-01-14 06:36,1.298
1997-01-14 06:42,1.295
1997-01-14 06:48,1.293
1997-01-14 06:54,1.291
1997-01-14 07:00,1.289
1997-01-14 07:06,1.287
1997-01-14 07:12,1.285
1997-01-14 07:18,1.284
1997-01-14 07:24,1.283
1997-01-14 07:30,1.282
1997-01-14 07:36,1.281
1997-01-14 07:42,1.280
1997-01-14 07:48,1.280
1997-01-14 07:54,1.280
1997-01-14 08:00,1.280
1997-01-14 08:06,1.281
1997-01-14 08:12,1.281
1997-01-14 08:18,1.282
1997-01-14 08:24,1.283
1997-01-14 08:30,1.284
1997-01-14 08:36,1.285
1997-01-14 08:42,1.287
1997-01-14 08:48,1.288
1997-01-14 08:54,1.290
1997-01-14 09:00,1.292
1997-01-14 09:06,1.294
1997-01-14 09:12,1.296
1997-01-14 09:18,1.298
1997-01-14 09:24,1.300
1997-01-14 09:30,1.302
1997-01-14 09:36,1.305
1997-01-14 09:42,1.307
1997-01-14 09:48,1.309
1997-01-14 09:54,1.312
1997-01-14 10:00,1.314
1997-01-14 10:06,1.317
1997-01-14 10:12,1.319
1997-01-14 10:18,1.321
1997-01-14 10:24,1.324
1997-01-14 10:30,1.326
1997-01-14 10:36,1.329
1997-01-14 10:42,1.331
1997-01-14 10:48,1.334
1997-01-14 10:54,1.336
1997-01-14 11:00,1.338
1997-01-14 11:06,1.341
1997-01-14 11:12,1.343
1997-01-14 11:18,1.345
1997-01-14 11:24,1.347
1997-01-14 11:30,1.349
1997-01-14 11:36,1.352
1997-01-14 11:42,1.354
1997-01-14 11:48,1.356
1997-01-14 11:54,1.358
1997-01-14 12:00,1.359
1997-01-14 12:06,1.361
1997-01-14 12:12,1.363
1997-01-14 12:18,1.364
1997-01-14 12:24,1.366
1997-01-14 12:30,1.367
1997-01-14 12:36,1.368
1997-01-14 12:42,1.369
1997-01-14 12:48,1.370
1997-01-14 12:54,1.371
1997-01-14 13:00,1.371
1997-01-14 13:06,1.371
1997-01-14 13:12,1.372
1997-01-14 13:18,1.372
1997-01-14 13:24,1.371
1997-01-14 13:30,1.371
1997-01-14 13:36,1.370
1997-01-14 13:42,1.370
1997-01-14 13:48,1.369
1997-01-14 13:54,1.368
1997-01-14 14:00,1.366
1997-01-14 14:06,1.365
1997-01-14 14:12,1.363
1997-01-14 14:18,1.362
1997-01-14 14:24,1.360
1997-01-14 14:30,1.358
1997-01-14 14:36,1.356
1997-01-14 14:42,1.354
1997-01-14 14:48,1.351
1997-01-14 14:54,1.349
1997-01-14 15:00,1.346
1997-01-14 15:06,1.344
1997-01-14 15:12,1.341
1997-01-14 15:18,1.339
1997-01-14 15:24,1.336
1997-01-14 15:30,1.333
1997-01-14 15:36,1.330
1997-01-14 15:42,1.328
1997-01-14 15:48,1.325
1997-01-14 15:54,1.322
1997-01-14 16:00,1.319
1997-01-14 16:06,1.317
1997-01-14 16:12,1.314
1997-01-14 16:18,1.311
1997-01-14 16:24,1.308
1997-01-14 16:30,1.305
1997-01-14 16:36,1.303
1997-01-14 16:42,1.300
1997-01-14 16:48,1.297
1997-01-14 16:54,1.294
1997-01-14 17:00,1.292
1997-01-14 17:06,1.289
1997-01-14 17:12,1.286
1997-01-14 17:18,1.284
1997-01-14 17:24,1.281
1997-01-14 17:30,1.278
1997-01-14 17:36,1.276
1997-01-14 17:42,1.273
1997-01-14 17:48,1.271
1997-01-14 17:54,1.268
1997-01-14 18:00,1.266
1997-01-14 18:06,1.264
1997-01-14 18:12,1.261
1997-01-14 18:18,1.259
1997-01-14 18:24,1.257
1997-01-14 18:30,1.255
1997-01-14 18:36,1.254
1997-01-14 18:42,1.252
1997-01-14 18:48,1.251
1997-01-14 18:54,1.249
1997-01-14 19:00,1.248
1997-01-14 19:06,1.247
1997-01-14 19:12,1.246
1997-01-14 19:18,1.246
1997-01-14 19:24,1.245
1997-01-14 19:30,1.245
1997-01-14 19:36,1.245
1997-01-14 19:42,1.245
1997-01-14 19:48,1.246
1997-01-14 19:54,1.246
1997-01-14 20:00,1.247
1997-01-14 20:06,1.248
1997-01-14 20:12,1.250
1997-01-14 20:18,1.251
1997-01-14 20:24,1.253
1997-01-14 20:30,1.255
1997-01-14 20:36,1.257
1997-01-14 20:42,1.259
1997-01-14 20:48,1.261
1997-01-14 20:54,1.264
1997-01-14 21:00,1.267
1997-01-14 21:06,1.270
1997-01-14 21:12,1.273
1997-01-14 21:18,1.276
1997-01-14 21:24,1.279
1997-01-14 21:30,1.282
1997-01-14 21:36,1.286
1997-01-14 21:42,1.289
1997-01-14 21:48,1.293
1997-01-14 21:54,1.297
1997-01-14 22:00,1.301
1997-01-14 22:06,1.304
1997-01-14 22:12,1.308
1997-01-14 22:18,1.312
1997-01-14 22:24,1.316
1997-01-14 22:30,1.320
1997-01-14 22:36,1.324
1997-01-14 22:42,1.328
1997-01-14 22:48,1.332
1997-01-14 22:54,1.336
1997-01-14 23:00,1.340
1997-01-14 23:06,1.344
1997-01-14 23:12,1.348
1997-01-14 23:18,1.352
1997-01-14 23:24,1.356
1997-01-14 23:30,1.360
1997-01-14 23:36,1.364
1997-01-14 23:42,1.368
1997-01-14 23:48,1.372
1997-01-14 23:54,1.375
1997-01-15 00:00,1.379
1997-01-15 00:06,1.383
1997-01-15 00:12,1.386
1997-01-15 00:18,1.389
1997-01-15 00:24,1.393
1997-01-15 00:30,1.396
1997-01-15 00:36,1.399
1997-01-15 00:42,1.401
1997-01-15 00:48,1.404
1997-01-15 00:54,1.407
1997-01-15 01:00,1.409
1997-01-15 01:06,1.411
1997-01-15 01:12,1.413
1997-01-15 01:18,1.414
1997-01-15 01:24,1.416
1997-01-15 01:30,1.417
1997-01-15 01:36,1.418
1997-01-15 01:42,1.419
1997-01-15 01:48,1.419
1997-01-15 01:54,1.420
1997-01-15 02:00,1.420
1997-01-15 02:06,1.420
1997-01-15 02:12,1.419
1997-01-15 02:18,1.418
1997-01-15 02:24,1.418
1997-01-15 02:30,1.416
1997-01-15 02:36,1.415
1997-01-15 02:42,1.414
1997-01-15 02:48,1.412
1997-01-15 02:54,1.410
1997-01-15 03:00,1.408
1997-01-15 03:06,1.405
1997-01-15 03:12,1.403
1997-01-15 03:18,1.400
1997-01-15 03:24,1.397
1997-01-15 03:30,1.394
1997-01-15 03:36,1.391
1997-01-15 03:42,1.388
1997-01-15 03:48,1.384
1997-01-15 03:54,1.381
1997-01-15 04:00,1.377
1997-01-15 04:06,1.373
1997-01-15 04:12,1.370
1997-01-15 04:18,1.366
1997-01-15 04:24,1.362
1997-01-15 04:30,1.357
1997-01-15 04:36,1.353
1997-01-15 04:42,1.349
1997-01-15 04:48,1.345
1997-01-15 04:54,1.340
1997-01-15 05:00,1.336
1997-01-15 05:06,1.331
1997-01-15 05:12,1.327
1997-01-15 05:18,1.322
1997-01-15 05:24,1.318
1997-01-15 05:30,1.313
1997-01-15 05:36,1.309
1997-01-15 05:42,1.304
1997-01-15 05:48,1.299
1997-01-15 05:54,1.295
1997-01-15 06:00,1.290
1997-01-15 06:06,1.286
1997-01-15 06:12,1.281
1997-01-15 06:18,1.277
1997-01-15 06:24,1.273
1997-01-15 06:30,1.268
1997-01-15 06:36,1.264
1997-01-15 06:42,1.260
1997-01-15 06:48,1.256
1997-01-15 06:54,1.253
1997-01-15 07:00,1.249
1997-01-15 07:06,1.246
1997-01-15 07:12,1.242
1997-01-15 07:18,1.239
1997-01-15 07:24,1.236
1997-01-15 07:30,1.234
1997-01-15 07:36,1.231
1997-01-15 07:42,1.229
1997-01-15 07:48,1.226
1997-01-15 07:54,1.224
1997-01-15 08:00,1.223
1997-01-15 08:06,1.221
1997-01-15 08:12,1.220
1997-01-15 08:18,1.219
1997-01-15 08:24,1.218
1997-01-15 08:30,1.217
1997-01-15 08:36,1.217
1997-01-15 08:42,1.217
1997-01-15 08:48,1.216
1997-01-15 08:54,1.217
1997-01-15 09:00,1.217
1997-01-15 09:06,1.218
1997-01-15 09:12,1.218
1997-01-15 09:18,1.219
1997-01-15 09:24,1.220
1997-01-15 09:30,1.221
1997-01-15 09:36,1.223
1997-01-15 09:42,1.224
1997-01-15 09:48,1.226
1997-01-15 09:54,1.228
1997-01-15 10:00,1.230
1997-01-15 10:06,1.232
1997-01-15 10:12,1.234
1997-01-15 10:18,1.237
1997-01-15 10:24,1.239
1997-01-15 10:30,1.242
1997-01-15 10:36,1.245
1997-01-15 10:42,1.247
1997-01-15 10:48,1.250
1997-01-15 10:54,1.253
1997-01-15 11:00,1.256
1997-01-15 11:06,1.259
1997-01-15 11:12,1.263
1997-01-15 11:18,1.266
1997-01-15 11:24,1.269
1997-01-15 11:30,1.273
1997-01-15 11:36,1.276
1997-01-15 11:42,1.280
1997-01-15 11:48,1.283
1997-01-15 11:54,1.287
1997-01-15 12:00,1.290
1997-01-15 12:06,1.294
1997-01-15 12:12,1.297
1997-01-15 12:18,1.301
1997-01-15 12:24,1.304
1997-01-15 12:30,1.308
1997-01-15 12:36,1.311
1997-01-15 12:42,1.315
1997-01-15 12:48,1.318
1997-01-15 12:54,1.322
1997-01-15 13:00,1.325
1997-01-15 13:06,1.328
1997-01-15 13:12,1.331
1997-01-15 13:18,1.334
1997-01-15 13:24,1.337
1997-01-15 13:30,1.340
1997-01-15 13:36,1.343
1997-01-15 13:42,1.345
1997-01-15 13:48,1.348
1997-01-15 13:54,1.350
1997-01-15 14:00,1.353
1997-01-15 14:06,1.355
1997-01-15 14:12,1.357
1997-01-15 14:18,1.359
1997-01-15 14:24,1.361
1997-01-15 14:30,1.362
1997-01-15 14:36,1.364
1997-01-15 14:42,1.365
1997-01-15 14:48,1.366
1997-01-15 14:54,1.368
1997-01-15 15:00,1.369
1997-01-15 15:06,1.369
1997-01-15 15:12,1.370
1997-01-15 15:18,1.371
1997-01-15 15:24,1.371
1997-01-15 15:30,1.372
1997-01-15 15:36,1.372
1997-01-15 15:42,1.372
1997-01-15 15:48,1.372
1997-01-15 15:54,1.372
1997-01-15 16:00,1.372
1997-01-15 16:06,1.372
1997-01-15 16:12,1.371
1997-01-15 16:18,1.371
1997-01-15 16:24,1.370
1997-01-15 16:30,1.370
1997-01-15 16:36,1.369
1997-01-15 16:42,1.368
1997-01-15 16:48,1.367
1997-01-15 16:54,1.366
1997-01-15 17:00,1.365
1997-01-15 17:06,1.364
1997-01-15 17:12,1.363
1997-01-15 17:18,1.362
1997-01-15 17:24,1.361
1997-01-15 17:30,1.360
1997-01-15 17:36,1.358
1997-01-15 17:42,1.357
1997-01-15 17:48,1.356
1997-01-15 17:54,1.354
1997-01-15 18:00,1.353
1997-01-15 18:06,1.351
1997-01-15 18:12,1.350
1997-01-15 18:18,1.349
1997-01-15 18:24,1.347
1997-01-15 18:30,1.346
1997-01-15 18:36,1.344
1997-01-15 18:42,1.343
1997-01-15 18:48,1.342
1997-01-15 18:54,1.340
1997-01-15 19:00,1.339
1997-01-15 19:06,1.338
1997-01-15 19:12,1.337
1997-01-15 19:18,1.336
1997-01-15 19:24,1.335
1997-01-15 19:30,1.334
1997-01-15 19:36,1.333
1997-01-15 19:42,1.332
1997-01-15 19:48,1.331
1997-01-15 19:54,1.330
1997-01-15 20:00,1.330
1997-01-15 20:06,1.329
1997-01-15 20:12,1.329
1997-01-15 20:18,1.328
1997-01-15 20:24,1.328
1997-01-15 20:30,1.328
1997-01-15 20:36,1.328
1997-01-15 20:42,1.328
1997-01-15 20:48,1.328
1997-01-15 20:54,1.328
1997-01-15 21:00,1.329
1997-01-15 21:06,1.329
1997-01-15 21:12,1.330
1997-01-15 21:18,1.331
1997-01-15 21:24,1.331
1997-01-15 21:30,1.332
1997-01-15 21:36,1.333
1997-01-15 21:42,1.334
1997-01-15 21:48,1.335
1997-01-15 21:54,1.337
1997-01-15 22:00,1.338
1997-01-15 22:06,1.339
1997-01-15 22:12,1.341
1997-01-15 22:18,1.342
1997-01-15 22:24,1.344
1997-01-15 22:30,1.346
1997-01-15 22:36,1.348
1997-01-15 22:42,1.349
1997-01-15 22:48,1.351
1997-01-15 22:54,1.353
1997-01-15 23:00,1.356
1997-01-15 23:06,1.358
1997-01-15 23:12,1.360
1997-01-15 23:18,1.362
1997-01-15 23:24,1.364
1997-01-15 23:30,1.366
1997-01-15 23:36,1.369
1997-01-15 23:42,1.371
1997-01-15 23:48,1.373
1997-01-15 23:54,1.376
1997-01-16 00:00,1.378
1997-01-16 00:06,1.380
1997-01-16 00:12,1.382
1997-01-16 00:18,1.385
1997-01-16 00:24,1.387
1997-01-16 00:30,1.389
1997-01-16 00:36,1.391
1997-01-16 00:42,1.393
1997-01-16 00:48,1.395
1997-01-16 00:54,1.397
1997-01-16 01:00,1.399
1997-01-16 01:06,1.400
1997-01-16 01:12,1.402
1997-01-16 01:18,1.403
1997-01-16 01:24,1.405
1997-01-16 01:30,1.406
1997-01-16 01:36,1.407
1997-01-16 01:42,1.408
1997-01-16 01:48,1.409
1997-01-16 01:54,1.410
1997-01-16 02:00,1.410
1997-01-16 02:06,1.410
1997-01-16 02:12,1.411
1997-01-16 02:18,1.411
1997-01-16 02:24,1.411
1997-01-16 02:30,1.410
1997-01-16 02:36,1.410
1997-01-16 02:42,1.409
1997-01-16 02:48,1.408
1997-01-16 02:54,1.407
1997-01-16 03:00,1.406
1997-01-16 03:06,1.404
1997-01-16 03:12,1.403
1997-01-16 03:18,1.401
1997-01-16 03:24,1.399
1997-01-16 03:30,1.396
1997-01-16 03:36,1.394
1997-01-16 03:42,1.391
1997-01-16 03:48,1.388
1997-01-16 03:54,1.385
1997-01-16 04:00,1.382
1997-01-16 04:06,1.378
1997-01-16 04:12,1.374
1997-01-16 04:18,1.371
1997-01-16 04:24,1.367
1997-01-16 04:30,1.362
1997-01-16 04:36,1.358
1997-01-16 04:42,1.354
1997-01-16 04:48,1.349
1997-01-16 04:54,1.344
1997-01-16 05:00,1.339
1997-01-16 05:06,1.334
1997-01-16 05:12,1.329
1997-01-16 05:18,1.324
1997-01-16 05:24,1.319
1997-01-16 05:30,1.313
1997-01-16 05:36,1.308
1997-01-16 05:42,1.302
1997-01-16 05:48,1.297
1997-01-16 05:54,1.291
1997-01-16 06:00,1.286
1997-01-16 06:06,1.281
1997-01-16 06:12,1.275
1997-01-16 06:18,1.270
1997-01-16 06:24,1.264
1997-01-16 06:30,1.259
1997-01-16 06:36,1.254
1997-01-16 06:42,1.248
1997-01-16 06:48,1.243
1997-01-16 06:54,1.238
1997-01-16 07:00,1.233
1997-01-16 07:06,1.229
1997-01-16 07:12,1.224
1997-01-16 07:18,1.219
1997-01-16 07:24,1.215
1997-01-16 07:30,1.210
1997-01-16 07:36,1.206
1997-01-16 07:42,1.202
1997-01-16 07:48,1.198
1997-01-16 07:54,1.194
1997-01-16 08:00,1.191
1997-01-16 08:06,1.187
1997-01-16 08:12,1.184
1997-01-16 08:18,1.181
1997-01-16 08:24,1.178
1997-01-16 08:30,1.175
1997-01-16 08:36,1.173
1997-01-16 08:42,1.170
1997-01-16 08:48,1.168
1997-01-16 08:54,1.166
1997-01-16 09:00,1.164
1997-01-16 09:06,1.163
1997-01-16 09:12,1.161
1997-01-16 09:18,1.160
1997-01-16 09:24,1.159
1997-01-16 09:30,1.158
1997-01-16 09:36,1.158
1997-01-16 09:42,1.157
1997-01-16 09:48,1.157
1997-01-16 09:54,1.157
1997-01-16 10:00,1.158
1997-01-16 10:06,1.158
1997-01-16 10:12,1.159
1997-01-16 10:18,1.160
1997-01-16 10:24,1.161
1997-01-16 10:30,1.163
1997-01-16 10:36,1.164
1997-01-16 10:42,1.166
1997-01-16 10:48,1.168
1997-01-16 10:54,1.170
1997-01-16 11:00,1.173
1997-01-16 11:06,1.175
1997-01-16 11:12,1.178
1997-01-16 11:18,1.181
1997-01-16 11:24,1.184
1997-01-16 11:30,1.187
1997-01-16 11:36,1.191
1997-01-16 11:42,1.194
1997-01-16 11:48,1.198
1997-01-16 11:54,1.202
1997-01-16 12:00,1.206
1997-01-16 12:06,1.210
1997-01-16 12:12,1.214
1997-01-16 12:18,1.218
1997-01-16 12:24,1.222
1997-01-16 12:30,1.226
1997-01-16 12:36,1.231
1997-01-16 12:42,1.235
1997-01-16 12:48,1.240
1997-01-16 12:54,1.245
1997-01-16 13:00,1.249
1997-01-16 13:06,1.254
1997-01-16 13:12,1.258
1997-01-16 13:18,1.263
1997-01-16 13:24,1.268
1997-01-16 13:30,1.273
1997-01-16 13:36,1.277
1997-01-16 13:42,1.282
1997-01-16 13:48,1.287
1997-01-16 13:54,1.292
1997-01-16 14:00,1.297
1997-01-16 14:06,1.301
1997-01-16 14:12,1.306
1997-01-16 14:18,1.311
1997-01-16 14:24,1.315
1997-01-16 14:30,1.320
1997-01-16 14:36,1.324
1997-01-16 14:42,1.329
1997-01-16 14:48,1.333
1997-01-16 14:54,1.338
1997-01-16 15:00,1.342
1997-01-16 15:06,1.346
1997-01-16 15:12,1.350
1997-01-16 15:18,1.354
1997-01-16 15:24,1.358
1997-01-16 15:30,1.362
1997-01-16 15:36,1.365
1997-01-16 15:42,1.369
1997-01-16 15:48,1.372
1997-01-16 15:54,1.375
1997-01-16 16:00,1.378
1997-01-16 16:06,1.381
1997-01-16 16:12,1.384
1997-01-16 16:18,1.386
1997-01-16 16:24,1.389
1997-01-16 16:30,1.391
1997-01-16 16:36,1.393
1997-01-16 16:42,1.395
1997-01-16 16:48,1.397
1997-01-16 16:54,1.399
1997-01-16 17:00,1.400
1997-01-16 17:06,1.401
1997-01-16 17:12,1.403
1997-01-16 17:18,1.404
1997-01-16 17:24,1.405
1997-01-16 17:30,1.406
1997-01-16 17:36,1.406
1997-01-16 17:42,1.407
1997-01-16 17:48,1.407
1997-01-16 17:54,1.408
1997-01-16 18:00,1.408
1997-01-16 18:06,1.409
1997-01-16 18:12,1.409
1997-01-16 18:18,1.409
1997-01-16 18:24,1.409
1997-01-16 18:30,1.409
1997-01-16 18:36,1.409
1997-01-16 18:42,1.410
1997-01-16 18:48,1.410
1997-01-16 18:54,1.409
1997-01-16 19:00,1.409
1997-01-16 19:06,1.409
1997-01-16 19:12,1.409
1997-01-16 19:18,1.409
1997-01-16 19:24,1.409
1997-01-16 19:30,1.408
1997-01-16 19:36,1.408
1997-01-16 19:42,1.408
1997-01-16 19:48,1.408
1997-01-16 19:54,1.407
1997-01-16 20:00,1.407
1997-01-16 20:06,1.406
1997-01-16 20:12,1.406
1997-01-16 20:18,1.405
1997-01-16 20:24,1.405
1997-01-16 20:30,1.404
1997-01-16 20:36,1.404
1997-01-16 20:42,1.403
1997-01-16 20:48,1.402
1997-01-16 20:54,1.402
1997-01-16 21:00,1.401
1997-01-16 21:06,1.400
1997-01-16 21:12,1.399
1997-01-16 21:18,1.399
1997-01-16 21:24,1.398
1997-01-16 21:30,1.397
1997-01-16 21:36,1.397
1997-01-16 21:42,1.396
1997-01-16 21:48,1.395
1997-01-16 21:54,1.395
1997-01-16 22:00,1.394
1997-01-16 22:06,1.394
1997-01-16 22:12,1.393
1997-01-16 22:18,1.393
1997-01-16 22:24,1.393
1997-01-16 22:30,1.392
1997-01-16 22:36,1.392
1997-01-16 22:42,1.392
1997-01-16 22:48,1.392
1997-01-16 22:54,1.392
1997-01-16 23:00,1.392
1997-01-16 23:06,1.393
1997-01-16 23:12,1.393
1997-01-16 23:18,1.393
1997-01-16 23:24,1.394
1997-01-16 23:30,1.394
1997-01-16 23:36,1.395
1997-01-16 23:42,1.395
1997-01-16 23:48,1.396
1997-01-16 23:54,1.397
1997-01-17 00:00,1.397
1997-01-17 00:06,1.398
1997-01-17 00:12,1.399
1997-01-17 00:18,1.399
1997-01-17 00:24,1.400
1997-01-17 00:30,1.401
1997-01-17 00:36,1.402
1997-01-17 00:42,1.402
1997-01-17 00:48,1.403
1997-01-17 00:54,1.404
1997-01-17 01:00,1.405
1997-01-17 01:06,1.405
1997-01-17 01:12,1.406
1997-01-17 01:18,1.406
1997-01-17 01:24,1.407
1997-01-17 01:30,1.408
1997-01-17 01:36,1.408
1997-01-17 01:42,1.408
1997-01-17 01:48,1.409
1997-01-17 01:54,1.409
1997-01-17 02:00,1.410
1997-01-17 02:06,1.410
1997-01-17 02:12,1.410
1997-01-17 02:18,1.410
1997-01-17 02:24,1.410
1997-01-17 02:30,1.410
1997-01-17 02:36,1.410
1997-01-17 02:42,1.410
1997-01-17 02:48,1.409
1997-01-17 02:54,1.409
1997-01-17 03:00,1.408
1997-01-17 03:06,1.408
1997-01-17 03:12,1.407
1997-01-17 03:18,1.406
1997-01-17 03:24,1.404
1997-01-17 03:30,1.403
1997-01-17 03:36,1.402
1997-01-17 03:42,1.400
1997-01-17 03:48,1.398
1997-01-17 03:54,1.396
1997-01-17 04:00,1.394
1997-01-17 04:06,1.391
1997-01-17 04:12,1.388
1997-01-17 04:18,1.385
1997-01-17 04:24,1.382
1997-01-17 04:30,1.379
1997-01-17 04:36,1.375
1997-01-17 04:42,1.371
1997-01-17 04:48,1.367
1997-01-17 04:54,1.362
1997-01-17 05:00,1.358
1997-01-17 05:06,1.353
1997-01-17 05:12,1.348
1997-01-17 05:18,1.343
1997-01-17 05:24,1.338
1997-01-17 05:30,1.332
1997-01-17 05:36,1.327
1997-01-17 05:42,1.321
1997-01-17 05:48,1.315
1997-01-17 05:54,1.309
1997-01-17 06:00,1.303
1997-01-17 06:06,1.297
1997-01-17 06:12,1.291
1997-01-17 06:18,1.285
1997-01-17 06:24,1.279
1997-01-17 06:30,1.273
1997-01-17 06:36,1.267
1997-01-17 06:42,1.261
1997-01-17 06:48,1.255
1997-01-17 06:54,1.249
1997-01-17 07:00,1.243
1997-01-17 07:06,1.237
1997-01-17 07:12,1.231
1997-01-17 07:18,1.225
1997-01-17 07:24,1.220
1997-01-17 07:30,1.214
1997-01-17 07:36,1.209
1997-01-17 07:42,1.203
1997-01-17 07:48,1.198
1997-01-17 07:54,1.193
1997-01-17 08:00,1.188
1997-01-17 08:06,1.183
1997-01-17 08:12,1.178
1997-01-17 08:18,1.173
1997-01-17 08:24,1.168
1997-01-17 08:30,1.164
1997-01-17 08:36,1.159
1997-01-17 08:42,1.155
1997-01-17 08:48,1.151
1997-01-17 08:54,1.147
1997-01-17 09:00,1.143
1997-01-17 09:06,1.139
1997-01-17 09:12,1.136
1997-01-17 09:18,1.132
1997-01-17 09:24,1.129
1997-01-17 09:30,1.126
1997-01-17 09:36,1.123
1997-01-17 09:42,1.120
1997-01-17 09:48,1.118
1997-01-17 09:54,1.116
1997-01-17 10:00,1.114
1997-01-17 10:06,1.112
1997-01-17 10:12,1.111
1997-01-17 10:18,1.109
1997-01-17 10:24,1.108
1997-01-17 10:30,1.108
1997-01-17 10:36,1.107
1997-01-17 10:42,1.107
1997-01-17 10:48,1.107
1997-01-17 10:54,1.107
1997-01-17 11:00,1.108
1997-01-17 11:06,1.109
1997-01-17 11:12,1.110
1997-01-17 11:18,1.111
1997-01-17 11:24,1.113
1997-01-17 11:30,1.115
1997-01-17 11:36,1.117
1997-01-17 11:42,1.119
1997-01-17 11:48,1.122
1997-01-17 11:54,1.125
1997-01-17 12:00,1.128
1997-01-17 12:06,1.131
1997-01-17 12:12,1.134
1997-01-17 12:18,1.138
1997-01-17 12:24,1.142
1997-01-17 12:30,1.146
1997-01-17 12:36,1.150
1997-01-17 12:42,1.154
1997-01-17 12:48,1.158
1997-01-17 12:54,1.163
1997-01-17 13:00,1.167
1997-01-17 13:06,1.172
1997-01-17 13:12,1.177
1997-01-17 13:18,1.182
1997-01-17 13:24,1.187
1997-01-17 13:30,1.192
1997-01-17 13:36,1.197
1997-01-17 13:42,1.203
1997-01-17 13:48,1.208
1997-01-17 13:54,1.214
1997-01-17 14:00,1.219
1997-01-17 14:06,1.225
1997-01-17 14:12,1.231
1997-01-17 14:18,1.237
1997-01-17 14:24,1.243
1997-01-17 14:30,1.249
1997-01-17 14:36,1.255
1997-01-17 14:42,1.261
1997-01-17 14:48,1.268
1997-01-17 14:54,1.274
1997-01-17 15:00,1.280
1997-01-17 15:06,1.286
1997-01-17 15:12,1.293
1997-01-17 15:18,1.299
1997-01-17 15:24,1.305
1997-01-17 15:30,1.312
1997-01-17 15:36,1.318
1997-01-17 15:42,1.324
1997-01-17 15:48,1.330
1997-01-17 15:54,1.336
1997-01-17 16:00,1.342
1997-01-17 16:06,1.348
1997-01-17 16:12,1.353
1997-01-17 16:18,1.359
1997-01-17 16:24,1.364
1997-01-17 16:30,1.369
1997-01-17 16:36,1.374
1997-01-17 16:42,1.379
1997-01-17 16:48,1.384
1997-01-17 16:54,1.388
1997-01-17 17:00,1.393
1997-01-17 17:06,1.397
1997-01-17 17:12,1.401
1997-01-17 17:18,1.404
1997-01-17 17:24,1.408
1997-01-17 17:30,1.411
1997-01-17 17:36,1.414
1997-01-17 17:42,1.417
1997-01-17 17:48,1.420
1997-01-17 17:54,1.423
1997-01-17 18:00,1.426
1997-01-17 18:06,1.428
1997-01-17 18:12,1.431
1997-01-17 18:18,1.433
1997-01-17 18:24,1.435
1997-01-17 18:30,1.437
1997-01-17 18:36,1.439
1997-01-17 18:42,1.441
1997-01-17 18:48,1.443
1997-01-17 18:54,1.444
1997-01-17 19:00,1.446
1997-01-17 19:06,1.448
1997-01-17 19:12,1.449
1997-01-17 19:18,1.451
1997-01-17 19:24,1.452
1997-01-17 19:30,1.453
1997-01-17 19:36,1.454
1997-01-17 19:42,1.456
1997-01-17 19:48,1.457
1997-01-17 19:54,1.458
1997-01-17 20:00,1.458
1997-01-17 20:06,1.459
1997-01-17 20:12,1.460
1997-01-17 20:18,1.460
1997-01-17 20:24,1.461
1997-01-17 20:30,1.461
1997-01-17 20:36,1.461
1997-01-17 20:42,1.461
1997-01-17 20:48,1.461
1997-01-17 20:54,1.461
1997-01-17 21:00,1.461
1997-01-17 21:06,1.460
1997-01-17 21:12,1.460
1997-01-17 21:18,1.459
1997-01-17 21:24,1.458
1997-01-17 21:30,1.457
1997-01-17 21:36,1.456
1997-01-17 21:42,1.455
1997-01-17 21:48,1.454
1997-01-17 21:54,1.453
1997-01-17 22:00,1.452
1997-01-17 22:06,1.451
1997-01-17 22:12,1.449
1997-01-17 22:18,1.448
1997-01-17 22:24,1.447
1997-01-17 22:30,1.445
1997-01-17 22:36,1.444
1997-01-17 22:42,1.443
1997-01-17 22:48,1.441
1997-01-17 22:54,1.440
1997-01-17 23:00,1.439
1997-01-17 23:06,1.438
1997-01-17 23:12,1.436
1997-01-17 23:18,1.435
1997-01-17 23:24,1.434
1997-01-17 23:30,1.433
1997-01-17 23:36,1.433
1997-01-17 23:42,1.432
1997-01-17 23:48,1.431
1997-01-17 23:54,1.430
1997-01-18 00:00,1.429
1997-01-18 00:06,1.429
1997-01-18 00:12,1.428
1997-01-18 00:18,1.427
1997-01-18 00:24,1.427
1997-01-18 00:30,1.426
1997-01-18 00:36,1.426
1997-01-18 00:42,1.425
1997-01-18 00:48,1.425
1997-01-18 00:54,1.424
1997-01-18 01:00,1.424
1997-01-18 01:06,1.423
1997-01-18 01:12,1.423
1997-01-18 01:18,1.422
1997-01-18 01:24,1.422
1997-01-18 01:30,1.421
1997-01-18 01:36,1.421
1997-01-18 01:42,1.420
1997-01-18 01:48,1.420
1997-01-18 01:54,1.419
1997-01-18 02:00,1.419
1997-01-18 02:06,1.418
1997-01-18 02:12,1.418
1997-01-18 02:18,1.417
1997-01-18 02:24,1.417
1997-01-18 02:30,1.416
1997-01-18 02:36,1.416
1997-01-18 02:42,1.416
1997-01-18 02:48,1.415
1997-01-18 02:54,1.415
1997-01-18 03:00,1.414
1997-01-18 03:06,1.414
1997-01-18 03:12,1.413
1997-01-18 03:18,1.413
1997-01-18 03:24,1.412
1997-01-18 03:30,1.411
1997-01-18 03:36,1.410
1997-01-18 03:42,1.409
1997-01-18 03:48,1.408
1997-01-18 03:54,1.407
1997-01-18 04:00,1.406
1997-01-18 04:06,1.404
1997-01-18 04:12,1.403
1997-01-18 04:18,1.401
1997-01-18 04:24,1.399
1997-01-18 04:30,1.397
1997-01-18 04:36,1.394
1997-01-18 04:42,1.391
1997-01-18 04:48,1.388
1997-01-18 04:54,1.385
1997-01-18 05:00,1.382
1997-01-18 05:06,1.378
1997-01-18 05:12,1.374
1997-01-18 05:18,1.370
1997-01-18 05:24,1.366
1997-01-18 05:30,1.361
1997-01-18 05:36,1.356
1997-01-18 05:42,1.351
1997-01-18 05:48,1.346
1997-01-18 05:54,1.340
1997-01-18 06:00,1.335
1997-01-18 06:06,1.329
1997-01-18 06:12,1.323
1997-01-18 06:18,1.317
1997-01-18 06:24,1.311
1997-01-18 06:30,1.305
1997-01-18 06:36,1.299
1997-01-18 06:42,1.292
1997-01-18 06:48,1.286
1997-01-18 06:54,1.279
1997-01-18 07:00,1.273
1997-01-18 07:06,1.267
1997-01-18 07:12,1.260
1997-01-18 07:18,1.254
1997-01-18 07:24,1.247
1997-01-18 07:30,1.241
1997-01-18 07:36,1.235
1997-01-18 07:42,1.228
1997-01-18 07:48,1.222
1997-01-18 07:54,1.216
1997-01-18 08:00,1.210
1997-01-18 08:06,1.204
1997-01-18 08:12,1.198
1997-01-18 08:18,1.192
1997-01-18 08:24,1.186
1997-01-18 08:30,1.180
1997-01-18 08:36,1.174
1997-01-18 08:42,1.169
1997-01-18 08:48,1.163
1997-01-18 08:54,1.158
1997-01-18 09:00,1.152
1997-01-18 09:06,1.147
1997-01-18 09:12,1.141
1997-01-18 09:18,1.136
1997-01-18 09:24,1.131
1997-01-18 09:30,1.126
1997-01-18 09:36,1.122
1997-01-18 09:42,1.117
1997-01-18 09:48,1.112
1997-01-18 09:54,1.108
1997-01-18 10:00,1.104
1997-01-18 10:06,1.100
1997-01-18 10:12,1.096
1997-01-18 10:18,1.093
1997-01-18 10:24,1.089
1997-01-18 10:30,1.086
1997-01-18 10:36,1.083
1997-01-18 10:42,1.081
1997-01-18 10:48,1.078
1997-01-18 10:54,1.076
1997-01-18 11:00,1.075
1997-01-18 11:06,1.073
1997-01-18 11:12,1.072
1997-01-18 11:18,1.071
1997-01-18 11:24,1.071
1997-01-18 11:30,1.070
1997-01-18 11:36,1.070
1997-01-18 11:42,1.071
1997-01-18 11:48,1.071
1997-01-18 11:54,1.072
1997-01-18 12:00,1.073
1997-01-18 12:06,1.075
1997-01-18 12:12,1.076
1997-01-18 12:18,1.078
1997-01-18 12:24,1.080
1997-01-18 12:30,1.083
1997-01-18 12:36,1.086
1997-01-18 12:42,1.088
1997-01-18 12:48,1.092
1997-01-18 12:54,1.095
1997-01-18 13:00,1.098
1997-01-18 13:06,1.102
1997-01-18 13:12,1.106
1997-01-18 13:18,1.110
1997-01-18 13:24,1.114
1997-01-18 13:30,1.119
1997-01-18 13:36,1.123
1997-01-18 13:42,1.128
1997-01-18 13:48,1.133
1997-01-18 13:54,1.138
1997-01-18 14:00,1.144
1997-01-18 14:06,1.149
1997-01-18 14:12,1.155
1997-01-18 14:18,1.161
1997-01-18 14:24,1.167
1997-01-18 14:30,1.173
1997-01-18 14:36,1.179
1997-01-18 14:42,1.185
1997-01-18 14:48,1.192
1997-01-18 14:54,1.199
1997-01-18 15:00,1.205
1997-01-18 15:06,1.212
1997-01-18 15:12,1.220
1997-01-18 15:18,1.227
1997-01-18 15:24,1.234
1997-01-18 15:30,1.241
1997-01-18 15:36,1.249
1997-01-18 15:42,1.256
1997-01-18 15:48,1.264
1997-01-18 15:54,1.271
1997-01-18 16:00,1.279
1997-01-18 16:06,1.286
1997-01-18 16:12,1.294
1997-01-18 16:18,1.301
1997-01-18 16:24,1.309
1997-01-18 16:30,1.316
1997-01-18 16:36,1.323
1997-01-18 16:42,1.330
1997-01-18 16:48,1.337
1997-01-18 16:54,1.344
1997-01-18 17:00,1.351
1997-01-18 17:06,1.357
1997-01-18 17:12,1.364
1997-01-18 17:18,1.370
1997-01-18 17:24,1.376
1997-01-18 17:30,1.382
1997-01-18 17:36,1.387
1997-01-18 17:42,1.393
1997-01-18 17:48,1.398
1997-01-18 17:54,1.403
1997-01-18 18:00,1.408
1997-01-18 18:06,1.413
1997-01-18 18:12,1.417
1997-01-18 18:18,1.422
1997-01-18 18:24,1.426
1997-01-18 18:30,1.430
1997-01-18 18:36,1.434
1997-01-18 18:42,1.438
1997-01-18 18:48,1.441
1997-01-18 18:54,1.445
1997-01-18 19:00,1.449
1997-01-18 19:06,1.452
1997-01-18 19:12,1.455
1997-01-18 19:18,1.458
1997-01-18 19:24,1.461
1997-01-18 19:30,1.464
1997-01-18 19:36,1.467
1997-01-18 19:42,1.470
1997-01-18 19:48,1.473
1997-01-18 19:54,1.475
1997-01-18 20:00,1.478
1997-01-18 20:06,1.480
1997-01-18 20:12,1.482
1997-01-18 20:18,1.484
1997-01-18 20:24,1.486
1997-01-18 20:30,1.488
1997-01-18 20:36,1.490
1997-01-18 20:42,1.491
1997-01-18 20:48,1.492
1997-01-18 20:54,1.493
1997-01-18 21:00,1.494
1997-01-18 21:06,1.495
1997-01-18 21:12,1.496
1997-01-18 21:18,1.496
1997-01-18 21:24,1.496
1997-01-18 21:30,1.496
1997-01-18 21:36,1.496
1997-01-18 21:42,1.496
1997-01-18 21:48,1.496
1997-01-18 21:54,1.495
1997-01-18 22:00,1.494
1997-01-18 22:06,1.493
1997-01-18 22:12,1.492
1997-01-18 22:18,1.491
1997-01-18 22:24,1.490
1997-01-18 22:30,1.489
1997-01-18 22:36,1.487
1997-01-18 22:42,1.486
1997-01-18 22:48,1.484
1997-01-18 22:54,1.483
1997-01-18 23:00,1.481
1997-01-18 23:06,1.479
1997-01-18 23:12,1.478
1997-01-18 23:18,1.476
1997-01-18 23:24,1.474
1997-01-18 23:30,1.473
1997-01-18 23:36,1.471
1997-01-18 23:42,1.469
1997-01-18 23:48,1.467
1997-01-18 23:54,1.466
1997-01-19 00:00,1.464
1997-01-19 00:06,1.462
1997-01-19 00:12,1.461
1997-01-19 00:18,1.459
1997-01-19 00:24,1.458
1997-01-19 00:30,1.456
1997-01-19 00:36,1.455
1997-01-19 00:42,1.453
1997-01-19 00:48,1.452
1997-01-19 00:54,1.450
1997-01-19 01:00,1.449
1997-01-19 01:06,1.447
1997-01-19 01:12,1.446
1997-01-19 01:18,1.444
1997-01-19 01:24,1.443
1997-01-19 01:30,1.441
1997-01-19 01:36,1.440
1997-01-19 01:42,1.439
1997-01-19 01:48,1.437
1997-01-19 01:54,1.436
1997-01-19 02:00,1.435
1997-01-19 02:06,1.433
1997-01-19 02:12,1.432
1997-01-19 02:18,1.431
1997-01-19 02:24,1.430
1997-01-19 02:30,1.429
1997-01-19 02:36,1.428
1997-01-19 02:42,1.427
1997-01-19 02:48,1.426
1997-01-19 02:54,1.425
1997-01-19 03:00,1.424
1997-01-19 03:06,1.423
1997-01-19 03:12,1.422
1997-01-19 03:18,1.421
1997-01-19 03:24,1.421
1997-01-19 03:30,1.420
1997-01-19 03:36,1.419
1997-01-19 03:42,1.418
1997-01-19 03:48,1.418
1997-01-19 03:54,1.417
1997-01-19 04:00,1.416
1997-01-19 04:06,1.415
1997-01-19 04:12,1.414
1997-01-19 04:18,1.413
1997-01-19 04:24,1.412
1997-01-19 04:30,1.411
1997-01-19 04:36,1.409
1997-01-19 04:42,1.407
1997-01-19 04:48,1.406
1997-01-19 04:54,1.404
1997-01-19 05:00,1.402
1997-01-19 05:06,1.399
1997-01-19 05:12,1.397
1997-01-19 05:18,1.394
1997-01-19 05:24,1.391
1997-01-19 05:30,1.388
1997-01-19 05:36,1.384
1997-01-19 05:42,1.381
1997-01-19 05:48,1.377
1997-01-19 05:54,1.373
1997-01-19 06:00,1.368
1997-01-19 06:06,1.364
1997-01-19 06:12,1.359
1997-01-19 06:18,1.354
1997-01-19 06:24,1.349
1997-01-19 06:30,1.344
1997-01-19 06:36,1.338
1997-01-19 06:42,1.332
1997-01-19 06:48,1.327
1997-01-19 06:54,1.321
1997-01-19 07:00,1.315
1997-01-19 07:06,1.308
1997-01-19 07:12,1.302
1997-01-19 07:18,1.296
1997-01-19 07:24,1.289
1997-01-19 07:30,1.283
1997-01-19 07:36,1.277
1997-01-19 07:42,1.270
1997-01-19 07:48,1.263
1997-01-19 07:54,1.257
1997-01-19 08:00,1.250
1997-01-19 08:06,1.244
1997-01-19 08:12,1.237
1997-01-19 08:18,1.230
1997-01-19 08:24,1.224
1997-01-19 08:30,1.217
1997-01-19 08:36,1.211
1997-01-19 08:42,1.204
1997-01-19 08:48,1.198
1997-01-19 08:54,1.191
1997-01-19 09:00,1.185
1997-01-19 09:06,1.178
1997-01-19 09:12,1.172
1997-01-19 09:18,1.165
1997-01-19 09:24,1.159
1997-01-19 09:30,1.153
1997-01-19 09:36,1.147
1997-01-19 09:42,1.141
1997-01-19 09:48,1.135
1997-01-19 09:54,1.129
1997-01-19 10:00,1.123
1997-01-19 10:06,1.118
1997-01-19 10:12,1.112
1997-01-19 10:18,1.107
1997-01-19 10:24,1.101
1997-01-19 10:30,1.096
1997-01-19 10:36,1.092
1997-01-19 10:42,1.087
1997-01-19 10:48,1.083
1997-01-19 10:54,1.078
1997-01-19 11:00,1.074
1997-01-19 11:06,1.071
1997-01-19 11:12,1.067
1997-01-19 11:18,1.064
1997-01-19 11:24,1.061
1997-01-19 11:30,1.059
1997-01-19 11:36,1.056
1997-01-19 11:42,1.054
1997-01-19 11:48,1.052
1997-01-19 11:54,1.051
1997-01-19 12:00,1.050
1997-01-19 12:06,1.049
1997-01-19 12:12,1.048
1997-01-19 12:18,1.048
1997-01-19 12:24,1.048
1997-01-19 12:30,1.048
1997-01-19 12:36,1.049
1997-01-19 12:42,1.050
1997-01-19 12:48,1.051
1997-01-19 12:54,1.052
1997-01-19 13:00,1.054
1997-01-19 13:06,1.056
1997-01-19 13:12,1.058
1997-01-19 13:18,1.061
1997-01-19 13:24,1.063
1997-01-19 13:30,1.066
1997-01-19 13:36,1.069
1997-01-19 13:42,1.073
1997-01-19 13:48,1.076
1997-01-19 13:54,1.080
1997-01-19 14:00,1.084
1997-01-19 14:06,1.089
1997-01-19 14:12,1.093
1997-01-19 14:18,1.098
1997-01-19 14:24,1.103
1997-01-19 14:30,1.108
1997-01-19 14:36,1.114
1997-01-19 14:42,1.119
1997-01-19 14:48,1.125
1997-01-19 14:54,1.131
1997-01-19 15:00,1.138
1997-01-19 15:06,1.144
1997-01-19 15:12,1.151
1997-01-19 15:18,1.157
1997-01-19 15:24,1.164
1997-01-19 15:30,1.172
1997-01-19 15:36,1.179
1997-01-19 15:42,1.186
1997-01-19 15:48,1.194
1997-01-19 15:54,1.202
1997-01-19 16:00,1.209
1997-01-19 16:06,1.217
1997-01-19 16:12,1.225
1997-01-19 16:18,1.233
1997-01-19 16:24,1.241
1997-01-19 16:30,1.250
1997-01-19 16:36,1.258
1997-01-19 16:42,1.266
1997-01-19 16:48,1.274
1997-01-19 16:54,1.282
1997-01-19 17:00,1.290
1997-01-19 17:06,1.298
1997-01-19 17:12,1.306
1997-01-19 17:18,1.314
1997-01-19 17:24,1.321
1997-01-19 17:30,1.329
1997-01-19 17:36,1.336
1997-01-19 17:42,1.343
1997-01-19 17:48,1.351
1997-01-19 17:54,1.358
1997-01-19 18:00,1.364
1997-01-19 18:06,1.371
1997-01-19 18:12,1.378
1997-01-19 18:18,1.384
1997-01-19 18:24,1.390
1997-01-19 18:30,1.396
1997-01-19 18:36,1.402
1997-01-19 18:42,1.408
1997-01-19 18:48,1.414
1997-01-19 18:54,1.419
1997-01-19 19:00,1.424
1997-01-19 19:06,1.429
1997-01-19 19:12,1.434
1997-01-19 19:18,1.439
1997-01-19 19:24,1.444
1997-01-19 19:30,1.448
1997-01-19 19:36,1.453
1997-01-19 19:42,1.457
1997-01-19 19:48,1.461
1997-01-19 19:54,1.465
1997-01-19 20:00,1.469
1997-01-19 20:06,1.473
1997-01-19 20:12,1.477
1997-01-19 20:18,1.480
1997-01-19 20:24,1.483
1997-01-19 20:30,1.486
1997-01-19 20:36,1.489
1997-01-19 20:42,1.492
1997-01-19 20:48,1.495
1997-01-19 20:54,1.497
1997-01-19 21:00,1.500
1997-01-19 21:06,1.502
1997-01-19 21:12,1.504
1997-01-19 21:18,1.505
1997-01-19 21:24,1.507
1997-01-19 21:30,1.508
1997-01-19 21:36,1.510
1997-01-19 21:42,1.511
1997-01-19 21:48,1.511
1997-01-19 21:54,1.512
1997-01-19 22:00,1.513
1997-01-19 22:06,1.513
1997-01-19 22:12,1.513
1997-01-19 22:18,1.513
1997-01-19 22:24,1.513
1997-01-19 22:30,1.512
1997-01-19 22:36,1.512
1997-01-19 22:42,1.511
1997-01-19 22:48,1.510
1997-01-19 22:54,1.509
1997-01-19 23:00,1.508
1997-01-19 23:06,1.507
1997-01-19 23:12,1.506
1997-01-19 23:18,1.504
1997-01-19 23:24,1.503
1997-01-19 23:30,1.501
1997-01-19 23:36,1.499
1997-01-19 23:42,1.498
1997-01-19 23:48,1.496
1997-01-19 23:54,1.494
1997-01-20 00:00,1.492
1997-01-20 00:06,1.490
1997-01-20 00:12,1.488
1997-01-20 00:18,1.486
1997-01-20 00:24,1.484
1997-01-20 00:30,1.482
1997-01-20 00:36,1.480
1997-01-20 00:42,1.478
1997-01-20 00:48,1.476
1997-01-20 00:54,1.474
1997-01-20 01:00,1.472
1997-01-20 01:06,1.470
1997-01-20 01:12,1.468
1997-01-20 01:18,1.466
1997-01-20 01:24,1.464
1997-01-20 01:30,1.462
1997-01-20 01:36,1.460
1997-01-20 01:42,1.458
1997-01-20 01:48,1.456
1997-01-20 01:54,1.454
1997-01-20 02:00,1.452
1997-01-20 02:06,1.450
1997-01-20 02:12,1.448
1997-01-20 02:18,1.447
1997-01-20 02:24,1.445
1997-01-20 02:30,1.443
1997-01-20 02:36,1.442
1997-01-20 02:42,1.440
1997-01-20 02:48,1.439
1997-01-20 02:54,1.437
1997-01-20 03:00,1.436
1997-01-20 03:06,1.434
1997-01-20 03:12,1.433
1997-01-20 03:18,1.432
1997-01-20 03:24,1.431
1997-01-20 03:30,1.430
1997-01-20 03:36,1.429
1997-01-20 03:42,1.428
1997-01-20 03:48,1.427
1997-01-20 03:54,1.426
1997-01-20 04:00,1.425
1997-01-20 04:06,1.424
1997-01-20 04:12,1.423
1997-01-20 04:18,1.422
1997-01-20 04:24,1.421
1997-01-20 04:30,1.420
1997-01-20 04:36,1.419
1997-01-20 04:42,1.418
1997-01-20 04:48,1.417
1997-01-20 04:54,1.416
1997-01-20 05:00,1.415
1997-01-20 05:06,1.413
1997-01-20 05:12,1.412
1997-01-20 05:18,1.410
1997-01-20 05:24,1.408
1997-01-20 05:30,1.406
1997-01-20 05:36,1.404
1997-01-20 05:42,1.402
1997-01-20 05:48,1.399
1997-01-20 05:54,1.397
1997-01-20 06:00,1.394
1997-01-20 06:06,1.391
1997-01-20 06:12,1.388
1997-01-20 06:18,1.384
1997-01-20 06:24,1.381
1997-01-20 06:30,1.377
1997-01-20 06:36,1.373
1997-01-20 06:42,1.369
1997-01-20 06:48,1.364
1997-01-20 06:54,1.360
1997-01-20 07:00,1.355
1997-01-20 07:06,1.350
1997-01-20 07:12,1.345
1997-01-20 07:18,1.340
1997-01-20 07:24,1.334
1997-01-20 07:30,1.329
1997-01-20 07:36,1.323
1997-01-20 07:42,1.317
1997-01-20 07:48,1.311
1997-01-20 07:54,1.305
1997-01-20 08:00,1.299
1997-01-20 08:06,1.292
1997-01-20 08:12,1.286
1997-01-20 08:18,1.279
1997-01-20 08:24,1.273
1997-01-20 08:30,1.266
1997-01-20 08:36,1.259
1997-01-20 08:42,1.252
1997-01-20 08:48,1.246
1997-01-20 08:54,1.239
1997-01-20 09:00,1.232
1997-01-20 09:06,1.225
1997-01-20 09:12,1.218
1997-01-20 09:18,1.211
1997-01-20 09:24,1.204
1997-01-20 09:30,1.197
1997-01-20 09:36,1.190
1997-01-20 09:42,1.183
1997-01-20 09:48,1.176
1997-01-20 09:54,1.169
1997-01-20 10:00,1.162
1997-01-20 10:06,1.156
1997-01-20 10:12,1.149
1997-01-20 10:18,1.142
1997-01-20 10:24,1.136
1997-01-20 10:30,1.130
1997-01-20 10:36,1.124
1997-01-20 10:42,1.117
1997-01-20 10:48,1.112
1997-01-20 10:54,1.106
1997-01-20 11:00,1.100
1997-01-20 11:06,1.095
1997-01-20 11:12,1.090
1997-01-20 11:18,1.085
1997-01-20 11:24,1.080
1997-01-20 11:30,1.075
1997-01-20 11:36,1.071
1997-01-20 11:42,1.067
1997-01-20 11:48,1.063
1997-01-20 11:54,1.059
1997-01-20 12:00,1.056
1997-01-20 12:06,1.053
1997-01-20 12:12,1.050
1997-01-20 12:18,1.047
1997-01-20 12:24,1.045
1997-01-20 12:30,1.043
1997-01-20 12:36,1.041
1997-01-20 12:42,1.040
1997-01-20 12:48,1.039
1997-01-20 12:54,1.038
1997-01-20 13:00,1.038
1997-01-20 13:06,1.037
1997-01-20 13:12,1.037
1997-01-20 13:18,1.038
1997-01-20 13:24,1.038
1997-01-20 13:30,1.039
1997-01-20 13:36,1.040
1997-01-20 13:42,1.042
1997-01-20 13:48,1.044
1997-01-20 13:54,1.046
1997-01-20 14:00,1.048
1997-01-20 14:06,1.051
1997-01-20 14:12,1.054
1997-01-20 14:18,1.057
1997-01-20 14:24,1.061
1997-01-20 14:30,1.064
1997-01-20 14:36,1.068
1997-01-20 14:42,1.073
1997-01-20 14:48,1.077
1997-01-20 14:54,1.082
1997-01-20 15:00,1.087
1997-01-20 15:06,1.092
1997-01-20 15:12,1.098
1997-01-20 15:18,1.104
1997-01-20 15:24,1.110
1997-01-20 15:30,1.116
1997-01-20 15:36,1.122
1997-01-20 15:42,1.129
1997-01-20 15:48,1.136
1997-01-20 15:54,1.142
1997-01-20 16:00,1.150
1997-01-20 16:06,1.157
1997-01-20 16:12,1.164
1997-01-20 16:18,1.172
1997-01-20 16:24,1.179
1997-01-20 16:30,1.187
1997-01-20 16:36,1.195
1997-01-20 16:42,1.203
1997-01-20 16:48,1.211
1997-01-20 16:54,1.219
1997-01-20 17:00,1.227
1997-01-20 17:06,1.235
1997-01-20 17:12,1.244
1997-01-20 17:18,1.252
1997-01-20 17:24,1.260
1997-01-20 17:30,1.268
1997-01-20 17:36,1.276
1997-01-20 17:42,1.284
1997-01-20 17:48,1.292
1997-01-20 17:54,1.301
1997-01-20 18:00,1.308
1997-01-20 18:06,1.316
1997-01-20 18:12,1.324
1997-01-20 18:18,1.332
1997-01-20 18:24,1.339
1997-01-20 18:30,1.347
1997-01-20 18:36,1.354
1997-01-20 18:42,1.361
1997-01-20 18:48,1.369
1997-01-20 18:54,1.376
1997-01-20 19:00,1.382
1997-01-20 19:06,1.389
1997-01-20 19:12,1.396
1997-01-20 19:18,1.402
1997-01-20 19:24,1.408
1997-01-20 19:30,1.414
1997-01-20 19:36,1.420
1997-01-20 19:42,1.426
1997-01-20 19:48,1.431
1997-01-20 19:54,1.437
1997-01-20 20:00,1.442
1997-01-20 20:06,1.447
1997-01-20 20:12,1.452
1997-01-20 20:18,1.457
1997-01-20 20:24,1.461
1997-01-20 20:30,1.465
1997-01-20 20:36,1.469
1997-01-20 20:42,1.473
1997-01-20 20:48,1.477
1997-01-20 20:54,1.481
1997-01-20 21:00,1.484
1997-01-20 21:06,1.487
1997-01-20 21:12,1.490
1997-01-20 21:18,1.493
1997-01-20 21:24,1.496
1997-01-20 21:30,1.498
1997-01-20 21:36,1.500
1997-01-20 21:42,1.503
1997-01-20 21:48,1.505
1997-01-20 21:54,1.506
1997-01-20 22:00,1.508
1997-01-20 22:06,1.509
1997-01-20 22:12,1.511
1997-01-20 22:18,1.512
1997-01-20 22:24,1.513
1997-01-20 22:30,1.513
1997-01-20 22:36,1.514
1997-01-20 22:42,1.514
1997-01-20 22:48,1.515
1997-01-20 22:54,1.515
1997-01-20 23:00,1.515
1997-01-20 23:06,1.514
1997-01-20 23:12,1.514
1997-01-20 23:18,1.514
1997-01-20 23:24,1.513
1997-01-20 23:30,1.512
1997-01-20 23:36,1.511
1997-01-20 23:42,1.510
1997-01-20 23:48,1.509
1997-01-20 23:54,1.508
1997-01-21 00:00,1.507
1997-01-21 00:06,1.505
1997-01-21 00:12,1.504
1997-01-21 00:18,1.502
1997-01-21 00:24,1.500
1997-01-21 00:30,1.498
1997-01-21 00:36,1.496
1997-01-21 00:42,1.494
1997-01-21 00:48,1.492
1997-01-21 00:54,1.490
1997-01-21 01:00,1.488
1997-01-21 01:06,1.486
1997-01-21 01:12,1.484
1997-01-21 01:18,1.482
1997-01-21 01:24,1.479
1997-01-21 01:30,1.477
1997-01-21 01:36,1.475
1997-01-21 01:42,1.472
1997-01-21 01:48,1.470
1997-01-21 01:54,1.468
1997-01-21 02:00,1.466
1997-01-21 02:06,1.464
1997-01-21 02:12,1.461
1997-01-21 02:18,1.459
1997-01-21 02:24,1.457
1997-01-21 02:30,1.455
1997-01-21 02:36,1.453
1997-01-21 02:42,1.452
1997-01-21 02:48,1.450
1997-01-21 02:54,1.448
1997-01-21 03:00,1.446
1997-01-21 03:06,1.445
1997-01-21 03:12,1.443
1997-01-21 03:18,1.442
1997-01-21 03:24,1.440
1997-01-21 03:30,1.439
1997-01-21 03:36,1.438
1997-01-21 03:42,1.436
1997-01-21 03:48,1.435
1997-01-21 03:54,1.434
1997-01-21 04:00,1.433
1997-01-21 04:06,1.432
1997-01-21 04:12,1.431
1997-01-21 04:18,1.430
1997-01-21 04:24,1.429
1997-01-21 04:30,1.428
1997-01-21 04:36,1.427
1997-01-21 04:42,1.426
1997-01-21 04:48,1.425
1997-01-21 04:54,1.424
1997-01-21 05:00,1.422
1997-01-21 05:06,1.421
1997-01-21 05:12,1.420
1997-01-21 05:18,1.419
1997-01-21 05:24,1.418
1997-01-21 05:30,1.417
1997-01-21 05:36,1.415
1997-01-21 05:42,1.414
1997-01-21 05:48,1.412
1997-01-21 05:54,1.411
1997-01-21 06:00,1.409
1997-01-21 06:06,1.407
1997-01-21 06:12,1.405
1997-01-21 06:18,1.403
1997-01-21 06:24,1.401
1997-01-21 06:30,1.399
1997-01-21 06:36,1.396
1997-01-21 06:42,1.394
1997-01-21 06:48,1.391
1997-01-21 06:54,1.388
1997-01-21 07:00,1.385
1997-01-21 07:06,1.382
1997-01-21 07:12,1.378
1997-01-21 07:18,1.375
1997-01-21 07:24,1.371
1997-01-21 07:30,1.367
1997-01-21 07:36,1.363
1997-01-21 07:42,1.358
1997-01-21 07:48,1.354
1997-01-21 07:54,1.349
1997-01-21 08:00,1.344
1997-01-21 08:06,1.339
1997-01-21 08:12,1.333
1997-01-21 08:18,1.328
1997-01-21 08:24,1.322
1997-01-21 08:30,1.316
1997-01-21 08:36,1.310
1997-01-21 08:42,1.304
1997-01-21 08:48,1.297
1997-01-21 08:54,1.291
1997-01-21 09:00,1.284
1997-01-21 09:06,1.277
1997-01-21 09:12,1.270
1997-01-21 09:18,1.263
1997-01-21 09:24,1.256
1997-01-21 09:30,1.249
1997-01-21 09:36,1.242
1997-01-21 09:42,1.235
1997-01-21 09:48,1.227
1997-01-21 09:54,1.220
1997-01-21 10:00,1.213
1997-01-21 10:06,1.205
1997-01-21 10:12,1.198
1997-01-21 10:18,1.191
1997-01-21 10:24,1.184
1997-01-21 10:30,1.177
1997-01-21 10:36,1.170
1997-01-21 10:42,1.163
1997-01-21 10:48,1.156
1997-01-21 10:54,1.149
1997-01-21 11:00,1.142
1997-01-21 11:06,1.136
1997-01-21 11:12,1.130
1997-01-21 11:18,1.123
1997-01-21 11:24,1.117
1997-01-21 11:30,1.111
1997-01-21 11:36,1.106
1997-01-21 11:42,1.100
1997-01-21 11:48,1.095
1997-01-21 11:54,1.089
1997-01-21 12:00,1.084
1997-01-21 12:06,1.080
1997-01-21 12:12,1.075
1997-01-21 12:18,1.071
1997-01-21 12:24,1.067
1997-01-21 12:30,1.063
1997-01-21 12:36,1.059
1997-01-21 12:42,1.056
1997-01-21 12:48,1.052
1997-01-21 12:54,1.049
1997-01-21 13:00,1.047
1997-01-21 13:06,1.044
1997-01-21 13:12,1.042
1997-01-21 13:18,1.040
1997-01-21 13:24,1.039
1997-01-21 13:30,1.038
1997-01-21 13:36,1.037
1997-01-21 13:42,1.036
1997-01-21 13:48,1.036
1997-01-21 13:54,1.036
1997-01-21 14:00,1.036
1997-01-21 14:06,1.037
1997-01-21 14:12,1.037
1997-01-21 14:18,1.039
1997-01-21 14:24,1.040
1997-01-21 14:30,1.042
1997-01-21 14:36,1.045
1997-01-21 14:42,1.047
1997-01-21 14:48,1.050
1997-01-21 14:54,1.053
1997-01-21 15:00,1.057
1997-01-21 15:06,1.060
1997-01-21 15:12,1.064
1997-01-21 15:18,1.069
1997-01-21 15:24,1.073
1997-01-21 15:30,1.078
1997-01-21 15:36,1.083
1997-01-21 15:42,1.089
1997-01-21 15:48,1.094
1997-01-21 15:54,1.100
1997-01-21 16:00,1.106
1997-01-21 16:06,1.112
1997-01-21 16:12,1.119
1997-01-21 16:18,1.125
1997-01-21 16:24,1.132
1997-01-21 16:30,1.139
1997-01-21 16:36,1.146
1997-01-21 16:42,1.153
1997-01-21 16:48,1.160
1997-01-21 16:54,1.167
1997-01-21 17:00,1.175
1997-01-21 17:06,1.182
1997-01-21 17:12,1.190
1997-01-21 17:18,1.198
1997-01-21 17:24,1.205
1997-01-21 17:30,1.213
1997-01-21 17:36,1.221
1997-01-21 17:42,1.229
1997-01-21 17:48,1.237
1997-01-21 17:54,1.245
1997-01-21 18:00,1.253
1997-01-21 18:06,1.261
1997-01-21 18:12,1.269
1997-01-21 18:18,1.277
1997-01-21 18:24,1.285
1997-01-21 18:30,1.293
1997-01-21 18:36,1.301
1997-01-21 18:42,1.309
1997-01-21 18:48,1.317
1997-01-21 18:54,1.325
1997-01-21 19:00,1.333
1997-01-21 19:06,1.341
1997-01-21 19:12,1.348
1997-01-21 19:18,1.356
1997-01-21 19:24,1.363
1997-01-21 19:30,1.370
1997-01-21 19:36,1.377
1997-01-21 19:42,1.384
1997-01-21 19:48,1.391
1997-01-21 19:54,1.398
1997-01-21 20:00,1.404
1997-01-21 20:06,1.410
1997-01-21 20:12,1.416
1997-01-21 20:18,1.422
1997-01-21 20:24,1.428
1997-01-21 20:30,1.433
1997-01-21 20:36,1.438
1997-01-21 20:42,1.443
1997-01-21 20:48,1.448
1997-01-21 20:54,1.453
1997-01-21 21:00,1.457
1997-01-21 21:06,1.461
1997-01-21 21:12,1.465
1997-01-21 21:18,1.469
1997-01-21 21:24,1.472
1997-01-21 21:30,1.475
1997-01-21 21:36,1.478
1997-01-21 21:42,1.481
1997-01-21 21:48,1.484
1997-01-21 21:54,1.486
1997-01-21 22:00,1.489
1997-01-21 22:06,1.491
1997-01-21 22:12,1.493
1997-01-21 22:18,1.495
1997-01-21 22:24,1.497
1997-01-21 22:30,1.498
1997-01-21 22:36,1.500
1997-01-21 22:42,1.501
1997-01-21 22:48,1.502
1997-01-21 22:54,1.503
1997-01-21 23:00,1.504
1997-01-21 23:06,1.505
1997-01-21 23:12,1.505
1997-01-21 23:18,1.506
1997-01-21 23:24,1.506
1997-01-21 23:30,1.506
1997-01-21 23:36,1.506
1997-01-21 23:42,1.506
1997-01-21 23:48,1.506
1997-01-21 23:54,1.506
1997-01-22 00:00,1.505
1997-01-22 00:06,1.505
1997-01-22 00:12,1.504
1997-01-22 00:18,1.503
1997-01-22 00:24,1.502
1997-01-22 00:30,1.501
1997-01-22 00:36,1.500
1997-01-22 00:42,1.498
1997-01-22 00:48,1.497
1997-01-22 00:54,1.495
1997-01-22 01:00,1.493
1997-01-22 01:06,1.492
1997-01-22 01:12,1.490
1997-01-22 01:18,1.488
1997-01-22 01:24,1.486
1997-01-22 01:30,1.483
1997-01-22 01:36,1.481
1997-01-22 01:42,1.479
1997-01-22 01:48,1.477
1997-01-22 01:54,1.475
1997-01-22 02:00,1.472
1997-01-22 02:06,1.470
1997-01-22 02:12,1.468
1997-01-22 02:18,1.466
1997-01-22 02:24,1.464
1997-01-22 02:30,1.462
1997-01-22 02:36,1.459
1997-01-22 02:42,1.457
1997-01-22 02:48,1.456
1997-01-22 02:54,1.454
1997-01-22 03:00,1.452
1997-01-22 03:06,1.450
1997-01-22 03:12,1.449
1997-01-22 03:18,1.447
1997-01-22 03:24,1.445
1997-01-22 03:30,1.444
1997-01-22 03:36,1.443
1997-01-22 03:42,1.441
1997-01-22 03:48,1.440
1997-01-22 03:54,1.439
1997-01-22 04:00,1.437
1997-01-22 04:06,1.436
1997-01-22 04:12,1.435
1997-01-22 04:18,1.434
1997-01-22 04:24,1.433
1997-01-22 04:30,1.432
1997-01-22 04:36,1.431
1997-01-22 04:42,1.430
1997-01-22 04:48,1.429
1997-01-22 04:54,1.428
1997-01-22 05:00,1.427
1997-01-22 05:06,1.426
1997-01-22 05:12,1.425
1997-01-22 05:18,1.424
1997-01-22 05:24,1.423
1997-01-22 05:30,1.422
1997-01-22 05:36,1.420
1997-01-22 05:42,1.419
1997-01-22 05:48,1.418
1997-01-22 05:54,1.417
1997-01-22 06:00,1.416
1997-01-22 06:06,1.415
1997-01-22 06:12,1.413
1997-01-22 06:18,1.412
1997-01-22 06:24,1.411
1997-01-22 06:30,1.409
1997-01-22 06:36,1.408
1997-01-22 06:42,1.407
1997-01-22 06:48,1.405
1997-01-22 06:54,1.403
1997-01-22 07:00,1.402
1997-01-22 07:06,1.400
1997-01-22 07:12,1.398
1997-01-22 07:18,1.396
1997-01-22 07:24,1.394
1997-01-22 07:30,1.391
1997-01-22 07:36,1.389
1997-01-22 07:42,1.386
1997-01-22 07:48,1.383
1997-01-22 07:54,1.380
1997-01-22 08:00,1.377
1997-01-22 08:06,1.373
1997-01-22 08:12,1.370
1997-01-22 08:18,1.366
1997-01-22 08:24,1.362
1997-01-22 08:30,1.357
1997-01-22 08:36,1.353
1997-01-22 08:42,1.348
1997-01-22 08:48,1.343
1997-01-22 08:54,1.337
1997-01-22 09:00,1.332
1997-01-22 09:06,1.326
1997-01-22 09:12,1.320
1997-01-22 09:18,1.314
1997-01-22 09:24,1.308
1997-01-22 09:30,1.301
1997-01-22 09:36,1.294
1997-01-22 09:42,1.288
1997-01-22 09:48,1.281
1997-01-22 09:54,1.274
1997-01-22 10:00,1.266
1997-01-22 10:06,1.259
1997-01-22 10:12,1.252
1997-01-22 10:18,1.245
1997-01-22 10:24,1.237
1997-01-22 10:30,1.230
1997-01-22 10:36,1.222
1997-01-22 10:42,1.215
1997-01-22 10:48,1.208
1997-01-22 10:54,1.201
1997-01-22 11:00,1.193
1997-01-22 11:06,1.186
1997-01-22 11:12,1.179
1997-01-22 11:18,1.172
1997-01-22 11:24,1.165
1997-01-22 11:30,1.159
1997-01-22 11:36,1.152
1997-01-22 11:42,1.146
1997-01-22 11:48,1.139
1997-01-22 11:54,1.133
1997-01-22 12:00,1.127
1997-01-22 12:06,1.121
1997-01-22 12:12,1.115
1997-01-22 12:18,1.110
1997-01-22 12:24,1.104
1997-01-22 12:30,1.099
1997-01-22 12:36,1.094
1997-01-22 12:42,1.089
1997-01-22 12:48,1.084
1997-01-22 12:54,1.080
1997-01-22 13:00,1.075
1997-01-22 13:06,1.071
1997-01-22 13:12,1.067
1997-01-22 13:18,1.064
1997-01-22 13:24,1.060
1997-01-22 13:30,1.057
1997-01-22 13:36,1.054
1997-01-22 13:42,1.052
1997-01-22 13:48,1.049
1997-01-22 13:54,1.047
1997-01-22 14:00,1.045
1997-01-22 14:06,1.044
1997-01-22 14:12,1.043
1997-01-22 14:18,1.042
1997-01-22 14:24,1.042
1997-01-22 14:30,1.041
1997-01-22 14:36,1.042
1997-01-22 14:42,1.042
1997-01-22 14:48,1.043
1997-01-22 14:54,1.044
1997-01-22 15:00,1.046
1997-01-22 15:06,1.048
1997-01-22 15:12,1.050
1997-01-22 15:18,1.053
1997-01-22 15:24,1.056
1997-01-22 15:30,1.059
1997-01-22 15:36,1.062
1997-01-22 15:42,1.066
1997-01-22 15:48,1.070
1997-01-22 15:54,1.075
1997-01-22 16:00,1.079
1997-01-22 16:06,1.084
1997-01-22 16:12,1.089
1997-01-22 16:18,1.095
1997-01-22 16:24,1.100
1997-01-22 16:30,1.106
1997-01-22 16:36,1.112
1997-01-22 16:42,1.118
1997-01-22 16:48,1.124
1997-01-22 16:54,1.130
1997-01-22 17:00,1.137
1997-01-22 17:06,1.143
1997-01-22 17:12,1.150
1997-01-22 17:18,1.157
1997-01-22 17:24,1.164
1997-01-22 17:30,1.171
1997-01-22 17:36,1.178
1997-01-22 17:42,1.185
1997-01-22 17:48,1.193
1997-01-22 17:54,1.200
1997-01-22 18:00,1.208
1997-01-22 18:06,1.215
1997-01-22 18:12,1.223
1997-01-22 18:18,1.230
1997-01-22 18:24,1.238
1997-01-22 18:30,1.246
1997-01-22 18:36,1.254
1997-01-22 18:42,1.262
1997-01-22 18:48,1.270
1997-01-22 18:54,1.277
1997-01-22 19:00,1.285
1997-01-22 19:06,1.293
1997-01-22 19:12,1.301
1997-01-22 19:18,1.309
1997-01-22 19:24,1.317
1997-01-22 19:30,1.325
1997-01-22 19:36,1.333
1997-01-22 19:42,1.340
1997-01-22 19:48,1.348
1997-01-22 19:54,1.355
1997-01-22 20:00,1.362
1997-01-22 20:06,1.369
1997-01-22 20:12,1.376
1997-01-22 20:18,1.383
1997-01-22 20:24,1.390
1997-01-22 20:30,1.396
1997-01-22 20:36,1.402
1997-01-22 20:42,1.408
1997-01-22 20:48,1.414
1997-01-22 20:54,1.419
1997-01-22 21:00,1.425
1997-01-22 21:06,1.430
1997-01-22 21:12,1.434
1997-01-22 21:18,1.439
1997-01-22 21:24,1.443
1997-01-22 21:30,1.447
1997-01-22 21:36,1.451
1997-01-22 21:42,1.455
1997-01-22 21:48,1.458
1997-01-22 21:54,1.461
1997-01-22 22:00,1.464
1997-01-22 22:06,1.467
1997-01-22 22:12,1.469
1997-01-22 22:18,1.472
1997-01-22 22:24,1.474
1997-01-22 22:30,1.476
1997-01-22 22:36,1.478
1997-01-22 22:42,1.480
1997-01-22 22:48,1.481
1997-01-22 22:54,1.483
1997-01-22 23:00,1.484
1997-01-22 23:06,1.485
1997-01-22 23:12,1.486
1997-01-22 23:18,1.487
1997-01-22 23:24,1.488
1997-01-22 23:30,1.489
1997-01-22 23:36,1.490
1997-01-22 23:42,1.490
1997-01-22 23:48,1.491
1997-01-22 23:54,1.491
1997-01-23 00:00,1.492
1997-01-23 00:06,1.492
1997-01-23 00:12,1.492
1997-01-23 00:18,1.492
1997-01-23 00:24,1.491
1997-01-23 00:30,1.491
1997-01-23 00:36,1.490
1997-01-23 00:42,1.490
1997-01-23 00:48,1.489
1997-01-23 00:54,1.488
1997-01-23 01:00,1.487
1997-01-23 01:06,1.486
1997-01-23 01:12,1.484
1997-01-23 01:18,1.483
1997-01-23 01:24,1.481
1997-01-23 01:30,1.480
1997-01-23 01:36,1.478
1997-01-23 01:42,1.476
1997-01-23 01:48,1.474
1997-01-23 01:54,1.472
1997-01-23 02:00,1.470
1997-01-23 02:06,1.468
1997-01-23 02:12,1.466
1997-01-23 02:18,1.464
1997-01-23 02:24,1.462
1997-01-23 02:30,1.460
1997-01-23 02:36,1.458
1997-01-23 02:42,1.456
1997-01-23 02:48,1.454
1997-01-23 02:54,1.452
1997-01-23 03:00,1.451
1997-01-23 03:06,1.449
1997-01-23 03:12,1.447
1997-01-23 03:18,1.445
1997-01-23 03:24,1.444
1997-01-23 03:30,1.442
1997-01-23 03:36,1.441
1997-01-23 03:42,1.440
1997-01-23 03:48,1.438
1997-01-23 03:54,1.437
1997-01-23 04:00,1.436
1997-01-23 04:06,1.435
1997-01-23 04:12,1.434
1997-01-23 04:18,1.433
1997-01-23 04:24,1.432
1997-01-23 04:30,1.431
1997-01-23 04:36,1.430
1997-01-23 04:42,1.429
1997-01-23 04:48,1.428
1997-01-23 04:54,1.427
1997-01-23 05:00,1.426
1997-01-23 05:06,1.425
1997-01-23 05:12,1.424
1997-01-23 05:18,1.423
1997-01-23 05:24,1.422
1997-01-23 05:30,1.422
1997-01-23 05:36,1.421
1997-01-23 05:42,1.420
1997-01-23 05:48,1.419
1997-01-23 05:54,1.418
1997-01-23 06:00,1.417
1997-01-23 06:06,1.416
1997-01-23 06:12,1.415
1997-01-23 06:18,1.414
1997-01-23 06:24,1.413
1997-01-23 06:30,1.412
1997-01-23 06:36,1.411
1997-01-23 06:42,1.411
1997-01-23 06:48,1.410
1997-01-23 06:54,1.409
1997-01-23 07:00,1.408
1997-01-23 07:06,1.407
1997-01-23 07:12,1.406
1997-01-23 07:18,1.405
1997-01-23 07:24,1.404
1997-01-23 07:30,1.402
1997-01-23 07:36,1.401
1997-01-23 07:42,1.400
1997-01-23 07:48,1.398
1997-01-23 07:54,1.397
1997-01-23 08:00,1.395
1997-01-23 08:06,1.393
1997-01-23 08:12,1.391
1997-01-23 08:18,1.389
1997-01-23 08:24,1.386
1997-01-23 08:30,1.384
1997-01-23 08:36,1.381
1997-01-23 08:42,1.378
1997-01-23 08:48,1.374
1997-01-23 08:54,1.371
1997-01-23 09:00,1.367
1997-01-23 09:06,1.363
1997-01-23 09:12,1.359
1997-01-23 09:18,1.354
1997-01-23 09:24,1.349
1997-01-23 09:30,1.344
1997-01-23 09:36,1.339
1997-01-23 09:42,1.333
1997-01-23 09:48,1.327
1997-01-23 09:54,1.322
1997-01-23 10:00,1.315
1997-01-23 10:06,1.309
1997-01-23 10:12,1.303
1997-01-23 10:18,1.296
1997-01-23 10:24,1.289
1997-01-23 10:30,1.282
1997-01-23 10:36,1.275
1997-01-23 10:42,1.268
1997-01-23 10:48,1.261
1997-01-23 10:54,1.254
1997-01-23 11:00,1.247
1997-01-23 11:06,1.240
1997-01-23 11:12,1.233
1997-01-23 11:18,1.226
1997-01-23 11:24,1.218
1997-01-23 11:30,1.211
1997-01-23 11:36,1.204
1997-01-23 11:42,1.198
1997-01-23 11:48,1.191
1997-01-23 11:54,1.184
1997-01-23 12:00,1.177
1997-01-23 12:06,1.171
1997-01-23 12:12,1.164
1997-01-23 12:18,1.158
1997-01-23 12:24,1.152
1997-01-23 12:30,1.146
1997-01-23 12:36,1.140
1997-01-23 12:42,1.134
1997-01-23 12:48,1.128
1997-01-23 12:54,1.122
1997-01-23 13:00,1.117
1997-01-23 13:06,1.112
1997-01-23 13:12,1.107
1997-01-23 13:18,1.102
1997-01-23 13:24,1.097
1997-01-23 13:30,1.092
1997-01-23 13:36,1.088
1997-01-23 13:42,1.084
1997-01-23 13:48,1.080
1997-01-23 13:54,1.076
1997-01-23 14:00,1.073
1997-01-23 14:06,1.070
1997-01-23 14:12,1.067
1997-01-23 14:18,1.064
1997-01-23 14:24,1.062
1997-01-23 14:30,1.060
1997-01-23 14:36,1.058
1997-01-23 14:42,1.057
1997-01-23 14:48,1.056
1997-01-23 14:54,1.055
1997-01-23 15:00,1.054
1997-01-23 15:06,1.054
1997-01-23 15:12,1.055
1997-01-23 15:18,1.055
1997-01-23 15:24,1.056
1997-01-23 15:30,1.058
1997-01-23 15:36,1.059
1997-01-23 15:42,1.061
1997-01-23 15:48,1.064
1997-01-23 15:54,1.066
1997-01-23 16:00,1.069
1997-01-23 16:06,1.073
1997-01-23 16:12,1.076
1997-01-23 16:18,1.080
1997-01-23 16:24,1.084
1997-01-23 16:30,1.088
1997-01-23 16:36,1.093
1997-01-23 16:42,1.098
1997-01-23 16:48,1.102
1997-01-23 16:54,1.108
1997-01-23 17:00,1.113
1997-01-23 17:06,1.118
1997-01-23 17:12,1.124
1997-01-23 17:18,1.130
1997-01-23 17:24,1.136
1997-01-23 17:30,1.142
1997-01-23 17:36,1.148
1997-01-23 17:42,1.155
1997-01-23 17:48,1.161
1997-01-23 17:54,1.168
1997-01-23 18:00,1.174
1997-01-23 18:06,1.181
1997-01-23 18:12,1.188
1997-01-23 18:18,1.195
1997-01-23 18:24,1.202
1997-01-23 18:30,1.209
1997-01-23 18:36,1.217
1997-01-23 18:42,1.224
1997-01-23 18:48,1.231
1997-01-23 18:54,1.239
1997-01-23 19:00,1.246
1997-01-23 19:06,1.254
1997-01-23 19:12,1.261
1997-01-23 19:18,1.269
1997-01-23 19:24,1.277
1997-01-23 19:30,1.284
1997-01-23 19:36,1.292
1997-01-23 19:42,1.300
1997-01-23 19:48,1.307
1997-01-23 19:54,1.315
1997-01-23 20:00,1.323
1997-01-23 20:06,1.330
1997-01-23 20:12,1.337
1997-01-23 20:18,1.345
1997-01-23 20:24,1.352
1997-01-23 20:30,1.359
1997-01-23 20:36,1.365
1997-01-23 20:42,1.372
1997-01-23 20:48,1.378
1997-01-23 20:54,1.385
1997-01-23 21:00,1.391
1997-01-23 21:06,1.396
1997-01-23 21:12,1.402
1997-01-23 21:18,1.407
1997-01-23 21:24,1.412
1997-01-23 21:30,1.417
1997-01-23 21:36,1.422
1997-01-23 21:42,1.426
1997-01-23 21:48,1.430
1997-01-23 21:54,1.434
1997-01-23 22:00,1.438
1997-01-23 22:06,1.441
1997-01-23 22:12,1.444
1997-01-23 22:18,1.447
1997-01-23 22:24,1.450
1997-01-23 22:30,1.452
1997-01-23 22:36,1.455
1997-01-23 22:42,1.457
1997-01-23 22:48,1.459
1997-01-23 22:54,1.461
1997-01-23 23:00,1.462
1997-01-23 23:06,1.464
1997-01-23 23:12,1.465
1997-01-23 23:18,1.466
1997-01-23 23:24,1.468
1997-01-23 23:30,1.469
1997-01-23 23:36,1.470
1997-01-23 23:42,1.470
1997-01-23 23:48,1.471
1997-01-23 23:54,1.472
1997-01-24 00:00,1.472
1997-01-24 00:06,1.473
1997-01-24 00:12,1.473
1997-01-24 00:18,1.473
1997-01-24 00:24,1.473
1997-01-24 00:30,1.473
1997-01-24 00:36,1.473
1997-01-24 00:42,1.473
1997-01-24 00:48,1.472
1997-01-24 00:54,1.472
1997-01-24 01:00,1.471
1997-01-24 01:06,1.471
1997-01-24 01:12,1.470
1997-01-24 01:18,1.469
1997-01-24 01:24,1.468
1997-01-24 01:30,1.467
1997-01-24 01:36,1.466
1997-01-24 01:42,1.464
1997-01-24 01:48,1.463
1997-01-24 01:54,1.461
1997-01-24 02:00,1.460
1997-01-24 02:06,1.458
1997-01-24 02:12,1.457
1997-01-24 02:18,1.455
1997-01-24 02:24,1.453
1997-01-24 02:30,1.451
1997-01-24 02:36,1.449
1997-01-24 02:42,1.448
1997-01-24 02:48,1.446
1997-01-24 02:54,1.444
1997-01-24 03:00,1.442
1997-01-24 03:06,1.441
1997-01-24 03:12,1.439
1997-01-24 03:18,1.437
1997-01-24 03:24,1.436
1997-01-24 03:30,1.434
1997-01-24 03:36,1.433
1997-01-24 03:42,1.431
1997-01-24 03:48,1.430
1997-01-24 03:54,1.428
1997-01-24 04:00,1.427
1997-01-24 04:06,1.426
1997-01-24 04:12,1.425
1997-01-24 04:18,1.424
1997-01-24 04:24,1.423
1997-01-24 04:30,1.422
1997-01-24 04:36,1.421
1997-01-24 04:42,1.420
1997-01-24 04:48,1.419
1997-01-24 04:54,1.419
1997-01-24 05:00,1.418
1997-01-24 05:06,1.417
1997-01-24 05:12,1.416
1997-01-24 05:18,1.416
1997-01-24 05:24,1.415
1997-01-24 05:30,1.414
1997-01-24 05:36,1.414
1997-01-24 05:42,1.413
1997-01-24 05:48,1.412
1997-01-24 05:54,1.412
1997-01-24 06:00,1.411
1997-01-24 06:06,1.410
1997-01-24 06:12,1.410
1997-01-24 06:18,1.409
1997-01-24 06:24,1.409
1997-01-24 06:30,1.408
1997-01-24 06:36,1.408
1997-01-24 06:42,1.407
1997-01-24 06:48,1.407
1997-01-24 06:54,1.406
1997-01-24 07:00,1.406
1997-01-24 07:06,1.405
1997-01-24 07:12,1.405
1997-01-24 07:18,1.404
1997-01-24 07:24,1.404
1997-01-24 07:30,1.403
1997-01-24 07:36,1.403
1997-01-24 07:42,1.402
1997-01-24 07:48,1.402
1997-01-24 07:54,1.401
1997-01-24 08:00,1.400
1997-01-24 08:06,1.399
1997-01-24 08:12,1.399
1997-01-24 08:18,1.398
1997-01-24 08:24,1.396
1997-01-24 08:30,1.395
1997-01-24 08:36,1.394
1997-01-24 08:42,1.392
1997-01-24 08:48,1.390
1997-01-24 08:54,1.388
1997-01-24 09:00,1.386
1997-01-24 09:06,1.384
1997-01-24 09:12,1.381
1997-01-24 09:18,1.379
1997-01-24 09:24,1.375
1997-01-24 09:30,1.372
1997-01-24 09:36,1.369
1997-01-24 09:42,1.365
1997-01-24 09:48,1.361
1997-01-24 09:54,1.357
1997-01-24 10:00,1.352
1997-01-24 10:06,1.347
1997-01-24 10:12,1.343
1997-01-24 10:18,1.337
1997-01-24 10:24,1.332
1997-01-24 10:30,1.327
1997-01-24 10:36,1.321
1997-01-24 10:42,1.315
1997-01-24 10:48,1.309
1997-01-24 10:54,1.303
1997-01-24 11:00,1.296
1997-01-24 11:06,1.290
1997-01-24 11:12,1.284
1997-01-24 11:18,1.277
1997-01-24 11:24,1.270
1997-01-24 11:30,1.264
1997-01-24 11:36,1.257
1997-01-24 11:42,1.250
1997-01-24 11:48,1.244
1997-01-24 11:54,1.237
1997-01-24 12:00,1.230
1997-01-24 12:06,1.224
1997-01-24 12:12,1.217
1997-01-24 12:18,1.210
1997-01-24 12:24,1.204
1997-01-24 12:30,1.197
1997-01-24 12:36,1.191
1997-01-24 12:42,1.185
1997-01-24 12:48,1.178
1997-01-24 12:54,1.172
1997-01-24 13:00,1.166
1997-01-24 13:06,1.160
1997-01-24 13:12,1.155
1997-01-24 13:18,1.149
1997-01-24 13:24,1.143
1997-01-24 13:30,1.138
1997-01-24 13:36,1.133
1997-01-24 13:42,1.128
1997-01-24 13:48,1.123
1997-01-24 13:54,1.118
1997-01-24 14:00,1.113
1997-01-24 14:06,1.109
1997-01-24 14:12,1.105
1997-01-24 14:18,1.101
1997-01-24 14:24,1.097
1997-01-24 14:30,1.094
1997-01-24 14:36,1.091
1997-01-24 14:42,1.088
1997-01-24 14:48,1.085
1997-01-24 14:54,1.083
1997-01-24 15:00,1.080
1997-01-24 15:06,1.079
1997-01-24 15:12,1.077
1997-01-24 15:18,1.076
1997-01-24 15:24,1.075
1997-01-24 15:30,1.075
1997-01-24 15:36,1.074
1997-01-24 15:42,1.074
1997-01-24 15:48,1.075
1997-01-24 15:54,1.076
1997-01-24 16:00,1.077
1997-01-24 16:06,1.078
1997-01-24 16:12,1.080
1997-01-24 16:18,1.082
1997-01-24 16:24,1.084
1997-01-24 16:30,1.087
1997-01-24 16:36,1.089
1997-01-24 16:42,1.092
1997-01-24 16:48,1.096
1997-01-24 16:54,1.099
1997-01-24 17:00,1.103
1997-01-24 17:06,1.107
1997-01-24 17:12,1.112
1997-01-24 17:18,1.116
1997-01-24 17:24,1.121
1997-01-24 17:30,1.126
1997-01-24 17:36,1.131
1997-01-24 17:42,1.136
1997-01-24 17:48,1.142
1997-01-24 17:54,1.147
1997-01-24 18:00,1.153
1997-01-24 18:06,1.159
1997-01-24 18:12,1.165
1997-01-24 18:18,1.171
1997-01-24 18:24,1.178
1997-01-24 18:30,1.184
1997-01-24 18:36,1.191
1997-01-24 18:42,1.197
1997-01-24 18:48,1.204
1997-01-24 18:54,1.211
1997-01-24 19:00,1.218
1997-01-24 19:06,1.225
1997-01-24 19:12,1.232
1997-01-24 19:18,1.239
1997-01-24 19:24,1.246
1997-01-24 19:30,1.253
1997-01-24 19:36,1.261
1997-01-24 19:42,1.268
1997-01-24 19:48,1.275
1997-01-24 19:54,1.282
1997-01-24 20:00,1.290
1997-01-24 20:06,1.297
1997-01-24 20:12,1.304
1997-01-24 20:18,1.311
1997-01-24 20:24,1.318
1997-01-24 20:30,1.325
1997-01-24 20:36,1.332
1997-01-24 20:42,1.339
1997-01-24 20:48,1.346
1997-01-24 20:54,1.352
1997-01-24 21:00,1.358
1997-01-24 21:06,1.364
1997-01-24 21:12,1.370
1997-01-24 21:18,1.376
1997-01-24 21:24,1.382
1997-01-24 21:30,1.387
1997-01-24 21:36,1.392
1997-01-24 21:42,1.397
1997-01-24 21:48,1.402
1997-01-24 21:54,1.407
1997-01-24 22:00,1.411
1997-01-24 22:06,1.415
1997-01-24 22:12,1.419
1997-01-24 22:18,1.422
1997-01-24 22:24,1.426
1997-01-24 22:30,1.429
1997-01-24 22:36,1.432
1997-01-24 22:42,1.435
1997-01-24 22:48,1.437
1997-01-24 22:54,1.439
1997-01-24 23:00,1.441
1997-01-24 23:06,1.443
1997-01-24 23:12,1.445
1997-01-24 23:18,1.447
1997-01-24 23:24,1.448
1997-01-24 23:30,1.449
1997-01-24 23:36,1.450
1997-01-24 23:42,1.451
1997-01-24 23:48,1.452
1997-01-24 23:54,1.453
1997-01-25 00:00,1.453
1997-01-25 00:06,1.454
1997-01-25 00:12,1.454
1997-01-25 00:18,1.454
1997-01-25 00:24,1.454
1997-01-25 00:30,1.454
1997-01-25 00:36,1.454
1997-01-25 00:42,1.454
1997-01-25 00:48,1.454
1997-01-25 00:54,1.453
1997-01-25 01:00,1.453
1997-01-25 01:06,1.452
1997-01-25 01:12,1.452
1997-01-25 01:18,1.451
1997-01-25 01:24,1.450
1997-01-25 01:30,1.449
1997-01-25 01:36,1.448
1997-01-25 01:42,1.447
1997-01-25 01:48,1.446
1997-01-25 01:54,1.444
1997-01-25 02:00,1.443
1997-01-25 02:06,1.442
1997-01-25 02:12,1.440
1997-01-25 02:18,1.439
1997-01-25 02:24,1.437
1997-01-25 02:30,1.436
1997-01-25 02:36,1.434
1997-01-25 02:42,1.433
1997-01-25 02:48,1.431
1997-01-25 02:54,1.430
1997-01-25 03:00,1.428
1997-01-25 03:06,1.426
1997-01-25 03:12,1.425
1997-01-25 03:18,1.423
1997-01-25 03:24,1.421
1997-01-25 03:30,1.420
1997-01-25 03:36,1.418
1997-01-25 03:42,1.417
1997-01-25 03:48,1.415
1997-01-25 03:54,1.414
1997-01-25 04:00,1.413
1997-01-25 04:06,1.411
1997-01-25 04:12,1.410
1997-01-25 04:18,1.409
1997-01-25 04:24,1.407
1997-01-25 04:30,1.406
1997-01-25 04:36,1.405
1997-01-25 04:42,1.404
1997-01-25 04:48,1.403
1997-01-25 04:54,1.402
1997-01-25 05:00,1.402
1997-01-25 05:06,1.401
1997-01-25 05:12,1.400
1997-01-25 05:18,1.399
1997-01-25 05:24,1.399
1997-01-25 05:30,1.398
1997-01-25 05:36,1.398
1997-01-25 05:42,1.397
1997-01-25 05:48,1.397
1997-01-25 05:54,1.396
1997-01-25 06:00,1.396
1997-01-25 06:06,1.396
1997-01-25 06:12,1.395
1997-01-25 06:18,1.395
1997-01-25 06:24,1.395
1997-01-25 06:30,1.395
1997-01-25 06:36,1.395
1997-01-25 06:42,1.395
1997-01-25 06:48,1.395
1997-01-25 06:54,1.395
1997-01-25 07:00,1.395
1997-01-25 07:06,1.395
1997-01-25 07:12,1.395
1997-01-25 07:18,1.395
1997-01-25 07:24,1.395
1997-01-25 07:30,1.395
1997-01-25 07:36,1.395
1997-01-25 07:42,1.395
1997-01-25 07:48,1.395
1997-01-25 07:54,1.395
1997-01-25 08:00,1.395
1997-01-25 08:06,1.395
1997-01-25 08:12,1.395
1997-01-25 08:18,1.395
1997-01-25 08:24,1.395
1997-01-25 08:30,1.394
1997-01-25 08:36,1.394
1997-01-25 08:42,1.393
1997-01-25 08:48,1.393
1997-01-25 08:54,1.392
1997-01-25 09:00,1.391
1997-01-25 09:06,1.390
1997-01-25 09:12,1.389
1997-01-25 09:18,1.387
1997-01-25 09:24,1.386
1997-01-25 09:30,1.384
1997-01-25 09:36,1.382
1997-01-25 09:42,1.380
1997-01-25 09:48,1.378
1997-01-25 09:54,1.375
1997-01-25 10:00,1.373
1997-01-25 10:06,1.370
1997-01-25 10:12,1.367
1997-01-25 10:18,1.363
1997-01-25 10:24,1.360
1997-01-25 10:30,1.356
1997-01-25 10:36,1.352
1997-01-25 10:42,1.348
1997-01-25 10:48,1.344
1997-01-25 10:54,1.339
1997-01-25 11:00,1.335
1997-01-25 11:06,1.330
1997-01-25 11:12,1.325
1997-01-25 11:18,1.320
1997-01-25 11:24,1.314
1997-01-25 11:30,1.309
1997-01-25 11:36,1.303
1997-01-25 11:42,1.298
1997-01-25 11:48,1.292
1997-01-25 11:54,1.286
1997-01-25 12:00,1.280
1997-01-25 12:06,1.274
1997-01-25 12:12,1.268
1997-01-25 12:18,1.262
1997-01-25 12:24,1.256
1997-01-25 12:30,1.250
1997-01-25 12:36,1.243
1997-01-25 12:42,1.237
1997-01-25 12:48,1.231
1997-01-25 12:54,1.225
1997-01-25 13:00,1.219
1997-01-25 13:06,1.213
1997-01-25 13:12,1.207
1997-01-25 13:18,1.201
1997-01-25 13:24,1.195
1997-01-25 13:30,1.189
1997-01-25 13:36,1.184
1997-01-25 13:42,1.178
1997-01-25 13:48,1.173
1997-01-25 13:54,1.167
1997-01-25 14:00,1.162
1997-01-25 14:06,1.157
1997-01-25 14:12,1.152
1997-01-25 14:18,1.148
1997-01-25 14:24,1.143
1997-01-25 14:30,1.139
1997-01-25 14:36,1.135
1997-01-25 14:42,1.131
1997-01-25 14:48,1.127
1997-01-25 14:54,1.124
1997-01-25 15:00,1.121
1997-01-25 15:06,1.118
1997-01-25 15:12,1.115
1997-01-25 15:18,1.112
1997-01-25 15:24,1.110
1997-01-25 15:30,1.108
1997-01-25 15:36,1.106
1997-01-25 15:42,1.105
1997-01-25 15:48,1.104
1997-01-25 15:54,1.103
1997-01-25 16:00,1.102
1997-01-25 16:06,1.102
1997-01-25 16:12,1.101
1997-01-25 16:18,1.102
1997-01-25 16:24,1.102
1997-01-25 16:30,1.103
1997-01-25 16:36,1.104
1997-01-25 16:42,1.105
1997-01-25 16:48,1.107
1997-01-25 16:54,1.108
1997-01-25 17:00,1.110
1997-01-25 17:06,1.113
1997-01-25 17:12,1.115
1997-01-25 17:18,1.118
1997-01-25 17:24,1.121
1997-01-25 17:30,1.125
1997-01-25 17:36,1.128
1997-01-25 17:42,1.132
1997-01-25 17:48,1.136
1997-01-25 17:54,1.140
1997-01-25 18:00,1.145
1997-01-25 18:06,1.150
1997-01-25 18:12,1.154
1997-01-25 18:18,1.160
1997-01-25 18:24,1.165
1997-01-25 18:30,1.170
1997-01-25 18:36,1.176
1997-01-25 18:42,1.182
1997-01-25 18:48,1.188
1997-01-25 18:54,1.194
1997-01-25 19:00,1.200
1997-01-25 19:06,1.206
1997-01-25 19:12,1.213
1997-01-25 19:18,1.219
1997-01-25 19:24,1.226
1997-01-25 19:30,1.232
1997-01-25 19:36,1.239
1997-01-25 19:42,1.246
1997-01-25 19:48,1.253
1997-01-25 19:54,1.259
1997-01-25 20:00,1.266
1997-01-25 20:06,1.273
1997-01-25 20:12,1.280
1997-01-25 20:18,1.287
1997-01-25 20:24,1.293
1997-01-25 20:30,1.300
1997-01-25 20:36,1.306
1997-01-25 20:42,1.313
1997-01-25 20:48,1.319
1997-01-25 20:54,1.326
1997-01-25 21:00,1.332
1997-01-25 21:06,1.338
1997-01-25 21:12,1.344
1997-01-25 21:18,1.350
1997-01-25 21:24,1.355
1997-01-25 21:30,1.361
1997-01-25 21:36,1.366
1997-01-25 21:42,1.371
1997-01-25 21:48,1.376
1997-01-25 21:54,1.381
1997-01-25 22:00,1.386
1997-01-25 22:06,1.390
1997-01-25 22:12,1.394
1997-01-25 22:18,1.398
1997-01-25 22:24,1.402
1997-01-25 22:30,1.406
1997-01-25 22:36,1.409
1997-01-25 22:42,1.413
1997-01-25 22:48,1.416
1997-01-25 22:54,1.419
1997-01-25 23:00,1.421
1997-01-25 23:06,1.424
1997-01-25 23:12,1.426
1997-01-25 23:18,1.428
1997-01-25 23:24,1.430
1997-01-25 23:30,1.432
1997-01-25 23:36,1.433
1997-01-25 23:42,1.434
1997-01-25 23:48,1.435
1997-01-25 23:54,1.436
1997-01-26 00:00,1.437
1997-01-26 00:06,1.438
1997-01-26 00:12,1.438
1997-01-26 00:18,1.438
1997-01-26 00:24,1.439
1997-01-26 00:30,1.438
1997-01-26 00:36,1.438
1997-01-26 00:42,1.438
1997-01-26 00:48,1.438
1997-01-26 00:54,1.437
1997-01-26 01:00,1.436
1997-01-26 01:06,1.436
1997-01-26 01:12,1.435
1997-01-26 01:18,1.434
1997-01-26 01:24,1.433
1997-01-26 01:30,1.432
1997-01-26 01:36,1.430
1997-01-26 01:42,1.429
1997-01-26 01:48,1.428
1997-01-26 01:54,1.426
1997-01-26 02:00,1.425
1997-01-26 02:06,1.424
1997-01-26 02:12,1.422
1997-01-26 02:18,1.421
1997-01-26 02:24,1.419
1997-01-26 02:30,1.417
1997-01-26 02:36,1.416
1997-01-26 02:42,1.414
1997-01-26 02:48,1.413
1997-01-26 02:54,1.411
1997-01-26 03:00,1.409
1997-01-26 03:06,1.408
1997-01-26 03:12,1.406
1997-01-26 03:18,1.405
1997-01-26 03:24,1.403
1997-01-26 03:30,1.401
1997-01-26 03:36,1.400
1997-01-26 03:42,1.398
1997-01-26 03:48,1.397
1997-01-26 03:54,1.395
1997-01-26 04:00,1.394
1997-01-26 04:06,1.392
1997-01-26 04:12,1.391
1997-01-26 04:18,1.389
1997-01-26 04:24,1.388
1997-01-26 04:30,1.386
1997-01-26 04:36,1.385
1997-01-26 04:42,1.384
1997-01-26 04:48,1.382
1997-01-26 04:54,1.381
1997-01-26 05:00,1.380
1997-01-26 05:06,1.379
1997-01-26 05:12,1.378
1997-01-26 05:18,1.377
1997-01-26 05:24,1.376
1997-01-26 05:30,1.375
1997-01-26 05:36,1.374
1997-01-26 05:42,1.373
1997-01-26 05:48,1.373
1997-01-26 05:54,1.372
1997-01-26 06:00,1.372
1997-01-26 06:06,1.372
1997-01-26 06:12,1.371
1997-01-26 06:18,1.371
1997-01-26 06:24,1.371
1997-01-26 06:30,1.371
1997-01-26 06:36,1.371
1997-01-26 06:42,1.371
1997-01-26 06:48,1.372
1997-01-26 06:54,1.372
1997-01-26 07:00,1.373
1997-01-26 07:06,1.373
1997-01-26 07:12,1.374
1997-01-26 07:18,1.374
1997-01-26 07:24,1.375
1997-01-26 07:30,1.376
1997-01-26 07:36,1.376
1997-01-26 07:42,1.377
1997-01-26 07:48,1.378
1997-01-26 07:54,1.378
1997-01-26 08:00,1.379
1997-01-26 08:06,1.380
1997-01-26 08:12,1.380
1997-01-26 08:18,1.381
1997-01-26 08:24,1.381
1997-01-26 08:30,1.382
1997-01-26 08:36,1.382
1997-01-26 08:42,1.383
1997-01-26 08:48,1.383
1997-01-26 08:54,1.383
1997-01-26 09:00,1.383
1997-01-26 09:06,1.383
1997-01-26 09:12,1.383
1997-01-26 09:18,1.382
1997-01-26 09:24,1.382
1997-01-26 09:30,1.382
1997-01-26 09:36,1.381
1997-01-26 09:42,1.380
1997-01-26 09:48,1.379
1997-01-26 09:54,1.378
1997-01-26 10:00,1.377
1997-01-26 10:06,1.375
1997-01-26 10:12,1.374
1997-01-26 10:18,1.372
1997-01-26 10:24,1.370
1997-01-26 10:30,1.368
1997-01-26 10:36,1.366
1997-01-26 10:42,1.364
1997-01-26 10:48,1.361
1997-01-26 10:54,1.359
1997-01-26 11:00,1.356
1997-01-26 11:06,1.353
1997-01-26 11:12,1.350
1997-01-26 11:18,1.347
1997-01-26 11:24,1.343
1997-01-26 11:30,1.340
1997-01-26 11:36,1.336
1997-01-26 11:42,1.332
1997-01-26 11:48,1.328
1997-01-26 11:54,1.324
1997-01-26 12:00,1.319
1997-01-26 12:06,1.315
1997-01-26 12:12,1.310
1997-01-26 12:18,1.306
1997-01-26 12:24,1.301
1997-01-26 12:30,1.296
1997-01-26 12:36,1.291
1997-01-26 12:42,1.285
1997-01-26 12:48,1.280
1997-01-26 12:54,1.275
1997-01-26 13:00,1.269
1997-01-26 13:06,1.264
1997-01-26 13:12,1.258
1997-01-26 13:18,1.253
1997-01-26 13:24,1.247
1997-01-26 13:30,1.242
1997-01-26 13:36,1.236
1997-01-26 13:42,1.231
1997-01-26 13:48,1.226
1997-01-26 13:54,1.220
1997-01-26 14:00,1.215
1997-01-26 14:06,1.210
1997-01-26 14:12,1.205
1997-01-26 14:18,1.200
1997-01-26 14:24,1.195
1997-01-26 14:30,1.191
1997-01-26 14:36,1.186
1997-01-26 14:42,1.182
1997-01-26 14:48,1.178
1997-01-26 14:54,1.174
1997-01-26 15:00,1.170
1997-01-26 15:06,1.166
1997-01-26 15:12,1.163
1997-01-26 15:18,1.160
1997-01-26 15:24,1.157
1997-01-26 15:30,1.154
1997-01-26 15:36,1.151
1997-01-26 15:42,1.149
1997-01-26 15:48,1.146
1997-01-26 15:54,1.144
1997-01-26 16:00,1.142
1997-01-26 16:06,1.141
1997-01-26 16:12,1.139
1997-01-26 16:18,1.138
1997-01-26 16:24,1.137
1997-01-26 16:30,1.136
1997-01-26 16:36,1.136
1997-01-26 16:42,1.135
1997-01-26 16:48,1.135
1997-01-26 16:54,1.135
1997-01-26 17:00,1.136
1997-01-26 17:06,1.136
1997-01-26 17:12,1.137
1997-01-26 17:18,1.138
1997-01-26 17:24,1.139
1997-01-26 17:30,1.141
1997-01-26 17:36,1.143
1997-01-26 17:42,1.145
1997-01-26 17:48,1.147
1997-01-26 17:54,1.150
1997-01-26 18:00,1.152
1997-01-26 18:06,1.155
1997-01-26 18:12,1.159
1997-01-26 18:18,1.162
1997-01-26 18:24,1.166
1997-01-26 18:30,1.170
1997-01-26 18:36,1.174
1997-01-26 18:42,1.179
1997-01-26 18:48,1.184
1997-01-26 18:54,1.189
1997-01-26 19:00,1.194
1997-01-26 19:06,1.199
1997-01-26 19:12,1.204
1997-01-26 19:18,1.210
1997-01-26 19:24,1.216
1997-01-26 19:30,1.222
1997-01-26 19:36,1.228
1997-01-26 19:42,1.234
1997-01-26 19:48,1.240
1997-01-26 19:54,1.246
1997-01-26 20:00,1.252
1997-01-26 20:06,1.258
1997-01-26 20:12,1.265
1997-01-26 20:18,1.271
1997-01-26 20:24,1.277
1997-01-26 20:30,1.283
1997-01-26 20:36,1.289
1997-01-26 20:42,1.296
1997-01-26 20:48,1.302
1997-01-26 20:54,1.307
1997-01-26 21:00,1.313
1997-01-26 21:06,1.319
1997-01-26 21:12,1.325
1997-01-26 21:18,1.330
1997-01-26 21:24,1.336
1997-01-26 21:30,1.341
1997-01-26 21:36,1.346
1997-01-26 21:42,1.351
1997-01-26 21:48,1.356
1997-01-26 21:54,1.360
1997-01-26 22:00,1.365
1997-01-26 22:06,1.369
1997-01-26 22:12,1.374
1997-01-26 22:18,1.378
1997-01-26 22:24,1.382
1997-01-26 22:30,1.386
1997-01-26 22:36,1.389
1997-01-26 22:42,1.393
1997-01-26 22:48,1.396
1997-01-26 22:54,1.399
1997-01-26 23:00,1.402
1997-01-26 23:06,1.405
1997-01-26 23:12,1.408
1997-01-26 23:18,1.410
1997-01-26 23:24,1.413
1997-01-26 23:30,1.415
1997-01-26 23:36,1.417
1997-01-26 23:42,1.418
1997-01-26 23:48,1.420
1997-01-26 23:54,1.421
1997-01-27 00:00,1.422
1997-01-27 00:06,1.423
1997-01-27 00:12,1.424
1997-01-27 00:18,1.425
1997-01-27 00:24,1.425
1997-01-27 00:30,1.425
1997-01-27 00:36,1.425
1997-01-27 00:42,1.425
1997-01-27 00:48,1.425
1997-01-27 00:54,1.424
1997-01-27 01:00,1.424
1997-01-27 01:06,1.423
1997-01-27 01:12,1.422
1997-01-27 01:18,1.421
1997-01-27 01:24,1.419
1997-01-27 01:30,1.418
1997-01-27 01:36,1.417
1997-01-27 01:42,1.415
1997-01-27 01:48,1.413
1997-01-27 01:54,1.412
1997-01-27 02:00,1.410
1997-01-27 02:06,1.408
1997-01-27 02:12,1.406
1997-01-27 02:18,1.404
1997-01-27 02:24,1.402
1997-01-27 02:30,1.401
1997-01-27 02:36,1.399
1997-01-27 02:42,1.397
1997-01-27 02:48,1.395
1997-01-27 02:54,1.393
1997-01-27 03:00,1.391
1997-01-27 03:06,1.389
1997-01-27 03:12,1.387
1997-01-27 03:18,1.385
1997-01-27 03:24,1.383
1997-01-27 03:30,1.382
1997-01-27 03:36,1.380
1997-01-27 03:42,1.378
1997-01-27 03:48,1.376
1997-01-27 03:54,1.374
1997-01-27 04:00,1.373
1997-01-27 04:06,1.371
1997-01-27 04:12,1.369
1997-01-27 04:18,1.367
1997-01-27 04:24,1.366
1997-01-27 04:30,1.364
1997-01-27 04:36,1.362
1997-01-27 04:42,1.361
1997-01-27 04:48,1.359
1997-01-27 04:54,1.357
1997-01-27 05:00,1.356
1997-01-27 05:06,1.354
1997-01-27 05:12,1.352
1997-01-27 05:18,1.351
1997-01-27 05:24,1.350
1997-01-27 05:30,1.348
1997-01-27 05:36,1.347
1997-01-27 05:42,1.346
1997-01-27 05:48,1.345
1997-01-27 05:54,1.344
1997-01-27 06:00,1.343
1997-01-27 06:06,1.342
1997-01-27 06:12,1.341
1997-01-27 06:18,1.341
1997-01-27 06:24,1.340
1997-01-27 06:30,1.340
1997-01-27 06:36,1.340
1997-01-27 06:42,1.340
1997-01-27 06:48,1.340
1997-01-27 06:54,1.340
1997-01-27 07:00,1.341
1997-01-27 07:06,1.341
1997-01-27 07:12,1.342
1997-01-27 07:18,1.343
1997-01-27 07:24,1.344
1997-01-27 07:30,1.345
1997-01-27 07:36,1.346
1997-01-27 07:42,1.347
1997-01-27 07:48,1.348
1997-01-27 07:54,1.349
1997-01-27 08:00,1.351
1997-01-27 08:06,1.352
1997-01-27 08:12,1.353
1997-01-27 08:18,1.355
1997-01-27 08:24,1.356
1997-01-27 08:30,1.357
1997-01-27 08:36,1.358
1997-01-27 08:42,1.359
1997-01-27 08:48,1.361
1997-01-27 08:54,1.362
1997-01-27 09:00,1.363
1997-01-27 09:06,1.363
1997-01-27 09:12,1.364
1997-01-27 09:18,1.365
1997-01-27 09:24,1.365
1997-01-27 09:30,1.366
1997-01-27 09:36,1.366
1997-01-27 09:42,1.366
1997-01-27 09:48,1.367
1997-01-27 09:54,1.367
1997-01-27 10:00,1.367
1997-01-27 10:06,1.366
1997-01-27 10:12,1.366
1997-01-27 10:18,1.366
1997-01-27 10:24,1.365
1997-01-27 10:30,1.365
1997-01-27 10:36,1.364
1997-01-27 10:42,1.363
1997-01-27 10:48,1.362
1997-01-27 10:54,1.361
1997-01-27 11:00,1.360
1997-01-27 11:06,1.359
1997-01-27 11:12,1.358
1997-01-27 11:18,1.356
1997-01-27 11:24,1.355
1997-01-27 11:30,1.353
1997-01-27 11:36,1.351
1997-01-27 11:42,1.349
1997-01-27 11:48,1.347
1997-01-27 11:54,1.345
1997-01-27 12:00,1.342
1997-01-27 12:06,1.340
1997-01-27 12:12,1.337
1997-01-27 12:18,1.334
1997-01-27 12:24,1.331
1997-01-27 12:30,1.328
1997-01-27 12:36,1.325
1997-01-27 12:42,1.321
1997-01-27 12:48,1.318
1997-01-27 12:54,1.314
1997-01-27 13:00,1.310
1997-01-27 13:06,1.306
1997-01-27 13:12,1.302
1997-01-27 13:18,1.298
1997-01-27 13:24,1.293
1997-01-27 13:30,1.289
1997-01-27 13:36,1.284
1997-01-27 13:42,1.280
1997-01-27 13:48,1.275
1997-01-27 13:54,1.271
1997-01-27 14:00,1.266
1997-01-27 14:06,1.262
1997-01-27 14:12,1.257
1997-01-27 14:18,1.253
1997-01-27 14:24,1.248
1997-01-27 14:30,1.244
1997-01-27 14:36,1.240
1997-01-27 14:42,1.235
1997-01-27 14:48,1.231
1997-01-27 14:54,1.227
1997-01-27 15:00,1.224
1997-01-27 15:06,1.220
1997-01-27 15:12,1.216
1997-01-27 15:18,1.213
1997-01-27 15:24,1.210
1997-01-27 15:30,1.206
1997-01-27 15:36,1.203
1997-01-27 15:42,1.200
1997-01-27 15:48,1.198
1997-01-27 15:54,1.195
1997-01-27 16:00,1.193
1997-01-27 16:06,1.191
1997-01-27 16:12,1.188
1997-01-27 16:18,1.186
1997-01-27 16:24,1.185
1997-01-27 16:30,1.183
1997-01-27 16:36,1.181
1997-01-27 16:42,1.180
1997-01-27 16:48,1.179
1997-01-27 16:54,1.178
1997-01-27 17:00,1.177
1997-01-27 17:06,1.176
1997-01-27 17:12,1.176
1997-01-27 17:18,1.175
1997-01-27 17:24,1.175
1997-01-27 17:30,1.175
1997-01-27 17:36,1.175
1997-01-27 17:42,1.176
1997-01-27 17:48,1.176
1997-01-27 17:54,1.177
1997-01-27 18:00,1.178
1997-01-27 18:06,1.180
1997-01-27 18:12,1.181
1997-01-27 18:18,1.183
1997-01-27 18:24,1.185
1997-01-27 18:30,1.187
1997-01-27 18:36,1.190
1997-01-27 18:42,1.193
1997-01-27 18:48,1.196
1997-01-27 18:54,1.199
1997-01-27 19:00,1.202
1997-01-27 19:06,1.206
1997-01-27 19:12,1.210
1997-01-27 19:18,1.214
1997-01-27 19:24,1.219
1997-01-27 19:30,1.223
1997-01-27 19:36,1.228
1997-01-27 19:42,1.233
1997-01-27 19:48,1.238
1997-01-27 19:54,1.243
1997-01-27 20:00,1.249
1997-01-27 20:06,1.254
1997-01-27 20:12,1.260
1997-01-27 20:18,1.265
1997-01-27 20:24,1.271
1997-01-27 20:30,1.276
1997-01-27 20:36,1.282
1997-01-27 20:42,1.287
1997-01-27 20:48,1.293
1997-01-27 20:54,1.298
1997-01-27 21:00,1.303
1997-01-27 21:06,1.309
1997-01-27 21:12,1.314
1997-01-27 21:18,1.319
1997-01-27 21:24,1.324
1997-01-27 21:30,1.329
1997-01-27 21:36,1.334
1997-01-27 21:42,1.338
1997-01-27 21:48,1.343
1997-01-27 21:54,1.347
1997-01-27 22:00,1.351
1997-01-27 22:06,1.356
1997-01-27 22:12,1.360
1997-01-27 22:18,1.363
1997-01-27 22:24,1.367
1997-01-27 22:30,1.371
1997-01-27 22:36,1.374
1997-01-27 22:42,1.378
1997-01-27 22:48,1.381
1997-01-27 22:54,1.384
1997-01-27 23:00,1.387
1997-01-27 23:06,1.390
1997-01-27 23:12,1.393
1997-01-27 23:18,1.395
1997-01-27 23:24,1.398
1997-01-27 23:30,1.400
1997-01-27 23:36,1.402
1997-01-27 23:42,1.404
1997-01-27 23:48,1.406
1997-01-27 23:54,1.407
1997-01-28 00:00,1.409
1997-01-28 00:06,1.410
1997-01-28 00:12,1.411
1997-01-28 00:18,1.412
1997-01-28 00:24,1.413
1997-01-28 00:30,1.414
1997-01-28 00:36,1.414
1997-01-28 00:42,1.414
1997-01-28 00:48,1.414
1997-01-28 00:54,1.414
1997-01-28 01:00,1.413
1997-01-28 01:06,1.413
1997-01-28 01:12,1.412
1997-01-28 01:18,1.411
1997-01-28 01:24,1.410
1997-01-28 01:30,1.408
1997-01-28 01:36,1.407
1997-01-28 01:42,1.405
1997-01-28 01:48,1.404
1997-01-28 01:54,1.402
1997-01-28 02:00,1.400
1997-01-28 02:06,1.398
1997-01-28 02:12,1.395
1997-01-28 02:18,1.393
1997-01-28 02:24,1.391
1997-01-28 02:30,1.389
1997-01-28 02:36,1.386
1997-01-28 02:42,1.384
1997-01-28 02:48,1.381
1997-01-28 02:54,1.379
1997-01-28 03:00,1.376
1997-01-28 03:06,1.374
1997-01-28 03:12,1.372
1997-01-28 03:18,1.369
1997-01-28 03:24,1.367
1997-01-28 03:30,1.365
1997-01-28 03:36,1.362
1997-01-28 03:42,1.360
1997-01-28 03:48,1.358
1997-01-28 03:54,1.355
1997-01-28 04:00,1.353
1997-01-28 04:06,1.351
1997-01-28 04:12,1.349
1997-01-28 04:18,1.347
1997-01-28 04:24,1.344
1997-01-28 04:30,1.342
1997-01-28 04:36,1.340
1997-01-28 04:42,1.338
1997-01-28 04:48,1.336
1997-01-28 04:54,1.334
1997-01-28 05:00,1.331
1997-01-28 05:06,1.329
1997-01-28 05:12,1.327
1997-01-28 05:18,1.325
1997-01-28 05:24,1.323
1997-01-28 05:30,1.321
1997-01-28 05:36,1.319
1997-01-28 05:42,1.318
1997-01-28 05:48,1.316
1997-01-28 05:54,1.314
1997-01-28 06:00,1.312
1997-01-28 06:06,1.311
1997-01-28 06:12,1.310
1997-01-28 06:18,1.308
1997-01-28 06:24,1.307
1997-01-28 06:30,1.306
1997-01-28 06:36,1.305
1997-01-28 06:42,1.305
1997-01-28 06:48,1.304
1997-01-28 06:54,1.304
1997-01-28 07:00,1.304
1997-01-28 07:06,1.304
1997-01-28 07:12,1.304
1997-01-28 07:18,1.304
1997-01-28 07:24,1.305
1997-01-28 07:30,1.306
1997-01-28 07:36,1.307
1997-01-28 07:42,1.308
1997-01-28 07:48,1.309
1997-01-28 07:54,1.310
1997-01-28 08:00,1.311
1997-01-28 08:06,1.313
1997-01-28 08:12,1.314
1997-01-28 08:18,1.316
1997-01-28 08:24,1.318
1997-01-28 08:30,1.320
1997-01-28 08:36,1.321
1997-01-28 08:42,1.323
1997-01-28 08:48,1.325
1997-01-28 08:54,1.327
1997-01-28 09:00,1.328
1997-01-28 09:06,1.330
1997-01-28 09:12,1.332
1997-01-28 09:18,1.333
1997-01-28 09:24,1.335
1997-01-28 09:30,1.336
1997-01-28 09:36,1.338
1997-01-28 09:42,1.339
1997-01-28 09:48,1.340
1997-01-28 09:54,1.341
1997-01-28 10:00,1.342
1997-01-28 10:06,1.343
1997-01-28 10:12,1.344
1997-01-28 10:18,1.345
1997-01-28 10:24,1.346
1997-01-28 10:30,1.347
1997-01-28 10:36,1.347
1997-01-28 10:42,1.348
1997-01-28 10:48,1.348
1997-01-28 10:54,1.348
1997-01-28 11:00,1.349
1997-01-28 11:06,1.349
1997-01-28 11:12,1.349
1997-01-28 11:18,1.349
1997-01-28 11:24,1.349
1997-01-28 11:30,1.349
1997-01-28 11:36,1.349
1997-01-28 11:42,1.349
1997-01-28 11:48,1.348
1997-01-28 11:54,1.348
1997-01-28 12:00,1.347
1997-01-28 12:06,1.347
1997-01-28 12:12,1.346
1997-01-28 12:18,1.345
1997-01-28 12:24,1.344
1997-01-28 12:30,1.343
1997-01-28 12:36,1.341
1997-01-28 12:42,1.340
1997-01-28 12:48,1.338
1997-01-28 12:54,1.337
1997-01-28 13:00,1.335
1997-01-28 13:06,1.333
1997-01-28 13:12,1.330
1997-01-28 13:18,1.328
1997-01-28 13:24,1.326
1997-01-28 13:30,1.323
1997-01-28 13:36,1.320
1997-01-28 13:42,1.318
1997-01-28 13:48,1.315
1997-01-28 13:54,1.312
1997-01-28 14:00,1.308
1997-01-28 14:06,1.305
1997-01-28 14:12,1.302
1997-01-28 14:18,1.299
1997-01-28 14:24,1.295
1997-01-28 14:30,1.292
1997-01-28 14:36,1.289
1997-01-28 14:42,1.285
1997-01-28 14:48,1.282
1997-01-28 14:54,1.279
1997-01-28 15:00,1.276
1997-01-28 15:06,1.272
1997-01-28 15:12,1.269
1997-01-28 15:18,1.266
1997-01-28 15:24,1.263
1997-01-28 15:30,1.260
1997-01-28 15:36,1.258
1997-01-28 15:42,1.255
1997-01-28 15:48,1.252
1997-01-28 15:54,1.250
1997-01-28 16:00,1.247
1997-01-28 16:06,1.245
1997-01-28 16:12,1.243
1997-01-28 16:18,1.241
1997-01-28 16:24,1.238
1997-01-28 16:30,1.237
1997-01-28 16:36,1.235
1997-01-28 16:42,1.233
1997-01-28 16:48,1.231
1997-01-28 16:54,1.230
1997-01-28 17:00,1.228
1997-01-28 17:06,1.227
1997-01-28 17:12,1.226
1997-01-28 17:18,1.225
1997-01-28 17:24,1.224
1997-01-28 17:30,1.223
1997-01-28 17:36,1.222
1997-01-28 17:42,1.221
1997-01-28 17:48,1.221
1997-01-28 17:54,1.220
1997-01-28 18:00,1.220
1997-01-28 18:06,1.220
1997-01-28 18:12,1.220
1997-01-28 18:18,1.221
1997-01-28 18:24,1.221
1997-01-28 18:30,1.222
1997-01-28 18:36,1.223
1997-01-28 18:42,1.224
1997-01-28 18:48,1.225
1997-01-28 18:54,1.227
1997-01-28 19:00,1.229
1997-01-28 19:06,1.231
1997-01-28 19:12,1.233
1997-01-28 19:18,1.236
1997-01-28 19:24,1.238
1997-01-28 19:30,1.241
1997-01-28 19:36,1.244
1997-01-28 19:42,1.248
1997-01-28 19:48,1.251
1997-01-28 19:54,1.255
1997-01-28 20:00,1.259
1997-01-28 20:06,1.263
1997-01-28 20:12,1.267
1997-01-28 20:18,1.271
1997-01-28 20:24,1.276
1997-01-28 20:30,1.280
1997-01-28 20:36,1.285
1997-01-28 20:42,1.289
1997-01-28 20:48,1.294
1997-01-28 20:54,1.298
1997-01-28 21:00,1.303
1997-01-28 21:06,1.308
1997-01-28 21:12,1.312
1997-01-28 21:18,1.317
1997-01-28 21:24,1.321
1997-01-28 21:30,1.326
1997-01-28 21:36,1.330
1997-01-28 21:42,1.334
1997-01-28 21:48,1.338
1997-01-28 21:54,1.342
1997-01-28 22:00,1.346
1997-01-28 22:06,1.350
1997-01-28 22:12,1.353
1997-01-28 22:18,1.357
1997-01-28 22:24,1.360
1997-01-28 22:30,1.364
1997-01-28 22:36,1.367
1997-01-28 22:42,1.370
1997-01-28 22:48,1.373
1997-01-28 22:54,1.376
1997-01-28 23:00,1.378
1997-01-28 23:06,1.381
1997-01-28 23:12,1.383
1997-01-28 23:18,1.386
1997-01-28 23:24,1.388
1997-01-28 23:30,1.390
1997-01-28 23:36,1.392
1997-01-28 23:42,1.394
1997-01-28 23:48,1.396
1997-01-28 23:54,1.397
1997-01-29 00:00,1.399
1997-01-29 00:06,1.400
1997-01-29 00:12,1.401
1997-01-29 00:18,1.402
1997-01-29 00:24,1.403
1997-01-29 00:30,1.404
1997-01-29 00:36,1.404
1997-01-29 00:42,1.405
1997-01-29 00:48,1.405
1997-01-29 00:54,1.405
1997-01-29 01:00,1.405
1997-01-29 01:06,1.404
1997-01-29 01:12,1.404
1997-01-29 01:18,1.403
1997-01-29 01:24,1.402
1997-01-29 01:30,1.401
1997-01-29 01:36,1.400
1997-01-29 01:42,1.399
1997-01-29 01:48,1.397
1997-01-29 01:54,1.395
1997-01-29 02:00,1.393
1997-01-29 02:06,1.391
1997-01-29 02:12,1.389
1997-01-29 02:18,1.387
1997-01-29 02:24,1.385
1997-01-29 02:30,1.382
1997-01-29 02:36,1.379
1997-01-29 02:42,1.377
1997-01-29 02:48,1.374
1997-01-29 02:54,1.371
1997-01-29 03:00,1.368
1997-01-29 03:06,1.365
1997-01-29 03:12,1.363
1997-01-29 03:18,1.360
1997-01-29 03:24,1.357
1997-01-29 03:30,1.354
1997-01-29 03:36,1.351
1997-01-29 03:42,1.348
1997-01-29 03:48,1.345
1997-01-29 03:54,1.342
1997-01-29 04:00,1.339
1997-01-29 04:06,1.336
1997-01-29 04:12,1.333
1997-01-29 04:18,1.330
1997-01-29 04:24,1.327
1997-01-29 04:30,1.324
1997-01-29 04:36,1.322
1997-01-29 04:42,1.319
1997-01-29 04:48,1.316
1997-01-29 04:54,1.313
1997-01-29 05:00,1.310
1997-01-29 05:06,1.308
1997-01-29 05:12,1.305
1997-01-29 05:18,1.302
1997-01-29 05:24,1.300
1997-01-29 05:30,1.297
1997-01-29 05:36,1.294
1997-01-29 05:42,1.292
1997-01-29 05:48,1.289
1997-01-29 05:54,1.287
1997-01-29 06:00,1.285
1997-01-29 06:06,1.282
1997-01-29 06:12,1.280
1997-01-29 06:18,1.278
1997-01-29 06:24,1.276
1997-01-29 06:30,1.274
1997-01-29 06:36,1.273
1997-01-29 06:42,1.271
1997-01-29 06:48,1.270
1997-01-29 06:54,1.268
1997-01-29 07:00,1.267
1997-01-29 07:06,1.267
1997-01-29 07:12,1.266
1997-01-29 07:18,1.265
1997-01-29 07:24,1.265
1997-01-29 07:30,1.265
1997-01-29 07:36,1.265
1997-01-29 07:42,1.265
1997-01-29 07:48,1.266
1997-01-29 07:54,1.266
1997-01-29 08:00,1.267
1997-01-29 08:06,1.268
1997-01-29 08:12,1.269
1997-01-29 08:18,1.270
1997-01-29 08:24,1.272
1997-01-29 08:30,1.273
1997-01-29 08:36,1.275
1997-01-29 08:42,1.277
1997-01-29 08:48,1.278
1997-01-29 08:54,1.280
1997-01-29 09:00,1.282
1997-01-29 09:06,1.284
1997-01-29 09:12,1.286
1997-01-29 09:18,1.289
1997-01-29 09:24,1.291
1997-01-29 09:30,1.293
1997-01-29 09:36,1.295
1997-01-29 09:42,1.297
1997-01-29 09:48,1.299
1997-01-29 09:54,1.301
1997-01-29 10:00,1.303
1997-01-29 10:06,1.305
1997-01-29 10:12,1.307
1997-01-29 10:18,1.309
1997-01-29 10:24,1.311
1997-01-29 10:30,1.313
1997-01-29 10:36,1.315
1997-01-29 10:42,1.317
1997-01-29 10:48,1.318
1997-01-29 10:54,1.320
1997-01-29 11:00,1.321
1997-01-29 11:06,1.323
1997-01-29 11:12,1.325
1997-01-29 11:18,1.326
1997-01-29 11:24,1.327
1997-01-29 11:30,1.329
1997-01-29 11:36,1.330
1997-01-29 11:42,1.331
1997-01-29 11:48,1.332
1997-01-29 11:54,1.334
1997-01-29 12:00,1.335
1997-01-29 12:06,1.336
1997-01-29 12:12,1.336
1997-01-29 12:18,1.337
1997-01-29 12:24,1.338
1997-01-29 12:30,1.339
1997-01-29 12:36,1.339
1997-01-29 12:42,1.340
1997-01-29 12:48,1.340
1997-01-29 12:54,1.340
1997-01-29 13:00,1.340
1997-01-29 13:06,1.340
1997-01-29 13:12,1.340
1997-01-29 13:18,1.340
1997-01-29 13:24,1.340
1997-01-29 13:30,1.339
1997-01-29 13:36,1.338
1997-01-29 13:42,1.338
1997-01-29 13:48,1.337
1997-01-29 13:54,1.336
1997-01-29 14:00,1.335
1997-01-29 14:06,1.334
1997-01-29 14:12,1.332
1997-01-29 14:18,1.331
1997-01-29 14:24,1.329
1997-01-29 14:30,1.328
1997-01-29 14:36,1.326
1997-01-29 14:42,1.324
1997-01-29 14:48,1.323
1997-01-29 14:54,1.321
1997-01-29 15:00,1.319
1997-01-29 15:06,1.317
1997-01-29 15:12,1.315
1997-01-29 15:18,1.313
1997-01-29 15:24,1.311
1997-01-29 15:30,1.309
1997-01-29 15:36,1.307
1997-01-29 15:42,1.306
1997-01-29 15:48,1.304
1997-01-29 15:54,1.302
1997-01-29 16:00,1.300
1997-01-29 16:06,1.298
1997-01-29 16:12,1.296
1997-01-29 16:18,1.294
1997-01-29 16:24,1.293
1997-01-29 16:30,1.291
1997-01-29 16:36,1.289
1997-01-29 16:42,1.288
1997-01-29 16:48,1.286
1997-01-29 16:54,1.285
1997-01-29 17:00,1.283
1997-01-29 17:06,1.282
1997-01-29 17:12,1.280
1997-01-29 17:18,1.279
1997-01-29 17:24,1.278
1997-01-29 17:30,1.277
1997-01-29 17:36,1.276
1997-01-29 17:42,1.275
1997-01-29 17:48,1.274
1997-01-29 17:54,1.273
1997-01-29 18:00,1.272
1997-01-29 18:06,1.271
1997-01-29 18:12,1.271
1997-01-29 18:18,1.270
1997-01-29 18:24,1.270
1997-01-29 18:30,1.270
1997-01-29 18:36,1.270
1997-01-29 18:42,1.270
1997-01-29 18:48,1.270
1997-01-29 18:54,1.270
1997-01-29 19:00,1.271
1997-01-29 19:06,1.272
1997-01-29 19:12,1.272
1997-01-29 19:18,1.274
1997-01-29 19:24,1.275
1997-01-29 19:30,1.276
1997-01-29 19:36,1.278
1997-01-29 19:42,1.279
1997-01-29 19:48,1.281
1997-01-29 19:54,1.283
1997-01-29 20:00,1.286
1997-01-29 20:06,1.288
1997-01-29 20:12,1.291
1997-01-29 20:18,1.293
1997-01-29 20:24,1.296
1997-01-29 20:30,1.299
1997-01-29 20:36,1.302
1997-01-29 20:42,1.305
1997-01-29 20:48,1.308
1997-01-29 20:54,1.312
1997-01-29 21:00,1.315
1997-01-29 21:06,1.318
1997-01-29 21:12,1.322
1997-01-29 21:18,1.325
1997-01-29 21:24,1.329
1997-01-29 21:30,1.332
1997-01-29 21:36,1.336
1997-01-29 21:42,1.339
1997-01-29 21:48,1.343
1997-01-29 21:54,1.346
1997-01-29 22:00,1.349
1997-01-29 22:06,1.352
1997-01-29 22:12,1.356
1997-01-29 22:18,1.359
1997-01-29 22:24,1.362
1997-01-29 22:30,1.365
1997-01-29 22:36,1.367
1997-01-29 22:42,1.370
1997-01-29 22:48,1.373
1997-01-29 22:54,1.375
1997-01-29 23:00,1.378
1997-01-29 23:06,1.380
1997-01-29 23:12,1.382
1997-01-29 23:18,1.384
1997-01-29 23:24,1.386
1997-01-29 23:30,1.388
1997-01-29 23:36,1.390
1997-01-29 23:42,1.391
1997-01-29 23:48,1.393
1997-01-29 23:54,1.394
1997-01-30 00:00,1.395
1997-01-30 00:06,1.396
1997-01-30 00:12,1.397
1997-01-30 00:18,1.398
1997-01-30 00:24,1.399
1997-01-30 00:30,1.400
1997-01-30 00:36,1.400
1997-01-30 00:42,1.400
1997-01-30 00:48,1.400
1997-01-30 00:54,1.400
1997-01-30 01:00,1.400
1997-01-30 01:06,1.400
1997-01-30 01:12,1.400
1997-01-30 01:18,1.399
1997-01-30 01:24,1.398
1997-01-30 01:30,1.397
1997-01-30 01:36,1.396
1997-01-30 01:42,1.395
1997-01-30 01:48,1.394
1997-01-30 01:54,1.392
1997-01-30 02:00,1.390
1997-01-30 02:06,1.389
1997-01-30 02:12,1.387
1997-01-30 02:18,1.385
1997-01-30 02:24,1.382
1997-01-30 02:30,1.380
1997-01-30 02:36,1.377
1997-01-30 02:42,1.375
1997-01-30 02:48,1.372
1997-01-30 02:54,1.369
1997-01-30 03:00,1.366
1997-01-30 03:06,1.363
1997-01-30 03:12,1.360
1997-01-30 03:18,1.357
1997-01-30 03:24,1.354
1997-01-30 03:30,1.351
1997-01-30 03:36,1.347
1997-01-30 03:42,1.344
1997-01-30 03:48,1.340
1997-01-30 03:54,1.337
1997-01-30 04:00,1.333
1997-01-30 04:06,1.330
1997-01-30 04:12,1.326
1997-01-30 04:18,1.322
1997-01-30 04:24,1.319
1997-01-30 04:30,1.315
1997-01-30 04:36,1.311
1997-01-30 04:42,1.308
1997-01-30 04:48,1.304
1997-01-30 04:54,1.300
1997-01-30 05:00,1.297
1997-01-30 05:06,1.293
1997-01-30 05:12,1.289
1997-01-30 05:18,1.286
1997-01-30 05:24,1.282
1997-01-30 05:30,1.279
1997-01-30 05:36,1.275
1997-01-30 05:42,1.272
1997-01-30 05:48,1.268
1997-01-30 05:54,1.265
1997-01-30 06:00,1.262
1997-01-30 06:06,1.259
1997-01-30 06:12,1.256
1997-01-30 06:18,1.253
1997-01-30 06:24,1.250
1997-01-30 06:30,1.247
1997-01-30 06:36,1.244
1997-01-30 06:42,1.242
1997-01-30 06:48,1.240
1997-01-30 06:54,1.237
1997-01-30 07:00,1.235
1997-01-30 07:06,1.233
1997-01-30 07:12,1.232
1997-01-30 07:18,1.230
1997-01-30 07:24,1.229
1997-01-30 07:30,1.227
1997-01-30 07:36,1.226
1997-01-30 07:42,1.225
1997-01-30 07:48,1.225
1997-01-30 07:54,1.224
1997-01-30 08:00,1.224
1997-01-30 08:06,1.224
1997-01-30 08:12,1.224
1997-01-30 08:18,1.224
1997-01-30 08:24,1.224
1997-01-30 08:30,1.225
1997-01-30 08:36,1.226
1997-01-30 08:42,1.227
1997-01-30 08:48,1.228
1997-01-30 08:54,1.229
1997-01-30 09:00,1.230
1997-01-30 09:06,1.232
1997-01-30 09:12,1.234
1997-01-30 09:18,1.235
1997-01-30 09:24,1.237
1997-01-30 09:30,1.239
1997-01-30 09:36,1.241
1997-01-30 09:42,1.244
1997-01-30 09:48,1.246
1997-01-30 09:54,1.248
1997-01-30 10:00,1.251
1997-01-30 10:06,1.253
1997-01-30 10:12,1.256
1997-01-30 10:18,1.258
1997-01-30 10:24,1.261
1997-01-30 10:30,1.264
1997-01-30 10:36,1.266
1997-01-30 10:42,1.269
1997-01-30 10:48,1.272
1997-01-30 10:54,1.275
1997-01-30 11:00,1.277
1997-01-30 11:06,1.280
1997-01-30 11:12,1.283
1997-01-30 11:18,1.286
1997-01-30 11:24,1.288
1997-01-30 11:30,1.291
1997-01-30 11:36,1.294
1997-01-30 11:42,1.296
1997-01-30 11:48,1.299
1997-01-30 11:54,1.302
1997-01-30 12:00,1.304
1997-01-30 12:06,1.307
1997-01-30 12:12,1.309
1997-01-30 12:18,1.311
1997-01-30 12:24,1.314
1997-01-30 12:30,1.316
1997-01-30 12:36,1.318
1997-01-30 12:42,1.320
1997-01-30 12:48,1.322
1997-01-30 12:54,1.324
1997-01-30 13:00,1.326
1997-01-30 13:06,1.328
1997-01-30 13:12,1.330
1997-01-30 13:18,1.331
1997-01-30 13:24,1.333
1997-01-30 13:30,1.335
1997-01-30 13:36,1.336
1997-01-30 13:42,1.337
1997-01-30 13:48,1.339
1997-01-30 13:54,1.340
1997-01-30 14:00,1.341
1997-01-30 14:06,1.342
1997-01-30 14:12,1.343
1997-01-30 14:18,1.343
1997-01-30 14:24,1.344
1997-01-30 14:30,1.345
1997-01-30 14:36,1.345
1997-01-30 14:42,1.346
1997-01-30 14:48,1.346
1997-01-30 14:54,1.346
1997-01-30 15:00,1.346
1997-01-30 15:06,1.346
1997-01-30 15:12,1.346
1997-01-30 15:18,1.346
1997-01-30 15:24,1.346
1997-01-30 15:30,1.346
1997-01-30 15:36,1.346
1997-01-30 15:42,1.345
1997-01-30 15:48,1.345
1997-01-30 15:54,1.344
1997-01-30 16:00,1.344
1997-01-30 16:06,1.343
1997-01-30 16:12,1.342
1997-01-30 16:18,1.342
1997-01-30 16:24,1.341
1997-01-30 16:30,1.340
1997-01-30 16:36,1.339
1997-01-30 16:42,1.338
1997-01-30 16:48,1.337
1997-01-30 16:54,1.336
1997-01-30 17:00,1.336
1997-01-30 17:06,1.335
1997-01-30 17:12,1.334
1997-01-30 17:18,1.333
1997-01-30 17:24,1.332
1997-01-30 17:30,1.331
1997-01-30 17:36,1.330
1997-01-30 17:42,1.329
1997-01-30 17:48,1.328
1997-01-30 17:54,1.327
1997-01-30 18:00,1.326
1997-01-30 18:06,1.326
1997-01-30 18:12,1.325
1997-01-30 18:18,1.324
1997-01-30 18:24,1.324
1997-01-30 18:30,1.323
1997-01-30 18:36,1.323
1997-01-30 18:42,1.323
1997-01-30 18:48,1.322
1997-01-30 18:54,1.322
1997-01-30 19:00,1.322
1997-01-30 19:06,1.322
1997-01-30 19:12,1.323
1997-01-30 19:18,1.323
1997-01-30 19:24,1.323
1997-01-30 19:30,1.324
1997-01-30 19:36,1.324
1997-01-30 19:42,1.325
1997-01-30 19:48,1.326
1997-01-30 19:54,1.326
1997-01-30 20:00,1.327
1997-01-30 20:06,1.328
1997-01-30 20:12,1.330
1997-01-30 20:18,1.331
1997-01-30 20:24,1.332
1997-01-30 20:30,1.334
1997-01-30 20:36,1.335
1997-01-30 20:42,1.337
1997-01-30 20:48,1.339
1997-01-30 20:54,1.340
1997-01-30 21:00,1.342
1997-01-30 21:06,1.344
1997-01-30 21:12,1.346
1997-01-30 21:18,1.348
1997-01-30 21:24,1.350
1997-01-30 21:30,1.352
1997-01-30 21:36,1.354
1997-01-30 21:42,1.357
1997-01-30 21:48,1.359
1997-01-30 21:54,1.361
1997-01-30 22:00,1.363
1997-01-30 22:06,1.366
1997-01-30 22:12,1.368
1997-01-30 22:18,1.370
1997-01-30 22:24,1.372
1997-01-30 22:30,1.374
1997-01-30 22:36,1.377
1997-01-30 22:42,1.379
1997-01-30 22:48,1.381
1997-01-30 22:54,1.383
1997-01-30 23:00,1.385
1997-01-30 23:06,1.387
1997-01-30 23:12,1.389
1997-01-30 23:18,1.390
1997-01-30 23:24,1.392
1997-01-30 23:30,1.394
1997-01-30 23:36,1.395
1997-01-30 23:42,1.397
1997-01-30 23:48,1.398
1997-01-30 23:54,1.399
1997-01-31 00:00,1.400
1997-01-31 00:06,1.401
1997-01-31 00:12,1.402
1997-01-31 00:18,1.402
1997-01-31 00:24,1.403
1997-01-31 00:30,1.403
1997-01-31 00:36,1.403
1997-01-31 00:42,1.404
1997-01-31 00:48,1.403
1997-01-31 00:54,1.403
1997-01-31 01:00,1.403
1997-01-31 01:06,1.403
1997-01-31 01:12,1.402
1997-01-31 01:18,1.401
1997-01-31 01:24,1.400
1997-01-31 01:30,1.399
1997-01-31 01:36,1.398
1997-01-31 01:42,1.397
1997-01-31 01:48,1.396
1997-01-31 01:54,1.394
1997-01-31 02:00,1.393
1997-01-31 02:06,1.391
1997-01-31 02:12,1.389
1997-01-31 02:18,1.387
1997-01-31 02:24,1.385
1997-01-31 02:30,1.383
1997-01-31 02:36,1.381
1997-01-31 02:42,1.378
1997-01-31 02:48,1.376
1997-01-31 02:54,1.373
1997-01-31 03:00,1.370
1997-01-31 03:06,1.368
1997-01-31 03:12,1.365
1997-01-31 03:18,1.362
1997-01-31 03:24,1.358
1997-01-31 03:30,1.355
1997-01-31 03:36,1.352
1997-01-31 03:42,1.348
1997-01-31 03:48,1.345
1997-01-31 03:54,1.341
1997-01-31 04:00,1.337
1997-01-31 04:06,1.333
1997-01-31 04:12,1.329
1997-01-31 04:18,1.325
1997-01-31 04:24,1.321
1997-01-31 04:30,1.317
1997-01-31 04:36,1.312
1997-01-31 04:42,1.308
1997-01-31 04:48,1.304
1997-01-31 04:54,1.299
1997-01-31 05:00,1.295
1997-01-31 05:06,1.290
1997-01-31 05:12,1.285
1997-01-31 05:18,1.281
1997-01-31 05:24,1.276
1997-01-31 05:30,1.272
1997-01-31 05:36,1.267
1997-01-31 05:42,1.263
1997-01-31 05:48,1.258
1997-01-31 05:54,1.254
1997-01-31 06:00,1.250
1997-01-31 06:06,1.245
1997-01-31 06:12,1.241
1997-01-31 06:18,1.237
1997-01-31 06:24,1.233
1997-01-31 06:30,1.229
1997-01-31 06:36,1.225
1997-01-31 06:42,1.222
1997-01-31 06:48,1.218
1997-01-31 06:54,1.215
1997-01-31 07:00,1.212
1997-01-31 07:06,1.208
1997-01-31 07:12,1.205
1997-01-31 07:18,1.203
1997-01-31 07:24,1.200
1997-01-31 07:30,1.198
1997-01-31 07:36,1.195
1997-01-31 07:42,1.193
1997-01-31 07:48,1.191
1997-01-31 07:54,1.189
1997-01-31 08:00,1.188
1997-01-31 08:06,1.186
1997-01-31 08:12,1.185
1997-01-31 08:18,1.184
1997-01-31 08:24,1.183
1997-01-31 08:30,1.182
1997-01-31 08:36,1.181
1997-01-31 08:42,1.181
1997-01-31 08:48,1.181
1997-01-31 08:54,1.181
1997-01-31 09:00,1.181
1997-01-31 09:06,1.181
1997-01-31 09:12,1.181
1997-01-31 09:18,1.182
1997-01-31 09:24,1.183
1997-01-31 09:30,1.184
1997-01-31 09:36,1.185
1997-01-31 09:42,1.186
1997-01-31 09:48,1.188
1997-01-31 09:54,1.189
1997-01-31 10:00,1.191
1997-01-31 10:06,1.193
1997-01-31 10:12,1.195
1997-01-31 10:18,1.198
1997-01-31 10:24,1.200
1997-01-31 10:30,1.203
1997-01-31 10:36,1.206
1997-01-31 10:42,1.208
1997-01-31 10:48,1.212
1997-01-31 10:54,1.215
1997-01-31 11:00,1.218
1997-01-31 11:06,1.221
1997-01-31 11:12,1.225
1997-01-31 11:18,1.228
1997-01-31 11:24,1.232
1997-01-31 11:30,1.236
1997-01-31 11:36,1.239
1997-01-31 11:42,1.243
1997-01-31 11:48,1.247
1997-01-31 11:54,1.251
1997-01-31 12:00,1.254
1997-01-31 12:06,1.258
1997-01-31 12:12,1.262
1997-01-31 12:18,1.266
1997-01-31 12:24,1.270
1997-01-31 12:30,1.273
1997-01-31 12:36,1.277
1997-01-31 12:42,1.281
1997-01-31 12:48,1.284
1997-01-31 12:54,1.288
1997-01-31 13:00,1.291
1997-01-31 13:06,1.295
1997-01-31 13:12,1.298
1997-01-31 13:18,1.302
1997-01-31 13:24,1.305
1997-01-31 13:30,1.308
1997-01-31 13:36,1.312
1997-01-31 13:42,1.315
1997-01-31 13:48,1.318
1997-01-31 13:54,1.321
1997-01-31 14:00,1.324
1997-01-31 14:06,1.327
1997-01-31 14:12,1.330
1997-01-31 14:18,1.333
1997-01-31 14:24,1.336
1997-01-31 14:30,1.339
1997-01-31 14:36,1.341
1997-01-31 14:42,1.344
1997-01-31 14:48,1.346
1997-01-31 14:54,1.349
1997-01-31 15:00,1.351
1997-01-31 15:06,1.354
1997-01-31 15:12,1.356
1997-01-31 15:18,1.358
1997-01-31 15:24,1.360
1997-01-31 15:30,1.362
1997-01-31 15:36,1.364
1997-01-31 15:42,1.366
1997-01-31 15:48,1.368
1997-01-31 15:54,1.369
1997-01-31 16:00,1.371
1997-01-31 16:06,1.372
1997-01-31 16:12,1.373
1997-01-31 16:18,1.374
1997-01-31 16:24,1.375
1997-01-31 16:30,1.376
1997-01-31 16:36,1.377
1997-01-31 16:42,1.377
1997-01-31 16:48,1.378
1997-01-31 16:54,1.378
1997-01-31 17:00,1.378
1997-01-31 17:06,1.379
1997-01-31 17:12,1.379
1997-01-31 17:18,1.379
1997-01-31 17:24,1.379
1997-01-31 17:30,1.378
1997-01-31 17:36,1.378
1997-01-31 17:42,1.378
1997-01-31 17:48,1.378
1997-01-31 17:54,1.377
1997-01-31 18:00,1.377
1997-01-31 18:06,1.377
1997-01-31 18:12,1.377
1997-01-31 18:18,1.376
1997-01-31 18:24,1.376
1997-01-31 18:30,1.376
1997-01-31 18:36,1.376
1997-01-31 18:42,1.375
1997-01-31 18:48,1.375
1997-01-31 18:54,1.375
1997-01-31 19:00,1.375
1997-01-31 19:06,1.375
1997-01-31 19:12,1.375
1997-01-31 19:18,1.375
1997-01-31 19:24,1.375
1997-01-31 19:30,1.376
1997-01-31 19:36,1.376
1997-01-31 19:42,1.376
1997-01-31 19:48,1.376
1997-01-31 19:54,1.377
1997-01-31 20:00,1.377
1997-01-31 20:06,1.378
1997-01-31 20:12,1.378
1997-01-31 20:18,1.379
1997-01-31 20:24,1.379
1997-01-31 20:30,1.380
1997-01-31 20:36,1.380
1997-01-31 20:42,1.381
1997-01-31 20:48,1.381
1997-01-31 20:54,1.382
1997-01-31 21:00,1.383
1997-01-31 21:06,1.383
1997-01-31 21:12,1.384
1997-01-31 21:18,1.385
1997-01-31 21:24,1.386
1997-01-31 21:30,1.386
1997-01-31 21:36,1.387
1997-01-31 21:42,1.388
1997-01-31 21:48,1.389
1997-01-31 21:54,1.390
1997-01-31 22:00,1.391
1997-01-31 22:06,1.392
1997-01-31 22:12,1.393
1997-01-31 22:18,1.394
1997-01-31 22:24,1.395
1997-01-31 22:30,1.396
1997-01-31 22:36,1.397
1997-01-31 22:42,1.398
1997-01-31 22:48,1.399
1997-01-31 22:54,1.400
1997-01-31 23:00,1.402
1997-01-31 23:06,1.403
1997-01-31 23:12,1.404
1997-01-31 23:18,1.405
1997-01-31 23:24,1.406
1997-01-31 23:30,1.408
1997-01-31 23:36,1.409
1997-01-31 23:42,1.410
1997-01-31 23:48,1.411
1997-01-31 23:54,1.411
1997-02-01 00:00,1.412
1997-02-01 00:06,1.413
1997-02-01 00:12,1.414
1997-02-01 00:18,1.414
1997-02-01 00:24,1.415
1997-02-01 00:30,1.415
1997-02-01 00:36,1.415
1997-02-01 00:42,1.415
1997-02-01 00:48,1.415
1997-02-01 00:54,1.415
1997-02-01 01:00,1.414
1997-02-01 01:06,1.414
1997-02-01 01:12,1.413
1997-02-01 01:18,1.412
1997-02-01 01:24,1.411
1997-02-01 01:30,1.410
1997-02-01 01:36,1.409
1997-02-01 01:42,1.408
1997-02-01 01:48,1.406
1997-02-01 01:54,1.405
1997-02-01 02:00,1.403
1997-02-01 02:06,1.402
1997-02-01 02:12,1.400
1997-02-01 02:18,1.398
1997-02-01 02:24,1.396
1997-02-01 02:30,1.394
1997-02-01 02:36,1.392
1997-02-01 02:42,1.389
1997-02-01 02:48,1.387
1997-02-01 02:54,1.384
1997-02-01 03:00,1.382
1997-02-01 03:06,1.379
1997-02-01 03:12,1.376
1997-02-01 03:18,1.374
1997-02-01 03:24,1.371
1997-02-01 03:30,1.368
1997-02-01 03:36,1.364
1997-02-01 03:42,1.361
1997-02-01 03:48,1.358
1997-02-01 03:54,1.354
1997-02-01 04:00,1.350
1997-02-01 04:06,1.347
1997-02-01 04:12,1.343
1997-02-01 04:18,1.339
1997-02-01 04:24,1.334
1997-02-01 04:30,1.330
1997-02-01 04:36,1.326
1997-02-01 04:42,1.321
1997-02-01 04:48,1.316
1997-02-01 04:54,1.311
1997-02-01 05:00,1.306
1997-02-01 05:06,1.301
1997-02-01 05:12,1.296
1997-02-01 05:18,1.291
1997-02-01 05:24,1.286
1997-02-01 05:30,1.280
1997-02-01 05:36,1.275
1997-02-01 05:42,1.269
1997-02-01 05:48,1.264
1997-02-01 05:54,1.258
1997-02-01 06:00,1.253
1997-02-01 06:06,1.248
1997-02-01 06:12,1.242
1997-02-01 06:18,1.237
1997-02-01 06:24,1.232
1997-02-01 06:30,1.226
1997-02-01 06:36,1.221
1997-02-01 06:42,1.216
1997-02-01 06:48,1.211
1997-02-01 06:54,1.207
1997-02-01 07:00,1.202
1997-02-01 07:06,1.197
1997-02-01 07:12,1.193
1997-02-01 07:18,1.189
1997-02-01 07:24,1.185
1997-02-01 07:30,1.181
1997-02-01 07:36,1.177
1997-02-01 07:42,1.174
1997-02-01 07:48,1.170
1997-02-01 07:54,1.167
1997-02-01 08:00,1.164
1997-02-01 08:06,1.161
1997-02-01 08:12,1.158
1997-02-01 08:18,1.155
1997-02-01 08:24,1.153
1997-02-01 08:30,1.150
1997-02-01 08:36,1.148
1997-02-01 08:42,1.146
1997-02-01 08:48,1.144
1997-02-01 08:54,1.142
1997-02-01 09:00,1.141
1997-02-01 09:06,1.139
1997-02-01 09:12,1.138
1997-02-01 09:18,1.137
1997-02-01 09:24,1.136
1997-02-01 09:30,1.135
1997-02-01 09:36,1.135
1997-02-01 09:42,1.135
1997-02-01 09:48,1.134
1997-02-01 09:54,1.134
1997-02-01 10:00,1.135
1997-02-01 10:06,1.135
1997-02-01 10:12,1.136
1997-02-01 10:18,1.137
1997-02-01 10:24,1.138
1997-02-01 10:30,1.140
1997-02-01 10:36,1.141
1997-02-01 10:42,1.143
1997-02-01 10:48,1.146
1997-02-01 10:54,1.148
1997-02-01 11:00,1.151
1997-02-01 11:06,1.153
1997-02-01 11:12,1.156
1997-02-01 11:18,1.160
1997-02-01 11:24,1.163
1997-02-01 11:30,1.167
1997-02-01 11:36,1.171
1997-02-01 11:42,1.175
1997-02-01 11:48,1.179
1997-02-01 11:54,1.183
1997-02-01 12:00,1.187
1997-02-01 12:06,1.192
1997-02-01 12:12,1.196
1997-02-01 12:18,1.201
1997-02-01 12:24,1.206
1997-02-01 12:30,1.210
1997-02-01 12:36,1.215
1997-02-01 12:42,1.220
1997-02-01 12:48,1.225
1997-02-01 12:54,1.230
1997-02-01 13:00,1.235
1997-02-01 13:06,1.240
1997-02-01 13:12,1.244
1997-02-01 13:18,1.249
1997-02-01 13:24,1.254
1997-02-01 13:30,1.259
1997-02-01 13:36,1.264
1997-02-01 13:42,1.269
1997-02-01 13:48,1.274
1997-02-01 13:54,1.278
1997-02-01 14:00,1.283
1997-02-01 14:06,1.288
1997-02-01 14:12,1.293
1997-02-01 14:18,1.298
1997-02-01 14:24,1.302
1997-02-01 14:30,1.307
1997-02-01 14:36,1.312
1997-02-01 14:42,1.316
1997-02-01 14:48,1.321
1997-02-01 14:54,1.326
1997-02-01 15:00,1.330
1997-02-01 15:06,1.335
1997-02-01 15:12,1.339
1997-02-01 15:18,1.344
1997-02-01 15:24,1.348
1997-02-01 15:30,1.353
1997-02-01 15:36,1.357
1997-02-01 15:42,1.361
1997-02-01 15:48,1.365
1997-02-01 15:54,1.369
1997-02-01 16:00,1.373
1997-02-01 16:06,1.376
1997-02-01 16:12,1.380
1997-02-01 16:18,1.383
1997-02-01 16:24,1.387
1997-02-01 16:30,1.390
1997-02-01 16:36,1.393
1997-02-01 16:42,1.395
1997-02-01 16:48,1.398
1997-02-01 16:54,1.400
1997-02-01 17:00,1.403
1997-02-01 17:06,1.405
1997-02-01 17:12,1.407
1997-02-01 17:18,1.408
1997-02-01 17:24,1.410
1997-02-01 17:30,1.411
1997-02-01 17:36,1.413
1997-02-01 17:42,1.414
1997-02-01 17:48,1.415
1997-02-01 17:54,1.416
1997-02-01 18:00,1.417
1997-02-01 18:06,1.417
1997-02-01 18:12,1.418
1997-02-01 18:18,1.419
1997-02-01 18:24,1.419
1997-02-01 18:30,1.420
1997-02-01 18:36,1.420
1997-02-01 18:42,1.421
1997-02-01 18:48,1.421
1997-02-01 18:54,1.422
1997-02-01 19:00,1.422
1997-02-01 19:06,1.422
1997-02-01 19:12,1.423
1997-02-01 19:18,1.423
1997-02-01 19:24,1.424
1997-02-01 19:30,1.424
1997-02-01 19:36,1.425
1997-02-01 19:42,1.425
1997-02-01 19:48,1.425
1997-02-01 19:54,1.426
1997-02-01 20:00,1.426
1997-02-01 20:06,1.427
1997-02-01 20:12,1.427
1997-02-01 20:18,1.428
1997-02-01 20:24,1.428
1997-02-01 20:30,1.428
1997-02-01 20:36,1.429
1997-02-01 20:42,1.429
1997-02-01 20:48,1.429
1997-02-01 20:54,1.429
1997-02-01 21:00,1.429
1997-02-01 21:06,1.430
1997-02-01 21:12,1.430
1997-02-01 21:18,1.430
1997-02-01 21:24,1.430
1997-02-01 21:30,1.430
1997-02-01 21:36,1.429
1997-02-01 21:42,1.429
1997-02-01 21:48,1.429
1997-02-01 21:54,1.429
1997-02-01 22:00,1.429
1997-02-01 22:06,1.429
1997-02-01 22:12,1.429
1997-02-01 22:18,1.429
1997-02-01 22:24,1.429
1997-02-01 22:30,1.429
1997-02-01 22:36,1.429
1997-02-01 22:42,1.429
1997-02-01 22:48,1.429
1997-02-01 22:54,1.429
1997-02-01 23:00,1.429
1997-02-01 23:06,1.429
1997-02-01 23:12,1.429
1997-02-01 23:18,1.430
1997-02-01 23:24,1.430
1997-02-01 23:30,1.430
1997-02-01 23:36,1.431
1997-02-01 23:42,1.431
1997-02-01 23:48,1.431
1997-02-01 23:54,1.432
1997-02-02 00:00,1.432
1997-02-02 00:06,1.432
1997-02-02 00:12,1.432
1997-02-02 00:18,1.433
1997-02-02 00:24,1.433
1997-02-02 00:30,1.433
1997-02-02 00:36,1.433
1997-02-02 00:42,1.433
1997-02-02 00:48,1.433
1997-02-02 00:54,1.432
1997-02-02 01:00,1.432
1997-02-02 01:06,1.432
1997-02-02 01:12,1.431
1997-02-02 01:18,1.430
1997-02-02 01:24,1.430
1997-02-02 01:30,1.429
1997-02-02 01:36,1.428
1997-02-02 01:42,1.426
1997-02-02 01:48,1.425
1997-02-02 01:54,1.424
1997-02-02 02:00,1.422
1997-02-02 02:06,1.421
1997-02-02 02:12,1.419
1997-02-02 02:18,1.417
1997-02-02 02:24,1.415
1997-02-02 02:30,1.413
1997-02-02 02:36,1.411
1997-02-02 02:42,1.409
1997-02-02 02:48,1.407
1997-02-02 02:54,1.405
1997-02-02 03:00,1.402
1997-02-02 03:06,1.400
1997-02-02 03:12,1.397
1997-02-02 03:18,1.395
1997-02-02 03:24,1.392
1997-02-02 03:30,1.389
1997-02-02 03:36,1.386
1997-02-02 03:42,1.383
1997-02-02 03:48,1.380
1997-02-02 03:54,1.377
1997-02-02 04:00,1.374
1997-02-02 04:06,1.370
1997-02-02 04:12,1.366
1997-02-02 04:18,1.363
1997-02-02 04:24,1.359
1997-02-02 04:30,1.355
1997-02-02 04:36,1.351
1997-02-02 04:42,1.346
1997-02-02 04:48,1.342
1997-02-02 04:54,1.337
1997-02-02 05:00,1.332
1997-02-02 05:06,1.327
1997-02-02 05:12,1.322
1997-02-02 05:18,1.317
1997-02-02 05:24,1.311
1997-02-02 05:30,1.306
1997-02-02 05:36,1.300
1997-02-02 05:42,1.294
1997-02-02 05:48,1.288
1997-02-02 05:54,1.282
1997-02-02 06:00,1.276
1997-02-02 06:06,1.270
1997-02-02 06:12,1.263
1997-02-02 06:18,1.257
1997-02-02 06:24,1.251
1997-02-02 06:30,1.245
1997-02-02 06:36,1.238
1997-02-02 06:42,1.232
1997-02-02 06:48,1.226
1997-02-02 06:54,1.220
1997-02-02 07:00,1.214
1997-02-02 07:06,1.208
1997-02-02 07:12,1.202
1997-02-02 07:18,1.196
1997-02-02 07:24,1.190
1997-02-02 07:30,1.185
1997-02-02 07:36,1.180
1997-02-02 07:42,1.174
1997-02-02 07:48,1.169
1997-02-02 07:54,1.164
1997-02-02 08:00,1.159
1997-02-02 08:06,1.155
1997-02-02 08:12,1.150
1997-02-02 08:18,1.146
1997-02-02 08:24,1.141
1997-02-02 08:30,1.137
1997-02-02 08:36,1.133
1997-02-02 08:42,1.129
1997-02-02 08:48,1.125
1997-02-02 08:54,1.122
1997-02-02 09:00,1.118
1997-02-02 09:06,1.115
1997-02-02 09:12,1.112
1997-02-02 09:18,1.109
1997-02-02 09:24,1.106
1997-02-02 09:30,1.103
1997-02-02 09:36,1.101
1997-02-02 09:42,1.098
1997-02-02 09:48,1.096
1997-02-02 09:54,1.094
1997-02-02 10:00,1.093
1997-02-02 10:06,1.091
1997-02-02 10:12,1.090
1997-02-02 10:18,1.089
1997-02-02 10:24,1.088
1997-02-02 10:30,1.087
1997-02-02 10:36,1.087
1997-02-02 10:42,1.087
1997-02-02 10:48,1.087
1997-02-02 10:54,1.088
1997-02-02 11:00,1.089
1997-02-02 11:06,1.090
1997-02-02 11:12,1.091
1997-02-02 11:18,1.093
1997-02-02 11:24,1.095
1997-02-02 11:30,1.097
1997-02-02 11:36,1.100
1997-02-02 11:42,1.102
1997-02-02 11:48,1.106
1997-02-02 11:54,1.109
1997-02-02 12:00,1.113
1997-02-02 12:06,1.116
1997-02-02 12:12,1.120
1997-02-02 12:18,1.125
1997-02-02 12:24,1.129
1997-02-02 12:30,1.134
1997-02-02 12:36,1.139
1997-02-02 12:42,1.144
1997-02-02 12:48,1.149
1997-02-02 12:54,1.154
1997-02-02 13:00,1.160
1997-02-02 13:06,1.165
1997-02-02 13:12,1.171
1997-02-02 13:18,1.176
1997-02-02 13:24,1.182
1997-02-02 13:30,1.188
1997-02-02 13:36,1.194
1997-02-02 13:42,1.200
1997-02-02 13:48,1.206
1997-02-02 13:54,1.212
1997-02-02 14:00,1.218
1997-02-02 14:06,1.224
1997-02-02 14:12,1.231
1997-02-02 14:18,1.237
1997-02-02 14:24,1.243
1997-02-02 14:30,1.250
1997-02-02 14:36,1.256
1997-02-02 14:42,1.262
1997-02-02 14:48,1.269
1997-02-02 14:54,1.275
1997-02-02 15:00,1.282
1997-02-02 15:06,1.288
1997-02-02 15:12,1.295
1997-02-02 15:18,1.301
1997-02-02 15:24,1.307
1997-02-02 15:30,1.314
1997-02-02 15:36,1.320
1997-02-02 15:42,1.327
1997-02-02 15:48,1.333
1997-02-02 15:54,1.339
1997-02-02 16:00,1.345
1997-02-02 16:06,1.351
1997-02-02 16:12,1.357
1997-02-02 16:18,1.363
1997-02-02 16:24,1.369
1997-02-02 16:30,1.374
1997-02-02 16:36,1.380
1997-02-02 16:42,1.385
1997-02-02 16:48,1.390
1997-02-02 16:54,1.395
1997-02-02 17:00,1.400
1997-02-02 17:06,1.404
1997-02-02 17:12,1.408
1997-02-02 17:18,1.413
1997-02-02 17:24,1.416
1997-02-02 17:30,1.420
1997-02-02 17:36,1.424
1997-02-02 17:42,1.427
1997-02-02 17:48,1.430
1997-02-02 17:54,1.433
1997-02-02 18:00,1.436
1997-02-02 18:06,1.438
1997-02-02 18:12,1.441
1997-02-02 18:18,1.443
1997-02-02 18:24,1.445
1997-02-02 18:30,1.447
1997-02-02 18:36,1.449
1997-02-02 18:42,1.451
1997-02-02 18:48,1.452
1997-02-02 18:54,1.454
1997-02-02 19:00,1.455
1997-02-02 19:06,1.457
1997-02-02 19:12,1.458
1997-02-02 19:18,1.459
1997-02-02 19:24,1.461
1997-02-02 19:30,1.462
1997-02-02 19:36,1.463
1997-02-02 19:42,1.464
1997-02-02 19:48,1.465
1997-02-02 19:54,1.466
1997-02-02 20:00,1.467
1997-02-02 20:06,1.468
1997-02-02 20:12,1.469
1997-02-02 20:18,1.469
1997-02-02 20:24,1.470
1997-02-02 20:30,1.471
1997-02-02 20:36,1.471
1997-02-02 20:42,1.472
1997-02-02 20:48,1.472
1997-02-02 20:54,1.472
1997-02-02 21:00,1.473
1997-02-02 21:06,1.473
1997-02-02 21:12,1.473
1997-02-02 21:18,1.473
1997-02-02 21:24,1.473
1997-02-02 21:30,1.473
1997-02-02 21:36,1.472
1997-02-02 21:42,1.472
1997-02-02 21:48,1.472
1997-02-02 21:54,1.471
1997-02-02 22:00,1.471
1997-02-02 22:06,1.470
1997-02-02 22:12,1.469
1997-02-02 22:18,1.469
1997-02-02 22:24,1.468
1997-02-02 22:30,1.467
1997-02-02 22:36,1.466
1997-02-02 22:42,1.466
1997-02-02 22:48,1.465
1997-02-02 22:54,1.464
1997-02-02 23:00,1.463
1997-02-02 23:06,1.463
1997-02-02 23:12,1.462
1997-02-02 23:18,1.461
1997-02-02 23:24,1.461
1997-02-02 23:30,1.460
1997-02-02 23:36,1.460
1997-02-02 23:42,1.459
1997-02-02 23:48,1.459
1997-02-02 23:54,1.458
1997-02-03 00:00,1.458
1997-02-03 00:06,1.457
1997-02-03 00:12,1.457
1997-02-03 00:18,1.457
1997-02-03 00:24,1.456
1997-02-03 00:30,1.456
1997-02-03 00:36,1.455
1997-02-03 00:42,1.455
1997-02-03 00:48,1.455
1997-02-03 00:54,1.454
1997-02-03 01:00,1.454
1997-02-03 01:06,1.453
1997-02-03 01:12,1.453
1997-02-03 01:18,1.452
1997-02-03 01:24,1.451
1997-02-03 01:30,1.450
1997-02-03 01:36,1.450
1997-02-03 01:42,1.449
1997-02-03 01:48,1.448
1997-02-03 01:54,1.446
1997-02-03 02:00,1.445
1997-02-03 02:06,1.444
1997-02-03 02:12,1.443
1997-02-03 02:18,1.441
1997-02-03 02:24,1.440
1997-02-03 02:30,1.438
1997-02-03 02:36,1.437
1997-02-03 02:42,1.435
1997-02-03 02:48,1.433
1997-02-03 02:54,1.431
1997-02-03 03:00,1.429
1997-02-03 03:06,1.427
1997-02-03 03:12,1.425
1997-02-03 03:18,1.423
1997-02-03 03:24,1.421
1997-02-03 03:30,1.418
1997-02-03 03:36,1.416
1997-02-03 03:42,1.413
1997-02-03 03:48,1.411
1997-02-03 03:54,1.408
1997-02-03 04:00,1.405
1997-02-03 04:06,1.402
1997-02-03 04:12,1.399
1997-02-03 04:18,1.396
1997-02-03 04:24,1.392
1997-02-03 04:30,1.389
1997-02-03 04:36,1.385
1997-02-03 04:42,1.382
1997-02-03 04:48,1.378
1997-02-03 04:54,1.374
1997-02-03 05:00,1.369
1997-02-03 05:06,1.365
1997-02-03 05:12,1.360
1997-02-03 05:18,1.355
1997-02-03 05:24,1.350
1997-02-03 05:30,1.345
1997-02-03 05:36,1.340
1997-02-03 05:42,1.334
1997-02-03 05:48,1.328
1997-02-03 05:54,1.323
1997-02-03 06:00,1.317
1997-02-03 06:06,1.310
1997-02-03 06:12,1.304
1997-02-03 06:18,1.298
1997-02-03 06:24,1.291
1997-02-03 06:30,1.284
1997-02-03 06:36,1.278
1997-02-03 06:42,1.271
1997-02-03 06:48,1.264
1997-02-03 06:54,1.257
1997-02-03 07:00,1.250
1997-02-03 07:06,1.243
1997-02-03 07:12,1.237
1997-02-03 07:18,1.230
1997-02-03 07:24,1.223
1997-02-03 07:30,1.216
1997-02-03 07:36,1.209
1997-02-03 07:42,1.202
1997-02-03 07:48,1.196
1997-02-03 07:54,1.189
1997-02-03 08:00,1.182
1997-02-03 08:06,1.176
1997-02-03 08:12,1.170
1997-02-03 08:18,1.163
1997-02-03 08:24,1.157
1997-02-03 08:30,1.151
1997-02-03 08:36,1.145
1997-02-03 08:42,1.139
1997-02-03 08:48,1.133
1997-02-03 08:54,1.128
1997-02-03 09:00,1.122
1997-02-03 09:06,1.117
1997-02-03 09:12,1.112
1997-02-03 09:18,1.106
1997-02-03 09:24,1.101
1997-02-03 09:30,1.097
1997-02-03 09:36,1.092
1997-02-03 09:42,1.087
1997-02-03 09:48,1.083
1997-02-03 09:54,1.079
1997-02-03 10:00,1.075
1997-02-03 10:06,1.071
1997-02-03 10:12,1.067
1997-02-03 10:18,1.064
1997-02-03 10:24,1.061
1997-02-03 10:30,1.058
1997-02-03 10:36,1.055
1997-02-03 10:42,1.053
1997-02-03 10:48,1.050
1997-02-03 10:54,1.048
1997-02-03 11:00,1.047
1997-02-03 11:06,1.045
1997-02-03 11:12,1.044
1997-02-03 11:18,1.044
1997-02-03 11:24,1.043
1997-02-03 11:30,1.043
1997-02-03 11:36,1.043
1997-02-03 11:42,1.044
1997-02-03 11:48,1.045
1997-02-03 11:54,1.046
1997-02-03 12:00,1.047
1997-02-03 12:06,1.049
1997-02-03 12:12,1.051
1997-02-03 12:18,1.054
1997-02-03 12:24,1.056
1997-02-03 12:30,1.060
1997-02-03 12:36,1.063
1997-02-03 12:42,1.067
1997-02-03 12:48,1.070
1997-02-03 12:54,1.075
1997-02-03 13:00,1.079
1997-02-03 13:06,1.084
1997-02-03 13:12,1.089
1997-02-03 13:18,1.094
1997-02-03 13:24,1.099
1997-02-03 13:30,1.105
1997-02-03 13:36,1.111
1997-02-03 13:42,1.117
1997-02-03 13:48,1.123
1997-02-03 13:54,1.129
1997-02-03 14:00,1.136
1997-02-03 14:06,1.143
1997-02-03 14:12,1.149
1997-02-03 14:18,1.156
1997-02-03 14:24,1.163
1997-02-03 14:30,1.171
1997-02-03 14:36,1.178
1997-02-03 14:42,1.185
1997-02-03 14:48,1.193
1997-02-03 14:54,1.201
1997-02-03 15:00,1.208
1997-02-03 15:06,1.216
1997-02-03 15:12,1.224
1997-02-03 15:18,1.232
1997-02-03 15:24,1.240
1997-02-03 15:30,1.248
1997-02-03 15:36,1.256
1997-02-03 15:42,1.264
1997-02-03 15:48,1.272
1997-02-03 15:54,1.280
1997-02-03 16:00,1.288
1997-02-03 16:06,1.296
1997-02-03 16:12,1.304
1997-02-03 16:18,1.312
1997-02-03 16:24,1.320
1997-02-03 16:30,1.327
1997-02-03 16:36,1.335
1997-02-03 16:42,1.343
1997-02-03 16:48,1.350
1997-02-03 16:54,1.357
1997-02-03 17:00,1.364
1997-02-03 17:06,1.371
1997-02-03 17:12,1.378
1997-02-03 17:18,1.385
1997-02-03 17:24,1.391
1997-02-03 17:30,1.397
1997-02-03 17:36,1.403
1997-02-03 17:42,1.409
1997-02-03 17:48,1.415
1997-02-03 17:54,1.420
1997-02-03 18:00,1.426
1997-02-03 18:06,1.431
1997-02-03 18:12,1.436
1997-02-03 18:18,1.440
1997-02-03 18:24,1.445
1997-02-03 18:30,1.449
1997-02-03 18:36,1.453
1997-02-03 18:42,1.457
1997-02-03 18:48,1.460
1997-02-03 18:54,1.464
1997-02-03 19:00,1.467
1997-02-03 19:06,1.470
1997-02-03 19:12,1.473
1997-02-03 19:18,1.476
1997-02-03 19:24,1.479
1997-02-03 19:30,1.481
1997-02-03 19:36,1.483
1997-02-03 19:42,1.486
1997-02-03 19:48,1.488
1997-02-03 19:54,1.490
1997-02-03 20:00,1.492
1997-02-03 20:06,1.493
1997-02-03 20:12,1.495
1997-02-03 20:18,1.496
1997-02-03 20:24,1.498
1997-02-03 20:30,1.499
1997-02-03 20:36,1.500
1997-02-03 20:42,1.501
1997-02-03 20:48,1.502
1997-02-03 20:54,1.503
1997-02-03 21:00,1.504
1997-02-03 21:06,1.504
1997-02-03 21:12,1.505
1997-02-03 21:18,1.505
1997-02-03 21:24,1.505
1997-02-03 21:30,1.506
1997-02-03 21:36,1.506
1997-02-03 21:42,1.506
1997-02-03 21:48,1.505
1997-02-03 21:54,1.505
1997-02-03 22:00,1.505
1997-02-03 22:06,1.504
1997-02-03 22:12,1.504
1997-02-03 22:18,1.503
1997-02-03 22:24,1.502
1997-02-03 22:30,1.502
1997-02-03 22:36,1.501
1997-02-03 22:42,1.500
1997-02-03 22:48,1.499
1997-02-03 22:54,1.498
1997-02-03 23:00,1.497
1997-02-03 23:06,1.496
1997-02-03 23:12,1.495
1997-02-03 23:18,1.493
1997-02-03 23:24,1.492
1997-02-03 23:30,1.491
1997-02-03 23:36,1.490
1997-02-03 23:42,1.489
1997-02-03 23:48,1.488
1997-02-03 23:54,1.487
1997-02-04 00:00,1.486
1997-02-04 00:06,1.484
1997-02-04 00:12,1.483
1997-02-04 00:18,1.482
1997-02-04 00:24,1.481
1997-02-04 00:30,1.480
1997-02-04 00:36,1.479
1997-02-04 00:42,1.478
1997-02-04 00:48,1.477
1997-02-04 00:54,1.476
1997-02-04 01:00,1.476
1997-02-04 01:06,1.475
1997-02-04 01:12,1.474
1997-02-04 01:18,1.473
1997-02-04 01:24,1.472
1997-02-04 01:30,1.471
1997-02-04 01:36,1.470
1997-02-04 01:42,1.469
1997-02-04 01:48,1.468
1997-02-04 01:54,1.467
1997-02-04 02:00,1.467
1997-02-04 02:06,1.466
1997-02-04 02:12,1.465
1997-02-04 02:18,1.464
1997-02-04 02:24,1.463
1997-02-04 02:30,1.461
1997-02-04 02:36,1.460
1997-02-04 02:42,1.459
1997-02-04 02:48,1.458
1997-02-04 02:54,1.457
1997-02-04 03:00,1.456
1997-02-04 03:06,1.454
1997-02-04 03:12,1.453
1997-02-04 03:18,1.451
1997-02-04 03:24,1.450
1997-02-04 03:30,1.448
1997-02-04 03:36,1.447
1997-02-04 03:42,1.445
1997-02-04 03:48,1.443
1997-02-04 03:54,1.441
1997-02-04 04:00,1.439
1997-02-04 04:06,1.437
1997-02-04 04:12,1.435
1997-02-04 04:18,1.432
1997-02-04 04:24,1.430
1997-02-04 04:30,1.427
1997-02-04 04:36,1.424
1997-02-04 04:42,1.421
1997-02-04 04:48,1.418
1997-02-04 04:54,1.415
1997-02-04 05:00,1.412
1997-02-04 05:06,1.408
1997-02-04 05:12,1.405
1997-02-04 05:18,1.401
1997-02-04 05:24,1.397
1997-02-04 05:30,1.392
1997-02-04 05:36,1.388
1997-02-04 05:42,1.383
1997-02-04 05:48,1.379
1997-02-04 05:54,1.374
1997-02-04 06:00,1.368
1997-02-04 06:06,1.363
1997-02-04 06:12,1.358
1997-02-04 06:18,1.352
1997-02-04 06:24,1.346
1997-02-04 06:30,1.340
1997-02-04 06:36,1.334
1997-02-04 06:42,1.328
1997-02-04 06:48,1.321
1997-02-04 06:54,1.314
1997-02-04 07:00,1.308
1997-02-04 07:06,1.301
1997-02-04 07:12,1.294
1997-02-04 07:18,1.287
1997-02-04 07:24,1.280
1997-02-04 07:30,1.272
1997-02-04 07:36,1.265
1997-02-04 07:42,1.258
1997-02-04 07:48,1.250
1997-02-04 07:54,1.243
1997-02-04 08:00,1.235
1997-02-04 08:06,1.228
1997-02-04 08:12,1.220
1997-02-04 08:18,1.212
1997-02-04 08:24,1.205
1997-02-04 08:30,1.197
1997-02-04 08:36,1.190
1997-02-04 08:42,1.182
1997-02-04 08:48,1.174
1997-02-04 08:54,1.167
1997-02-04 09:00,1.160
1997-02-04 09:06,1.152
1997-02-04 09:12,1.145
1997-02-04 09:18,1.138
1997-02-04 09:24,1.131
1997-02-04 09:30,1.124
1997-02-04 09:36,1.117
1997-02-04 09:42,1.110
1997-02-04 09:48,1.103
1997-02-04 09:54,1.097
1997-02-04 10:00,1.091
1997-02-04 10:06,1.084
1997-02-04 10:12,1.078
1997-02-04 10:18,1.073
1997-02-04 10:24,1.067
1997-02-04 10:30,1.061
1997-02-04 10:36,1.056
1997-02-04 10:42,1.051
1997-02-04 10:48,1.046
1997-02-04 10:54,1.042
1997-02-04 11:00,1.038
1997-02-04 11:06,1.034
1997-02-04 11:12,1.030
1997-02-04 11:18,1.026
1997-02-04 11:24,1.023
1997-02-04 11:30,1.020
1997-02-04 11:36,1.017
1997-02-04 11:42,1.015
1997-02-04 11:48,1.013
1997-02-04 11:54,1.011
1997-02-04 12:00,1.010
1997-02-04 12:06,1.009
1997-02-04 12:12,1.008
1997-02-04 12:18,1.008
1997-02-04 12:24,1.008
1997-02-04 12:30,1.008
1997-02-04 12:36,1.009
1997-02-04 12:42,1.010
1997-02-04 12:48,1.011
1997-02-04 12:54,1.012
1997-02-04 13:00,1.015
1997-02-04 13:06,1.017
1997-02-04 13:12,1.020
1997-02-04 13:18,1.023
1997-02-04 13:24,1.026
1997-02-04 13:30,1.030
1997-02-04 13:36,1.034
1997-02-04 13:42,1.038
1997-02-04 13:48,1.043
1997-02-04 13:54,1.048
1997-02-04 14:00,1.053
1997-02-04 14:06,1.059
1997-02-04 14:12,1.065
1997-02-04 14:18,1.071
1997-02-04 14:24,1.077
1997-02-04 14:30,1.084
1997-02-04 14:36,1.091
1997-02-04 14:42,1.098
1997-02-04 14:48,1.106
1997-02-04 14:54,1.113
1997-02-04 15:00,1.121
1997-02-04 15:06,1.129
1997-02-04 15:12,1.137
1997-02-04 15:18,1.146
1997-02-04 15:24,1.154
1997-02-04 15:30,1.163
1997-02-04 15:36,1.172
1997-02-04 15:42,1.181
1997-02-04 15:48,1.190
1997-02-04 15:54,1.199
1997-02-04 16:00,1.208
1997-02-04 16:06,1.217
1997-02-04 16:12,1.226
1997-02-04 16:18,1.236
1997-02-04 16:24,1.245
1997-02-04 16:30,1.254
1997-02-04 16:36,1.263
1997-02-04 16:42,1.272
1997-02-04 16:48,1.281
1997-02-04 16:54,1.291
1997-02-04 17:00,1.300
1997-02-04 17:06,1.308
1997-02-04 17:12,1.317
1997-02-04 17:18,1.326
1997-02-04 17:24,1.334
1997-02-04 17:30,1.343
1997-02-04 17:36,1.351
1997-02-04 17:42,1.359
1997-02-04 17:48,1.367
1997-02-04 17:54,1.375
1997-02-04 18:00,1.383
1997-02-04 18:06,1.390
1997-02-04 18:12,1.398
1997-02-04 18:18,1.405
1997-02-04 18:24,1.412
1997-02-04 18:30,1.418
1997-02-04 18:36,1.425
1997-02-04 18:42,1.431
1997-02-04 18:48,1.437
1997-02-04 18:54,1.443
1997-02-04 19:00,1.449
1997-02-04 19:06,1.454
1997-02-04 19:12,1.460
1997-02-04 19:18,1.465
1997-02-04 19:24,1.470
1997-02-04 19:30,1.474
1997-02-04 19:36,1.478
1997-02-04 19:42,1.483
1997-02-04 19:48,1.487
1997-02-04 19:54,1.490
1997-02-04 20:00,1.494
1997-02-04 20:06,1.497
1997-02-04 20:12,1.500
1997-02-04 20:18,1.503
1997-02-04 20:24,1.506
1997-02-04 20:30,1.508
1997-02-04 20:36,1.510
1997-02-04 20:42,1.512
1997-02-04 20:48,1.514
1997-02-04 20:54,1.516
1997-02-04 21:00,1.517
1997-02-04 21:06,1.519
1997-02-04 21:12,1.520
1997-02-04 21:18,1.521
1997-02-04 21:24,1.522
1997-02-04 21:30,1.522
1997-02-04 21:36,1.523
1997-02-04 21:42,1.523
1997-02-04 21:48,1.524
1997-02-04 21:54,1.524
1997-02-04 22:00,1.524
1997-02-04 22:06,1.524
1997-02-04 22:12,1.524
1997-02-04 22:18,1.523
1997-02-04 22:24,1.523
1997-02-04 22:30,1.523
1997-02-04 22:36,1.522
1997-02-04 22:42,1.521
1997-02-04 22:48,1.521
1997-02-04 22:54,1.520
1997-02-04 23:00,1.519
1997-02-04 23:06,1.518
1997-02-04 23:12,1.517
1997-02-04 23:18,1.516
1997-02-04 23:24,1.515
1997-02-04 23:30,1.514
1997-02-04 23:36,1.512
1997-02-04 23:42,1.511
1997-02-04 23:48,1.510
1997-02-04 23:54,1.509
1997-02-05 00:00,1.507
1997-02-05 00:06,1.506
1997-02-05 00:12,1.504
1997-02-05 00:18,1.503
1997-02-05 00:24,1.501
1997-02-05 00:30,1.500
1997-02-05 00:36,1.499
1997-02-05 00:42,1.497
1997-02-05 00:48,1.496
1997-02-05 00:54,1.494
1997-02-05 01:00,1.493
1997-02-05 01:06,1.491
1997-02-05 01:12,1.490
1997-02-05 01:18,1.489
1997-02-05 01:24,1.487
1997-02-05 01:30,1.486
1997-02-05 01:36,1.485
1997-02-05 01:42,1.484
1997-02-05 01:48,1.482
1997-02-05 01:54,1.481
1997-02-05 02:00,1.480
1997-02-05 02:06,1.479
1997-02-05 02:12,1.478
1997-02-05 02:18,1.478
1997-02-05 02:24,1.477
1997-02-05 02:30,1.476
1997-02-05 02:36,1.475
1997-02-05 02:42,1.474
1997-02-05 02:48,1.474
1997-02-05 02:54,1.473
1997-02-05 03:00,1.472
1997-02-05 03:06,1.472
1997-02-05 03:12,1.471
1997-02-05 03:18,1.470
1997-02-05 03:24,1.470
1997-02-05 03:30,1.469
1997-02-05 03:36,1.468
1997-02-05 03:42,1.468
1997-02-05 03:48,1.467
1997-02-05 03:54,1.466
1997-02-05 04:00,1.465
1997-02-05 04:06,1.464
1997-02-05 04:12,1.463
1997-02-05 04:18,1.462
1997-02-05 04:24,1.460
1997-02-05 04:30,1.459
1997-02-05 04:36,1.457
1997-02-05 04:42,1.456
1997-02-05 04:48,1.454
1997-02-05 04:54,1.452
1997-02-05 05:00,1.450
1997-02-05 05:06,1.448
1997-02-05 05:12,1.445
1997-02-05 05:18,1.443
1997-02-05 05:24,1.440
1997-02-05 05:30,1.437
1997-02-05 05:36,1.434
1997-02-05 05:42,1.431
1997-02-05 05:48,1.428
1997-02-05 05:54,1.424
1997-02-05 06:00,1.420
1997-02-05 06:06,1.416
1997-02-05 06:12,1.412
1997-02-05 06:18,1.408
1997-02-05 06:24,1.404
1997-02-05 06:30,1.399
1997-02-05 06:36,1.394
1997-02-05 06:42,1.389
1997-02-05 06:48,1.384
1997-02-05 06:54,1.379
1997-02-05 07:00,1.374
1997-02-05 07:06,1.368
1997-02-05 07:12,1.362
1997-02-05 07:18,1.356
1997-02-05 07:24,1.350
1997-02-05 07:30,1.343
1997-02-05 07:36,1.337
1997-02-05 07:42,1.330
1997-02-05 07:48,1.323
1997-02-05 07:54,1.316
1997-02-05 08:00,1.309
1997-02-05 08:06,1.302
1997-02-05 08:12,1.294
1997-02-05 08:18,1.286
1997-02-05 08:24,1.278
1997-02-05 08:30,1.271
1997-02-05 08:36,1.262
1997-02-05 08:42,1.254
1997-02-05 08:48,1.246
1997-02-05 08:54,1.238
1997-02-05 09:00,1.229
1997-02-05 09:06,1.221
1997-02-05 09:12,1.212
1997-02-05 09:18,1.204
1997-02-05 09:24,1.195
1997-02-05 09:30,1.187
1997-02-05 09:36,1.178
1997-02-05 09:42,1.170
1997-02-05 09:48,1.161
1997-02-05 09:54,1.153
1997-02-05 10:00,1.145
1997-02-05 10:06,1.136
1997-02-05 10:12,1.128
1997-02-05 10:18,1.120
1997-02-05 10:24,1.112
1997-02-05 10:30,1.105
1997-02-05 10:36,1.097
1997-02-05 10:42,1.090
1997-02-05 10:48,1.083
1997-02-05 10:54,1.076
1997-02-05 11:00,1.069
1997-02-05 11:06,1.062
1997-02-05 11:12,1.056
1997-02-05 11:18,1.050
1997-02-05 11:24,1.044
1997-02-05 11:30,1.038
1997-02-05 11:36,1.033
1997-02-05 11:42,1.028
1997-02-05 11:48,1.023
1997-02-05 11:54,1.018
1997-02-05 12:00,1.014
1997-02-05 12:06,1.010
1997-02-05 12:12,1.006
1997-02-05 12:18,1.002
1997-02-05 12:24,0.999
1997-02-05 12:30,0.996
1997-02-05 12:36,0.994
1997-02-05 12:42,0.991
1997-02-05 12:48,0.989
1997-02-05 12:54,0.988
1997-02-05 13:00,0.987
1997-02-05 13:06,0.986
1997-02-05 13:12,0.985
1997-02-05 13:18,0.985
1997-02-05 13:24,0.985
1997-02-05 13:30,0.986
1997-02-05 13:36,0.987
1997-02-05 13:42,0.988
1997-02-05 13:48,0.990
1997-02-05 13:54,0.992
1997-02-05 14:00,0.994
1997-02-05 14:06,0.997
1997-02-05 14:12,1.001
1997-02-05 14:18,1.004
1997-02-05 14:24,1.008
1997-02-05 14:30,1.013
1997-02-05 14:36,1.018
1997-02-05 14:42,1.023
1997-02-05 14:48,1.029
1997-02-05 14:54,1.035
1997-02-05 15:00,1.041
1997-02-05 15:06,1.048
1997-02-05 15:12,1.055
1997-02-05 15:18,1.062
1997-02-05 15:24,1.070
1997-02-05 15:30,1.077
1997-02-05 15:36,1.086
1997-02-05 15:42,1.094
1997-02-05 15:48,1.103
1997-02-05 15:54,1.111
1997-02-05 16:00,1.120
1997-02-05 16:06,1.129
1997-02-05 16:12,1.139
1997-02-05 16:18,1.148
1997-02-05 16:24,1.158
1997-02-05 16:30,1.167
1997-02-05 16:36,1.177
1997-02-05 16:42,1.187
1997-02-05 16:48,1.197
1997-02-05 16:54,1.206
1997-02-05 17:00,1.216
1997-02-05 17:06,1.226
1997-02-05 17:12,1.236
1997-02-05 17:18,1.246
1997-02-05 17:24,1.256
1997-02-05 17:30,1.265
1997-02-05 17:36,1.275
1997-02-05 17:42,1.285
1997-02-05 17:48,1.294
1997-02-05 17:54,1.304
1997-02-05 18:00,1.313
1997-02-05 18:06,1.323
1997-02-05 18:12,1.332
1997-02-05 18:18,1.341
1997-02-05 18:24,1.350
1997-02-05 18:30,1.359
1997-02-05 18:36,1.367
1997-02-05 18:42,1.376
1997-02-05 18:48,1.384
1997-02-05 18:54,1.392
1997-02-05 19:00,1.400
1997-02-05 19:06,1.408
1997-02-05 19:12,1.416
1997-02-05 19:18,1.423
1997-02-05 19:24,1.430
1997-02-05 19:30,1.437
1997-02-05 19:36,1.444
1997-02-05 19:42,1.451
1997-02-05 19:48,1.457
1997-02-05 19:54,1.463
1997-02-05 20:00,1.468
1997-02-05 20:06,1.474
1997-02-05 20:12,1.479
1997-02-05 20:18,1.484
1997-02-05 20:24,1.488
1997-02-05 20:30,1.493
1997-02-05 20:36,1.497
1997-02-05 20:42,1.500
1997-02-05 20:48,1.504
1997-02-05 20:54,1.507
1997-02-05 21:00,1.510
1997-02-05 21:06,1.512
1997-02-05 21:12,1.515
1997-02-05 21:18,1.517
1997-02-05 21:24,1.518
1997-02-05 21:30,1.520
1997-02-05 21:36,1.521
1997-02-05 21:42,1.523
1997-02-05 21:48,1.524
1997-02-05 21:54,1.524
1997-02-05 22:00,1.525
1997-02-05 22:06,1.526
1997-02-05 22:12,1.526
1997-02-05 22:18,1.526
1997-02-05 22:24,1.526
1997-02-05 22:30,1.526
1997-02-05 22:36,1.526
1997-02-05 22:42,1.526
1997-02-05 22:48,1.525
1997-02-05 22:54,1.525
1997-02-05 23:00,1.524
1997-02-05 23:06,1.524
1997-02-05 23:12,1.523
1997-02-05 23:18,1.522
1997-02-05 23:24,1.521
1997-02-05 23:30,1.520
1997-02-05 23:36,1.519
1997-02-05 23:42,1.518
1997-02-05 23:48,1.517
1997-02-05 23:54,1.516
1997-02-06 00:00,1.515
1997-02-06 00:06,1.513
1997-02-06 00:12,1.512
1997-02-06 00:18,1.511
1997-02-06 00:24,1.509
1997-02-06 00:30,1.507
1997-02-06 00:36,1.506
1997-02-06 00:42,1.504
1997-02-06 00:48,1.503
1997-02-06 00:54,1.501
1997-02-06 01:00,1.499
1997-02-06 01:06,1.498
1997-02-06 01:12,1.496
1997-02-06 01:18,1.494
1997-02-06 01:24,1.492
1997-02-06 01:30,1.491
1997-02-06 01:36,1.489
1997-02-06 01:42,1.487
1997-02-06 01:48,1.486
1997-02-06 01:54,1.484
1997-02-06 02:00,1.483
1997-02-06 02:06,1.481
1997-02-06 02:12,1.480
1997-02-06 02:18,1.479
1997-02-06 02:24,1.478
1997-02-06 02:30,1.477
1997-02-06 02:36,1.476
1997-02-06 02:42,1.475
1997-02-06 02:48,1.474
1997-02-06 02:54,1.474
1997-02-06 03:00,1.473
1997-02-06 03:06,1.473
1997-02-06 03:12,1.473
1997-02-06 03:18,1.472
1997-02-06 03:24,1.472
1997-02-06 03:30,1.472
1997-02-06 03:36,1.472
1997-02-06 03:42,1.472
1997-02-06 03:48,1.472
1997-02-06 03:54,1.472
1997-02-06 04:00,1.472
1997-02-06 04:06,1.472
1997-02-06 04:12,1.472
1997-02-06 04:18,1.472
1997-02-06 04:24,1.472
1997-02-06 04:30,1.472
1997-02-06 04:36,1.472
1997-02-06 04:42,1.472
1997-02-06 04:48,1.471
1997-02-06 04:54,1.471
1997-02-06 05:00,1.470
1997-02-06 05:06,1.470
1997-02-06 05:12,1.469
1997-02-06 05:18,1.468
1997-02-06 05:24,1.467
1997-02-06 05:30,1.466
1997-02-06 05:36,1.464
1997-02-06 05:42,1.463
1997-02-06 05:48,1.461
1997-02-06 05:54,1.460
1997-02-06 06:00,1.458
1997-02-06 06:06,1.456
1997-02-06 06:12,1.454
1997-02-06 06:18,1.451
1997-02-06 06:24,1.449
1997-02-06 06:30,1.446
1997-02-06 06:36,1.443
1997-02-06 06:42,1.440
1997-02-06 06:48,1.437
1997-02-06 06:54,1.434
1997-02-06 07:00,1.431
1997-02-06 07:06,1.427
1997-02-06 07:12,1.423
1997-02-06 07:18,1.419
1997-02-06 07:24,1.415
1997-02-06 07:30,1.411
1997-02-06 07:36,1.406
1997-02-06 07:42,1.401
1997-02-06 07:48,1.396
1997-02-06 07:54,1.391
1997-02-06 08:00,1.385
1997-02-06 08:06,1.380
1997-02-06 08:12,1.374
1997-02-06 08:18,1.367
1997-02-06 08:24,1.361
1997-02-06 08:30,1.354
1997-02-06 08:36,1.347
1997-02-06 08:42,1.340
1997-02-06 08:48,1.333
1997-02-06 08:54,1.325
1997-02-06 09:00,1.317
1997-02-06 09:06,1.309
1997-02-06 09:12,1.301
1997-02-06 09:18,1.293
1997-02-06 09:24,1.284
1997-02-06 09:30,1.275
1997-02-06 09:36,1.267
1997-02-06 09:42,1.258
1997-02-06 09:48,1.249
1997-02-06 09:54,1.239
1997-02-06 10:00,1.230
1997-02-06 10:06,1.221
1997-02-06 10:12,1.212
1997-02-06 10:18,1.203
1997-02-06 10:24,1.194
1997-02-06 10:30,1.184
1997-02-06 10:36,1.175
1997-02-06 10:42,1.166
1997-02-06 10:48,1.157
1997-02-06 10:54,1.149
1997-02-06 11:00,1.140
1997-02-06 11:06,1.132
1997-02-06 11:12,1.123
1997-02-06 11:18,1.115
1997-02-06 11:24,1.107
1997-02-06 11:30,1.099
1997-02-06 11:36,1.091
1997-02-06 11:42,1.084
1997-02-06 11:48,1.077
1997-02-06 11:54,1.070
1997-02-06 12:00,1.063
1997-02-06 12:06,1.056
1997-02-06 12:12,1.050
1997-02-06 12:18,1.044
1997-02-06 12:24,1.038
1997-02-06 12:30,1.032
1997-02-06 12:36,1.027
1997-02-06 12:42,1.021
1997-02-06 12:48,1.016
1997-02-06 12:54,1.012
1997-02-06 13:00,1.007
1997-02-06 13:06,1.003
1997-02-06 13:12,0.999
1997-02-06 13:18,0.996
1997-02-06 13:24,0.993
1997-02-06 13:30,0.990
1997-02-06 13:36,0.987
1997-02-06 13:42,0.985
1997-02-06 13:48,0.983
1997-02-06 13:54,0.982
1997-02-06 14:00,0.981
1997-02-06 14:06,0.980
1997-02-06 14:12,0.980
1997-02-06 14:18,0.980
1997-02-06 14:24,0.981
1997-02-06 14:30,0.982
1997-02-06 14:36,0.983
1997-02-06 14:42,0.985
1997-02-06 14:48,0.988
1997-02-06 14:54,0.991
1997-02-06 15:00,0.994
1997-02-06 15:06,0.997
1997-02-06 15:12,1.002
1997-02-06 15:18,1.006
1997-02-06 15:24,1.011
1997-02-06 15:30,1.016
1997-02-06 15:36,1.022
1997-02-06 15:42,1.028
1997-02-06 15:48,1.035
1997-02-06 15:54,1.042
1997-02-06 16:00,1.049
1997-02-06 16:06,1.056
1997-02-06 16:12,1.064
1997-02-06 16:18,1.072
1997-02-06 16:24,1.080
1997-02-06 16:30,1.089
1997-02-06 16:36,1.097
1997-02-06 16:42,1.106
1997-02-06 16:48,1.115
1997-02-06 16:54,1.125
1997-02-06 17:00,1.134
1997-02-06 17:06,1.143
1997-02-06 17:12,1.153
1997-02-06 17:18,1.163
1997-02-06 17:24,1.173
1997-02-06 17:30,1.182
1997-02-06 17:36,1.192
1997-02-06 17:42,1.202
1997-02-06 17:48,1.212
1997-02-06 17:54,1.222
1997-02-06 18:00,1.232
1997-02-06 18:06,1.242
1997-02-06 18:12,1.252
1997-02-06 18:18,1.262
1997-02-06 18:24,1.272
1997-02-06 18:30,1.282
1997-02-06 18:36,1.292
1997-02-06 18:42,1.302
1997-02-06 18:48,1.311
1997-02-06 18:54,1.321
1997-02-06 19:00,1.331
1997-02-06 19:06,1.340
1997-02-06 19:12,1.349
1997-02-06 19:18,1.359
1997-02-06 19:24,1.368
1997-02-06 19:30,1.376
1997-02-06 19:36,1.385
1997-02-06 19:42,1.394
1997-02-06 19:48,1.402
1997-02-06 19:54,1.410
1997-02-06 20:00,1.418
1997-02-06 20:06,1.425
1997-02-06 20:12,1.432
1997-02-06 20:18,1.439
1997-02-06 20:24,1.446
1997-02-06 20:30,1.452
1997-02-06 20:36,1.458
1997-02-06 20:42,1.464
1997-02-06 20:48,1.469
1997-02-06 20:54,1.474
1997-02-06 21:00,1.479
1997-02-06 21:06,1.484
1997-02-06 21:12,1.488
1997-02-06 21:18,1.491
1997-02-06 21:24,1.495
1997-02-06 21:30,1.498
1997-02-06 21:36,1.500
1997-02-06 21:42,1.503
1997-02-06 21:48,1.505
1997-02-06 21:54,1.507
1997-02-06 22:00,1.508
1997-02-06 22:06,1.510
1997-02-06 22:12,1.511
1997-02-06 22:18,1.512
1997-02-06 22:24,1.513
1997-02-06 22:30,1.513
1997-02-06 22:36,1.513
1997-02-06 22:42,1.514
1997-02-06 22:48,1.514
1997-02-06 22:54,1.513
1997-02-06 23:00,1.513
1997-02-06 23:06,1.513
1997-02-06 23:12,1.512
1997-02-06 23:18,1.512
1997-02-06 23:24,1.511
1997-02-06 23:30,1.510
1997-02-06 23:36,1.510
1997-02-06 23:42,1.509
1997-02-06 23:48,1.508
1997-02-06 23:54,1.507
1997-02-07 00:00,1.505
1997-02-07 00:06,1.504
1997-02-07 00:12,1.503
1997-02-07 00:18,1.502
1997-02-07 00:24,1.500
1997-02-07 00:30,1.499
1997-02-07 00:36,1.497
1997-02-07 00:42,1.496
1997-02-07 00:48,1.494
1997-02-07 00:54,1.492
1997-02-07 01:00,1.490
1997-02-07 01:06,1.489
1997-02-07 01:12,1.487
1997-02-07 01:18,1.485
1997-02-07 01:24,1.483
1997-02-07 01:30,1.481
1997-02-07 01:36,1.479
1997-02-07 01:42,1.477
1997-02-07 01:48,1.475
1997-02-07 01:54,1.473
1997-02-07 02:00,1.471
1997-02-07 02:06,1.470
1997-02-07 02:12,1.468
1997-02-07 02:18,1.466
1997-02-07 02:24,1.464
1997-02-07 02:30,1.463
1997-02-07 02:36,1.462
1997-02-07 02:42,1.460
1997-02-07 02:48,1.459
1997-02-07 02:54,1.458
1997-02-07 03:00,1.457
1997-02-07 03:06,1.456
1997-02-07 03:12,1.456
1997-02-07 03:18,1.455
1997-02-07 03:24,1.455
1997-02-07 03:30,1.455
1997-02-07 03:36,1.455
1997-02-07 03:42,1.455
1997-02-07 03:48,1.455
1997-02-07 03:54,1.455
1997-02-07 04:00,1.456
1997-02-07 04:06,1.456
1997-02-07 04:12,1.457
1997-02-07 04:18,1.457
1997-02-07 04:24,1.458
1997-02-07 04:30,1.459
1997-02-07 04:36,1.459
1997-02-07 04:42,1.460
1997-02-07 04:48,1.461
1997-02-07 04:54,1.462
1997-02-07 05:00,1.462
1997-02-07 05:06,1.463
1997-02-07 05:12,1.464
1997-02-07 05:18,1.464
1997-02-07 05:24,1.465
1997-02-07 05:30,1.466
1997-02-07 05:36,1.466
1997-02-07 05:42,1.466
1997-02-07 05:48,1.467
1997-02-07 05:54,1.467
1997-02-07 06:00,1.467
1997-02-07 06:06,1.467
1997-02-07 06:12,1.467
1997-02-07 06:18,1.467
1997-02-07 06:24,1.466
1997-02-07 06:30,1.466
1997-02-07 06:36,1.465
1997-02-07 06:42,1.465
1997-02-07 06:48,1.464
1997-02-07 06:54,1.463
1997-02-07 07:00,1.462
1997-02-07 07:06,1.461
1997-02-07 07:12,1.459
1997-02-07 07:18,1.458
1997-02-07 07:24,1.456
1997-02-07 07:30,1.455
1997-02-07 07:36,1.453
1997-02-07 07:42,1.450
1997-02-07 07:48,1.448
1997-02-07 07:54,1.445
1997-02-07 08:00,1.442
1997-02-07 08:06,1.439
1997-02-07 08:12,1.436
1997-02-07 08:18,1.432
1997-02-07 08:24,1.429
1997-02-07 08:30,1.424
1997-02-07 08:36,1.420
1997-02-07 08:42,1.415
1997-02-07 08:48,1.410
1997-02-07 08:54,1.405
1997-02-07 09:00,1.399
1997-02-07 09:06,1.394
1997-02-07 09:12,1.387
1997-02-07 09:18,1.381
1997-02-07 09:24,1.374
1997-02-07 09:30,1.367
1997-02-07 09:36,1.360
1997-02-07 09:42,1.352
1997-02-07 09:48,1.344
1997-02-07 09:54,1.336
1997-02-07 10:00,1.328
1997-02-07 10:06,1.320
1997-02-07 10:12,1.311
1997-02-07 10:18,1.303
1997-02-07 10:24,1.294
1997-02-07 10:30,1.285
1997-02-07 10:36,1.276
1997-02-07 10:42,1.267
1997-02-07 10:48,1.257
1997-02-07 10:54,1.248
1997-02-07 11:00,1.239
1997-02-07 11:06,1.230
1997-02-07 11:12,1.221
1997-02-07 11:18,1.212
1997-02-07 11:24,1.203
1997-02-07 11:30,1.194
1997-02-07 11:36,1.185
1997-02-07 11:42,1.176
1997-02-07 11:48,1.167
1997-02-07 11:54,1.159
1997-02-07 12:00,1.151
1997-02-07 12:06,1.142
1997-02-07 12:12,1.134
1997-02-07 12:18,1.126
1997-02-07 12:24,1.118
1997-02-07 12:30,1.111
1997-02-07 12:36,1.103
1997-02-07 12:42,1.096
1997-02-07 12:48,1.089
1997-02-07 12:54,1.082
1997-02-07 13:00,1.075
1997-02-07 13:06,1.069
1997-02-07 13:12,1.062
1997-02-07 13:18,1.056
1997-02-07 13:24,1.050
1997-02-07 13:30,1.045
1997-02-07 13:36,1.039
1997-02-07 13:42,1.034
1997-02-07 13:48,1.030
1997-02-07 13:54,1.025
1997-02-07 14:00,1.021
1997-02-07 14:06,1.017
1997-02-07 14:12,1.013
1997-02-07 14:18,1.010
1997-02-07 14:24,1.007
1997-02-07 14:30,1.005
1997-02-07 14:36,1.003
1997-02-07 14:42,1.001
1997-02-07 14:48,1.000
1997-02-07 14:54,0.999
1997-02-07 15:00,0.998
1997-02-07 15:06,0.998
1997-02-07 15:12,0.999
1997-02-07 15:18,1.000
1997-02-07 15:24,1.001
1997-02-07 15:30,1.003
1997-02-07 15:36,1.005
1997-02-07 15:42,1.007
1997-02-07 15:48,1.010
1997-02-07 15:54,1.014
1997-02-07 16:00,1.018
1997-02-07 16:06,1.022
1997-02-07 16:12,1.027
1997-02-07 16:18,1.032
1997-02-07 16:24,1.037
1997-02-07 16:30,1.043
1997-02-07 16:36,1.049
1997-02-07 16:42,1.055
1997-02-07 16:48,1.062
1997-02-07 16:54,1.069
1997-02-07 17:00,1.076
1997-02-07 17:06,1.084
1997-02-07 17:12,1.092
1997-02-07 17:18,1.100
1997-02-07 17:24,1.108
1997-02-07 17:30,1.116
1997-02-07 17:36,1.125
1997-02-07 17:42,1.134
1997-02-07 17:48,1.142
1997-02-07 17:54,1.152
1997-02-07 18:00,1.161
1997-02-07 18:06,1.170
1997-02-07 18:12,1.179
1997-02-07 18:18,1.189
1997-02-07 18:24,1.199
1997-02-07 18:30,1.208
1997-02-07 18:36,1.218
1997-02-07 18:42,1.228
1997-02-07 18:48,1.237
1997-02-07 18:54,1.247
1997-02-07 19:00,1.257
1997-02-07 19:06,1.267
1997-02-07 19:12,1.277
1997-02-07 19:18,1.287
1997-02-07 19:24,1.296
1997-02-07 19:30,1.306
1997-02-07 19:36,1.316
1997-02-07 19:42,1.325
1997-02-07 19:48,1.334
1997-02-07 19:54,1.344
1997-02-07 20:00,1.353
1997-02-07 20:06,1.362
1997-02-07 20:12,1.370
1997-02-07 20:18,1.379
1997-02-07 20:24,1.387
1997-02-07 20:30,1.395
1997-02-07 20:36,1.403
1997-02-07 20:42,1.410
1997-02-07 20:48,1.417
1997-02-07 20:54,1.424
1997-02-07 21:00,1.430
1997-02-07 21:06,1.437
1997-02-07 21:12,1.442
1997-02-07 21:18,1.448
1997-02-07 21:24,1.453
1997-02-07 21:30,1.458
1997-02-07 21:36,1.462
1997-02-07 21:42,1.466
1997-02-07 21:48,1.470
1997-02-07 21:54,1.473
1997-02-07 22:00,1.476
1997-02-07 22:06,1.479
1997-02-07 22:12,1.482
1997-02-07 22:18,1.484
1997-02-07 22:24,1.485
1997-02-07 22:30,1.487
1997-02-07 22:36,1.488
1997-02-07 22:42,1.489
1997-02-07 22:48,1.490
1997-02-07 22:54,1.490
1997-02-07 23:00,1.491
1997-02-07 23:06,1.491
1997-02-07 23:12,1.491
1997-02-07 23:18,1.490
1997-02-07 23:24,1.490
1997-02-07 23:30,1.489
1997-02-07 23:36,1.489
1997-02-07 23:42,1.488
1997-02-07 23:48,1.487
1997-02-07 23:54,1.486
1997-02-08 00:00,1.485
1997-02-08 00:06,1.483
1997-02-08 00:12,1.482
1997-02-08 00:18,1.481
1997-02-08 00:24,1.479
1997-02-08 00:30,1.477
1997-02-08 00:36,1.476
1997-02-08 00:42,1.474
1997-02-08 00:48,1.472
1997-02-08 00:54,1.470
1997-02-08 01:00,1.468
1997-02-08 01:06,1.466
1997-02-08 01:12,1.464
1997-02-08 01:18,1.462
1997-02-08 01:24,1.460
1997-02-08 01:30,1.458
1997-02-08 01:36,1.456
1997-02-08 01:42,1.454
1997-02-08 01:48,1.451
1997-02-08 01:54,1.449
1997-02-08 02:00,1.447
1997-02-08 02:06,1.445
1997-02-08 02:12,1.442
1997-02-08 02:18,1.440
1997-02-08 02:24,1.438
1997-02-08 02:30,1.436
1997-02-08 02:36,1.434
1997-02-08 02:42,1.432
1997-02-08 02:48,1.430
1997-02-08 02:54,1.429
1997-02-08 03:00,1.427
1997-02-08 03:06,1.426
1997-02-08 03:12,1.424
1997-02-08 03:18,1.423
1997-02-08 03:24,1.422
1997-02-08 03:30,1.421
1997-02-08 03:36,1.421
1997-02-08 03:42,1.420
1997-02-08 03:48,1.420
1997-02-08 03:54,1.419
1997-02-08 04:00,1.419
1997-02-08 04:06,1.419
1997-02-08 04:12,1.420
1997-02-08 04:18,1.420
1997-02-08 04:24,1.420
1997-02-08 04:30,1.421
1997-02-08 04:36,1.422
1997-02-08 04:42,1.423
1997-02-08 04:48,1.424
1997-02-08 04:54,1.425
1997-02-08 05:00,1.426
1997-02-08 05:06,1.427
1997-02-08 05:12,1.428
1997-02-08 05:18,1.430
1997-02-08 05:24,1.431
1997-02-08 05:30,1.433
1997-02-08 05:36,1.434
1997-02-08 05:42,1.436
1997-02-08 05:48,1.437
1997-02-08 05:54,1.439
1997-02-08 06:00,1.441
1997-02-08 06:06,1.442
1997-02-08 06:12,1.444
1997-02-08 06:18,1.445
1997-02-08 06:24,1.447
1997-02-08 06:30,1.448
1997-02-08 06:36,1.450
1997-02-08 06:42,1.451
1997-02-08 06:48,1.453
1997-02-08 06:54,1.454
1997-02-08 07:00,1.455
1997-02-08 07:06,1.457
1997-02-08 07:12,1.458
1997-02-08 07:18,1.459
1997-02-08 07:24,1.460
1997-02-08 07:30,1.460
1997-02-08 07:36,1.461
1997-02-08 07:42,1.462
1997-02-08 07:48,1.462
1997-02-08 07:54,1.462
1997-02-08 08:00,1.462
1997-02-08 08:06,1.462
1997-02-08 08:12,1.462
1997-02-08 08:18,1.461
1997-02-08 08:24,1.461
1997-02-08 08:30,1.460
1997-02-08 08:36,1.458
1997-02-08 08:42,1.457
1997-02-08 08:48,1.455
1997-02-08 08:54,1.453
1997-02-08 09:00,1.451
1997-02-08 09:06,1.448
1997-02-08 09:12,1.445
1997-02-08 09:18,1.442
1997-02-08 09:24,1.438
1997-02-08 09:30,1.434
1997-02-08 09:36,1.430
1997-02-08 09:42,1.425
1997-02-08 09:48,1.420
1997-02-08 09:54,1.415
1997-02-08 10:00,1.410
1997-02-08 10:06,1.404
1997-02-08 10:12,1.398
1997-02-08 10:18,1.392
1997-02-08 10:24,1.385
1997-02-08 10:30,1.378
1997-02-08 10:36,1.371
1997-02-08 10:42,1.364
1997-02-08 10:48,1.356
1997-02-08 10:54,1.349
1997-02-08 11:00,1.341
1997-02-08 11:06,1.333
1997-02-08 11:12,1.325
1997-02-08 11:18,1.317
1997-02-08 11:24,1.309
1997-02-08 11:30,1.300
1997-02-08 11:36,1.292
1997-02-08 11:42,1.283
1997-02-08 11:48,1.275
1997-02-08 11:54,1.266
1997-02-08 12:00,1.258
1997-02-08 12:06,1.249
1997-02-08 12:12,1.241
1997-02-08 12:18,1.233
1997-02-08 12:24,1.224
1997-02-08 12:30,1.216
1997-02-08 12:36,1.208
1997-02-08 12:42,1.200
1997-02-08 12:48,1.192
1997-02-08 12:54,1.184
1997-02-08 13:00,1.176
1997-02-08 13:06,1.168
1997-02-08 13:12,1.161
1997-02-08 13:18,1.153
1997-02-08 13:24,1.146
1997-02-08 13:30,1.139
1997-02-08 13:36,1.132
1997-02-08 13:42,1.125
1997-02-08 13:48,1.118
1997-02-08 13:54,1.112
1997-02-08 14:00,1.106
1997-02-08 14:06,1.100
1997-02-08 14:12,1.094
1997-02-08 14:18,1.088
1997-02-08 14:24,1.083
1997-02-08 14:30,1.078
1997-02-08 14:36,1.073
1997-02-08 14:42,1.069
1997-02-08 14:48,1.064
1997-02-08 14:54,1.061
1997-02-08 15:00,1.057
1997-02-08 15:06,1.054
1997-02-08 15:12,1.051
1997-02-08 15:18,1.049
1997-02-08 15:24,1.046
1997-02-08 15:30,1.045
1997-02-08 15:36,1.043
1997-02-08 15:42,1.042
1997-02-08 15:48,1.042
1997-02-08 15:54,1.041
1997-02-08 16:00,1.041
1997-02-08 16:06,1.042
1997-02-08 16:12,1.043
1997-02-08 16:18,1.044
1997-02-08 16:24,1.046
1997-02-08 16:30,1.048
1997-02-08 16:36,1.050
1997-02-08 16:42,1.053
1997-02-08 16:48,1.056
1997-02-08 16:54,1.060
1997-02-08 17:00,1.064
1997-02-08 17:06,1.068
1997-02-08 17:12,1.073
1997-02-08 17:18,1.078
1997-02-08 17:24,1.083
1997-02-08 17:30,1.089
1997-02-08 17:36,1.094
1997-02-08 17:42,1.100
1997-02-08 17:48,1.107
1997-02-08 17:54,1.114
1997-02-08 18:00,1.120
1997-02-08 18:06,1.128
1997-02-08 18:12,1.135
1997-02-08 18:18,1.143
1997-02-08 18:24,1.150
1997-02-08 18:30,1.158
1997-02-08 18:36,1.167
1997-02-08 18:42,1.175
1997-02-08 18:48,1.183
1997-02-08 18:54,1.192
1997-02-08 19:00,1.201
1997-02-08 19:06,1.210
1997-02-08 19:12,1.219
1997-02-08 19:18,1.228
1997-02-08 19:24,1.237
1997-02-08 19:30,1.246
1997-02-08 19:36,1.255
1997-02-08 19:42,1.264
1997-02-08 19:48,1.273
1997-02-08 19:54,1.283
1997-02-08 20:00,1.292
1997-02-08 20:06,1.301
1997-02-08 20:12,1.310
1997-02-08 20:18,1.318
1997-02-08 20:24,1.327
1997-02-08 20:30,1.336
1997-02-08 20:36,1.344
1997-02-08 20:42,1.352
1997-02-08 20:48,1.360
1997-02-08 20:54,1.368
1997-02-08 21:00,1.375
1997-02-08 21:06,1.383
1997-02-08 21:12,1.390
1997-02-08 21:18,1.396
1997-02-08 21:24,1.403
1997-02-08 21:30,1.409
1997-02-08 21:36,1.415
1997-02-08 21:42,1.420
1997-02-08 21:48,1.425
1997-02-08 21:54,1.430
1997-02-08 22:00,1.434
1997-02-08 22:06,1.439
1997-02-08 22:12,1.442
1997-02-08 22:18,1.446
1997-02-08 22:24,1.449
1997-02-08 22:30,1.452
1997-02-08 22:36,1.454
1997-02-08 22:42,1.456
1997-02-08 22:48,1.458
1997-02-08 22:54,1.460
1997-02-08 23:00,1.461
1997-02-08 23:06,1.462
1997-02-08 23:12,1.463
1997-02-08 23:18,1.463
1997-02-08 23:24,1.464
1997-02-08 23:30,1.463
1997-02-08 23:36,1.463
1997-02-08 23:42,1.463
1997-02-08 23:48,1.462
1997-02-08 23:54,1.461
1997-02-09 00:00,1.460
1997-02-09 00:06,1.459
1997-02-09 00:12,1.458
1997-02-09 00:18,1.456
1997-02-09 00:24,1.454
1997-02-09 00:30,1.453
1997-02-09 00:36,1.451
1997-02-09 00:42,1.449
1997-02-09 00:48,1.446
1997-02-09 00:54,1.444
1997-02-09 01:00,1.442
1997-02-09 01:06,1.439
1997-02-09 01:12,1.437
1997-02-09 01:18,1.434
1997-02-09 01:24,1.432
1997-02-09 01:30,1.429
1997-02-09 01:36,1.427
1997-02-09 01:42,1.424
1997-02-09 01:48,1.421
1997-02-09 01:54,1.418
1997-02-09 02:00,1.416
1997-02-09 02:06,1.413
1997-02-09 02:12,1.410
1997-02-09 02:18,1.407
1997-02-09 02:24,1.405
1997-02-09 02:30,1.402
1997-02-09 02:36,1.400
1997-02-09 02:42,1.397
1997-02-09 02:48,1.395
1997-02-09 02:54,1.392
1997-02-09 03:00,1.390
1997-02-09 03:06,1.388
1997-02-09 03:12,1.385
1997-02-09 03:18,1.383
1997-02-09 03:24,1.381
1997-02-09 03:30,1.380
1997-02-09 03:36,1.378
1997-02-09 03:42,1.376
1997-02-09 03:48,1.375
1997-02-09 03:54,1.374
1997-02-09 04:00,1.373
1997-02-09 04:06,1.372
1997-02-09 04:12,1.371
1997-02-09 04:18,1.370
1997-02-09 04:24,1.370
1997-02-09 04:30,1.369
1997-02-09 04:36,1.369
1997-02-09 04:42,1.369
1997-02-09 04:48,1.369
1997-02-09 04:54,1.370
1997-02-09 05:00,1.370
1997-02-09 05:06,1.371
1997-02-09 05:12,1.372
1997-02-09 05:18,1.373
1997-02-09 05:24,1.374
1997-02-09 05:30,1.375
1997-02-09 05:36,1.377
1997-02-09 05:42,1.378
1997-02-09 05:48,1.380
1997-02-09 05:54,1.382
1997-02-09 06:00,1.384
1997-02-09 06:06,1.386
1997-02-09 06:12,1.388
1997-02-09 06:18,1.391
1997-02-09 06:24,1.393
1997-02-09 06:30,1.396
1997-02-09 06:36,1.398
1997-02-09 06:42,1.401
1997-02-09 06:48,1.404
1997-02-09 06:54,1.406
1997-02-09 07:00,1.409
1997-02-09 07:06,1.412
1997-02-09 07:12,1.415
1997-02-09 07:18,1.418
1997-02-09 07:24,1.421
1997-02-09 07:30,1.424
1997-02-09 07:36,1.427
1997-02-09 07:42,1.430
1997-02-09 07:48,1.432
1997-02-09 07:54,1.435
1997-02-09 08:00,1.438
1997-02-09 08:06,1.440
1997-02-09 08:12,1.442
1997-02-09 08:18,1.445
1997-02-09 08:24,1.447
1997-02-09 08:30,1.449
1997-02-09 08:36,1.450
1997-02-09 08:42,1.452
1997-02-09 08:48,1.453
1997-02-09 08:54,1.454
1997-02-09 09:00,1.455
1997-02-09 09:06,1.456
1997-02-09 09:12,1.456
1997-02-09 09:18,1.457
1997-02-09 09:24,1.456
1997-02-09 09:30,1.456
1997-02-09 09:36,1.455
1997-02-09 09:42,1.454
1997-02-09 09:48,1.453
1997-02-09 09:54,1.452
1997-02-09 10:00,1.450
1997-02-09 10:06,1.448
1997-02-09 10:12,1.445
1997-02-09 10:18,1.443
1997-02-09 10:24,1.440
1997-02-09 10:30,1.436
1997-02-09 10:36,1.433
1997-02-09 10:42,1.429
1997-02-09 10:48,1.425
1997-02-09 10:54,1.420
1997-02-09 11:00,1.416
1997-02-09 11:06,1.411
1997-02-09 11:12,1.406
1997-02-09 11:18,1.400
1997-02-09 11:24,1.395
1997-02-09 11:30,1.389
1997-02-09 11:36,1.383
1997-02-09 11:42,1.377
1997-02-09 11:48,1.370
1997-02-09 11:54,1.364
1997-02-09 12:00,1.357
1997-02-09 12:06,1.350
1997-02-09 12:12,1.343
1997-02-09 12:18,1.336
1997-02-09 12:24,1.329
1997-02-09 12:30,1.322
1997-02-09 12:36,1.315
1997-02-09 12:42,1.307
1997-02-09 12:48,1.300
1997-02-09 12:54,1.293
1997-02-09 13:00,1.285
1997-02-09 13:06,1.278
1997-02-09 13:12,1.270
1997-02-09 13:18,1.263
1997-02-09 13:24,1.256
1997-02-09 13:30,1.249
1997-02-09 13:36,1.241
1997-02-09 13:42,1.234
1997-02-09 13:48,1.227
1997-02-09 13:54,1.220
1997-02-09 14:00,1.214
1997-02-09 14:06,1.207
1997-02-09 14:12,1.200
1997-02-09 14:18,1.194
1997-02-09 14:24,1.188
1997-02-09 14:30,1.182
1997-02-09 14:36,1.176
1997-02-09 14:42,1.170
1997-02-09 14:48,1.164
1997-02-09 14:54,1.159
1997-02-09 15:00,1.154
1997-02-09 15:06,1.149
1997-02-09 15:12,1.144
1997-02-09 15:18,1.140
1997-02-09 15:24,1.136
1997-02-09 15:30,1.132
1997-02-09 15:36,1.128
1997-02-09 15:42,1.124
1997-02-09 15:48,1.121
1997-02-09 15:54,1.118
1997-02-09 16:00,1.115
1997-02-09 16:06,1.113
1997-02-09 16:12,1.111
1997-02-09 16:18,1.109
1997-02-09 16:24,1.108
1997-02-09 16:30,1.106
1997-02-09 16:36,1.105
1997-02-09 16:42,1.105
1997-02-09 16:48,1.104
1997-02-09 16:54,1.104
1997-02-09 17:00,1.105
1997-02-09 17:06,1.106
1997-02-09 17:12,1.107
1997-02-09 17:18,1.108
1997-02-09 17:24,1.110
1997-02-09 17:30,1.112
1997-02-09 17:36,1.114
1997-02-09 17:42,1.116
1997-02-09 17:48,1.119
1997-02-09 17:54,1.123
1997-02-09 18:00,1.126
1997-02-09 18:06,1.130
1997-02-09 18:12,1.135
1997-02-09 18:18,1.139
1997-02-09 18:24,1.144
1997-02-09 18:30,1.149
1997-02-09 18:36,1.155
1997-02-09 18:42,1.160
1997-02-09 18:48,1.166
1997-02-09 18:54,1.173
1997-02-09 19:00,1.179
1997-02-09 19:06,1.186
1997-02-09 19:12,1.193
1997-02-09 19:18,1.200
1997-02-09 19:24,1.207
1997-02-09 19:30,1.214
1997-02-09 19:36,1.222
1997-02-09 19:42,1.229
1997-02-09 19:48,1.237
1997-02-09 19:54,1.245
1997-02-09 20:00,1.253
1997-02-09 20:06,1.260
1997-02-09 20:12,1.268
1997-02-09 20:18,1.276
1997-02-09 20:24,1.284
1997-02-09 20:30,1.292
1997-02-09 20:36,1.300
1997-02-09 20:42,1.307
1997-02-09 20:48,1.315
1997-02-09 20:54,1.322
1997-02-09 21:00,1.330
1997-02-09 21:06,1.337
1997-02-09 21:12,1.344
1997-02-09 21:18,1.351
1997-02-09 21:24,1.357
1997-02-09 21:30,1.364
1997-02-09 21:36,1.370
1997-02-09 21:42,1.376
1997-02-09 21:48,1.382
1997-02-09 21:54,1.387
1997-02-09 22:00,1.393
1997-02-09 22:06,1.398
1997-02-09 22:12,1.402
1997-02-09 22:18,1.407
1997-02-09 22:24,1.411
1997-02-09 22:30,1.415
1997-02-09 22:36,1.418
1997-02-09 22:42,1.422
1997-02-09 22:48,1.425
1997-02-09 22:54,1.428
1997-02-09 23:00,1.430
1997-02-09 23:06,1.432
1997-02-09 23:12,1.434
1997-02-09 23:18,1.435
1997-02-09 23:24,1.437
1997-02-09 23:30,1.438
1997-02-09 23:36,1.438
1997-02-09 23:42,1.438
1997-02-09 23:48,1.439
1997-02-09 23:54,1.438
1997-02-10 00:00,1.438
1997-02-10 00:06,1.437
1997-02-10 00:12,1.436
1997-02-10 00:18,1.435
1997-02-10 00:24,1.434
1997-02-10 00:30,1.432
1997-02-10 00:36,1.430
1997-02-10 00:42,1.428
1997-02-10 00:48,1.426
1997-02-10 00:54,1.423
1997-02-10 01:00,1.421
1997-02-10 01:06,1.418
1997-02-10 01:12,1.415
1997-02-10 01:18,1.412
1997-02-10 01:24,1.409
1997-02-10 01:30,1.406
1997-02-10 01:36,1.402
1997-02-10 01:42,1.399
1997-02-10 01:48,1.396
1997-02-10 01:54,1.392
1997-02-10 02:00,1.389
1997-02-10 02:06,1.385
1997-02-10 02:12,1.382
1997-02-10 02:18,1.379
1997-02-10 02:24,1.375
1997-02-10 02:30,1.372
1997-02-10 02:36,1.368
1997-02-10 02:42,1.365
1997-02-10 02:48,1.362
1997-02-10 02:54,1.358
1997-02-10 03:00,1.355
1997-02-10 03:06,1.352
1997-02-10 03:12,1.349
1997-02-10 03:18,1.346
1997-02-10 03:24,1.343
1997-02-10 03:30,1.340
1997-02-10 03:36,1.338
1997-02-10 03:42,1.335
1997-02-10 03:48,1.332
1997-02-10 03:54,1.330
1997-02-10 04:00,1.328
1997-02-10 04:06,1.325
1997-02-10 04:12,1.323
1997-02-10 04:18,1.321
1997-02-10 04:24,1.320
1997-02-10 04:30,1.318
1997-02-10 04:36,1.316
1997-02-10 04:42,1.315
1997-02-10 04:48,1.314
1997-02-10 04:54,1.313
1997-02-10 05:00,1.312
1997-02-10 05:06,1.311
1997-02-10 05:12,1.310
1997-02-10 05:18,1.310
1997-02-10 05:24,1.310
1997-02-10 05:30,1.310
1997-02-10 05:36,1.310
1997-02-10 05:42,1.310
1997-02-10 05:48,1.311
1997-02-10 05:54,1.312
1997-02-10 06:00,1.313
1997-02-10 06:06,1.314
1997-02-10 06:12,1.316
1997-02-10 06:18,1.318
1997-02-10 06:24,1.320
1997-02-10 06:30,1.322
1997-02-10 06:36,1.324
1997-02-10 06:42,1.327
1997-02-10 06:48,1.329
1997-02-10 06:54,1.332
1997-02-10 07:00,1.336
1997-02-10 07:06,1.339
1997-02-10 07:12,1.342
1997-02-10 07:18,1.346
1997-02-10 07:24,1.350
1997-02-10 07:30,1.353
1997-02-10 07:36,1.357
1997-02-10 07:42,1.361
1997-02-10 07:48,1.365
1997-02-10 07:54,1.369
1997-02-10 08:00,1.374
1997-02-10 08:06,1.378
1997-02-10 08:12,1.382
1997-02-10 08:18,1.386
1997-02-10 08:24,1.390
1997-02-10 08:30,1.394
1997-02-10 08:36,1.398
1997-02-10 08:42,1.401
1997-02-10 08:48,1.405
1997-02-10 08:54,1.409
1997-02-10 09:00,1.412
1997-02-10 09:06,1.416
1997-02-10 09:12,1.419
1997-02-10 09:18,1.422
1997-02-10 09:24,1.425
1997-02-10 09:30,1.427
1997-02-10 09:36,1.430
1997-02-10 09:42,1.432
1997-02-10 09:48,1.434
1997-02-10 09:54,1.436
1997-02-10 10:00,1.437
1997-02-10 10:06,1.439
1997-02-10 10:12,1.440
1997-02-10 10:18,1.441
1997-02-10 10:24,1.442
1997-02-10 10:30,1.442
1997-02-10 10:36,1.442
1997-02-10 10:42,1.442
1997-02-10 10:48,1.442
1997-02-10 10:54,1.442
1997-02-10 11:00,1.441
1997-02-10 11:06,1.440
1997-02-10 11:12,1.439
1997-02-10 11:18,1.437
1997-02-10 11:24,1.435
1997-02-10 11:30,1.433
1997-02-10 11:36,1.431
1997-02-10 11:42,1.428
1997-02-10 11:48,1.426
1997-02-10 11:54,1.423
1997-02-10 12:00,1.419
1997-02-10 12:06,1.416
1997-02-10 12:12,1.412
1997-02-10 12:18,1.408
1997-02-10 12:24,1.404
1997-02-10 12:30,1.400
1997-02-10 12:36,1.395
1997-02-10 12:42,1.390
1997-02-10 12:48,1.385
1997-02-10 12:54,1.380
1997-02-10 13:00,1.375
1997-02-10 13:06,1.370
1997-02-10 13:12,1.364
1997-02-10 13:18,1.359
1997-02-10 13:24,1.353
1997-02-10 13:30,1.347
1997-02-10 13:36,1.341
1997-02-10 13:42,1.336
1997-02-10 13:48,1.330
1997-02-10 13:54,1.324
1997-02-10 14:00,1.318
1997-02-10 14:06,1.312
1997-02-10 14:12,1.306
1997-02-10 14:18,1.301
1997-02-10 14:24,1.295
1997-02-10 14:30,1.289
1997-02-10 14:36,1.284
1997-02-10 14:42,1.278
1997-02-10 14:48,1.273
1997-02-10 14:54,1.268
1997-02-10 15:00,1.262
1997-02-10 15:06,1.257
1997-02-10 15:12,1.252
1997-02-10 15:18,1.248
1997-02-10 15:24,1.243
1997-02-10 15:30,1.238
1997-02-10 15:36,1.234
1997-02-10 15:42,1.230
1997-02-10 15:48,1.226
1997-02-10 15:54,1.222
1997-02-10 16:00,1.218
1997-02-10 16:06,1.214
1997-02-10 16:12,1.210
1997-02-10 16:18,1.207
1997-02-10 16:24,1.204
1997-02-10 16:30,1.201
1997-02-10 16:36,1.198
1997-02-10 16:42,1.195
1997-02-10 16:48,1.193
1997-02-10 16:54,1.190
1997-02-10 17:00,1.188
1997-02-10 17:06,1.186
1997-02-10 17:12,1.184
1997-02-10 17:18,1.183
1997-02-10 17:24,1.182
1997-02-10 17:30,1.181
1997-02-10 17:36,1.180
1997-02-10 17:42,1.179
1997-02-10 17:48,1.179
1997-02-10 17:54,1.179
1997-02-10 18:00,1.180
1997-02-10 18:06,1.180
1997-02-10 18:12,1.181
1997-02-10 18:18,1.182
1997-02-10 18:24,1.184
1997-02-10 18:30,1.186
1997-02-10 18:36,1.188
1997-02-10 18:42,1.191
1997-02-10 18:48,1.193
1997-02-10 18:54,1.197
1997-02-10 19:00,1.200
1997-02-10 19:06,1.204
1997-02-10 19:12,1.208
1997-02-10 19:18,1.212
1997-02-10 19:24,1.216
1997-02-10 19:30,1.221
1997-02-10 19:36,1.226
1997-02-10 19:42,1.231
1997-02-10 19:48,1.236
1997-02-10 19:54,1.242
1997-02-10 20:00,1.247
1997-02-10 20:06,1.253
1997-02-10 20:12,1.259
1997-02-10 20:18,1.265
1997-02-10 20:24,1.271
1997-02-10 20:30,1.277
1997-02-10 20:36,1.283
1997-02-10 20:42,1.289
1997-02-10 20:48,1.295
1997-02-10 20:54,1.301
1997-02-10 21:00,1.307
1997-02-10 21:06,1.313
1997-02-10 21:12,1.319
1997-02-10 21:18,1.325
1997-02-10 21:24,1.331
1997-02-10 21:30,1.337
1997-02-10 21:36,1.342
1997-02-10 21:42,1.347
1997-02-10 21:48,1.353
1997-02-10 21:54,1.358
1997-02-10 22:00,1.363
1997-02-10 22:06,1.368
1997-02-10 22:12,1.373
1997-02-10 22:18,1.377
1997-02-10 22:24,1.381
1997-02-10 22:30,1.386
1997-02-10 22:36,1.389
1997-02-10 22:42,1.393
1997-02-10 22:48,1.397
1997-02-10 22:54,1.400
1997-02-10 23:00,1.403
1997-02-10 23:06,1.406
1997-02-10 23:12,1.409
1997-02-10 23:18,1.411
1997-02-10 23:24,1.413
1997-02-10 23:30,1.415
1997-02-10 23:36,1.417
1997-02-10 23:42,1.418
1997-02-10 23:48,1.419
1997-02-10 23:54,1.420
1997-02-11 00:00,1.420
1997-02-11 00:06,1.420
1997-02-11 00:12,1.420
1997-02-11 00:18,1.420
1997-02-11 00:24,1.419
1997-02-11 00:30,1.418
1997-02-11 00:36,1.417
1997-02-11 00:42,1.415
1997-02-11 00:48,1.414
1997-02-11 00:54,1.412
1997-02-11 01:00,1.409
1997-02-11 01:06,1.407
1997-02-11 01:12,1.404
1997-02-11 01:18,1.401
1997-02-11 01:24,1.398
1997-02-11 01:30,1.395
1997-02-11 01:36,1.391
1997-02-11 01:42,1.388
1997-02-11 01:48,1.384
1997-02-11 01:54,1.380
1997-02-11 02:00,1.376
1997-02-11 02:06,1.372
1997-02-11 02:12,1.368
1997-02-11 02:18,1.364
1997-02-11 02:24,1.359
1997-02-11 02:30,1.355
1997-02-11 02:36,1.351
1997-02-11 02:42,1.347
1997-02-11 02:48,1.342
1997-02-11 02:54,1.338
1997-02-11 03:00,1.334
1997-02-11 03:06,1.330
1997-02-11 03:12,1.326
1997-02-11 03:18,1.322
1997-02-11 03:24,1.318
1997-02-11 03:30,1.314
1997-02-11 03:36,1.310
1997-02-11 03:42,1.307
1997-02-11 03:48,1.303
1997-02-11 03:54,1.299
1997-02-11 04:00,1.296
1997-02-11 04:06,1.292
1997-02-11 04:12,1.289
1997-02-11 04:18,1.286
1997-02-11 04:24,1.282
1997-02-11 04:30,1.279
1997-02-11 04:36,1.276
1997-02-11 04:42,1.273
1997-02-11 04:48,1.271
1997-02-11 04:54,1.268
1997-02-11 05:00,1.265
1997-02-11 05:06,1.263
1997-02-11 05:12,1.261
1997-02-11 05:18,1.259
1997-02-11 05:24,1.257
1997-02-11 05:30,1.255
1997-02-11 05:36,1.253
1997-02-11 05:42,1.252
1997-02-11 05:48,1.251
1997-02-11 05:54,1.250
1997-02-11 06:00,1.249
1997-02-11 06:06,1.248
1997-02-11 06:12,1.248
1997-02-11 06:18,1.248
1997-02-11 06:24,1.248
1997-02-11 06:30,1.249
1997-02-11 06:36,1.250
1997-02-11 06:42,1.251
1997-02-11 06:48,1.252
1997-02-11 06:54,1.254
1997-02-11 07:00,1.256
1997-02-11 07:06,1.258
1997-02-11 07:12,1.261
1997-02-11 07:18,1.263
1997-02-11 07:24,1.266
1997-02-11 07:30,1.269
1997-02-11 07:36,1.273
1997-02-11 07:42,1.277
1997-02-11 07:48,1.280
1997-02-11 07:54,1.284
1997-02-11 08:00,1.288
1997-02-11 08:06,1.293
1997-02-11 08:12,1.297
1997-02-11 08:18,1.302
1997-02-11 08:24,1.306
1997-02-11 08:30,1.311
1997-02-11 08:36,1.316
1997-02-11 08:42,1.320
1997-02-11 08:48,1.325
1997-02-11 08:54,1.330
1997-02-11 09:00,1.335
1997-02-11 09:06,1.339
1997-02-11 09:12,1.344
1997-02-11 09:18,1.349
1997-02-11 09:24,1.353
1997-02-11 09:30,1.358
1997-02-11 09:36,1.362
1997-02-11 09:42,1.366
1997-02-11 09:48,1.371
1997-02-11 09:54,1.375
1997-02-11 10:00,1.379
1997-02-11 10:06,1.383
1997-02-11 10:12,1.386
1997-02-11 10:18,1.390
1997-02-11 10:24,1.394
1997-02-11 10:30,1.397
1997-02-11 10:36,1.400
1997-02-11 10:42,1.403
1997-02-11 10:48,1.406
1997-02-11 10:54,1.409
1997-02-11 11:00,1.412
1997-02-11 11:06,1.414
1997-02-11 11:12,1.417
1997-02-11 11:18,1.419
1997-02-11 11:24,1.421
1997-02-11 11:30,1.422
1997-02-11 11:36,1.424
1997-02-11 11:42,1.425
1997-02-11 11:48,1.426
1997-02-11 11:54,1.427
1997-02-11 12:00,1.428
1997-02-11 12:06,1.428
1997-02-11 12:12,1.428
1997-02-11 12:18,1.428
1997-02-11 12:24,1.428
1997-02-11 12:30,1.427
1997-02-11 12:36,1.427
1997-02-11 12:42,1.426
1997-02-11 12:48,1.424
1997-02-11 12:54,1.423
1997-02-11 13:00,1.421
1997-02-11 13:06,1.419
1997-02-11 13:12,1.417
1997-02-11 13:18,1.414
1997-02-11 13:24,1.412
1997-02-11 13:30,1.409
1997-02-11 13:36,1.406
1997-02-11 13:42,1.403
1997-02-11 13:48,1.400
1997-02-11 13:54,1.396
1997-02-11 14:00,1.393
1997-02-11 14:06,1.389
1997-02-11 14:12,1.386
1997-02-11 14:18,1.382
1997-02-11 14:24,1.378
1997-02-11 14:30,1.374
1997-02-11 14:36,1.371
1997-02-11 14:42,1.367
1997-02-11 14:48,1.363
1997-02-11 14:54,1.359
1997-02-11 15:00,1.355
1997-02-11 15:06,1.351
1997-02-11 15:12,1.348
1997-02-11 15:18,1.344
1997-02-11 15:24,1.340
1997-02-11 15:30,1.337
1997-02-11 15:36,1.333
1997-02-11 15:42,1.330
1997-02-11 15:48,1.326
1997-02-11 15:54,1.323
1997-02-11 16:00,1.319
1997-02-11 16:06,1.316
1997-02-11 16:12,1.313
1997-02-11 16:18,1.309
1997-02-11 16:24,1.306
1997-02-11 16:30,1.303
1997-02-11 16:36,1.300
1997-02-11 16:42,1.297
1997-02-11 16:48,1.294
1997-02-11 16:54,1.291
1997-02-11 17:00,1.288
1997-02-11 17:06,1.285
1997-02-11 17:12,1.282
1997-02-11 17:18,1.280
1997-02-11 17:24,1.277
1997-02-11 17:30,1.275
1997-02-11 17:36,1.272
1997-02-11 17:42,1.270
1997-02-11 17:48,1.268
1997-02-11 17:54,1.266
1997-02-11 18:00,1.264
1997-02-11 18:06,1.263
1997-02-11 18:12,1.262
1997-02-11 18:18,1.260
1997-02-11 18:24,1.259
1997-02-11 18:30,1.259
1997-02-11 18:36,1.258
1997-02-11 18:42,1.258
1997-02-11 18:48,1.258
1997-02-11 18:54,1.258
1997-02-11 19:00,1.259
1997-02-11 19:06,1.260
1997-02-11 19:12,1.261
1997-02-11 19:18,1.262
1997-02-11 19:24,1.264
1997-02-11 19:30,1.265
1997-02-11 19:36,1.267
1997-02-11 19:42,1.270
1997-02-11 19:48,1.272
1997-02-11 19:54,1.275
1997-02-11 20:00,1.278
1997-02-11 20:06,1.281
1997-02-11 20:12,1.284
1997-02-11 20:18,1.288
1997-02-11 20:24,1.291
1997-02-11 20:30,1.295
1997-02-11 20:36,1.299
1997-02-11 20:42,1.303
1997-02-11 20:48,1.307
1997-02-11 20:54,1.311
1997-02-11 21:00,1.315
1997-02-11 21:06,1.319
1997-02-11 21:12,1.323
1997-02-11 21:18,1.327
1997-02-11 21:24,1.331
1997-02-11 21:30,1.335
1997-02-11 21:36,1.339
1997-02-11 21:42,1.343
1997-02-11 21:48,1.347
1997-02-11 21:54,1.351
1997-02-11 22:00,1.355
1997-02-11 22:06,1.358
1997-02-11 22:12,1.362
1997-02-11 22:18,1.366
1997-02-11 22:24,1.369
1997-02-11 22:30,1.373
1997-02-11 22:36,1.376
1997-02-11 22:42,1.379
1997-02-11 22:48,1.382
1997-02-11 22:54,1.385
1997-02-11 23:00,1.388
1997-02-11 23:06,1.391
1997-02-11 23:12,1.394
1997-02-11 23:18,1.396
1997-02-11 23:24,1.398
1997-02-11 23:30,1.401
1997-02-11 23:36,1.403
1997-02-11 23:42,1.404
1997-02-11 23:48,1.406
1997-02-11 23:54,1.407
1997-02-12 00:00,1.409
1997-02-12 00:06,1.410
1997-02-12 00:12,1.410
1997-02-12 00:18,1.411
1997-02-12 00:24,1.411
1997-02-12 00:30,1.411
1997-02-12 00:36,1.411
1997-02-12 00:42,1.410
1997-02-12 00:48,1.409
1997-02-12 00:54,1.408
1997-02-12 01:00,1.406
1997-02-12 01:06,1.405
1997-02-12 01:12,1.403
1997-02-12 01:18,1.401
1997-02-12 01:24,1.398
1997-02-12 01:30,1.395
1997-02-12 01:36,1.392
1997-02-12 01:42,1.389
1997-02-12 01:48,1.386
1997-02-12 01:54,1.382
1997-02-12 02:00,1.378
1997-02-12 02:06,1.374
1997-02-12 02:12,1.370
1997-02-12 02:18,1.366
1997-02-12 02:24,1.361
1997-02-12 02:30,1.357
1997-02-12 02:36,1.352
1997-02-12 02:42,1.348
1997-02-12 02:48,1.343
1997-02-12 02:54,1.338
1997-02-12 03:00,1.333
1997-02-12 03:06,1.328
1997-02-12 03:12,1.324
1997-02-12 03:18,1.319
1997-02-12 03:24,1.314
1997-02-12 03:30,1.309
1997-02-12 03:36,1.304
1997-02-12 03:42,1.300
1997-02-12 03:48,1.295
1997-02-12 03:54,1.290
1997-02-12 04:00,1.285
1997-02-12 04:06,1.281
1997-02-12 04:12,1.276
1997-02-12 04:18,1.272
1997-02-12 04:24,1.267
1997-02-12 04:30,1.263
1997-02-12 04:36,1.259
1997-02-12 04:42,1.254
1997-02-12 04:48,1.250
1997-02-12 04:54,1.246
1997-02-12 05:00,1.242
1997-02-12 05:06,1.238
1997-02-12 05:12,1.234
1997-02-12 05:18,1.230
1997-02-12 05:24,1.227
1997-02-12 05:30,1.223
1997-02-12 05:36,1.220
1997-02-12 05:42,1.217
1997-02-12 05:48,1.214
1997-02-12 05:54,1.211
1997-02-12 06:00,1.208
1997-02-12 06:06,1.205
1997-02-12 06:12,1.203
1997-02-12 06:18,1.201
1997-02-12 06:24,1.199
1997-02-12 06:30,1.197
1997-02-12 06:36,1.196
1997-02-12 06:42,1.195
1997-02-12 06:48,1.194
1997-02-12 06:54,1.193
1997-02-12 07:00,1.193
1997-02-12 07:06,1.193
1997-02-12 07:12,1.194
1997-02-12 07:18,1.194
1997-02-12 07:24,1.195
1997-02-12 07:30,1.197
1997-02-12 07:36,1.198
1997-02-12 07:42,1.200
1997-02-12 07:48,1.202
1997-02-12 07:54,1.205
1997-02-12 08:00,1.207
1997-02-12 08:06,1.210
1997-02-12 08:12,1.213
1997-02-12 08:18,1.217
1997-02-12 08:24,1.220
1997-02-12 08:30,1.224
1997-02-12 08:36,1.228
1997-02-12 08:42,1.232
1997-02-12 08:48,1.236
1997-02-12 08:54,1.241
1997-02-12 09:00,1.245
1997-02-12 09:06,1.250
1997-02-12 09:12,1.255
1997-02-12 09:18,1.259
1997-02-12 09:24,1.264
1997-02-12 09:30,1.269
1997-02-12 09:36,1.274
1997-02-12 09:42,1.279
1997-02-12 09:48,1.284
1997-02-12 09:54,1.289
1997-02-12 10:00,1.294
1997-02-12 10:06,1.299
1997-02-12 10:12,1.304
1997-02-12 10:18,1.308
1997-02-12 10:24,1.313
1997-02-12 10:30,1.318
1997-02-12 10:36,1.323
1997-02-12 10:42,1.328
1997-02-12 10:48,1.333
1997-02-12 10:54,1.337
1997-02-12 11:00,1.342
1997-02-12 11:06,1.347
1997-02-12 11:12,1.351
1997-02-12 11:18,1.356
1997-02-12 11:24,1.360
1997-02-12 11:30,1.364
1997-02-12 11:36,1.369
1997-02-12 11:42,1.373
1997-02-12 11:48,1.377
1997-02-12 11:54,1.381
1997-02-12 12:00,1.385
1997-02-12 12:06,1.388
1997-02-12 12:12,1.392
1997-02-12 12:18,1.395
1997-02-12 12:24,1.398
1997-02-12 12:30,1.401
1997-02-12 12:36,1.404
1997-02-12 12:42,1.407
1997-02-12 12:48,1.409
1997-02-12 12:54,1.411
1997-02-12 13:00,1.413
1997-02-12 13:06,1.415
1997-02-12 13:12,1.416
1997-02-12 13:18,1.418
1997-02-12 13:24,1.419
1997-02-12 13:30,1.420
1997-02-12 13:36,1.420
1997-02-12 13:42,1.421
1997-02-12 13:48,1.421
1997-02-12 13:54,1.421
1997-02-12 14:00,1.421
1997-02-12 14:06,1.421
1997-02-12 14:12,1.420
1997-02-12 14:18,1.420
1997-02-12 14:24,1.419
1997-02-12 14:30,1.418
1997-02-12 14:36,1.417
1997-02-12 14:42,1.416
1997-02-12 14:48,1.414
1997-02-12 14:54,1.413
1997-02-12 15:00,1.412
1997-02-12 15:06,1.410
1997-02-12 15:12,1.409
1997-02-12 15:18,1.407
1997-02-12 15:24,1.406
1997-02-12 15:30,1.404
1997-02-12 15:36,1.402
1997-02-12 15:42,1.401
1997-02-12 15:48,1.399
1997-02-12 15:54,1.397
1997-02-12 16:00,1.395
1997-02-12 16:06,1.394
1997-02-12 16:12,1.392
1997-02-12 16:18,1.390
1997-02-12 16:24,1.388
1997-02-12 16:30,1.386
1997-02-12 16:36,1.384
1997-02-12 16:42,1.382
1997-02-12 16:48,1.380
1997-02-12 16:54,1.378
1997-02-12 17:00,1.376
1997-02-12 17:06,1.374
1997-02-12 17:12,1.372
1997-02-12 17:18,1.370
1997-02-12 17:24,1.368
1997-02-12 17:30,1.366
1997-02-12 17:36,1.363
1997-02-12 17:42,1.361
1997-02-12 17:48,1.359
1997-02-12 17:54,1.357
1997-02-12 18:00,1.355
1997-02-12 18:06,1.353
1997-02-12 18:12,1.351
1997-02-12 18:18,1.349
1997-02-12 18:24,1.347
1997-02-12 18:30,1.345
1997-02-12 18:36,1.343
1997-02-12 18:42,1.342
1997-02-12 18:48,1.340
1997-02-12 18:54,1.339
1997-02-12 19:00,1.338
1997-02-12 19:06,1.337
1997-02-12 19:12,1.336
1997-02-12 19:18,1.335
1997-02-12 19:24,1.335
1997-02-12 19:30,1.335
1997-02-12 19:36,1.334
1997-02-12 19:42,1.335
1997-02-12 19:48,1.335
1997-02-12 19:54,1.335
1997-02-12 20:00,1.336
1997-02-12 20:06,1.336
1997-02-12 20:12,1.337
1997-02-12 20:18,1.338
1997-02-12 20:24,1.339
1997-02-12 20:30,1.341
1997-02-12 20:36,1.342
1997-02-12 20:42,1.344
1997-02-12 20:48,1.345
1997-02-12 20:54,1.347
1997-02-12 21:00,1.349
1997-02-12 21:06,1.351
1997-02-12 21:12,1.353
1997-02-12 21:18,1.355
1997-02-12 21:24,1.357
1997-02-12 21:30,1.359
1997-02-12 21:36,1.361
1997-02-12 21:42,1.363
1997-02-12 21:48,1.365
1997-02-12 21:54,1.367
1997-02-12 22:00,1.370
1997-02-12 22:06,1.372
1997-02-12 22:12,1.374
1997-02-12 22:18,1.376
1997-02-12 22:24,1.378
1997-02-12 22:30,1.380
1997-02-12 22:36,1.382
1997-02-12 22:42,1.384
1997-02-12 22:48,1.386
1997-02-12 22:54,1.388
1997-02-12 23:00,1.390
1997-02-12 23:06,1.392
1997-02-12 23:12,1.394
1997-02-12 23:18,1.395
1997-02-12 23:24,1.397
1997-02-12 23:30,1.399
1997-02-12 23:36,1.400
1997-02-12 23:42,1.402
1997-02-12 23:48,1.403
1997-02-12 23:54,1.405
1997-02-13 00:00,1.406
1997-02-13 00:06,1.407
1997-02-13 00:12,1.408
1997-02-13 00:18,1.408
1997-02-13 00:24,1.409
1997-02-13 00:30,1.409
1997-02-13 00:36,1.410
1997-02-13 00:42,1.410
1997-02-13 00:48,1.410
1997-02-13 00:54,1.409
1997-02-13 01:00,1.409
1997-02-13 01:06,1.408
1997-02-13 01:12,1.407
1997-02-13 01:18,1.406
1997-02-13 01:24,1.404
1997-02-13 01:30,1.402
1997-02-13 01:36,1.400
1997-02-13 01:42,1.398
1997-02-13 01:48,1.396
1997-02-13 01:54,1.393
1997-02-13 02:00,1.390
1997-02-13 02:06,1.387
1997-02-13 02:12,1.384
1997-02-13 02:18,1.380
1997-02-13 02:24,1.376
1997-02-13 02:30,1.372
1997-02-13 02:36,1.368
1997-02-13 02:42,1.364
1997-02-13 02:48,1.360
1997-02-13 02:54,1.355
1997-02-13 03:00,1.350
1997-02-13 03:06,1.346
1997-02-13 03:12,1.341
1997-02-13 03:18,1.336
1997-02-13 03:24,1.331
1997-02-13 03:30,1.326
1997-02-13 03:36,1.320
1997-02-13 03:42,1.315
1997-02-13 03:48,1.310
1997-02-13 03:54,1.305
1997-02-13 04:00,1.299
1997-02-13 04:06,1.294
1997-02-13 04:12,1.288
1997-02-13 04:18,1.283
1997-02-13 04:24,1.278
1997-02-13 04:30,1.272
1997-02-13 04:36,1.267
1997-02-13 04:42,1.262
1997-02-13 04:48,1.256
1997-02-13 04:54,1.251
1997-02-13 05:00,1.246
1997-02-13 05:06,1.241
1997-02-13 05:12,1.236
1997-02-13 05:18,1.231
1997-02-13 05:24,1.225
1997-02-13 05:30,1.221
1997-02-13 05:36,1.216
1997-02-13 05:42,1.211
1997-02-13 05:48,1.206
1997-02-13 05:54,1.202
1997-02-13 06:00,1.197
1997-02-13 06:06,1.193
1997-02-13 06:12,1.189
1997-02-13 06:18,1.185
1997-02-13 06:24,1.181
1997-02-13 06:30,1.177
1997-02-13 06:36,1.174
1997-02-13 06:42,1.171
1997-02-13 06:48,1.168
1997-02-13 06:54,1.165
1997-02-13 07:00,1.162
1997-02-13 07:06,1.160
1997-02-13 07:12,1.158
1997-02-13 07:18,1.156
1997-02-13 07:24,1.155
1997-02-13 07:30,1.154
1997-02-13 07:36,1.153
1997-02-13 07:42,1.152
1997-02-13 07:48,1.152
1997-02-13 07:54,1.152
1997-02-13 08:00,1.152
1997-02-13 08:06,1.153
1997-02-13 08:12,1.153
1997-02-13 08:18,1.154
1997-02-13 08:24,1.156
1997-02-13 08:30,1.157
1997-02-13 08:36,1.159
1997-02-13 08:42,1.161
1997-02-13 08:48,1.164
1997-02-13 08:54,1.166
1997-02-13 09:00,1.169
1997-02-13 09:06,1.172
1997-02-13 09:12,1.175
1997-02-13 09:18,1.179
1997-02-13 09:24,1.182
1997-02-13 09:30,1.186
1997-02-13 09:36,1.190
1997-02-13 09:42,1.194
1997-02-13 09:48,1.198
1997-02-13 09:54,1.202
1997-02-13 10:00,1.207
1997-02-13 10:06,1.211
1997-02-13 10:12,1.216
1997-02-13 10:18,1.220
1997-02-13 10:24,1.225
1997-02-13 10:30,1.230
1997-02-13 10:36,1.235
1997-02-13 10:42,1.240
1997-02-13 10:48,1.245
1997-02-13 10:54,1.250
1997-02-13 11:00,1.255
1997-02-13 11:06,1.261
1997-02-13 11:12,1.266
1997-02-13 11:18,1.271
1997-02-13 11:24,1.276
1997-02-13 11:30,1.282
1997-02-13 11:36,1.287
1997-02-13 11:42,1.293
1997-02-13 11:48,1.298
1997-02-13 11:54,1.303
1997-02-13 12:00,1.309
1997-02-13 12:06,1.314
1997-02-13 12:12,1.320
1997-02-13 12:18,1.325
1997-02-13 12:24,1.330
1997-02-13 12:30,1.335
1997-02-13 12:36,1.340
1997-02-13 12:42,1.345
1997-02-13 12:48,1.350
1997-02-13 12:54,1.355
1997-02-13 13:00,1.360
1997-02-13 13:06,1.364
1997-02-13 13:12,1.369
1997-02-13 13:18,1.373
1997-02-13 13:24,1.377
1997-02-13 13:30,1.381
1997-02-13 13:36,1.385
1997-02-13 13:42,1.389
1997-02-13 13:48,1.392
1997-02-13 13:54,1.396
1997-02-13 14:00,1.399
1997-02-13 14:06,1.402
1997-02-13 14:12,1.405
1997-02-13 14:18,1.408
1997-02-13 14:24,1.410
1997-02-13 14:30,1.412
1997-02-13 14:36,1.415
1997-02-13 14:42,1.417
1997-02-13 14:48,1.419
1997-02-13 14:54,1.421
1997-02-13 15:00,1.422
1997-02-13 15:06,1.424
1997-02-13 15:12,1.425
1997-02-13 15:18,1.426
1997-02-13 15:24,1.428
1997-02-13 15:30,1.429
1997-02-13 15:36,1.430
1997-02-13 15:42,1.430
1997-02-13 15:48,1.431
1997-02-13 15:54,1.432
1997-02-13 16:00,1.432
1997-02-13 16:06,1.433
1997-02-13 16:12,1.433
1997-02-13 16:18,1.433
1997-02-13 16:24,1.434
1997-02-13 16:30,1.434
1997-02-13 16:36,1.434
1997-02-13 16:42,1.434
1997-02-13 16:48,1.433
1997-02-13 16:54,1.433
1997-02-13 17:00,1.433
1997-02-13 17:06,1.432
1997-02-13 17:12,1.432
1997-02-13 17:18,1.431
1997-02-13 17:24,1.431
1997-02-13 17:30,1.430
1997-02-13 17:36,1.429
1997-02-13 17:42,1.428
1997-02-13 17:48,1.427
1997-02-13 17:54,1.426
1997-02-13 18:00,1.425
1997-02-13 18:06,1.424
1997-02-13 18:12,1.423
1997-02-13 18:18,1.422
1997-02-13 18:24,1.421
1997-02-13 18:30,1.420
1997-02-13 18:36,1.418
1997-02-13 18:42,1.417
1997-02-13 18:48,1.416
1997-02-13 18:54,1.415
1997-02-13 19:00,1.413
1997-02-13 19:06,1.412
1997-02-13 19:12,1.411
1997-02-13 19:18,1.410
1997-02-13 19:24,1.409
1997-02-13 19:30,1.408
1997-02-13 19:36,1.407
1997-02-13 19:42,1.406
1997-02-13 19:48,1.405
1997-02-13 19:54,1.404
1997-02-13 20:00,1.403
1997-02-13 20:06,1.403
1997-02-13 20:12,1.402
1997-02-13 20:18,1.402
1997-02-13 20:24,1.401
1997-02-13 20:30,1.401
1997-02-13 20:36,1.401
1997-02-13 20:42,1.400
1997-02-13 20:48,1.400
1997-02-13 20:54,1.400
1997-02-13 21:00,1.400
1997-02-13 21:06,1.400
1997-02-13 21:12,1.400
1997-02-13 21:18,1.400
1997-02-13 21:24,1.400
1997-02-13 21:30,1.401
1997-02-13 21:36,1.401
1997-02-13 21:42,1.401
1997-02-13 21:48,1.402
1997-02-13 21:54,1.402
1997-02-13 22:00,1.402
1997-02-13 22:06,1.403
1997-02-13 22:12,1.403
1997-02-13 22:18,1.404
1997-02-13 22:24,1.404
1997-02-13 22:30,1.405
1997-02-13 22:36,1.405
1997-02-13 22:42,1.406
1997-02-13 22:48,1.407
1997-02-13 22:54,1.407
1997-02-13 23:00,1.408
1997-02-13 23:06,1.408
1997-02-13 23:12,1.409
1997-02-13 23:18,1.410
1997-02-13 23:24,1.410
1997-02-13 23:30,1.411
1997-02-13 23:36,1.411
1997-02-13 23:42,1.412
1997-02-13 23:48,1.412
1997-02-13 23:54,1.413
1997-02-14 00:00,1.413
1997-02-14 00:06,1.414
1997-02-14 00:12,1.414
1997-02-14 00:18,1.415
1997-02-14 00:24,1.415
1997-02-14 00:30,1.415
1997-02-14 00:36,1.415
1997-02-14 00:42,1.415
1997-02-14 00:48,1.415
1997-02-14 00:54,1.415
1997-02-14 01:00,1.415
1997-02-14 01:06,1.414
1997-02-14 01:12,1.414
1997-02-14 01:18,1.413
1997-02-14 01:24,1.412
1997-02-14 01:30,1.411
1997-02-14 01:36,1.410
1997-02-14 01:42,1.409
1997-02-14 01:48,1.407
1997-02-14 01:54,1.406
1997-02-14 02:00,1.404
1997-02-14 02:06,1.402
1997-02-14 02:12,1.400
1997-02-14 02:18,1.397
1997-02-14 02:24,1.395
1997-02-14 02:30,1.392
1997-02-14 02:36,1.389
1997-02-14 02:42,1.386
1997-02-14 02:48,1.383
1997-02-14 02:54,1.379
1997-02-14 03:00,1.376
1997-02-14 03:06,1.372
1997-02-14 03:12,1.368
1997-02-14 03:18,1.364
1997-02-14 03:24,1.359
1997-02-14 03:30,1.355
1997-02-14 03:36,1.350
1997-02-14 03:42,1.345
1997-02-14 03:48,1.341
1997-02-14 03:54,1.336
1997-02-14 04:00,1.330
1997-02-14 04:06,1.325
1997-02-14 04:12,1.320
1997-02-14 04:18,1.314
1997-02-14 04:24,1.309
1997-02-14 04:30,1.303
1997-02-14 04:36,1.298
1997-02-14 04:42,1.292
1997-02-14 04:48,1.286
1997-02-14 04:54,1.280
1997-02-14 05:00,1.274
1997-02-14 05:06,1.268
1997-02-14 05:12,1.262
1997-02-14 05:18,1.257
1997-02-14 05:24,1.251
1997-02-14 05:30,1.245
1997-02-14 05:36,1.239
1997-02-14 05:42,1.233
1997-02-14 05:48,1.227
1997-02-14 05:54,1.222
1997-02-14 06:00,1.216
1997-02-14 06:06,1.210
1997-02-14 06:12,1.205
1997-02-14 06:18,1.200
1997-02-14 06:24,1.194
1997-02-14 06:30,1.189
1997-02-14 06:36,1.184
1997-02-14 06:42,1.179
1997-02-14 06:48,1.175
1997-02-14 06:54,1.170
1997-02-14 07:00,1.166
1997-02-14 07:06,1.162
1997-02-14 07:12,1.158
1997-02-14 07:18,1.154
1997-02-14 07:24,1.150
1997-02-14 07:30,1.147
1997-02-14 07:36,1.144
1997-02-14 07:42,1.141
1997-02-14 07:48,1.138
1997-02-14 07:54,1.136
1997-02-14 08:00,1.133
1997-02-14 08:06,1.131
1997-02-14 08:12,1.130
1997-02-14 08:18,1.128
1997-02-14 08:24,1.127
1997-02-14 08:30,1.126
1997-02-14 08:36,1.125
1997-02-14 08:42,1.125
1997-02-14 08:48,1.125
1997-02-14 08:54,1.125
1997-02-14 09:00,1.125
1997-02-14 09:06,1.125
1997-02-14 09:12,1.126
1997-02-14 09:18,1.127
1997-02-14 09:24,1.128
1997-02-14 09:30,1.130
1997-02-14 09:36,1.131
1997-02-14 09:42,1.133
1997-02-14 09:48,1.135
1997-02-14 09:54,1.138
1997-02-14 10:00,1.140
1997-02-14 10:06,1.143
1997-02-14 10:12,1.146
1997-02-14 10:18,1.149
1997-02-14 10:24,1.152
1997-02-14 10:30,1.156
1997-02-14 10:36,1.159
1997-02-14 10:42,1.163
1997-02-14 10:48,1.167
1997-02-14 10:54,1.171
1997-02-14 11:00,1.176
1997-02-14 11:06,1.180
1997-02-14 11:12,1.185
1997-02-14 11:18,1.190
1997-02-14 11:24,1.194
1997-02-14 11:30,1.199
1997-02-14 11:36,1.204
1997-02-14 11:42,1.210
1997-02-14 11:48,1.215
1997-02-14 11:54,1.220
1997-02-14 12:00,1.226
1997-02-14 12:06,1.231
1997-02-14 12:12,1.237
1997-02-14 12:18,1.242
1997-02-14 12:24,1.248
1997-02-14 12:30,1.254
1997-02-14 12:36,1.259
1997-02-14 12:42,1.265
1997-02-14 12:48,1.271
1997-02-14 12:54,1.277
1997-02-14 13:00,1.283
1997-02-14 13:06,1.288
1997-02-14 13:12,1.294
1997-02-14 13:18,1.300
1997-02-14 13:24,1.306
1997-02-14 13:30,1.312
1997-02-14 13:36,1.317
1997-02-14 13:42,1.323
1997-02-14 13:48,1.328
1997-02-14 13:54,1.334
1997-02-14 14:00,1.339
1997-02-14 14:06,1.345
1997-02-14 14:12,1.350
1997-02-14 14:18,1.355
1997-02-14 14:24,1.361
1997-02-14 14:30,1.366
1997-02-14 14:36,1.371
1997-02-14 14:42,1.376
1997-02-14 14:48,1.380
1997-02-14 14:54,1.385
1997-02-14 15:00,1.389
1997-02-14 15:06,1.394
1997-02-14 15:12,1.398
1997-02-14 15:18,1.402
1997-02-14 15:24,1.406
1997-02-14 15:30,1.410
1997-02-14 15:36,1.414
1997-02-14 15:42,1.418
1997-02-14 15:48,1.421
1997-02-14 15:54,1.424
1997-02-14 16:00,1.428
1997-02-14 16:06,1.431
1997-02-14 16:12,1.433
1997-02-14 16:18,1.436
1997-02-14 16:24,1.439
1997-02-14 16:30,1.441
1997-02-14 16:36,1.443
1997-02-14 16:42,1.446
1997-02-14 16:48,1.448
1997-02-14 16:54,1.450
1997-02-14 17:00,1.451
1997-02-14 17:06,1.453
1997-02-14 17:12,1.454
1997-02-14 17:18,1.456
1997-02-14 17:24,1.457
1997-02-14 17:30,1.458
1997-02-14 17:36,1.459
1997-02-14 17:42,1.460
1997-02-14 17:48,1.461
1997-02-14 17:54,1.462
1997-02-14 18:00,1.462
1997-02-14 18:06,1.463
1997-02-14 18:12,1.464
1997-02-14 18:18,1.464
1997-02-14 18:24,1.464
1997-02-14 18:30,1.465
1997-02-14 18:36,1.465
1997-02-14 18:42,1.465
1997-02-14 18:48,1.465
1997-02-14 18:54,1.465
1997-02-14 19:00,1.465
1997-02-14 19:06,1.465
1997-02-14 19:12,1.465
1997-02-14 19:18,1.464
1997-02-14 19:24,1.464
1997-02-14 19:30,1.464
1997-02-14 19:36,1.463
1997-02-14 19:42,1.463
1997-02-14 19:48,1.462
1997-02-14 19:54,1.462
1997-02-14 20:00,1.461
1997-02-14 20:06,1.461
1997-02-14 20:12,1.460
1997-02-14 20:18,1.459
1997-02-14 20:24,1.459
1997-02-14 20:30,1.458
1997-02-14 20:36,1.457
1997-02-14 20:42,1.456
1997-02-14 20:48,1.455
1997-02-14 20:54,1.454
1997-02-14 21:00,1.453
1997-02-14 21:06,1.452
1997-02-14 21:12,1.451
1997-02-14 21:18,1.450
1997-02-14 21:24,1.449
1997-02-14 21:30,1.448
1997-02-14 21:36,1.447
1997-02-14 21:42,1.446
1997-02-14 21:48,1.445
1997-02-14 21:54,1.445
1997-02-14 22:00,1.444
1997-02-14 22:06,1.443
1997-02-14 22:12,1.442
1997-02-14 22:18,1.441
1997-02-14 22:24,1.440
1997-02-14 22:30,1.439
1997-02-14 22:36,1.439
1997-02-14 22:42,1.438
1997-02-14 22:48,1.437
1997-02-14 22:54,1.436
1997-02-14 23:00,1.436
1997-02-14 23:06,1.435
1997-02-14 23:12,1.435
1997-02-14 23:18,1.434
1997-02-14 23:24,1.434
1997-02-14 23:30,1.433
1997-02-14 23:36,1.432
1997-02-14 23:42,1.432
1997-02-14 23:48,1.432
1997-02-14 23:54,1.431
1997-02-15 00:00,1.431
1997-02-15 00:06,1.430
1997-02-15 00:12,1.430
1997-02-15 00:18,1.429
1997-02-15 00:24,1.429
1997-02-15 00:30,1.428
1997-02-15 00:36,1.428
1997-02-15 00:42,1.427
1997-02-15 00:48,1.426
1997-02-15 00:54,1.426
1997-02-15 01:00,1.425
1997-02-15 01:06,1.424
1997-02-15 01:12,1.424
1997-02-15 01:18,1.423
1997-02-15 01:24,1.422
1997-02-15 01:30,1.421
1997-02-15 01:36,1.420
1997-02-15 01:42,1.419
1997-02-15 01:48,1.418
1997-02-15 01:54,1.417
1997-02-15 02:00,1.416
1997-02-15 02:06,1.414
1997-02-15 02:12,1.413
1997-02-15 02:18,1.412
1997-02-15 02:24,1.410
1997-02-15 02:30,1.408
1997-02-15 02:36,1.407
1997-02-15 02:42,1.405
1997-02-15 02:48,1.403
1997-02-15 02:54,1.400
1997-02-15 03:00,1.398
1997-02-15 03:06,1.396
1997-02-15 03:12,1.393
1997-02-15 03:18,1.390
1997-02-15 03:24,1.388
1997-02-15 03:30,1.384
1997-02-15 03:36,1.381
1997-02-15 03:42,1.378
1997-02-15 03:48,1.374
1997-02-15 03:54,1.370
1997-02-15 04:00,1.366
1997-02-15 04:06,1.362
1997-02-15 04:12,1.358
1997-02-15 04:18,1.353
1997-02-15 04:24,1.349
1997-02-15 04:30,1.344
1997-02-15 04:36,1.339
1997-02-15 04:42,1.334
1997-02-15 04:48,1.328
1997-02-15 04:54,1.323
1997-02-15 05:00,1.317
1997-02-15 05:06,1.312
1997-02-15 05:12,1.306
1997-02-15 05:18,1.300
1997-02-15 05:24,1.294
1997-02-15 05:30,1.288
1997-02-15 05:36,1.282
1997-02-15 05:42,1.276
1997-02-15 05:48,1.269
1997-02-15 05:54,1.263
1997-02-15 06:00,1.257
1997-02-15 06:06,1.251
1997-02-15 06:12,1.245
1997-02-15 06:18,1.238
1997-02-15 06:24,1.232
1997-02-15 06:30,1.226
1997-02-15 06:36,1.220
1997-02-15 06:42,1.215
1997-02-15 06:48,1.209
1997-02-15 06:54,1.203
1997-02-15 07:00,1.198
1997-02-15 07:06,1.192
1997-02-15 07:12,1.187
1997-02-15 07:18,1.182
1997-02-15 07:24,1.177
1997-02-15 07:30,1.172
1997-02-15 07:36,1.167
1997-02-15 07:42,1.163
1997-02-15 07:48,1.158
1997-02-15 07:54,1.154
1997-02-15 08:00,1.150
1997-02-15 08:06,1.146
1997-02-15 08:12,1.142
1997-02-15 08:18,1.139
1997-02-15 08:24,1.135
1997-02-15 08:30,1.132
1997-02-15 08:36,1.129
1997-02-15 08:42,1.126
1997-02-15 08:48,1.123
1997-02-15 08:54,1.121
1997-02-15 09:00,1.118
1997-02-15 09:06,1.116
1997-02-15 09:12,1.115
1997-02-15 09:18,1.113
1997-02-15 09:24,1.111
1997-02-15 09:30,1.110
1997-02-15 09:36,1.109
1997-02-15 09:42,1.109
1997-02-15 09:48,1.108
1997-02-15 09:54,1.108
1997-02-15 10:00,1.108
1997-02-15 10:06,1.108
1997-02-15 10:12,1.108
1997-02-15 10:18,1.109
1997-02-15 10:24,1.110
1997-02-15 10:30,1.111
1997-02-15 10:36,1.113
1997-02-15 10:42,1.114
1997-02-15 10:48,1.116
1997-02-15 10:54,1.118
1997-02-15 11:00,1.121
1997-02-15 11:06,1.124
1997-02-15 11:12,1.126
1997-02-15 11:18,1.129
1997-02-15 11:24,1.133
1997-02-15 11:30,1.136
1997-02-15 11:36,1.140
1997-02-15 11:42,1.144
1997-02-15 11:48,1.148
1997-02-15 11:54,1.152
1997-02-15 12:00,1.156
1997-02-15 12:06,1.161
1997-02-15 12:12,1.165
1997-02-15 12:18,1.170
1997-02-15 12:24,1.175
1997-02-15 12:30,1.180
1997-02-15 12:36,1.185
1997-02-15 12:42,1.190
1997-02-15 12:48,1.196
1997-02-15 12:54,1.201
1997-02-15 13:00,1.206
1997-02-15 13:06,1.212
1997-02-15 13:12,1.218
1997-02-15 13:18,1.223
1997-02-15 13:24,1.229
1997-02-15 13:30,1.235
1997-02-15 13:36,1.241
1997-02-15 13:42,1.247
1997-02-15 13:48,1.253
1997-02-15 13:54,1.259
1997-02-15 14:00,1.265
1997-02-15 14:06,1.271
1997-02-15 14:12,1.278
1997-02-15 14:18,1.284
1997-02-15 14:24,1.290
1997-02-15 14:30,1.297
1997-02-15 14:36,1.303
1997-02-15 14:42,1.309
1997-02-15 14:48,1.316
1997-02-15 14:54,1.322
1997-02-15 15:00,1.328
1997-02-15 15:06,1.335
1997-02-15 15:12,1.341
1997-02-15 15:18,1.347
1997-02-15 15:24,1.353
1997-02-15 15:30,1.359
1997-02-15 15:36,1.365
1997-02-15 15:42,1.371
1997-02-15 15:48,1.377
1997-02-15 15:54,1.383
1997-02-15 16:00,1.388
1997-02-15 16:06,1.394
1997-02-15 16:12,1.399
1997-02-15 16:18,1.404
1997-02-15 16:24,1.409
1997-02-15 16:30,1.414
1997-02-15 16:36,1.418
1997-02-15 16:42,1.423
1997-02-15 16:48,1.427
1997-02-15 16:54,1.431
1997-02-15 17:00,1.435
1997-02-15 17:06,1.439
1997-02-15 17:12,1.442
1997-02-15 17:18,1.446
1997-02-15 17:24,1.449
1997-02-15 17:30,1.452
1997-02-15 17:36,1.455
1997-02-15 17:42,1.458
1997-02-15 17:48,1.460
1997-02-15 17:54,1.463
1997-02-15 18:00,1.465
1997-02-15 18:06,1.468
1997-02-15 18:12,1.470
1997-02-15 18:18,1.472
1997-02-15 18:24,1.474
1997-02-15 18:30,1.476
1997-02-15 18:36,1.478
1997-02-15 18:42,1.480
1997-02-15 18:48,1.481
1997-02-15 18:54,1.483
1997-02-15 19:00,1.485
1997-02-15 19:06,1.486
1997-02-15 19:12,1.487
1997-02-15 19:18,1.489
1997-02-15 19:24,1.490
1997-02-15 19:30,1.491
1997-02-15 19:36,1.492
1997-02-15 19:42,1.493
1997-02-15 19:48,1.494
1997-02-15 19:54,1.494
1997-02-15 20:00,1.495
1997-02-15 20:06,1.495
1997-02-15 20:12,1.496
1997-02-15 20:18,1.496
1997-02-15 20:24,1.496
1997-02-15 20:30,1.496
1997-02-15 20:36,1.496
1997-02-15 20:42,1.496
1997-02-15 20:48,1.495
1997-02-15 20:54,1.495
1997-02-15 21:00,1.494
1997-02-15 21:06,1.493
1997-02-15 21:12,1.492
1997-02-15 21:18,1.491
1997-02-15 21:24,1.490
1997-02-15 21:30,1.489
1997-02-15 21:36,1.488
1997-02-15 21:42,1.486
1997-02-15 21:48,1.485
1997-02-15 21:54,1.483
1997-02-15 22:00,1.482
1997-02-15 22:06,1.480
1997-02-15 22:12,1.479
1997-02-15 22:18,1.477
1997-02-15 22:24,1.476
1997-02-15 22:30,1.474
1997-02-15 22:36,1.472
1997-02-15 22:42,1.471
1997-02-15 22:48,1.469
1997-02-15 22:54,1.468
1997-02-15 23:00,1.466
1997-02-15 23:06,1.465
1997-02-15 23:12,1.463
1997-02-15 23:18,1.462
1997-02-15 23:24,1.460
1997-02-15 23:30,1.459
1997-02-15 23:36,1.457
1997-02-15 23:42,1.456
1997-02-15 23:48,1.455
1997-02-15 23:54,1.453
1997-02-16 00:00,1.452
1997-02-16 00:06,1.451
1997-02-16 00:12,1.450
1997-02-16 00:18,1.448
1997-02-16 00:24,1.447
1997-02-16 00:30,1.446
1997-02-16 00:36,1.445
1997-02-16 00:42,1.443
1997-02-16 00:48,1.442
1997-02-16 00:54,1.441
1997-02-16 01:00,1.439
1997-02-16 01:06,1.438
1997-02-16 01:12,1.437
1997-02-16 01:18,1.436
1997-02-16 01:24,1.434
1997-02-16 01:30,1.433
1997-02-16 01:36,1.432
1997-02-16 01:42,1.431
1997-02-16 01:48,1.429
1997-02-16 01:54,1.428
1997-02-16 02:00,1.427
1997-02-16 02:06,1.425
1997-02-16 02:12,1.424
1997-02-16 02:18,1.423
1997-02-16 02:24,1.422
1997-02-16 02:30,1.420
1997-02-16 02:36,1.419
1997-02-16 02:42,1.418
1997-02-16 02:48,1.417
1997-02-16 02:54,1.415
1997-02-16 03:00,1.414
1997-02-16 03:06,1.413
1997-02-16 03:12,1.411
1997-02-16 03:18,1.410
1997-02-16 03:24,1.408
1997-02-16 03:30,1.406
1997-02-16 03:36,1.404
1997-02-16 03:42,1.402
1997-02-16 03:48,1.400
1997-02-16 03:54,1.398
1997-02-16 04:00,1.396
1997-02-16 04:06,1.393
1997-02-16 04:12,1.390
1997-02-16 04:18,1.388
1997-02-16 04:24,1.384
1997-02-16 04:30,1.381
1997-02-16 04:36,1.378
1997-02-16 04:42,1.374
1997-02-16 04:48,1.370
1997-02-16 04:54,1.366
1997-02-16 05:00,1.362
1997-02-16 05:06,1.357
1997-02-16 05:12,1.352
1997-02-16 05:18,1.347
1997-02-16 05:24,1.342
1997-02-16 05:30,1.337
1997-02-16 05:36,1.332
1997-02-16 05:42,1.326
1997-02-16 05:48,1.320
1997-02-16 05:54,1.315
1997-02-16 06:00,1.309
1997-02-16 06:06,1.303
1997-02-16 06:12,1.297
1997-02-16 06:18,1.291
1997-02-16 06:24,1.284
1997-02-16 06:30,1.278
1997-02-16 06:36,1.272
1997-02-16 06:42,1.266
1997-02-16 06:48,1.260
1997-02-16 06:54,1.254
1997-02-16 07:00,1.248
1997-02-16 07:06,1.242
1997-02-16 07:12,1.236
1997-02-16 07:18,1.230
1997-02-16 07:24,1.224
1997-02-16 07:30,1.218
1997-02-16 07:36,1.213
1997-02-16 07:42,1.207
1997-02-16 07:48,1.202
1997-02-16 07:54,1.197
1997-02-16 08:00,1.191
1997-02-16 08:06,1.186
1997-02-16 08:12,1.181
1997-02-16 08:18,1.176
1997-02-16 08:24,1.171
1997-02-16 08:30,1.167
1997-02-16 08:36,1.162
1997-02-16 08:42,1.157
1997-02-16 08:48,1.153
1997-02-16 08:54,1.149
1997-02-16 09:00,1.145
1997-02-16 09:06,1.140
1997-02-16 09:12,1.137
1997-02-16 09:18,1.133
1997-02-16 09:24,1.129
1997-02-16 09:30,1.126
1997-02-16 09:36,1.122
1997-02-16 09:42,1.119
1997-02-16 09:48,1.116
1997-02-16 09:54,1.114
1997-02-16 10:00,1.111
1997-02-16 10:06,1.109
1997-02-16 10:12,1.107
1997-02-16 10:18,1.105
1997-02-16 10:24,1.103
1997-02-16 10:30,1.102
1997-02-16 10:36,1.101
1997-02-16 10:42,1.100
1997-02-16 10:48,1.099
1997-02-16 10:54,1.099
1997-02-16 11:00,1.099
1997-02-16 11:06,1.099
1997-02-16 11:12,1.100
1997-02-16 11:18,1.100
1997-02-16 11:24,1.101
1997-02-16 11:30,1.103
1997-02-16 11:36,1.104
1997-02-16 11:42,1.106
1997-02-16 11:48,1.108
1997-02-16 11:54,1.110
1997-02-16 12:00,1.113
1997-02-16 12:06,1.115
1997-02-16 12:12,1.118
1997-02-16 12:18,1.121
1997-02-16 12:24,1.124
1997-02-16 12:30,1.128
1997-02-16 12:36,1.132
1997-02-16 12:42,1.135
1997-02-16 12:48,1.139
1997-02-16 12:54,1.143
1997-02-16 13:00,1.148
1997-02-16 13:06,1.152
1997-02-16 13:12,1.157
1997-02-16 13:18,1.161
1997-02-16 13:24,1.166
1997-02-16 13:30,1.171
1997-02-16 13:36,1.176
1997-02-16 13:42,1.181
1997-02-16 13:48,1.186
1997-02-16 13:54,1.192
1997-02-16 14:00,1.197
1997-02-16 14:06,1.203
1997-02-16 14:12,1.209
1997-02-16 14:18,1.215
1997-02-16 14:24,1.221
1997-02-16 14:30,1.227
1997-02-16 14:36,1.233
1997-02-16 14:42,1.240
1997-02-16 14:48,1.246
1997-02-16 14:54,1.253
1997-02-16 15:00,1.260
1997-02-16 15:06,1.267
1997-02-16 15:12,1.273
1997-02-16 15:18,1.280
1997-02-16 15:24,1.287
1997-02-16 15:30,1.294
1997-02-16 15:36,1.301
1997-02-16 15:42,1.308
1997-02-16 15:48,1.315
1997-02-16 15:54,1.322
1997-02-16 16:00,1.329
1997-02-16 16:06,1.336
1997-02-16 16:12,1.343
1997-02-16 16:18,1.350
1997-02-16 16:24,1.356
1997-02-16 16:30,1.363
1997-02-16 16:36,1.369
1997-02-16 16:42,1.376
1997-02-16 16:48,1.382
1997-02-16 16:54,1.388
1997-02-16 17:00,1.393
1997-02-16 17:06,1.399
1997-02-16 17:12,1.405
1997-02-16 17:18,1.410
1997-02-16 17:24,1.415
1997-02-16 17:30,1.420
1997-02-16 17:36,1.425
1997-02-16 17:42,1.429
1997-02-16 17:48,1.434
1997-02-16 17:54,1.438
1997-02-16 18:00,1.442
1997-02-16 18:06,1.446
1997-02-16 18:12,1.450
1997-02-16 18:18,1.453
1997-02-16 18:24,1.457
1997-02-16 18:30,1.460
1997-02-16 18:36,1.464
1997-02-16 18:42,1.467
1997-02-16 18:48,1.470
1997-02-16 18:54,1.473
1997-02-16 19:00,1.476
1997-02-16 19:06,1.479
1997-02-16 19:12,1.482
1997-02-16 19:18,1.484
1997-02-16 19:24,1.487
1997-02-16 19:30,1.490
1997-02-16 19:36,1.492
1997-02-16 19:42,1.494
1997-02-16 19:48,1.497
1997-02-16 19:54,1.499
1997-02-16 20:00,1.501
1997-02-16 20:06,1.503
1997-02-16 20:12,1.504
1997-02-16 20:18,1.506
1997-02-16 20:24,1.507
1997-02-16 20:30,1.509
1997-02-16 20:36,1.510
1997-02-16 20:42,1.511
1997-02-16 20:48,1.511
1997-02-16 20:54,1.512
1997-02-16 21:00,1.512
1997-02-16 21:06,1.513
1997-02-16 21:12,1.513
1997-02-16 21:18,1.513
1997-02-16 21:24,1.512
1997-02-16 21:30,1.512
1997-02-16 21:36,1.511
1997-02-16 21:42,1.511
1997-02-16 21:48,1.510
1997-02-16 21:54,1.509
1997-02-16 22:00,1.507
1997-02-16 22:06,1.506
1997-02-16 22:12,1.505
1997-02-16 22:18,1.503
1997-02-16 22:24,1.502
1997-02-16 22:30,1.500
1997-02-16 22:36,1.498
1997-02-16 22:42,1.496
1997-02-16 22:48,1.495
1997-02-16 22:54,1.493
1997-02-16 23:00,1.491
1997-02-16 23:06,1.489
1997-02-16 23:12,1.487
1997-02-16 23:18,1.485
1997-02-16 23:24,1.483
1997-02-16 23:30,1.481
1997-02-16 23:36,1.480
1997-02-16 23:42,1.478
1997-02-16 23:48,1.476
1997-02-16 23:54,1.474
1997-02-17 00:00,1.472
1997-02-17 00:06,1.470
1997-02-17 00:12,1.469
1997-02-17 00:18,1.467
1997-02-17 00:24,1.465
1997-02-17 00:30,1.463
1997-02-17 00:36,1.461
1997-02-17 00:42,1.460
1997-02-17 00:48,1.458
1997-02-17 00:54,1.456
1997-02-17 01:00,1.454
1997-02-17 01:06,1.453
1997-02-17 01:12,1.451
1997-02-17 01:18,1.449
1997-02-17 01:24,1.448
1997-02-17 01:30,1.446
1997-02-17 01:36,1.444
1997-02-17 01:42,1.442
1997-02-17 01:48,1.441
1997-02-17 01:54,1.439
1997-02-17 02:00,1.438
1997-02-17 02:06,1.436
1997-02-17 02:12,1.435
1997-02-17 02:18,1.433
1997-02-17 02:24,1.432
1997-02-17 02:30,1.430
1997-02-17 02:36,1.429
1997-02-17 02:42,1.428
1997-02-17 02:48,1.427
1997-02-17 02:54,1.425
1997-02-17 03:00,1.424
1997-02-17 03:06,1.423
1997-02-17 03:12,1.422
1997-02-17 03:18,1.421
1997-02-17 03:24,1.420
1997-02-17 03:30,1.419
1997-02-17 03:36,1.418
1997-02-17 03:42,1.417
1997-02-17 03:48,1.416
1997-02-17 03:54,1.415
1997-02-17 04:00,1.414
1997-02-17 04:06,1.413
1997-02-17 04:12,1.411
1997-02-17 04:18,1.410
1997-02-17 04:24,1.408
1997-02-17 04:30,1.406
1997-02-17 04:36,1.405
1997-02-17 04:42,1.403
1997-02-17 04:48,1.400
1997-02-17 04:54,1.398
1997-02-17 05:00,1.395
1997-02-17 05:06,1.393
1997-02-17 05:12,1.390
1997-02-17 05:18,1.386
1997-02-17 05:24,1.383
1997-02-17 05:30,1.379
1997-02-17 05:36,1.375
1997-02-17 05:42,1.371
1997-02-17 05:48,1.367
1997-02-17 05:54,1.363
1997-02-17 06:00,1.358
1997-02-17 06:06,1.353
1997-02-17 06:12,1.348
1997-02-17 06:18,1.343
1997-02-17 06:24,1.338
1997-02-17 06:30,1.333
1997-02-17 06:36,1.327
1997-02-17 06:42,1.322
1997-02-17 06:48,1.316
1997-02-17 06:54,1.310
1997-02-17 07:00,1.305
1997-02-17 07:06,1.299
1997-02-17 07:12,1.293
1997-02-17 07:18,1.287
1997-02-17 07:24,1.281
1997-02-17 07:30,1.276
1997-02-17 07:36,1.270
1997-02-17 07:42,1.264
1997-02-17 07:48,1.258
1997-02-17 07:54,1.252
1997-02-17 08:00,1.247
1997-02-17 08:06,1.241
1997-02-17 08:12,1.235
1997-02-17 08:18,1.230
1997-02-17 08:24,1.224
1997-02-17 08:30,1.219
1997-02-17 08:36,1.213
1997-02-17 08:42,1.208
1997-02-17 08:48,1.202
1997-02-17 08:54,1.197
1997-02-17 09:00,1.191
1997-02-17 09:06,1.186
1997-02-17 09:12,1.181
1997-02-17 09:18,1.176
1997-02-17 09:24,1.171
1997-02-17 09:30,1.166
1997-02-17 09:36,1.161
1997-02-17 09:42,1.156
1997-02-17 09:48,1.152
1997-02-17 09:54,1.147
1997-02-17 10:00,1.143
1997-02-17 10:06,1.138
1997-02-17 10:12,1.134
1997-02-17 10:18,1.130
1997-02-17 10:24,1.127
1997-02-17 10:30,1.123
1997-02-17 10:36,1.120
1997-02-17 10:42,1.117
1997-02-17 10:48,1.114
1997-02-17 10:54,1.111
1997-02-17 11:00,1.108
1997-02-17 11:06,1.106
1997-02-17 11:12,1.104
1997-02-17 11:18,1.103
1997-02-17 11:24,1.101
1997-02-17 11:30,1.100
1997-02-17 11:36,1.099
1997-02-17 11:42,1.099
1997-02-17 11:48,1.098
1997-02-17 11:54,1.098
1997-02-17 12:00,1.098
1997-02-17 12:06,1.099
1997-02-17 12:12,1.099
1997-02-17 12:18,1.100
1997-02-17 12:24,1.102
1997-02-17 12:30,1.103
1997-02-17 12:36,1.105
1997-02-17 12:42,1.107
1997-02-17 12:48,1.109
1997-02-17 12:54,1.111
1997-02-17 13:00,1.113
1997-02-17 13:06,1.116
1997-02-17 13:12,1.119
1997-02-17 13:18,1.122
1997-02-17 13:24,1.125
1997-02-17 13:30,1.129
1997-02-17 13:36,1.132
1997-02-17 13:42,1.136
1997-02-17 13:48,1.140
1997-02-17 13:54,1.144
1997-02-17 14:00,1.149
1997-02-17 14:06,1.153
1997-02-17 14:12,1.158
1997-02-17 14:18,1.162
1997-02-17 14:24,1.167
1997-02-17 14:30,1.173
1997-02-17 14:36,1.178
1997-02-17 14:42,1.183
1997-02-17 14:48,1.189
1997-02-17 14:54,1.195
1997-02-17 15:00,1.201
1997-02-17 15:06,1.207
1997-02-17 15:12,1.213
1997-02-17 15:18,1.220
1997-02-17 15:24,1.226
1997-02-17 15:30,1.233
1997-02-17 15:36,1.240
1997-02-17 15:42,1.247
1997-02-17 15:48,1.254
1997-02-17 15:54,1.261
1997-02-17 16:00,1.268
1997-02-17 16:06,1.275
1997-02-17 16:12,1.283
1997-02-17 16:18,1.290
1997-02-17 16:24,1.297
1997-02-17 16:30,1.304
1997-02-17 16:36,1.311
1997-02-17 16:42,1.319
1997-02-17 16:48,1.326
1997-02-17 16:54,1.333
1997-02-17 17:00,1.340
1997-02-17 17:06,1.346
1997-02-17 17:12,1.353
1997-02-17 17:18,1.360
1997-02-17 17:24,1.366
1997-02-17 17:30,1.373
1997-02-17 17:36,1.379
1997-02-17 17:42,1.385
1997-02-17 17:48,1.391
1997-02-17 17:54,1.396
1997-02-17 18:00,1.402
1997-02-17 18:06,1.407
1997-02-17 18:12,1.413
1997-02-17 18:18,1.418
1997-02-17 18:24,1.423
1997-02-17 18:30,1.427
1997-02-17 18:36,1.432
1997-02-17 18:42,1.437
1997-02-17 18:48,1.441
1997-02-17 18:54,1.445
1997-02-17 19:00,1.450
1997-02-17 19:06,1.454
1997-02-17 19:12,1.458
1997-02-17 19:18,1.461
1997-02-17 19:24,1.465
1997-02-17 19:30,1.469
1997-02-17 19:36,1.472
1997-02-17 19:42,1.476
1997-02-17 19:48,1.479
1997-02-17 19:54,1.482
1997-02-17 20:00,1.485
1997-02-17 20:06,1.488
1997-02-17 20:12,1.491
1997-02-17 20:18,1.494
1997-02-17 20:24,1.496
1997-02-17 20:30,1.499
1997-02-17 20:36,1.501
1997-02-17 20:42,1.503
1997-02-17 20:48,1.505
1997-02-17 20:54,1.507
1997-02-17 21:00,1.508
1997-02-17 21:06,1.510
1997-02-17 21:12,1.511
1997-02-17 21:18,1.512
1997-02-17 21:24,1.513
1997-02-17 21:30,1.514
1997-02-17 21:36,1.514
1997-02-17 21:42,1.515
1997-02-17 21:48,1.515
1997-02-17 21:54,1.515
1997-02-17 22:00,1.514
1997-02-17 22:06,1.514
1997-02-17 22:12,1.513
1997-02-17 22:18,1.513
1997-02-17 22:24,1.512
1997-02-17 22:30,1.511
1997-02-17 22:36,1.510
1997-02-17 22:42,1.509
1997-02-17 22:48,1.507
1997-02-17 22:54,1.506
1997-02-17 23:00,1.504
1997-02-17 23:06,1.503
1997-02-17 23:12,1.501
1997-02-17 23:18,1.499
1997-02-17 23:24,1.497
1997-02-17 23:30,1.495
1997-02-17 23:36,1.494
1997-02-17 23:42,1.492
1997-02-17 23:48,1.490
1997-02-17 23:54,1.488
1997-02-18 00:00,1.486
1997-02-18 00:06,1.484
1997-02-18 00:12,1.482
1997-02-18 00:18,1.480
1997-02-18 00:24,1.478
1997-02-18 00:30,1.476
1997-02-18 00:36,1.474
1997-02-18 00:42,1.472
1997-02-18 00:48,1.470
1997-02-18 00:54,1.468
1997-02-18 01:00,1.466
1997-02-18 01:06,1.464
1997-02-18 01:12,1.462
1997-02-18 01:18,1.460
1997-02-18 01:24,1.458
1997-02-18 01:30,1.456
1997-02-18 01:36,1.454
1997-02-18 01:42,1.452
1997-02-18 01:48,1.450
1997-02-18 01:54,1.448
1997-02-18 02:00,1.446
1997-02-18 02:06,1.445
1997-02-18 02:12,1.443
1997-02-18 02:18,1.441
1997-02-18 02:24,1.440
1997-02-18 02:30,1.438
1997-02-18 02:36,1.437
1997-02-18 02:42,1.435
1997-02-18 02:48,1.434
1997-02-18 02:54,1.433
1997-02-18 03:00,1.431
1997-02-18 03:06,1.430
1997-02-18 03:12,1.429
1997-02-18 03:18,1.428
1997-02-18 03:24,1.427
1997-02-18 03:30,1.427
1997-02-18 03:36,1.426
1997-02-18 03:42,1.425
1997-02-18 03:48,1.424
1997-02-18 03:54,1.424
1997-02-18 04:00,1.423
1997-02-18 04:06,1.422
1997-02-18 04:12,1.422
1997-02-18 04:18,1.421
1997-02-18 04:24,1.420
1997-02-18 04:30,1.420
1997-02-18 04:36,1.419
1997-02-18 04:42,1.418
1997-02-18 04:48,1.417
1997-02-18 04:54,1.416
1997-02-18 05:00,1.415
1997-02-18 05:06,1.414
1997-02-18 05:12,1.412
1997-02-18 05:18,1.411
1997-02-18 05:24,1.409
1997-02-18 05:30,1.407
1997-02-18 05:36,1.405
1997-02-18 05:42,1.403
1997-02-18 05:48,1.400
1997-02-18 05:54,1.398
1997-02-18 06:00,1.395
1997-02-18 06:06,1.392
1997-02-18 06:12,1.389
1997-02-18 06:18,1.385
1997-02-18 06:24,1.382
1997-02-18 06:30,1.378
1997-02-18 06:36,1.374
1997-02-18 06:42,1.370
1997-02-18 06:48,1.366
1997-02-18 06:54,1.361
1997-02-18 07:00,1.357
1997-02-18 07:06,1.352
1997-02-18 07:12,1.347
1997-02-18 07:18,1.342
1997-02-18 07:24,1.337
1997-02-18 07:30,1.332
1997-02-18 07:36,1.327
1997-02-18 07:42,1.322
1997-02-18 07:48,1.316
1997-02-18 07:54,1.311
1997-02-18 08:00,1.305
1997-02-18 08:06,1.300
1997-02-18 08:12,1.294
1997-02-18 08:18,1.289
1997-02-18 08:24,1.283
1997-02-18 08:30,1.277
1997-02-18 08:36,1.272
1997-02-18 08:42,1.266
1997-02-18 08:48,1.260
1997-02-18 08:54,1.254
1997-02-18 09:00,1.248
1997-02-18 09:06,1.243
1997-02-18 09:12,1.237
1997-02-18 09:18,1.231
1997-02-18 09:24,1.225
1997-02-18 09:30,1.219
1997-02-18 09:36,1.214
1997-02-18 09:42,1.208
1997-02-18 09:48,1.202
1997-02-18 09:54,1.197
1997-02-18 10:00,1.191
1997-02-18 10:06,1.186
1997-02-18 10:12,1.180
1997-02-18 10:18,1.175
1997-02-18 10:24,1.170
1997-02-18 10:30,1.165
1997-02-18 10:36,1.160
1997-02-18 10:42,1.155
1997-02-18 10:48,1.151
1997-02-18 10:54,1.146
1997-02-18 11:00,1.142
1997-02-18 11:06,1.138
1997-02-18 11:12,1.134
1997-02-18 11:18,1.130
1997-02-18 11:24,1.127
1997-02-18 11:30,1.124
1997-02-18 11:36,1.121
1997-02-18 11:42,1.118
1997-02-18 11:48,1.115
1997-02-18 11:54,1.113
1997-02-18 12:00,1.111
1997-02-18 12:06,1.109
1997-02-18 12:12,1.108
1997-02-18 12:18,1.106
1997-02-18 12:24,1.105
1997-02-18 12:30,1.104
1997-02-18 12:36,1.104
1997-02-18 12:42,1.104
1997-02-18 12:48,1.104
1997-02-18 12:54,1.104
1997-02-18 13:00,1.104
1997-02-18 13:06,1.105
1997-02-18 13:12,1.106
1997-02-18 13:18,1.107
1997-02-18 13:24,1.108
1997-02-18 13:30,1.110
1997-02-18 13:36,1.112
1997-02-18 13:42,1.114
1997-02-18 13:48,1.116
1997-02-18 13:54,1.119
1997-02-18 14:00,1.122
1997-02-18 14:06,1.125
1997-02-18 14:12,1.128
1997-02-18 14:18,1.131
1997-02-18 14:24,1.135
1997-02-18 14:30,1.139
1997-02-18 14:36,1.143
1997-02-18 14:42,1.147
1997-02-18 14:48,1.151
1997-02-18 14:54,1.156
1997-02-18 15:00,1.161
1997-02-18 15:06,1.166
1997-02-18 15:12,1.171
1997-02-18 15:18,1.176
1997-02-18 15:24,1.182
1997-02-18 15:30,1.187
1997-02-18 15:36,1.193
1997-02-18 15:42,1.199
1997-02-18 15:48,1.205
1997-02-18 15:54,1.212
1997-02-18 16:00,1.218
1997-02-18 16:06,1.225
1997-02-18 16:12,1.231
1997-02-18 16:18,1.238
1997-02-18 16:24,1.245
1997-02-18 16:30,1.252
1997-02-18 16:36,1.259
1997-02-18 16:42,1.266
1997-02-18 16:48,1.273
1997-02-18 16:54,1.280
1997-02-18 17:00,1.287
1997-02-18 17:06,1.294
1997-02-18 17:12,1.301
1997-02-18 17:18,1.308
1997-02-18 17:24,1.315
1997-02-18 17:30,1.322
1997-02-18 17:36,1.329
1997-02-18 17:42,1.336
1997-02-18 17:48,1.342
1997-02-18 17:54,1.349
1997-02-18 18:00,1.355
1997-02-18 18:06,1.362
1997-02-18 18:12,1.368
1997-02-18 18:18,1.374
1997-02-18 18:24,1.380
1997-02-18 18:30,1.386
1997-02-18 18:36,1.392
1997-02-18 18:42,1.398
1997-02-18 18:48,1.403
1997-02-18 18:54,1.409
1997-02-18 19:00,1.414
1997-02-18 19:06,1.419
1997-02-18 19:12,1.424
1997-02-18 19:18,1.429
1997-02-18 19:24,1.433
1997-02-18 19:30,1.438
1997-02-18 19:36,1.442
1997-02-18 19:42,1.447
1997-02-18 19:48,1.451
1997-02-18 19:54,1.455
1997-02-18 20:00,1.459
1997-02-18 20:06,1.463
1997-02-18 20:12,1.466
1997-02-18 20:18,1.470
1997-02-18 20:24,1.473
1997-02-18 20:30,1.476
1997-02-18 20:36,1.479
1997-02-18 20:42,1.482
1997-02-18 20:48,1.485
1997-02-18 20:54,1.487
1997-02-18 21:00,1.490
1997-02-18 21:06,1.492
1997-02-18 21:12,1.494
1997-02-18 21:18,1.496
1997-02-18 21:24,1.498
1997-02-18 21:30,1.499
1997-02-18 21:36,1.500
1997-02-18 21:42,1.502
1997-02-18 21:48,1.503
1997-02-18 21:54,1.504
1997-02-18 22:00,1.504
1997-02-18 22:06,1.505
1997-02-18 22:12,1.505
1997-02-18 22:18,1.506
1997-02-18 22:24,1.506
1997-02-18 22:30,1.506
1997-02-18 22:36,1.505
1997-02-18 22:42,1.505
1997-02-18 22:48,1.504
1997-02-18 22:54,1.504
1997-02-18 23:00,1.503
1997-02-18 23:06,1.502
1997-02-18 23:12,1.501
1997-02-18 23:18,1.500
1997-02-18 23:24,1.499
1997-02-18 23:30,1.497
1997-02-18 23:36,1.496
1997-02-18 23:42,1.494
1997-02-18 23:48,1.493
1997-02-18 23:54,1.491
1997-02-19 00:00,1.489
1997-02-19 00:06,1.488
1997-02-19 00:12,1.486
1997-02-19 00:18,1.484
1997-02-19 00:24,1.482
1997-02-19 00:30,1.480
1997-02-19 00:36,1.478
1997-02-19 00:42,1.476
1997-02-19 00:48,1.474
1997-02-19 00:54,1.472
1997-02-19 01:00,1.470
1997-02-19 01:06,1.468
1997-02-19 01:12,1.466
1997-02-19 01:18,1.464
1997-02-19 01:24,1.462
1997-02-19 01:30,1.460
1997-02-19 01:36,1.458
1997-02-19 01:42,1.456
1997-02-19 01:48,1.454
1997-02-19 01:54,1.452
1997-02-19 02:00,1.450
1997-02-19 02:06,1.448
1997-02-19 02:12,1.446
1997-02-19 02:18,1.445
1997-02-19 02:24,1.443
1997-02-19 02:30,1.441
1997-02-19 02:36,1.440
1997-02-19 02:42,1.439
1997-02-19 02:48,1.437
1997-02-19 02:54,1.436
1997-02-19 03:00,1.435
1997-02-19 03:06,1.434
1997-02-19 03:12,1.432
1997-02-19 03:18,1.431
1997-02-19 03:24,1.431
1997-02-19 03:30,1.430
1997-02-19 03:36,1.429
1997-02-19 03:42,1.428
1997-02-19 03:48,1.428
1997-02-19 03:54,1.427
1997-02-19 04:00,1.427
1997-02-19 04:06,1.426
1997-02-19 04:12,1.426
1997-02-19 04:18,1.425
1997-02-19 04:24,1.425
1997-02-19 04:30,1.425
1997-02-19 04:36,1.424
1997-02-19 04:42,1.424
1997-02-19 04:48,1.424
1997-02-19 04:54,1.423
1997-02-19 05:00,1.423
1997-02-19 05:06,1.422
1997-02-19 05:12,1.422
1997-02-19 05:18,1.421
1997-02-19 05:24,1.421
1997-02-19 05:30,1.420
1997-02-19 05:36,1.419
1997-02-19 05:42,1.419
1997-02-19 05:48,1.418
1997-02-19 05:54,1.417
1997-02-19 06:00,1.415
1997-02-19 06:06,1.414
1997-02-19 06:12,1.413
1997-02-19 06:18,1.411
1997-02-19 06:24,1.409
1997-02-19 06:30,1.407
1997-02-19 06:36,1.405
1997-02-19 06:42,1.403
1997-02-19 06:48,1.401
1997-02-19 06:54,1.398
1997-02-19 07:00,1.395
1997-02-19 07:06,1.392
1997-02-19 07:12,1.389
1997-02-19 07:18,1.386
1997-02-19 07:24,1.383
1997-02-19 07:30,1.379
1997-02-19 07:36,1.375
1997-02-19 07:42,1.371
1997-02-19 07:48,1.367
1997-02-19 07:54,1.363
1997-02-19 08:00,1.358
1997-02-19 08:06,1.354
1997-02-19 08:12,1.349
1997-02-19 08:18,1.344
1997-02-19 08:24,1.339
1997-02-19 08:30,1.334
1997-02-19 08:36,1.329
1997-02-19 08:42,1.324
1997-02-19 08:48,1.318
1997-02-19 08:54,1.312
1997-02-19 09:00,1.307
1997-02-19 09:06,1.301
1997-02-19 09:12,1.295
1997-02-19 09:18,1.289
1997-02-19 09:24,1.283
1997-02-19 09:30,1.277
1997-02-19 09:36,1.271
1997-02-19 09:42,1.265
1997-02-19 09:48,1.259
1997-02-19 09:54,1.253
1997-02-19 10:00,1.247
1997-02-19 10:06,1.241
1997-02-19 10:12,1.235
1997-02-19 10:18,1.229
1997-02-19 10:24,1.223
1997-02-19 10:30,1.217
1997-02-19 10:36,1.212
1997-02-19 10:42,1.206
1997-02-19 10:48,1.200
1997-02-19 10:54,1.195
1997-02-19 11:00,1.190
1997-02-19 11:06,1.184
1997-02-19 11:12,1.179
1997-02-19 11:18,1.174
1997-02-19 11:24,1.169
1997-02-19 11:30,1.165
1997-02-19 11:36,1.160
1997-02-19 11:42,1.156
1997-02-19 11:48,1.152
1997-02-19 11:54,1.148
1997-02-19 12:00,1.144
1997-02-19 12:06,1.140
1997-02-19 12:12,1.137
1997-02-19 12:18,1.134
1997-02-19 12:24,1.131
1997-02-19 12:30,1.128
1997-02-19 12:36,1.125
1997-02-19 12:42,1.123
1997-02-19 12:48,1.121
1997-02-19 12:54,1.119
1997-02-19 13:00,1.117
1997-02-19 13:06,1.116
1997-02-19 13:12,1.115
1997-02-19 13:18,1.114
1997-02-19 13:24,1.114
1997-02-19 13:30,1.113
1997-02-19 13:36,1.113
1997-02-19 13:42,1.113
1997-02-19 13:48,1.114
1997-02-19 13:54,1.114
1997-02-19 14:00,1.115
1997-02-19 14:06,1.117
1997-02-19 14:12,1.118
1997-02-19 14:18,1.120
1997-02-19 14:24,1.122
1997-02-19 14:30,1.124
1997-02-19 14:36,1.127
1997-02-19 14:42,1.129
1997-02-19 14:48,1.132
1997-02-19 14:54,1.136
1997-02-19 15:00,1.139
1997-02-19 15:06,1.143
1997-02-19 15:12,1.147
1997-02-19 15:18,1.151
1997-02-19 15:24,1.155
1997-02-19 15:30,1.160
1997-02-19 15:36,1.164
1997-02-19 15:42,1.169
1997-02-19 15:48,1.174
1997-02-19 15:54,1.180
1997-02-19 16:00,1.185
1997-02-19 16:06,1.191
1997-02-19 16:12,1.196
1997-02-19 16:18,1.202
1997-02-19 16:24,1.208
1997-02-19 16:30,1.214
1997-02-19 16:36,1.220
1997-02-19 16:42,1.226
1997-02-19 16:48,1.233
1997-02-19 16:54,1.239
1997-02-19 17:00,1.245
1997-02-19 17:06,1.252
1997-02-19 17:12,1.259
1997-02-19 17:18,1.265
1997-02-19 17:24,1.272
1997-02-19 17:30,1.278
1997-02-19 17:36,1.285
1997-02-19 17:42,1.292
1997-02-19 17:48,1.299
1997-02-19 17:54,1.305
1997-02-19 18:00,1.312
1997-02-19 18:06,1.319
1997-02-19 18:12,1.325
1997-02-19 18:18,1.332
1997-02-19 18:24,1.338
1997-02-19 18:30,1.345
1997-02-19 18:36,1.351
1997-02-19 18:42,1.357
1997-02-19 18:48,1.364
1997-02-19 18:54,1.370
1997-02-19 19:00,1.376
1997-02-19 19:06,1.382
1997-02-19 19:12,1.388
1997-02-19 19:18,1.393
1997-02-19 19:24,1.399
1997-02-19 19:30,1.404
1997-02-19 19:36,1.410
1997-02-19 19:42,1.415
1997-02-19 19:48,1.420
1997-02-19 19:54,1.424
1997-02-19 20:00,1.429
1997-02-19 20:06,1.434
1997-02-19 20:12,1.438
1997-02-19 20:18,1.442
1997-02-19 20:24,1.446
1997-02-19 20:30,1.450
1997-02-19 20:36,1.453
1997-02-19 20:42,1.457
1997-02-19 20:48,1.460
1997-02-19 20:54,1.463
1997-02-19 21:00,1.466
1997-02-19 21:06,1.468
1997-02-19 21:12,1.471
1997-02-19 21:18,1.473
1997-02-19 21:24,1.475
1997-02-19 21:30,1.477
1997-02-19 21:36,1.479
1997-02-19 21:42,1.481
1997-02-19 21:48,1.482
1997-02-19 21:54,1.483
1997-02-19 22:00,1.485
1997-02-19 22:06,1.486
1997-02-19 22:12,1.487
1997-02-19 22:18,1.487
1997-02-19 22:24,1.488
1997-02-19 22:30,1.489
1997-02-19 22:36,1.489
1997-02-19 22:42,1.489
1997-02-19 22:48,1.489
1997-02-19 22:54,1.489
1997-02-19 23:00,1.489
1997-02-19 23:06,1.489
1997-02-19 23:12,1.489
1997-02-19 23:18,1.488
1997-02-19 23:24,1.488
1997-02-19 23:30,1.487
1997-02-19 23:36,1.486
1997-02-19 23:42,1.485
1997-02-19 23:48,1.484
1997-02-19 23:54,1.483
1997-02-20 00:00,1.482
1997-02-20 00:06,1.481
1997-02-20 00:12,1.479
1997-02-20 00:18,1.478
1997-02-20 00:24,1.476
1997-02-20 00:30,1.475
1997-02-20 00:36,1.473
1997-02-20 00:42,1.471
1997-02-20 00:48,1.469
1997-02-20 00:54,1.467
1997-02-20 01:00,1.466
1997-02-20 01:06,1.464
1997-02-20 01:12,1.462
1997-02-20 01:18,1.460
1997-02-20 01:24,1.458
1997-02-20 01:30,1.456
1997-02-20 01:36,1.454
1997-02-20 01:42,1.452
1997-02-20 01:48,1.450
1997-02-20 01:54,1.448
1997-02-20 02:00,1.446
1997-02-20 02:06,1.444
1997-02-20 02:12,1.442
1997-02-20 02:18,1.441
1997-02-20 02:24,1.439
1997-02-20 02:30,1.437
1997-02-20 02:36,1.436
1997-02-20 02:42,1.435
1997-02-20 02:48,1.433
1997-02-20 02:54,1.432
1997-02-20 03:00,1.431
1997-02-20 03:06,1.430
1997-02-20 03:12,1.429
1997-02-20 03:18,1.428
1997-02-20 03:24,1.427
1997-02-20 03:30,1.427
1997-02-20 03:36,1.426
1997-02-20 03:42,1.426
1997-02-20 03:48,1.425
1997-02-20 03:54,1.425
1997-02-20 04:00,1.424
1997-02-20 04:06,1.424
1997-02-20 04:12,1.424
1997-02-20 04:18,1.424
1997-02-20 04:24,1.423
1997-02-20 04:30,1.423
1997-02-20 04:36,1.423
1997-02-20 04:42,1.423
1997-02-20 04:48,1.423
1997-02-20 04:54,1.423
1997-02-20 05:00,1.423
1997-02-20 05:06,1.423
1997-02-20 05:12,1.423
1997-02-20 05:18,1.423
1997-02-20 05:24,1.423
1997-02-20 05:30,1.423
1997-02-20 05:36,1.423
1997-02-20 05:42,1.423
1997-02-20 05:48,1.422
1997-02-20 05:54,1.422
1997-02-20 06:00,1.422
1997-02-20 06:06,1.422
1997-02-20 06:12,1.422
1997-02-20 06:18,1.421
1997-02-20 06:24,1.421
1997-02-20 06:30,1.420
1997-02-20 06:36,1.420
1997-02-20 06:42,1.419
1997-02-20 06:48,1.418
1997-02-20 06:54,1.417
1997-02-20 07:00,1.416
1997-02-20 07:06,1.415
1997-02-20 07:12,1.414
1997-02-20 07:18,1.413
1997-02-20 07:24,1.411
1997-02-20 07:30,1.409
1997-02-20 07:36,1.407
1997-02-20 07:42,1.405
1997-02-20 07:48,1.403
1997-02-20 07:54,1.401
1997-02-20 08:00,1.398
1997-02-20 08:06,1.395
1997-02-20 08:12,1.392
1997-02-20 08:18,1.389
1997-02-20 08:24,1.385
1997-02-20 08:30,1.381
1997-02-20 08:36,1.377
1997-02-20 08:42,1.373
1997-02-20 08:48,1.369
1997-02-20 08:54,1.364
1997-02-20 09:00,1.360
1997-02-20 09:06,1.355
1997-02-20 09:12,1.350
1997-02-20 09:18,1.344
1997-02-20 09:24,1.339
1997-02-20 09:30,1.333
1997-02-20 09:36,1.328
1997-02-20 09:42,1.322
1997-02-20 09:48,1.316
1997-02-20 09:54,1.310
1997-02-20 10:00,1.304
1997-02-20 10:06,1.298
1997-02-20 10:12,1.292
1997-02-20 10:18,1.286
1997-02-20 10:24,1.280
1997-02-20 10:30,1.274
1997-02-20 10:36,1.267
1997-02-20 10:42,1.261
1997-02-20 10:48,1.255
1997-02-20 10:54,1.249
1997-02-20 11:00,1.244
1997-02-20 11:06,1.238
1997-02-20 11:12,1.232
1997-02-20 11:18,1.226
1997-02-20 11:24,1.221
1997-02-20 11:30,1.215
1997-02-20 11:36,1.210
1997-02-20 11:42,1.204
1997-02-20 11:48,1.199
1997-02-20 11:54,1.194
1997-02-20 12:00,1.189
1997-02-20 12:06,1.185
1997-02-20 12:12,1.180
1997-02-20 12:18,1.175
1997-02-20 12:24,1.171
1997-02-20 12:30,1.167
1997-02-20 12:36,1.163
1997-02-20 12:42,1.159
1997-02-20 12:48,1.155
1997-02-20 12:54,1.152
1997-02-20 13:00,1.149
1997-02-20 13:06,1.145
1997-02-20 13:12,1.143
1997-02-20 13:18,1.140
1997-02-20 13:24,1.137
1997-02-20 13:30,1.135
1997-02-20 13:36,1.133
1997-02-20 13:42,1.132
1997-02-20 13:48,1.130
1997-02-20 13:54,1.129
1997-02-20 14:00,1.128
1997-02-20 14:06,1.127
1997-02-20 14:12,1.127
1997-02-20 14:18,1.127
1997-02-20 14:24,1.127
1997-02-20 14:30,1.128
1997-02-20 14:36,1.129
1997-02-20 14:42,1.130
1997-02-20 14:48,1.131
1997-02-20 14:54,1.133
1997-02-20 15:00,1.135
1997-02-20 15:06,1.137
1997-02-20 15:12,1.140
1997-02-20 15:18,1.142
1997-02-20 15:24,1.145
1997-02-20 15:30,1.149
1997-02-20 15:36,1.152
1997-02-20 15:42,1.156
1997-02-20 15:48,1.160
1997-02-20 15:54,1.164
1997-02-20 16:00,1.168
1997-02-20 16:06,1.173
1997-02-20 16:12,1.177
1997-02-20 16:18,1.182
1997-02-20 16:24,1.187
1997-02-20 16:30,1.192
1997-02-20 16:36,1.197
1997-02-20 16:42,1.202
1997-02-20 16:48,1.208
1997-02-20 16:54,1.213
1997-02-20 17:00,1.219
1997-02-20 17:06,1.225
1997-02-20 17:12,1.230
1997-02-20 17:18,1.236
1997-02-20 17:24,1.242
1997-02-20 17:30,1.248
1997-02-20 17:36,1.254
1997-02-20 17:42,1.260
1997-02-20 17:48,1.266
1997-02-20 17:54,1.272
1997-02-20 18:00,1.278
1997-02-20 18:06,1.285
1997-02-20 18:12,1.291
1997-02-20 18:18,1.297
1997-02-20 18:24,1.304
1997-02-20 18:30,1.310
1997-02-20 18:36,1.316
1997-02-20 18:42,1.323
1997-02-20 18:48,1.329
1997-02-20 18:54,1.335
1997-02-20 19:00,1.342
1997-02-20 19:06,1.348
1997-02-20 19:12,1.354
1997-02-20 19:18,1.360
1997-02-20 19:24,1.366
1997-02-20 19:30,1.372
1997-02-20 19:36,1.378
1997-02-20 19:42,1.384
1997-02-20 19:48,1.389
1997-02-20 19:54,1.395
1997-02-20 20:00,1.400
1997-02-20 20:06,1.405
1997-02-20 20:12,1.410
1997-02-20 20:18,1.415
1997-02-20 20:24,1.419
1997-02-20 20:30,1.424
1997-02-20 20:36,1.428
1997-02-20 20:42,1.432
1997-02-20 20:48,1.435
1997-02-20 20:54,1.439
1997-02-20 21:00,1.442
1997-02-20 21:06,1.445
1997-02-20 21:12,1.448
1997-02-20 21:18,1.451
1997-02-20 21:24,1.453
1997-02-20 21:30,1.455
1997-02-20 21:36,1.457
1997-02-20 21:42,1.459
1997-02-20 21:48,1.461
1997-02-20 21:54,1.462
1997-02-20 22:00,1.464
1997-02-20 22:06,1.465
1997-02-20 22:12,1.466
1997-02-20 22:18,1.467
1997-02-20 22:24,1.468
1997-02-20 22:30,1.468
1997-02-20 22:36,1.469
1997-02-20 22:42,1.469
1997-02-20 22:48,1.470
1997-02-20 22:54,1.470
1997-02-20 23:00,1.470
1997-02-20 23:06,1.470
1997-02-20 23:12,1.470
1997-02-20 23:18,1.470
1997-02-20 23:24,1.470
1997-02-20 23:30,1.469
1997-02-20 23:36,1.469
1997-02-20 23:42,1.468
1997-02-20 23:48,1.468
1997-02-20 23:54,1.467
1997-02-21 00:00,1.466
1997-02-21 00:06,1.465
1997-02-21 00:12,1.464
1997-02-21 00:18,1.463
1997-02-21 00:24,1.462
1997-02-21 00:30,1.461
1997-02-21 00:36,1.460
1997-02-21 00:42,1.458
1997-02-21 00:48,1.457
1997-02-21 00:54,1.455
1997-02-21 01:00,1.453
1997-02-21 01:06,1.452
1997-02-21 01:12,1.450
1997-02-21 01:18,1.448
1997-02-21 01:24,1.446
1997-02-21 01:30,1.444
1997-02-21 01:36,1.442
1997-02-21 01:42,1.440
1997-02-21 01:48,1.438
1997-02-21 01:54,1.436
1997-02-21 02:00,1.434
1997-02-21 02:06,1.432
1997-02-21 02:12,1.431
1997-02-21 02:18,1.429
1997-02-21 02:24,1.427
1997-02-21 02:30,1.426
1997-02-21 02:36,1.424
1997-02-21 02:42,1.423
1997-02-21 02:48,1.421
1997-02-21 02:54,1.420
1997-02-21 03:00,1.419
1997-02-21 03:06,1.418
1997-02-21 03:12,1.417
1997-02-21 03:18,1.416
1997-02-21 03:24,1.416
1997-02-21 03:30,1.415
1997-02-21 03:36,1.415
1997-02-21 03:42,1.414
1997-02-21 03:48,1.414
1997-02-21 03:54,1.414
1997-02-21 04:00,1.414
1997-02-21 04:06,1.413
1997-02-21 04:12,1.413
1997-02-21 04:18,1.414
1997-02-21 04:24,1.414
1997-02-21 04:30,1.414
1997-02-21 04:36,1.414
1997-02-21 04:42,1.414
1997-02-21 04:48,1.414
1997-02-21 04:54,1.415
1997-02-21 05:00,1.415
1997-02-21 05:06,1.415
1997-02-21 05:12,1.416
1997-02-21 05:18,1.416
1997-02-21 05:24,1.416
1997-02-21 05:30,1.417
1997-02-21 05:36,1.417
1997-02-21 05:42,1.417
1997-02-21 05:48,1.418
1997-02-21 05:54,1.418
1997-02-21 06:00,1.419
1997-02-21 06:06,1.419
1997-02-21 06:12,1.419
1997-02-21 06:18,1.420
1997-02-21 06:24,1.420
1997-02-21 06:30,1.421
1997-02-21 06:36,1.421
1997-02-21 06:42,1.421
1997-02-21 06:48,1.422
1997-02-21 06:54,1.422
1997-02-21 07:00,1.422
1997-02-21 07:06,1.422
1997-02-21 07:12,1.423
1997-02-21 07:18,1.423
1997-02-21 07:24,1.423
1997-02-21 07:30,1.422
1997-02-21 07:36,1.422
1997-02-21 07:42,1.422
1997-02-21 07:48,1.421
1997-02-21 07:54,1.421
1997-02-21 08:00,1.420
1997-02-21 08:06,1.419
1997-02-21 08:12,1.418
1997-02-21 08:18,1.416
1997-02-21 08:24,1.414
1997-02-21 08:30,1.413
1997-02-21 08:36,1.410
1997-02-21 08:42,1.408
1997-02-21 08:48,1.405
1997-02-21 08:54,1.403
1997-02-21 09:00,1.400
1997-02-21 09:06,1.396
1997-02-21 09:12,1.393
1997-02-21 09:18,1.389
1997-02-21 09:24,1.385
1997-02-21 09:30,1.380
1997-02-21 09:36,1.376
1997-02-21 09:42,1.371
1997-02-21 09:48,1.366
1997-02-21 09:54,1.361
1997-02-21 10:00,1.356
1997-02-21 10:06,1.351
1997-02-21 10:12,1.345
1997-02-21 10:18,1.340
1997-02-21 10:24,1.334
1997-02-21 10:30,1.328
1997-02-21 10:36,1.322
1997-02-21 10:42,1.316
1997-02-21 10:48,1.311
1997-02-21 10:54,1.305
1997-02-21 11:00,1.299
1997-02-21 11:06,1.293
1997-02-21 11:12,1.287
1997-02-21 11:18,1.281
1997-02-21 11:24,1.275
1997-02-21 11:30,1.269
1997-02-21 11:36,1.264
1997-02-21 11:42,1.258
1997-02-21 11:48,1.252
1997-02-21 11:54,1.247
1997-02-21 12:00,1.241
1997-02-21 12:06,1.236
1997-02-21 12:12,1.231
1997-02-21 12:18,1.226
1997-02-21 12:24,1.220
1997-02-21 12:30,1.215
1997-02-21 12:36,1.211
1997-02-21 12:42,1.206
1997-02-21 12:48,1.201
1997-02-21 12:54,1.197
1997-02-21 13:00,1.192
1997-02-21 13:06,1.188
1997-02-21 13:12,1.184
1997-02-21 13:18,1.180
1997-02-21 13:24,1.176
1997-02-21 13:30,1.173
1997-02-21 13:36,1.169
1997-02-21 13:42,1.166
1997-02-21 13:48,1.163
1997-02-21 13:54,1.160
1997-02-21 14:00,1.158
1997-02-21 14:06,1.155
1997-02-21 14:12,1.153
1997-02-21 14:18,1.151
1997-02-21 14:24,1.150
1997-02-21 14:30,1.149
1997-02-21 14:36,1.148
1997-02-21 14:42,1.147
1997-02-21 14:48,1.147
1997-02-21 14:54,1.147
1997-02-21 15:00,1.147
1997-02-21 15:06,1.147
1997-02-21 15:12,1.148
1997-02-21 15:18,1.149
1997-02-21 15:24,1.151
1997-02-21 15:30,1.153
1997-02-21 15:36,1.155
1997-02-21 15:42,1.157
1997-02-21 15:48,1.159
1997-02-21 15:54,1.162
1997-02-21 16:00,1.165
1997-02-21 16:06,1.169
1997-02-21 16:12,1.172
1997-02-21 16:18,1.176
1997-02-21 16:24,1.180
1997-02-21 16:30,1.184
1997-02-21 16:36,1.188
1997-02-21 16:42,1.192
1997-02-21 16:48,1.197
1997-02-21 16:54,1.201
1997-02-21 17:00,1.206
1997-02-21 17:06,1.211
1997-02-21 17:12,1.216
1997-02-21 17:18,1.221
1997-02-21 17:24,1.226
1997-02-21 17:30,1.231
1997-02-21 17:36,1.236
1997-02-21 17:42,1.241
1997-02-21 17:48,1.247
1997-02-21 17:54,1.252
1997-02-21 18:00,1.258
1997-02-21 18:06,1.263
1997-02-21 18:12,1.269
1997-02-21 18:18,1.275
1997-02-21 18:24,1.280
1997-02-21 18:30,1.286
1997-02-21 18:36,1.292
1997-02-21 18:42,1.298
1997-02-21 18:48,1.304
1997-02-21 18:54,1.310
1997-02-21 19:00,1.316
1997-02-21 19:06,1.322
1997-02-21 19:12,1.328
1997-02-21 19:18,1.334
1997-02-21 19:24,1.340
1997-02-21 19:30,1.346
1997-02-21 19:36,1.352
1997-02-21 19:42,1.358
1997-02-21 19:48,1.363
1997-02-21 19:54,1.369
1997-02-21 20:00,1.375
1997-02-21 20:06,1.380
1997-02-21 20:12,1.385
1997-02-21 20:18,1.391
1997-02-21 20:24,1.396
1997-02-21 20:30,1.400
1997-02-21 20:36,1.405
1997-02-21 20:42,1.409
1997-02-21 20:48,1.414
1997-02-21 20:54,1.418
1997-02-21 21:00,1.421
1997-02-21 21:06,1.425
1997-02-21 21:12,1.428
1997-02-21 21:18,1.431
1997-02-21 21:24,1.434
1997-02-21 21:30,1.437
1997-02-21 21:36,1.439
1997-02-21 21:42,1.441
1997-02-21 21:48,1.443
1997-02-21 21:54,1.445
1997-02-21 22:00,1.446
1997-02-21 22:06,1.448
1997-02-21 22:12,1.449
1997-02-21 22:18,1.450
1997-02-21 22:24,1.451
1997-02-21 22:30,1.451
1997-02-21 22:36,1.452
1997-02-21 22:42,1.452
1997-02-21 22:48,1.452
1997-02-21 22:54,1.452
1997-02-21 23:00,1.452
1997-02-21 23:06,1.452
1997-02-21 23:12,1.452
1997-02-21 23:18,1.452
1997-02-21 23:24,1.451
1997-02-21 23:30,1.451
1997-02-21 23:36,1.450
1997-02-21 23:42,1.450
1997-02-21 23:48,1.449
1997-02-21 23:54,1.448
1997-02-22 00:00,1.448
1997-02-22 00:06,1.447
1997-02-22 00:12,1.446
1997-02-22 00:18,1.445
1997-02-22 00:24,1.444
1997-02-22 00:30,1.442
1997-02-22 00:36,1.441
1997-02-22 00:42,1.440
1997-02-22 00:48,1.439
1997-02-22 00:54,1.437
1997-02-22 01:00,1.436
1997-02-22 01:06,1.434
1997-02-22 01:12,1.432
1997-02-22 01:18,1.431
1997-02-22 01:24,1.429
1997-02-22 01:30,1.427
1997-02-22 01:36,1.425
1997-02-22 01:42,1.423
1997-02-22 01:48,1.421
1997-02-22 01:54,1.419
1997-02-22 02:00,1.417
1997-02-22 02:06,1.415
1997-02-22 02:12,1.414
1997-02-22 02:18,1.412
1997-02-22 02:24,1.410
1997-02-22 02:30,1.408
1997-02-22 02:36,1.406
1997-02-22 02:42,1.405
1997-02-22 02:48,1.403
1997-02-22 02:54,1.402
1997-02-22 03:00,1.400
1997-02-22 03:06,1.399
1997-02-22 03:12,1.398
1997-02-22 03:18,1.397
1997-02-22 03:24,1.396
1997-02-22 03:30,1.396
1997-02-22 03:36,1.395
1997-02-22 03:42,1.395
1997-02-22 03:48,1.394
1997-02-22 03:54,1.394
1997-02-22 04:00,1.394
1997-02-22 04:06,1.394
1997-02-22 04:12,1.394
1997-02-22 04:18,1.394
1997-02-22 04:24,1.394
1997-02-22 04:30,1.395
1997-02-22 04:36,1.395
1997-02-22 04:42,1.396
1997-02-22 04:48,1.396
1997-02-22 04:54,1.397
1997-02-22 05:00,1.397
1997-02-22 05:06,1.398
1997-02-22 05:12,1.399
1997-02-22 05:18,1.400
1997-02-22 05:24,1.400
1997-02-22 05:30,1.401
1997-02-22 05:36,1.402
1997-02-22 05:42,1.403
1997-02-22 05:48,1.404
1997-02-22 05:54,1.405
1997-02-22 06:00,1.405
1997-02-22 06:06,1.406
1997-02-22 06:12,1.407
1997-02-22 06:18,1.408
1997-02-22 06:24,1.409
1997-02-22 06:30,1.410
1997-02-22 06:36,1.411
1997-02-22 06:42,1.412
1997-02-22 06:48,1.413
1997-02-22 06:54,1.415
1997-02-22 07:00,1.416
1997-02-22 07:06,1.417
1997-02-22 07:12,1.418
1997-02-22 07:18,1.419
1997-02-22 07:24,1.420
1997-02-22 07:30,1.421
1997-02-22 07:36,1.422
1997-02-22 07:42,1.423
1997-02-22 07:48,1.424
1997-02-22 07:54,1.424
1997-02-22 08:00,1.425
1997-02-22 08:06,1.425
1997-02-22 08:12,1.426
1997-02-22 08:18,1.426
1997-02-22 08:24,1.426
1997-02-22 08:30,1.426
1997-02-22 08:36,1.426
1997-02-22 08:42,1.425
1997-02-22 08:48,1.424
1997-02-22 08:54,1.423
1997-02-22 09:00,1.422
1997-02-22 09:06,1.421
1997-02-22 09:12,1.419
1997-02-22 09:18,1.417
1997-02-22 09:24,1.415
1997-02-22 09:30,1.413
1997-02-22 09:36,1.410
1997-02-22 09:42,1.407
1997-02-22 09:48,1.404
1997-02-22 09:54,1.400
1997-02-22 10:00,1.397
1997-02-22 10:06,1.393
1997-02-22 10:12,1.389
1997-02-22 10:18,1.384
1997-02-22 10:24,1.380
1997-02-22 10:30,1.375
1997-02-22 10:36,1.371
1997-02-22 10:42,1.366
1997-02-22 10:48,1.361
1997-02-22 10:54,1.355
1997-02-22 11:00,1.350
1997-02-22 11:06,1.345
1997-02-22 11:12,1.339
1997-02-22 11:18,1.334
1997-02-22 11:24,1.328
1997-02-22 11:30,1.323
1997-02-22 11:36,1.317
1997-02-22 11:42,1.312
1997-02-22 11:48,1.306
1997-02-22 11:54,1.301
1997-02-22 12:00,1.295
1997-02-22 12:06,1.290
1997-02-22 12:12,1.284
1997-02-22 12:18,1.279
1997-02-22 12:24,1.274
1997-02-22 12:30,1.268
1997-02-22 12:36,1.263
1997-02-22 12:42,1.258
1997-02-22 12:48,1.253
1997-02-22 12:54,1.248
1997-02-22 13:00,1.243
1997-02-22 13:06,1.238
1997-02-22 13:12,1.233
1997-02-22 13:18,1.229
1997-02-22 13:24,1.224
1997-02-22 13:30,1.220
1997-02-22 13:36,1.216
1997-02-22 13:42,1.211
1997-02-22 13:48,1.207
1997-02-22 13:54,1.204
1997-02-22 14:00,1.200
1997-02-22 14:06,1.196
1997-02-22 14:12,1.193
1997-02-22 14:18,1.190
1997-02-22 14:24,1.187
1997-02-22 14:30,1.185
1997-02-22 14:36,1.182
1997-02-22 14:42,1.180
1997-02-22 14:48,1.178
1997-02-22 14:54,1.176
1997-02-22 15:00,1.175
1997-02-22 15:06,1.174
1997-02-22 15:12,1.173
1997-02-22 15:18,1.173
1997-02-22 15:24,1.172
1997-02-22 15:30,1.173
1997-02-22 15:36,1.173
1997-02-22 15:42,1.174
1997-02-22 15:48,1.174
1997-02-22 15:54,1.176
1997-02-22 16:00,1.177
1997-02-22 16:06,1.179
1997-02-22 16:12,1.181
1997-02-22 16:18,1.183
1997-02-22 16:24,1.186
1997-02-22 16:30,1.188
1997-02-22 16:36,1.191
1997-02-22 16:42,1.194
1997-02-22 16:48,1.198
1997-02-22 16:54,1.201
1997-02-22 17:00,1.205
1997-02-22 17:06,1.209
1997-02-22 17:12,1.212
1997-02-22 17:18,1.217
1997-02-22 17:24,1.221
1997-02-22 17:30,1.225
1997-02-22 17:36,1.230
1997-02-22 17:42,1.234
1997-02-22 17:48,1.239
1997-02-22 17:54,1.244
1997-02-22 18:00,1.248
1997-02-22 18:06,1.253
1997-02-22 18:12,1.258
1997-02-22 18:18,1.263
1997-02-22 18:24,1.269
1997-02-22 18:30,1.274
1997-02-22 18:36,1.279
1997-02-22 18:42,1.284
1997-02-22 18:48,1.290
1997-02-22 18:54,1.295
1997-02-22 19:00,1.301
1997-02-22 19:06,1.306
1997-02-22 19:12,1.312
1997-02-22 19:18,1.317
1997-02-22 19:24,1.323
1997-02-22 19:30,1.328
1997-02-22 19:36,1.334
1997-02-22 19:42,1.339
1997-02-22 19:48,1.345
1997-02-22 19:54,1.350
1997-02-22 20:00,1.356
1997-02-22 20:06,1.361
1997-02-22 20:12,1.366
1997-02-22 20:18,1.372
1997-02-22 20:24,1.377
1997-02-22 20:30,1.382
1997-02-22 20:36,1.386
1997-02-22 20:42,1.391
1997-02-22 20:48,1.395
1997-02-22 20:54,1.400
1997-02-22 21:00,1.404
1997-02-22 21:06,1.408
1997-02-22 21:12,1.411
1997-02-22 21:18,1.415
1997-02-22 21:24,1.418
1997-02-22 21:30,1.421
1997-02-22 21:36,1.424
1997-02-22 21:42,1.427
1997-02-22 21:48,1.429
1997-02-22 21:54,1.431
1997-02-22 22:00,1.433
1997-02-22 22:06,1.434
1997-02-22 22:12,1.436
1997-02-22 22:18,1.437
1997-02-22 22:24,1.438
1997-02-22 22:30,1.439
1997-02-22 22:36,1.439
1997-02-22 22:42,1.440
1997-02-22 22:48,1.440
1997-02-22 22:54,1.440
1997-02-22 23:00,1.440
1997-02-22 23:06,1.440
1997-02-22 23:12,1.439
1997-02-22 23:18,1.439
1997-02-22 23:24,1.438
1997-02-22 23:30,1.437
1997-02-22 23:36,1.436
1997-02-22 23:42,1.436
1997-02-22 23:48,1.435
1997-02-22 23:54,1.433
1997-02-23 00:00,1.432
1997-02-23 00:06,1.431
1997-02-23 00:12,1.430
1997-02-23 00:18,1.428
1997-02-23 00:24,1.427
1997-02-23 00:30,1.426
1997-02-23 00:36,1.424
1997-02-23 00:42,1.422
1997-02-23 00:48,1.421
1997-02-23 00:54,1.419
1997-02-23 01:00,1.417
1997-02-23 01:06,1.415
1997-02-23 01:12,1.414
1997-02-23 01:18,1.412
1997-02-23 01:24,1.410
1997-02-23 01:30,1.408
1997-02-23 01:36,1.406
1997-02-23 01:42,1.404
1997-02-23 01:48,1.402
1997-02-23 01:54,1.400
1997-02-23 02:00,1.398
1997-02-23 02:06,1.396
1997-02-23 02:12,1.394
1997-02-23 02:18,1.391
1997-02-23 02:24,1.389
1997-02-23 02:30,1.388
1997-02-23 02:36,1.386
1997-02-23 02:42,1.384
1997-02-23 02:48,1.382
1997-02-23 02:54,1.380
1997-02-23 03:00,1.379
1997-02-23 03:06,1.377
1997-02-23 03:12,1.376
1997-02-23 03:18,1.374
1997-02-23 03:24,1.373
1997-02-23 03:30,1.372
1997-02-23 03:36,1.371
1997-02-23 03:42,1.370
1997-02-23 03:48,1.369
1997-02-23 03:54,1.369
1997-02-23 04:00,1.368
1997-02-23 04:06,1.368
1997-02-23 04:12,1.368
1997-02-23 04:18,1.367
1997-02-23 04:24,1.367
1997-02-23 04:30,1.368
1997-02-23 04:36,1.368
1997-02-23 04:42,1.368
1997-02-23 04:48,1.369
1997-02-23 04:54,1.369
1997-02-23 05:00,1.370
1997-02-23 05:06,1.371
1997-02-23 05:12,1.372
1997-02-23 05:18,1.373
1997-02-23 05:24,1.374
1997-02-23 05:30,1.375
1997-02-23 05:36,1.376
1997-02-23 05:42,1.377
1997-02-23 05:48,1.378
1997-02-23 05:54,1.380
1997-02-23 06:00,1.381
1997-02-23 06:06,1.383
1997-02-23 06:12,1.384
1997-02-23 06:18,1.386
1997-02-23 06:24,1.387
1997-02-23 06:30,1.389
1997-02-23 06:36,1.391
1997-02-23 06:42,1.392
1997-02-23 06:48,1.394
1997-02-23 06:54,1.396
1997-02-23 07:00,1.398
1997-02-23 07:06,1.400
1997-02-23 07:12,1.402
1997-02-23 07:18,1.403
1997-02-23 07:24,1.405
1997-02-23 07:30,1.407
1997-02-23 07:36,1.409
1997-02-23 07:42,1.411
1997-02-23 07:48,1.413
1997-02-23 07:54,1.414
1997-02-23 08:00,1.416
1997-02-23 08:06,1.418
1997-02-23 08:12,1.419
1997-02-23 08:18,1.421
1997-02-23 08:24,1.422
1997-02-23 08:30,1.423
1997-02-23 08:36,1.425
1997-02-23 08:42,1.426
1997-02-23 08:48,1.426
1997-02-23 08:54,1.427
1997-02-23 09:00,1.428
1997-02-23 09:06,1.428
1997-02-23 09:12,1.428
1997-02-23 09:18,1.428
1997-02-23 09:24,1.428
1997-02-23 09:30,1.427
1997-02-23 09:36,1.426
1997-02-23 09:42,1.425
1997-02-23 09:48,1.424
1997-02-23 09:54,1.423
1997-02-23 10:00,1.421
1997-02-23 10:06,1.419
1997-02-23 10:12,1.417
1997-02-23 10:18,1.414
1997-02-23 10:24,1.412
1997-02-23 10:30,1.409
1997-02-23 10:36,1.406
1997-02-23 10:42,1.402
1997-02-23 10:48,1.399
1997-02-23 10:54,1.395
1997-02-23 11:00,1.392
1997-02-23 11:06,1.388
1997-02-23 11:12,1.383
1997-02-23 11:18,1.379
1997-02-23 11:24,1.375
1997-02-23 11:30,1.370
1997-02-23 11:36,1.366
1997-02-23 11:42,1.361
1997-02-23 11:48,1.356
1997-02-23 11:54,1.351
1997-02-23 12:00,1.346
1997-02-23 12:06,1.341
1997-02-23 12:12,1.336
1997-02-23 12:18,1.331
1997-02-23 12:24,1.326
1997-02-23 12:30,1.321
1997-02-23 12:36,1.316
1997-02-23 12:42,1.311
1997-02-23 12:48,1.306
1997-02-23 12:54,1.301
1997-02-23 13:00,1.296
1997-02-23 13:06,1.291
1997-02-23 13:12,1.286
1997-02-23 13:18,1.282
1997-02-23 13:24,1.277
1997-02-23 13:30,1.272
1997-02-23 13:36,1.268
1997-02-23 13:42,1.263
1997-02-23 13:48,1.259
1997-02-23 13:54,1.254
1997-02-23 14:00,1.250
1997-02-23 14:06,1.246
1997-02-23 14:12,1.242
1997-02-23 14:18,1.239
1997-02-23 14:24,1.235
1997-02-23 14:30,1.231
1997-02-23 14:36,1.228
1997-02-23 14:42,1.225
1997-02-23 14:48,1.222
1997-02-23 14:54,1.219
1997-02-23 15:00,1.217
1997-02-23 15:06,1.215
1997-02-23 15:12,1.213
1997-02-23 15:18,1.211
1997-02-23 15:24,1.209
1997-02-23 15:30,1.208
1997-02-23 15:36,1.207
1997-02-23 15:42,1.206
1997-02-23 15:48,1.205
1997-02-23 15:54,1.205
1997-02-23 16:00,1.205
1997-02-23 16:06,1.205
1997-02-23 16:12,1.205
1997-02-23 16:18,1.206
1997-02-23 16:24,1.207
1997-02-23 16:30,1.208
1997-02-23 16:36,1.209
1997-02-23 16:42,1.211
1997-02-23 16:48,1.212
1997-02-23 16:54,1.214
1997-02-23 17:00,1.217
1997-02-23 17:06,1.219
1997-02-23 17:12,1.222
1997-02-23 17:18,1.224
1997-02-23 17:24,1.227
1997-02-23 17:30,1.231
1997-02-23 17:36,1.234
1997-02-23 17:42,1.238
1997-02-23 17:48,1.241
1997-02-23 17:54,1.245
1997-02-23 18:00,1.249
1997-02-23 18:06,1.253
1997-02-23 18:12,1.257
1997-02-23 18:18,1.262
1997-02-23 18:24,1.266
1997-02-23 18:30,1.271
1997-02-23 18:36,1.275
1997-02-23 18:42,1.280
1997-02-23 18:48,1.285
1997-02-23 18:54,1.290
1997-02-23 19:00,1.295
1997-02-23 19:06,1.299
1997-02-23 19:12,1.305
1997-02-23 19:18,1.310
1997-02-23 19:24,1.315
1997-02-23 19:30,1.320
1997-02-23 19:36,1.325
1997-02-23 19:42,1.330
1997-02-23 19:48,1.335
1997-02-23 19:54,1.340
1997-02-23 20:00,1.345
1997-02-23 20:06,1.350
1997-02-23 20:12,1.355
1997-02-23 20:18,1.360
1997-02-23 20:24,1.365
1997-02-23 20:30,1.369
1997-02-23 20:36,1.374
1997-02-23 20:42,1.378
1997-02-23 20:48,1.383
1997-02-23 20:54,1.387
1997-02-23 21:00,1.391
1997-02-23 21:06,1.395
1997-02-23 21:12,1.399
1997-02-23 21:18,1.402
1997-02-23 21:24,1.406
1997-02-23 21:30,1.409
1997-02-23 21:36,1.412
1997-02-23 21:42,1.415
1997-02-23 21:48,1.417
1997-02-23 21:54,1.420
1997-02-23 22:00,1.422
1997-02-23 22:06,1.424
1997-02-23 22:12,1.425
1997-02-23 22:18,1.427
1997-02-23 22:24,1.428
1997-02-23 22:30,1.429
1997-02-23 22:36,1.430
1997-02-23 22:42,1.431
1997-02-23 22:48,1.431
1997-02-23 22:54,1.432
1997-02-23 23:00,1.432
1997-02-23 23:06,1.432
1997-02-23 23:12,1.431
1997-02-23 23:18,1.431
1997-02-23 23:24,1.430
1997-02-23 23:30,1.429
1997-02-23 23:36,1.429
1997-02-23 23:42,1.427
1997-02-23 23:48,1.426
1997-02-23 23:54,1.425
1997-02-24 00:00,1.423
1997-02-24 00:06,1.422
1997-02-24 00:12,1.420
1997-02-24 00:18,1.418
1997-02-24 00:24,1.416
1997-02-24 00:30,1.415
1997-02-24 00:36,1.412
1997-02-24 00:42,1.410
1997-02-24 00:48,1.408
1997-02-24 00:54,1.406
1997-02-24 01:00,1.404
1997-02-24 01:06,1.401
1997-02-24 01:12,1.399
1997-02-24 01:18,1.397
1997-02-24 01:24,1.394
1997-02-24 01:30,1.392
1997-02-24 01:36,1.389
1997-02-24 01:42,1.387
1997-02-24 01:48,1.384
1997-02-24 01:54,1.382
1997-02-24 02:00,1.379
1997-02-24 02:06,1.377
1997-02-24 02:12,1.374
1997-02-24 02:18,1.372
1997-02-24 02:24,1.370
1997-02-24 02:30,1.367
1997-02-24 02:36,1.365
1997-02-24 02:42,1.363
1997-02-24 02:48,1.361
1997-02-24 02:54,1.359
1997-02-24 03:00,1.356
1997-02-24 03:06,1.355
1997-02-24 03:12,1.353
1997-02-24 03:18,1.351
1997-02-24 03:24,1.349
1997-02-24 03:30,1.348
1997-02-24 03:36,1.346
1997-02-24 03:42,1.345
1997-02-24 03:48,1.343
1997-02-24 03:54,1.342
1997-02-24 04:00,1.341
1997-02-24 04:06,1.340
1997-02-24 04:12,1.339
1997-02-24 04:18,1.339
1997-02-24 04:24,1.338
1997-02-24 04:30,1.338
1997-02-24 04:36,1.337
1997-02-24 04:42,1.337
1997-02-24 04:48,1.337
1997-02-24 04:54,1.337
1997-02-24 05:00,1.337
1997-02-24 05:06,1.338
1997-02-24 05:12,1.338
1997-02-24 05:18,1.339
1997-02-24 05:24,1.340
1997-02-24 05:30,1.341
1997-02-24 05:36,1.342
1997-02-24 05:42,1.343
1997-02-24 05:48,1.344
1997-02-24 05:54,1.345
1997-02-24 06:00,1.347
1997-02-24 06:06,1.349
1997-02-24 06:12,1.350
1997-02-24 06:18,1.352
1997-02-24 06:24,1.354
1997-02-24 06:30,1.356
1997-02-24 06:36,1.359
1997-02-24 06:42,1.361
1997-02-24 06:48,1.363
1997-02-24 06:54,1.366
1997-02-24 07:00,1.368
1997-02-24 07:06,1.371
1997-02-24 07:12,1.373
1997-02-24 07:18,1.376
1997-02-24 07:24,1.379
1997-02-24 07:30,1.381
1997-02-24 07:36,1.384
1997-02-24 07:42,1.387
1997-02-24 07:48,1.389
1997-02-24 07:54,1.392
1997-02-24 08:00,1.395
1997-02-24 08:06,1.397
1997-02-24 08:12,1.400
1997-02-24 08:18,1.402
1997-02-24 08:24,1.405
1997-02-24 08:30,1.407
1997-02-24 08:36,1.409
1997-02-24 08:42,1.412
1997-02-24 08:48,1.414
1997-02-24 08:54,1.416
1997-02-24 09:00,1.418
1997-02-24 09:06,1.419
1997-02-24 09:12,1.421
1997-02-24 09:18,1.422
1997-02-24 09:24,1.423
1997-02-24 09:30,1.424
1997-02-24 09:36,1.425
1997-02-24 09:42,1.426
1997-02-24 09:48,1.426
1997-02-24 09:54,1.427
1997-02-24 10:00,1.427
1997-02-24 10:06,1.427
1997-02-24 10:12,1.427
1997-02-24 10:18,1.426
1997-02-24 10:24,1.426
1997-02-24 10:30,1.425
1997-02-24 10:36,1.424
1997-02-24 10:42,1.422
1997-02-24 10:48,1.421
1997-02-24 10:54,1.419
1997-02-24 11:00,1.417
1997-02-24 11:06,1.415
1997-02-24 11:12,1.413
1997-02-24 11:18,1.411
1997-02-24 11:24,1.408
1997-02-24 11:30,1.405
1997-02-24 11:36,1.402
1997-02-24 11:42,1.399
1997-02-24 11:48,1.396
1997-02-24 11:54,1.392
1997-02-24 12:00,1.389
1997-02-24 12:06,1.385
1997-02-24 12:12,1.381
1997-02-24 12:18,1.377
1997-02-24 12:24,1.373
1997-02-24 12:30,1.369
1997-02-24 12:36,1.365
1997-02-24 12:42,1.361
1997-02-24 12:48,1.356
1997-02-24 12:54,1.352
1997-02-24 13:00,1.348
1997-02-24 13:06,1.343
1997-02-24 13:12,1.339
1997-02-24 13:18,1.334
1997-02-24 13:24,1.330
1997-02-24 13:30,1.325
1997-02-24 13:36,1.321
1997-02-24 13:42,1.316
1997-02-24 13:48,1.312
1997-02-24 13:54,1.308
1997-02-24 14:00,1.304
1997-02-24 14:06,1.299
1997-02-24 14:12,1.295
1997-02-24 14:18,1.291
1997-02-24 14:24,1.288
1997-02-24 14:30,1.284
1997-02-24 14:36,1.280
1997-02-24 14:42,1.277
1997-02-24 14:48,1.273
1997-02-24 14:54,1.270
1997-02-24 15:00,1.267
1997-02-24 15:06,1.264
1997-02-24 15:12,1.262
1997-02-24 15:18,1.259
1997-02-24 15:24,1.257
1997-02-24 15:30,1.254
1997-02-24 15:36,1.252
1997-02-24 15:42,1.251
1997-02-24 15:48,1.249
1997-02-24 15:54,1.247
1997-02-24 16:00,1.246
1997-02-24 16:06,1.245
1997-02-24 16:12,1.244
1997-02-24 16:18,1.243
1997-02-24 16:24,1.243
1997-02-24 16:30,1.242
1997-02-24 16:36,1.242
1997-02-24 16:42,1.242
1997-02-24 16:48,1.242
1997-02-24 16:54,1.243
1997-02-24 17:00,1.243
1997-02-24 17:06,1.244
1997-02-24 17:12,1.245
1997-02-24 17:18,1.247
1997-02-24 17:24,1.248
1997-02-24 17:30,1.250
1997-02-24 17:36,1.252
1997-02-24 17:42,1.254
1997-02-24 17:48,1.256
1997-02-24 17:54,1.258
1997-02-24 18:00,1.261
1997-02-24 18:06,1.264
1997-02-24 18:12,1.267
1997-02-24 18:18,1.270
1997-02-24 18:24,1.273
1997-02-24 18:30,1.277
1997-02-24 18:36,1.281
1997-02-24 18:42,1.284
1997-02-24 18:48,1.288
1997-02-24 18:54,1.293
1997-02-24 19:00,1.297
1997-02-24 19:06,1.301
1997-02-24 19:12,1.305
1997-02-24 19:18,1.310
1997-02-24 19:24,1.314
1997-02-24 19:30,1.319
1997-02-24 19:36,1.324
1997-02-24 19:42,1.328
1997-02-24 19:48,1.333
1997-02-24 19:54,1.338
1997-02-24 20:00,1.342
1997-02-24 20:06,1.347
1997-02-24 20:12,1.351
1997-02-24 20:18,1.356
1997-02-24 20:24,1.360
1997-02-24 20:30,1.364
1997-02-24 20:36,1.369
1997-02-24 20:42,1.373
1997-02-24 20:48,1.377
1997-02-24 20:54,1.381
1997-02-24 21:00,1.384
1997-02-24 21:06,1.388
1997-02-24 21:12,1.392
1997-02-24 21:18,1.395
1997-02-24 21:24,1.398
1997-02-24 21:30,1.401
1997-02-24 21:36,1.404
1997-02-24 21:42,1.407
1997-02-24 21:48,1.409
1997-02-24 21:54,1.412
1997-02-24 22:00,1.414
1997-02-24 22:06,1.416
1997-02-24 22:12,1.418
1997-02-24 22:18,1.419
1997-02-24 22:24,1.421
1997-02-24 22:30,1.422
1997-02-24 22:36,1.423
1997-02-24 22:42,1.424
1997-02-24 22:48,1.425
1997-02-24 22:54,1.425
1997-02-24 23:00,1.426
1997-02-24 23:06,1.426
1997-02-24 23:12,1.426
1997-02-24 23:18,1.426
1997-02-24 23:24,1.425
1997-02-24 23:30,1.425
1997-02-24 23:36,1.424
1997-02-24 23:42,1.423
1997-02-24 23:48,1.422
1997-02-24 23:54,1.421
1997-02-25 00:00,1.420
1997-02-25 00:06,1.418
1997-02-25 00:12,1.416
1997-02-25 00:18,1.414
1997-02-25 00:24,1.412
1997-02-25 00:30,1.410
1997-02-25 00:36,1.408
1997-02-25 00:42,1.405
1997-02-25 00:48,1.403
1997-02-25 00:54,1.400
1997-02-25 01:00,1.397
1997-02-25 01:06,1.394
1997-02-25 01:12,1.391
1997-02-25 01:18,1.388
1997-02-25 01:24,1.385
1997-02-25 01:30,1.382
1997-02-25 01:36,1.379
1997-02-25 01:42,1.376
1997-02-25 01:48,1.373
1997-02-25 01:54,1.370
1997-02-25 02:00,1.367
1997-02-25 02:06,1.363
1997-02-25 02:12,1.360
1997-02-25 02:18,1.357
1997-02-25 02:24,1.354
1997-02-25 02:30,1.351
1997-02-25 02:36,1.348
1997-02-25 02:42,1.346
1997-02-25 02:48,1.343
1997-02-25 02:54,1.340
1997-02-25 03:00,1.338
1997-02-25 03:06,1.335
1997-02-25 03:12,1.333
1997-02-25 03:18,1.330
1997-02-25 03:24,1.328
1997-02-25 03:30,1.326
1997-02-25 03:36,1.324
1997-02-25 03:42,1.322
1997-02-25 03:48,1.320
1997-02-25 03:54,1.318
1997-02-25 04:00,1.316
1997-02-25 04:06,1.315
1997-02-25 04:12,1.313
1997-02-25 04:18,1.312
1997-02-25 04:24,1.310
1997-02-25 04:30,1.309
1997-02-25 04:36,1.308
1997-02-25 04:42,1.307
1997-02-25 04:48,1.306
1997-02-25 04:54,1.306
1997-02-25 05:00,1.305
1997-02-25 05:06,1.305
1997-02-25 05:12,1.304
1997-02-25 05:18,1.304
1997-02-25 05:24,1.304
1997-02-25 05:30,1.304
1997-02-25 05:36,1.305
1997-02-25 05:42,1.305
1997-02-25 05:48,1.306
1997-02-25 05:54,1.307
1997-02-25 06:00,1.308
1997-02-25 06:06,1.309
1997-02-25 06:12,1.310
1997-02-25 06:18,1.312
1997-02-25 06:24,1.314
1997-02-25 06:30,1.316
1997-02-25 06:36,1.318
1997-02-25 06:42,1.320
1997-02-25 06:48,1.322
1997-02-25 06:54,1.325
1997-02-25 07:00,1.328
1997-02-25 07:06,1.330
1997-02-25 07:12,1.333
1997-02-25 07:18,1.337
1997-02-25 07:24,1.340
1997-02-25 07:30,1.343
1997-02-25 07:36,1.346
1997-02-25 07:42,1.350
1997-02-25 07:48,1.353
1997-02-25 07:54,1.357
1997-02-25 08:00,1.360
1997-02-25 08:06,1.364
1997-02-25 08:12,1.367
1997-02-25 08:18,1.371
1997-02-25 08:24,1.374
1997-02-25 08:30,1.378
1997-02-25 08:36,1.381
1997-02-25 08:42,1.384
1997-02-25 08:48,1.388
1997-02-25 08:54,1.391
1997-02-25 09:00,1.394
1997-02-25 09:06,1.397
1997-02-25 09:12,1.399
1997-02-25 09:18,1.402
1997-02-25 09:24,1.405
1997-02-25 09:30,1.407
1997-02-25 09:36,1.409
1997-02-25 09:42,1.411
1997-02-25 09:48,1.413
1997-02-25 09:54,1.415
1997-02-25 10:00,1.417
1997-02-25 10:06,1.418
1997-02-25 10:12,1.420
1997-02-25 10:18,1.421
1997-02-25 10:24,1.422
1997-02-25 10:30,1.423
1997-02-25 10:36,1.424
1997-02-25 10:42,1.424
1997-02-25 10:48,1.425
1997-02-25 10:54,1.425
1997-02-25 11:00,1.425
1997-02-25 11:06,1.425
1997-02-25 11:12,1.425
1997-02-25 11:18,1.424
1997-02-25 11:24,1.424
1997-02-25 11:30,1.423
1997-02-25 11:36,1.422
1997-02-25 11:42,1.421
1997-02-25 11:48,1.420
1997-02-25 11:54,1.418
1997-02-25 12:00,1.417
1997-02-25 12:06,1.415
1997-02-25 12:12,1.413
1997-02-25 12:18,1.411
1997-02-25 12:24,1.408
1997-02-25 12:30,1.406
1997-02-25 12:36,1.403
1997-02-25 12:42,1.400
1997-02-25 12:48,1.398
1997-02-25 12:54,1.394
1997-02-25 13:00,1.391
1997-02-25 13:06,1.388
1997-02-25 13:12,1.385
1997-02-25 13:18,1.381
1997-02-25 13:24,1.377
1997-02-25 13:30,1.374
1997-02-25 13:36,1.370
1997-02-25 13:42,1.366
1997-02-25 13:48,1.363
1997-02-25 13:54,1.359
1997-02-25 14:00,1.355
1997-02-25 14:06,1.351
1997-02-25 14:12,1.348
1997-02-25 14:18,1.344
1997-02-25 14:24,1.340
1997-02-25 14:30,1.337
1997-02-25 14:36,1.334
1997-02-25 14:42,1.330
1997-02-25 14:48,1.327
1997-02-25 14:54,1.324
1997-02-25 15:00,1.321
1997-02-25 15:06,1.318
1997-02-25 15:12,1.315
1997-02-25 15:18,1.312
1997-02-25 15:24,1.310
1997-02-25 15:30,1.307
1997-02-25 15:36,1.305
1997-02-25 15:42,1.302
1997-02-25 15:48,1.300
1997-02-25 15:54,1.298
1997-02-25 16:00,1.296
1997-02-25 16:06,1.295
1997-02-25 16:12,1.293
1997-02-25 16:18,1.291
1997-02-25 16:24,1.290
1997-02-25 16:30,1.289
1997-02-25 16:36,1.288
1997-02-25 16:42,1.287
1997-02-25 16:48,1.286
1997-02-25 16:54,1.285
1997-02-25 17:00,1.284
1997-02-25 17:06,1.284
1997-02-25 17:12,1.284
1997-02-25 17:18,1.283
1997-02-25 17:24,1.283
1997-02-25 17:30,1.284
1997-02-25 17:36,1.284
1997-02-25 17:42,1.284
1997-02-25 17:48,1.285
1997-02-25 17:54,1.286
1997-02-25 18:00,1.287
1997-02-25 18:06,1.288
1997-02-25 18:12,1.290
1997-02-25 18:18,1.292
1997-02-25 18:24,1.294
1997-02-25 18:30,1.296
1997-02-25 18:36,1.298
1997-02-25 18:42,1.300
1997-02-25 18:48,1.303
1997-02-25 18:54,1.306
1997-02-25 19:00,1.309
1997-02-25 19:06,1.312
1997-02-25 19:12,1.316
1997-02-25 19:18,1.319
1997-02-25 19:24,1.323
1997-02-25 19:30,1.326
1997-02-25 19:36,1.330
1997-02-25 19:42,1.334
1997-02-25 19:48,1.338
1997-02-25 19:54,1.342
1997-02-25 20:00,1.346
1997-02-25 20:06,1.350
1997-02-25 20:12,1.354
1997-02-25 20:18,1.358
1997-02-25 20:24,1.362
1997-02-25 20:30,1.366
1997-02-25 20:36,1.370
1997-02-25 20:42,1.374
1997-02-25 20:48,1.377
1997-02-25 20:54,1.381
1997-02-25 21:00,1.384
1997-02-25 21:06,1.388
1997-02-25 21:12,1.391
1997-02-25 21:18,1.394
1997-02-25 21:24,1.397
1997-02-25 21:30,1.400
1997-02-25 21:36,1.402
1997-02-25 21:42,1.405
1997-02-25 21:48,1.407
1997-02-25 21:54,1.409
1997-02-25 22:00,1.411
1997-02-25 22:06,1.413
1997-02-25 22:12,1.415
1997-02-25 22:18,1.416
1997-02-25 22:24,1.418
1997-02-25 22:30,1.419
1997-02-25 22:36,1.420
1997-02-25 22:42,1.421
1997-02-25 22:48,1.422
1997-02-25 22:54,1.422
1997-02-25 23:00,1.423
1997-02-25 23:06,1.423
1997-02-25 23:12,1.423
1997-02-25 23:18,1.423
1997-02-25 23:24,1.423
1997-02-25 23:30,1.423
1997-02-25 23:36,1.422
1997-02-25 23:42,1.421
1997-02-25 23:48,1.421
1997-02-25 23:54,1.420
1997-02-26 00:00,1.418
1997-02-26 00:06,1.417
1997-02-26 00:12,1.415
1997-02-26 00:18,1.414
1997-02-26 00:24,1.412
1997-02-26 00:30,1.410
1997-02-26 00:36,1.408
1997-02-26 00:42,1.405
1997-02-26 00:48,1.403
1997-02-26 00:54,1.400
1997-02-26 01:00,1.397
1997-02-26 01:06,1.394
1997-02-26 01:12,1.391
1997-02-26 01:18,1.387
1997-02-26 01:24,1.384
1997-02-26 01:30,1.381
1997-02-26 01:36,1.377
1997-02-26 01:42,1.373
1997-02-26 01:48,1.370
1997-02-26 01:54,1.366
1997-02-26 02:00,1.362
1997-02-26 02:06,1.358
1997-02-26 02:12,1.355
1997-02-26 02:18,1.351
1997-02-26 02:24,1.347
1997-02-26 02:30,1.343
1997-02-26 02:36,1.340
1997-02-26 02:42,1.336
1997-02-26 02:48,1.332
1997-02-26 02:54,1.329
1997-02-26 03:00,1.326
1997-02-26 03:06,1.322
1997-02-26 03:12,1.319
1997-02-26 03:18,1.316
1997-02-26 03:24,1.313
1997-02-26 03:30,1.310
1997-02-26 03:36,1.307
1997-02-26 03:42,1.304
1997-02-26 03:48,1.302
1997-02-26 03:54,1.299
1997-02-26 04:00,1.297
1997-02-26 04:06,1.294
1997-02-26 04:12,1.292
1997-02-26 04:18,1.290
1997-02-26 04:24,1.288
1997-02-26 04:30,1.286
1997-02-26 04:36,1.284
1997-02-26 04:42,1.282
1997-02-26 04:48,1.280
1997-02-26 04:54,1.279
1997-02-26 05:00,1.277
1997-02-26 05:06,1.276
1997-02-26 05:12,1.275
1997-02-26 05:18,1.273
1997-02-26 05:24,1.272
1997-02-26 05:30,1.272
1997-02-26 05:36,1.271
1997-02-26 05:42,1.270
1997-02-26 05:48,1.270
1997-02-26 05:54,1.270
1997-02-26 06:00,1.270
1997-02-26 06:06,1.270
1997-02-26 06:12,1.271
1997-02-26 06:18,1.271
1997-02-26 06:24,1.272
1997-02-26 06:30,1.273
1997-02-26 06:36,1.274
1997-02-26 06:42,1.276
1997-02-26 06:48,1.278
1997-02-26 06:54,1.280
1997-02-26 07:00,1.282
1997-02-26 07:06,1.284
1997-02-26 07:12,1.287
1997-02-26 07:18,1.290
1997-02-26 07:24,1.293
1997-02-26 07:30,1.296
1997-02-26 07:36,1.300
1997-02-26 07:42,1.303
1997-02-26 07:48,1.307
1997-02-26 07:54,1.311
1997-02-26 08:00,1.315
1997-02-26 08:06,1.319
1997-02-26 08:12,1.323
1997-02-26 08:18,1.327
1997-02-26 08:24,1.331
1997-02-26 08:30,1.335
1997-02-26 08:36,1.339
1997-02-26 08:42,1.343
1997-02-26 08:48,1.348
1997-02-26 08:54,1.352
1997-02-26 09:00,1.356
1997-02-26 09:06,1.360
1997-02-26 09:12,1.364
1997-02-26 09:18,1.367
1997-02-26 09:24,1.371
1997-02-26 09:30,1.375
1997-02-26 09:36,1.378
1997-02-26 09:42,1.382
1997-02-26 09:48,1.385
1997-02-26 09:54,1.388
1997-02-26 10:00,1.391
1997-02-26 10:06,1.394
1997-02-26 10:12,1.397
1997-02-26 10:18,1.400
1997-02-26 10:24,1.402
1997-02-26 10:30,1.405
1997-02-26 10:36,1.407
1997-02-26 10:42,1.409
1997-02-26 10:48,1.411
1997-02-26 10:54,1.413
1997-02-26 11:00,1.415
1997-02-26 11:06,1.417
1997-02-26 11:12,1.418
1997-02-26 11:18,1.420
1997-02-26 11:24,1.421
1997-02-26 11:30,1.422
1997-02-26 11:36,1.423
1997-02-26 11:42,1.424
1997-02-26 11:48,1.425
1997-02-26 11:54,1.426
1997-02-26 12:00,1.426
1997-02-26 12:06,1.426
1997-02-26 12:12,1.426
1997-02-26 12:18,1.426
1997-02-26 12:24,1.426
1997-02-26 12:30,1.426
1997-02-26 12:36,1.425
1997-02-26 12:42,1.424
1997-02-26 12:48,1.423
1997-02-26 12:54,1.422
1997-02-26 13:00,1.421
1997-02-26 13:06,1.419
1997-02-26 13:12,1.418
1997-02-26 13:18,1.416
1997-02-26 13:24,1.414
1997-02-26 13:30,1.412
1997-02-26 13:36,1.409
1997-02-26 13:42,1.407
1997-02-26 13:48,1.405
1997-02-26 13:54,1.402
1997-02-26 14:00,1.400
1997-02-26 14:06,1.397
1997-02-26 14:12,1.394
1997-02-26 14:18,1.391
1997-02-26 14:24,1.389
1997-02-26 14:30,1.386
1997-02-26 14:36,1.383
1997-02-26 14:42,1.380
1997-02-26 14:48,1.378
1997-02-26 14:54,1.375
1997-02-26 15:00,1.372
1997-02-26 15:06,1.370
1997-02-26 15:12,1.367
1997-02-26 15:18,1.365
1997-02-26 15:24,1.362
1997-02-26 15:30,1.360
1997-02-26 15:36,1.358
1997-02-26 15:42,1.356
1997-02-26 15:48,1.354
1997-02-26 15:54,1.352
1997-02-26 16:00,1.350
1997-02-26 16:06,1.348
1997-02-26 16:12,1.346
1997-02-26 16:18,1.344
1997-02-26 16:24,1.343
1997-02-26 16:30,1.341
1997-02-26 16:36,1.340
1997-02-26 16:42,1.338
1997-02-26 16:48,1.337
1997-02-26 16:54,1.336
1997-02-26 17:00,1.334
1997-02-26 17:06,1.333
1997-02-26 17:12,1.332
1997-02-26 17:18,1.331
1997-02-26 17:24,1.330
1997-02-26 17:30,1.330
1997-02-26 17:36,1.329
1997-02-26 17:42,1.328
1997-02-26 17:48,1.328
1997-02-26 17:54,1.327
1997-02-26 18:00,1.327
1997-02-26 18:06,1.327
1997-02-26 18:12,1.327
1997-02-26 18:18,1.328
1997-02-26 18:24,1.328
1997-02-26 18:30,1.329
1997-02-26 18:36,1.329
1997-02-26 18:42,1.330
1997-02-26 18:48,1.332
1997-02-26 18:54,1.333
1997-02-26 19:00,1.335
1997-02-26 19:06,1.336
1997-02-26 19:12,1.338
1997-02-26 19:18,1.340
1997-02-26 19:24,1.343
1997-02-26 19:30,1.345
1997-02-26 19:36,1.348
1997-02-26 19:42,1.350
1997-02-26 19:48,1.353
1997-02-26 19:54,1.356
1997-02-26 20:00,1.359
1997-02-26 20:06,1.362
1997-02-26 20:12,1.365
1997-02-26 20:18,1.369
1997-02-26 20:24,1.372
1997-02-26 20:30,1.375
1997-02-26 20:36,1.378
1997-02-26 20:42,1.382
1997-02-26 20:48,1.385
1997-02-26 20:54,1.388
1997-02-26 21:00,1.391
1997-02-26 21:06,1.394
1997-02-26 21:12,1.397
1997-02-26 21:18,1.399
1997-02-26 21:24,1.402
1997-02-26 21:30,1.404
1997-02-26 21:36,1.407
1997-02-26 21:42,1.409
1997-02-26 21:48,1.411
1997-02-26 21:54,1.413
1997-02-26 22:00,1.415
1997-02-26 22:06,1.416
1997-02-26 22:12,1.418
1997-02-26 22:18,1.419
1997-02-26 22:24,1.420
1997-02-26 22:30,1.421
1997-02-26 22:36,1.422
1997-02-26 22:42,1.423
1997-02-26 22:48,1.423
1997-02-26 22:54,1.424
1997-02-26 23:00,1.424
1997-02-26 23:06,1.424
1997-02-26 23:12,1.425
1997-02-26 23:18,1.424
1997-02-26 23:24,1.424
1997-02-26 23:30,1.424
1997-02-26 23:36,1.423
1997-02-26 23:42,1.423
1997-02-26 23:48,1.422
1997-02-26 23:54,1.421
1997-02-27 00:00,1.420
1997-02-27 00:06,1.419
1997-02-27 00:12,1.418
1997-02-27 00:18,1.416
1997-02-27 00:24,1.414
1997-02-27 00:30,1.413
1997-02-27 00:36,1.411
1997-02-27 00:42,1.408
1997-02-27 00:48,1.406
1997-02-27 00:54,1.403
1997-02-27 01:00,1.401
1997-02-27 01:06,1.398
1997-02-27 01:12,1.395
1997-02-27 01:18,1.392
1997-02-27 01:24,1.388
1997-02-27 01:30,1.385
1997-02-27 01:36,1.381
1997-02-27 01:42,1.377
1997-02-27 01:48,1.374
1997-02-27 01:54,1.370
1997-02-27 02:00,1.366
1997-02-27 02:06,1.361
1997-02-27 02:12,1.357
1997-02-27 02:18,1.353
1997-02-27 02:24,1.349
1997-02-27 02:30,1.344
1997-02-27 02:36,1.340
1997-02-27 02:42,1.336
1997-02-27 02:48,1.332
1997-02-27 02:54,1.327
1997-02-27 03:00,1.323
1997-02-27 03:06,1.319
1997-02-27 03:12,1.315
1997-02-27 03:18,1.311
1997-02-27 03:24,1.307
1997-02-27 03:30,1.303
1997-02-27 03:36,1.299
1997-02-27 03:42,1.296
1997-02-27 03:48,1.292
1997-02-27 03:54,1.289
1997-02-27 04:00,1.285
1997-02-27 04:06,1.282
1997-02-27 04:12,1.279
1997-02-27 04:18,1.275
1997-02-27 04:24,1.272
1997-02-27 04:30,1.270
1997-02-27 04:36,1.267
1997-02-27 04:42,1.264
1997-02-27 04:48,1.261
1997-02-27 04:54,1.259
1997-02-27 05:00,1.256
1997-02-27 05:06,1.254
1997-02-27 05:12,1.252
1997-02-27 05:18,1.250
1997-02-27 05:24,1.248
1997-02-27 05:30,1.246
1997-02-27 05:36,1.244
1997-02-27 05:42,1.242
1997-02-27 05:48,1.241
1997-02-27 05:54,1.239
1997-02-27 06:00,1.238
1997-02-27 06:06,1.237
1997-02-27 06:12,1.237
1997-02-27 06:18,1.236
1997-02-27 06:24,1.236
1997-02-27 06:30,1.235
1997-02-27 06:36,1.235
1997-02-27 06:42,1.236
1997-02-27 06:48,1.236
1997-02-27 06:54,1.237
1997-02-27 07:00,1.238
1997-02-27 07:06,1.239
1997-02-27 07:12,1.241
1997-02-27 07:18,1.243
1997-02-27 07:24,1.245
1997-02-27 07:30,1.247
1997-02-27 07:36,1.250
1997-02-27 07:42,1.253
1997-02-27 07:48,1.256
1997-02-27 07:54,1.259
1997-02-27 08:00,1.262
1997-02-27 08:06,1.266
1997-02-27 08:12,1.270
1997-02-27 08:18,1.274
1997-02-27 08:24,1.278
1997-02-27 08:30,1.282
1997-02-27 08:36,1.286
1997-02-27 08:42,1.291
1997-02-27 08:48,1.295
1997-02-27 08:54,1.300
1997-02-27 09:00,1.304
1997-02-27 09:06,1.309
1997-02-27 09:12,1.314
1997-02-27 09:18,1.318
1997-02-27 09:24,1.323
1997-02-27 09:30,1.327
1997-02-27 09:36,1.332
1997-02-27 09:42,1.336
1997-02-27 09:48,1.341
1997-02-27 09:54,1.345
1997-02-27 10:00,1.349
1997-02-27 10:06,1.353
1997-02-27 10:12,1.357
1997-02-27 10:18,1.361
1997-02-27 10:24,1.365
1997-02-27 10:30,1.369
1997-02-27 10:36,1.373
1997-02-27 10:42,1.377
1997-02-27 10:48,1.380
1997-02-27 10:54,1.384
1997-02-27 11:00,1.387
1997-02-27 11:06,1.390
1997-02-27 11:12,1.394
1997-02-27 11:18,1.397
1997-02-27 11:24,1.400
1997-02-27 11:30,1.403
1997-02-27 11:36,1.405
1997-02-27 11:42,1.408
1997-02-27 11:48,1.411
1997-02-27 11:54,1.413
1997-02-27 12:00,1.415
1997-02-27 12:06,1.418
1997-02-27 12:12,1.420
1997-02-27 12:18,1.422
1997-02-27 12:24,1.423
1997-02-27 12:30,1.425
1997-02-27 12:36,1.427
1997-02-27 12:42,1.428
1997-02-27 12:48,1.429
1997-02-27 12:54,1.430
1997-02-27 13:00,1.431
1997-02-27 13:06,1.431
1997-02-27 13:12,1.432
1997-02-27 13:18,1.432
1997-02-27 13:24,1.432
1997-02-27 13:30,1.432
1997-02-27 13:36,1.432
1997-02-27 13:42,1.432
1997-02-27 13:48,1.431
1997-02-27 13:54,1.431
1997-02-27 14:00,1.430
1997-02-27 14:06,1.429
1997-02-27 14:12,1.428
1997-02-27 14:18,1.427
1997-02-27 14:24,1.425
1997-02-27 14:30,1.424
1997-02-27 14:36,1.423
1997-02-27 14:42,1.421
1997-02-27 14:48,1.420
1997-02-27 14:54,1.418
1997-02-27 15:00,1.416
1997-02-27 15:06,1.415
1997-02-27 15:12,1.413
1997-02-27 15:18,1.412
1997-02-27 15:24,1.410
1997-02-27 15:30,1.408
1997-02-27 15:36,1.407
1997-02-27 15:42,1.405
1997-02-27 15:48,1.404
1997-02-27 15:54,1.402
1997-02-27 16:00,1.401
1997-02-27 16:06,1.399
1997-02-27 16:12,1.398
1997-02-27 16:18,1.396
1997-02-27 16:24,1.395
1997-02-27 16:30,1.393
1997-02-27 16:36,1.392
1997-02-27 16:42,1.391
1997-02-27 16:48,1.390
1997-02-27 16:54,1.388
1997-02-27 17:00,1.387
1997-02-27 17:06,1.386
1997-02-27 17:12,1.385
1997-02-27 17:18,1.383
1997-02-27 17:24,1.382
1997-02-27 17:30,1.381
1997-02-27 17:36,1.380
1997-02-27 17:42,1.379
1997-02-27 17:48,1.378
1997-02-27 17:54,1.377
1997-02-27 18:00,1.377
1997-02-27 18:06,1.376
1997-02-27 18:12,1.375
1997-02-27 18:18,1.375
1997-02-27 18:24,1.374
1997-02-27 18:30,1.374
1997-02-27 18:36,1.373
1997-02-27 18:42,1.373
1997-02-27 18:48,1.373
1997-02-27 18:54,1.373
1997-02-27 19:00,1.374
1997-02-27 19:06,1.374
1997-02-27 19:12,1.375
1997-02-27 19:18,1.375
1997-02-27 19:24,1.376
1997-02-27 19:30,1.377
1997-02-27 19:36,1.378
1997-02-27 19:42,1.380
1997-02-27 19:48,1.381
1997-02-27 19:54,1.383
1997-02-27 20:00,1.384
1997-02-27 20:06,1.386
1997-02-27 20:12,1.388
1997-02-27 20:18,1.390
1997-02-27 20:24,1.392
1997-02-27 20:30,1.394
1997-02-27 20:36,1.396
1997-02-27 20:42,1.399
1997-02-27 20:48,1.401
1997-02-27 20:54,1.403
1997-02-27 21:00,1.405
1997-02-27 21:06,1.408
1997-02-27 21:12,1.410
1997-02-27 21:18,1.412
1997-02-27 21:24,1.414
1997-02-27 21:30,1.416
1997-02-27 21:36,1.418
1997-02-27 21:42,1.420
1997-02-27 21:48,1.422
1997-02-27 21:54,1.423
1997-02-27 22:00,1.425
1997-02-27 22:06,1.426
1997-02-27 22:12,1.427
1997-02-27 22:18,1.428
1997-02-27 22:24,1.429
1997-02-27 22:30,1.430
1997-02-27 22:36,1.431
1997-02-27 22:42,1.432
1997-02-27 22:48,1.432
1997-02-27 22:54,1.432
1997-02-27 23:00,1.433
1997-02-27 23:06,1.433
1997-02-27 23:12,1.433
1997-02-27 23:18,1.433
1997-02-27 23:24,1.432
1997-02-27 23:30,1.432
1997-02-27 23:36,1.431
1997-02-27 23:42,1.431
1997-02-27 23:48,1.430
1997-02-27 23:54,1.429
1997-02-28 00:00,1.428
1997-02-28 00:06,1.427
1997-02-28 00:12,1.425
1997-02-28 00:18,1.424
1997-02-28 00:24,1.422
1997-02-28 00:30,1.420
1997-02-28 00:36,1.418
1997-02-28 00:42,1.416
1997-02-28 00:48,1.414
1997-02-28 00:54,1.412
1997-02-28 01:00,1.409
1997-02-28 01:06,1.407
1997-02-28 01:12,1.404
1997-02-28 01:18,1.401
1997-02-28 01:24,1.398
1997-02-28 01:30,1.394
1997-02-28 01:36,1.391
1997-02-28 01:42,1.387
1997-02-28 01:48,1.384
1997-02-28 01:54,1.380
1997-02-28 02:00,1.376
1997-02-28 02:06,1.372
1997-02-28 02:12,1.368
1997-02-28 02:18,1.363
1997-02-28 02:24,1.359
1997-02-28 02:30,1.355
1997-02-28 02:36,1.350
1997-02-28 02:42,1.346
1997-02-28 02:48,1.341
1997-02-28 02:54,1.336
1997-02-28 03:00,1.332
1997-02-28 03:06,1.327
1997-02-28 03:12,1.322
1997-02-28 03:18,1.318
1997-02-28 03:24,1.313
1997-02-28 03:30,1.309
1997-02-28 03:36,1.304
1997-02-28 03:42,1.299
1997-02-28 03:48,1.295
1997-02-28 03:54,1.290
1997-02-28 04:00,1.286
1997-02-28 04:06,1.282
1997-02-28 04:12,1.277
1997-02-28 04:18,1.273
1997-02-28 04:24,1.269
1997-02-28 04:30,1.265
1997-02-28 04:36,1.261
1997-02-28 04:42,1.257
1997-02-28 04:48,1.253
1997-02-28 04:54,1.250
1997-02-28 05:00,1.246
1997-02-28 05:06,1.243
1997-02-28 05:12,1.239
1997-02-28 05:18,1.236
1997-02-28 05:24,1.233
1997-02-28 05:30,1.230
1997-02-28 05:36,1.227
1997-02-28 05:42,1.224
1997-02-28 05:48,1.221
1997-02-28 05:54,1.219
1997-02-28 06:00,1.216
1997-02-28 06:06,1.214
1997-02-28 06:12,1.212
1997-02-28 06:18,1.210
1997-02-28 06:24,1.208
1997-02-28 06:30,1.207
1997-02-28 06:36,1.206
1997-02-28 06:42,1.204
1997-02-28 06:48,1.204
1997-02-28 06:54,1.203
1997-02-28 07:00,1.202
1997-02-28 07:06,1.202
1997-02-28 07:12,1.202
1997-02-28 07:18,1.203
1997-02-28 07:24,1.203
1997-02-28 07:30,1.204
1997-02-28 07:36,1.205
1997-02-28 07:42,1.206
1997-02-28 07:48,1.208
1997-02-28 07:54,1.210
1997-02-28 08:00,1.212
1997-02-28 08:06,1.214
1997-02-28 08:12,1.217
1997-02-28 08:18,1.220
1997-02-28 08:24,1.223
1997-02-28 08:30,1.226
1997-02-28 08:36,1.230
1997-02-28 08:42,1.233
1997-02-28 08:48,1.237
1997-02-28 08:54,1.241
1997-02-28 09:00,1.245
1997-02-28 09:06,1.249
1997-02-28 09:12,1.254
1997-02-28 09:18,1.258
1997-02-28 09:24,1.263
1997-02-28 09:30,1.267
1997-02-28 09:36,1.272
1997-02-28 09:42,1.277
1997-02-28 09:48,1.282
1997-02-28 09:54,1.287
1997-02-28 10:00,1.292
1997-02-28 10:06,1.297
1997-02-28 10:12,1.302
1997-02-28 10:18,1.306
1997-02-28 10:24,1.311
1997-02-28 10:30,1.316
1997-02-28 10:36,1.321
1997-02-28 10:42,1.326
1997-02-28 10:48,1.331
1997-02-28 10:54,1.336
1997-02-28 11:00,1.340
1997-02-28 11:06,1.345
1997-02-28 11:12,1.350
1997-02-28 11:18,1.354
1997-02-28 11:24,1.359
1997-02-28 11:30,1.363
1997-02-28 11:36,1.367
1997-02-28 11:42,1.372
1997-02-28 11:48,1.376
1997-02-28 11:54,1.380
1997-02-28 12:00,1.384
1997-02-28 12:06,1.388
1997-02-28 12:12,1.392
1997-02-28 12:18,1.395
1997-02-28 12:24,1.399
1997-02-28 12:30,1.403
1997-02-28 12:36,1.406
1997-02-28 12:42,1.409
1997-02-28 12:48,1.412
1997-02-28 12:54,1.415
1997-02-28 13:00,1.418
1997-02-28 13:06,1.421
1997-02-28 13:12,1.423
1997-02-28 13:18,1.426
1997-02-28 13:24,1.428
1997-02-28 13:30,1.430
1997-02-28 13:36,1.432
1997-02-28 13:42,1.434
1997-02-28 13:48,1.436
1997-02-28 13:54,1.437
1997-02-28 14:00,1.439
1997-02-28 14:06,1.440
1997-02-28 14:12,1.441
1997-02-28 14:18,1.442
1997-02-28 14:24,1.443
1997-02-28 14:30,1.444
1997-02-28 14:36,1.444
1997-02-28 14:42,1.445
1997-02-28 14:48,1.445
1997-02-28 14:54,1.445
1997-02-28 15:00,1.446
1997-02-28 15:06,1.446
1997-02-28 15:12,1.446
1997-02-28 15:18,1.446
1997-02-28 15:24,1.445
1997-02-28 15:30,1.445
1997-02-28 15:36,1.445
1997-02-28 15:42,1.444
1997-02-28 15:48,1.444
1997-02-28 15:54,1.443
1997-02-28 16:00,1.443
1997-02-28 16:06,1.442
1997-02-28 16:12,1.442
1997-02-28 16:18,1.441
1997-02-28 16:24,1.440
1997-02-28 16:30,1.440
1997-02-28 16:36,1.439
1997-02-28 16:42,1.438
1997-02-28 16:48,1.437
1997-02-28 16:54,1.436
1997-02-28 17:00,1.436
1997-02-28 17:06,1.435
1997-02-28 17:12,1.434
1997-02-28 17:18,1.433
1997-02-28 17:24,1.432
1997-02-28 17:30,1.431
1997-02-28 17:36,1.430
1997-02-28 17:42,1.430
1997-02-28 17:48,1.429
1997-02-28 17:54,1.428
1997-02-28 18:00,1.427
1997-02-28 18:06,1.426
1997-02-28 18:12,1.425
1997-02-28 18:18,1.425
1997-02-28 18:24,1.424
1997-02-28 18:30,1.423
1997-02-28 18:36,1.423
1997-02-28 18:42,1.422
1997-02-28 18:48,1.422
1997-02-28 18:54,1.421
1997-02-28 19:00,1.421
1997-02-28 19:06,1.421
1997-02-28 19:12,1.421
1997-02-28 19:18,1.420
1997-02-28 19:24,1.420
1997-02-28 19:30,1.420
1997-02-28 19:36,1.421
1997-02-28 19:42,1.421
1997-02-28 19:48,1.421
1997-02-28 19:54,1.422
1997-02-28 20:00,1.422
1997-02-28 20:06,1.423
1997-02-28 20:12,1.423
1997-02-28 20:18,1.424
1997-02-28 20:24,1.425
1997-02-28 20:30,1.426
1997-02-28 20:36,1.427
1997-02-28 20:42,1.428
1997-02-28 20:48,1.429
1997-02-28 20:54,1.430
1997-02-28 21:00,1.431
1997-02-28 21:06,1.432
1997-02-28 21:12,1.433
1997-02-28 21:18,1.434
1997-02-28 21:24,1.435
1997-02-28 21:30,1.437
1997-02-28 21:36,1.438
1997-02-28 21:42,1.439
1997-02-28 21:48,1.440
1997-02-28 21:54,1.441
1997-02-28 22:00,1.442
1997-02-28 22:06,1.443
1997-02-28 22:12,1.444
1997-02-28 22:18,1.445
1997-02-28 22:24,1.445
1997-02-28 22:30,1.446
1997-02-28 22:36,1.446
1997-02-28 22:42,1.447
1997-02-28 22:48,1.447
1997-02-28 22:54,1.448
1997-02-28 23:00,1.448
1997-02-28 23:06,1.448
1997-02-28 23:12,1.448
1997-02-28 23:18,1.447
1997-02-28 23:24,1.447
1997-02-28 23:30,1.447
1997-02-28 23:36,1.446
1997-02-28 23:42,1.446
1997-02-28 23:48,1.445
1997-02-28 23:54,1.444
1997-03-01 00:00,1.443
1997-03-01 00:06,1.442
1997-03-01 00:12,1.440
1997-03-01 00:18,1.439
1997-03-01 00:24,1.437
1997-03-01 00:30,1.435
1997-03-01 00:36,1.434
1997-03-01 00:42,1.432
1997-03-01 00:48,1.429
1997-03-01 00:54,1.427
1997-03-01 01:00,1.425
1997-03-01 01:06,1.422
1997-03-01 01:12,1.420
1997-03-01 01:18,1.417
1997-03-01 01:24,1.414
1997-03-01 01:30,1.411
1997-03-01 01:36,1.408
1997-03-01 01:42,1.404
1997-03-01 01:48,1.401
1997-03-01 01:54,1.397
1997-03-01 02:00,1.394
1997-03-01 02:06,1.390
1997-03-01 02:12,1.386
1997-03-01 02:18,1.382
1997-03-01 02:24,1.378
1997-03-01 02:30,1.374
1997-03-01 02:36,1.369
1997-03-01 02:42,1.365
1997-03-01 02:48,1.360
1997-03-01 02:54,1.356
1997-03-01 03:00,1.351
1997-03-01 03:06,1.347
1997-03-01 03:12,1.342
1997-03-01 03:18,1.337
1997-03-01 03:24,1.332
1997-03-01 03:30,1.327
1997-03-01 03:36,1.322
1997-03-01 03:42,1.317
1997-03-01 03:48,1.312
1997-03-01 03:54,1.307
1997-03-01 04:00,1.302
1997-03-01 04:06,1.297
1997-03-01 04:12,1.292
1997-03-01 04:18,1.287
1997-03-01 04:24,1.282
1997-03-01 04:30,1.277
1997-03-01 04:36,1.272
1997-03-01 04:42,1.267
1997-03-01 04:48,1.262
1997-03-01 04:54,1.257
1997-03-01 05:00,1.252
1997-03-01 05:06,1.247
1997-03-01 05:12,1.243
1997-03-01 05:18,1.238
1997-03-01 05:24,1.234
1997-03-01 05:30,1.229
1997-03-01 05:36,1.225
1997-03-01 05:42,1.221
1997-03-01 05:48,1.217
1997-03-01 05:54,1.213
1997-03-01 06:00,1.209
1997-03-01 06:06,1.205
1997-03-01 06:12,1.202
1997-03-01 06:18,1.198
1997-03-01 06:24,1.195
1997-03-01 06:30,1.192
1997-03-01 06:36,1.189
1997-03-01 06:42,1.187
1997-03-01 06:48,1.184
1997-03-01 06:54,1.182
1997-03-01 07:00,1.180
1997-03-01 07:06,1.178
1997-03-01 07:12,1.177
1997-03-01 07:18,1.175
1997-03-01 07:24,1.174
1997-03-01 07:30,1.173
1997-03-01 07:36,1.173
1997-03-01 07:42,1.172
1997-03-01 07:48,1.172
1997-03-01 07:54,1.172
1997-03-01 08:00,1.172
1997-03-01 08:06,1.173
1997-03-01 08:12,1.174
1997-03-01 08:18,1.175
1997-03-01 08:24,1.176
1997-03-01 08:30,1.177
1997-03-01 08:36,1.179
1997-03-01 08:42,1.181
1997-03-01 08:48,1.183
1997-03-01 08:54,1.186
1997-03-01 09:00,1.188
1997-03-01 09:06,1.191
1997-03-01 09:12,1.194
1997-03-01 09:18,1.197
1997-03-01 09:24,1.201
1997-03-01 09:30,1.204
1997-03-01 09:36,1.208
1997-03-01 09:42,1.212
1997-03-01 09:48,1.216
1997-03-01 09:54,1.221
1997-03-01 10:00,1.225
1997-03-01 10:06,1.230
1997-03-01 10:12,1.234
1997-03-01 10:18,1.239
1997-03-01 10:24,1.244
1997-03-01 10:30,1.249
1997-03-01 10:36,1.254
1997-03-01 10:42,1.260
1997-03-01 10:48,1.265
1997-03-01 10:54,1.270
1997-03-01 11:00,1.276
1997-03-01 11:06,1.281
1997-03-01 11:12,1.287
1997-03-01 11:18,1.292
1997-03-01 11:24,1.298
1997-03-01 11:30,1.303
1997-03-01 11:36,1.309
1997-03-01 11:42,1.314
1997-03-01 11:48,1.320
1997-03-01 11:54,1.325
1997-03-01 12:00,1.331
1997-03-01 12:06,1.336
1997-03-01 12:12,1.341
1997-03-01 12:18,1.347
1997-03-01 12:24,1.352
1997-03-01 12:30,1.357
1997-03-01 12:36,1.362
1997-03-01 12:42,1.367
1997-03-01 12:48,1.372
1997-03-01 12:54,1.377
1997-03-01 13:00,1.381
1997-03-01 13:06,1.386
1997-03-01 13:12,1.390
1997-03-01 13:18,1.395
1997-03-01 13:24,1.399
1997-03-01 13:30,1.403
1997-03-01 13:36,1.407
1997-03-01 13:42,1.411
1997-03-01 13:48,1.415
1997-03-01 13:54,1.418
1997-03-01 14:00,1.422
1997-03-01 14:06,1.425
1997-03-01 14:12,1.429
1997-03-01 14:18,1.432
1997-03-01 14:24,1.435
1997-03-01 14:30,1.438
1997-03-01 14:36,1.441
1997-03-01 14:42,1.444
1997-03-01 14:48,1.447
1997-03-01 14:54,1.449
1997-03-01 15:00,1.451
1997-03-01 15:06,1.454
1997-03-01 15:12,1.456
1997-03-01 15:18,1.458
1997-03-01 15:24,1.460
1997-03-01 15:30,1.462
1997-03-01 15:36,1.463
1997-03-01 15:42,1.465
1997-03-01 15:48,1.466
1997-03-01 15:54,1.468
1997-03-01 16:00,1.469
1997-03-01 16:06,1.470
1997-03-01 16:12,1.471
1997-03-01 16:18,1.471
1997-03-01 16:24,1.472
1997-03-01 16:30,1.473
1997-03-01 16:36,1.473
1997-03-01 16:42,1.473
1997-03-01 16:48,1.474
1997-03-01 16:54,1.474
1997-03-01 17:00,1.474
1997-03-01 17:06,1.474
1997-03-01 17:12,1.474
1997-03-01 17:18,1.474
1997-03-01 17:24,1.473
1997-03-01 17:30,1.473
1997-03-01 17:36,1.473
1997-03-01 17:42,1.473
1997-03-01 17:48,1.472
1997-03-01 17:54,1.472
1997-03-01 18:00,1.471
1997-03-01 18:06,1.471
1997-03-01 18:12,1.471
1997-03-01 18:18,1.470
1997-03-01 18:24,1.470
1997-03-01 18:30,1.469
1997-03-01 18:36,1.469
1997-03-01 18:42,1.469
1997-03-01 18:48,1.468
1997-03-01 18:54,1.468
1997-03-01 19:00,1.468
1997-03-01 19:06,1.467
1997-03-01 19:12,1.467
1997-03-01 19:18,1.467
1997-03-01 19:24,1.467
1997-03-01 19:30,1.466
1997-03-01 19:36,1.466
1997-03-01 19:42,1.466
1997-03-01 19:48,1.466
1997-03-01 19:54,1.466
1997-03-01 20:00,1.466
1997-03-01 20:06,1.466
1997-03-01 20:12,1.466
1997-03-01 20:18,1.466
1997-03-01 20:24,1.466
1997-03-01 20:30,1.466
1997-03-01 20:36,1.466
1997-03-01 20:42,1.466
1997-03-01 20:48,1.466
1997-03-01 20:54,1.466
1997-03-01 21:00,1.466
1997-03-01 21:06,1.466
1997-03-01 21:12,1.466
1997-03-01 21:18,1.466
1997-03-01 21:24,1.466
1997-03-01 21:30,1.467
1997-03-01 21:36,1.467
1997-03-01 21:42,1.467
1997-03-01 21:48,1.467
1997-03-01 21:54,1.467
1997-03-01 22:00,1.467
1997-03-01 22:06,1.467
1997-03-01 22:12,1.468
1997-03-01 22:18,1.468
1997-03-01 22:24,1.468
1997-03-01 22:30,1.468
1997-03-01 22:36,1.468
1997-03-01 22:42,1.468
1997-03-01 22:48,1.468
1997-03-01 22:54,1.468
1997-03-01 23:00,1.468
1997-03-01 23:06,1.468
1997-03-01 23:12,1.468
1997-03-01 23:18,1.468
1997-03-01 23:24,1.467
1997-03-01 23:30,1.467
1997-03-01 23:36,1.467
1997-03-01 23:42,1.466
1997-03-01 23:48,1.465
1997-03-01 23:54,1.465
1997-03-02 00:00,1.464
1997-03-02 00:06,1.463
1997-03-02 00:12,1.462
1997-03-02 00:18,1.460
1997-03-02 00:24,1.459
1997-03-02 00:30,1.458
1997-03-02 00:36,1.456
1997-03-02 00:42,1.454
1997-03-02 00:48,1.452
1997-03-02 00:54,1.450
1997-03-02 01:00,1.448
1997-03-02 01:06,1.446
1997-03-02 01:12,1.443
1997-03-02 01:18,1.441
1997-03-02 01:24,1.438
1997-03-02 01:30,1.435
1997-03-02 01:36,1.432
1997-03-02 01:42,1.429
1997-03-02 01:48,1.426
1997-03-02 01:54,1.423
1997-03-02 02:00,1.419
1997-03-02 02:06,1.416
1997-03-02 02:12,1.412
1997-03-02 02:18,1.409
1997-03-02 02:24,1.405
1997-03-02 02:30,1.401
1997-03-02 02:36,1.397
1997-03-02 02:42,1.393
1997-03-02 02:48,1.389
1997-03-02 02:54,1.385
1997-03-02 03:00,1.381
1997-03-02 03:06,1.376
1997-03-02 03:12,1.372
1997-03-02 03:18,1.368
1997-03-02 03:24,1.363
1997-03-02 03:30,1.358
1997-03-02 03:36,1.354
1997-03-02 03:42,1.349
1997-03-02 03:48,1.344
1997-03-02 03:54,1.339
1997-03-02 04:00,1.334
1997-03-02 04:06,1.328
1997-03-02 04:12,1.323
1997-03-02 04:18,1.318
1997-03-02 04:24,1.312
1997-03-02 04:30,1.307
1997-03-02 04:36,1.301
1997-03-02 04:42,1.296
1997-03-02 04:48,1.290
1997-03-02 04:54,1.284
1997-03-02 05:00,1.279
1997-03-02 05:06,1.273
1997-03-02 05:12,1.267
1997-03-02 05:18,1.262
1997-03-02 05:24,1.256
1997-03-02 05:30,1.250
1997-03-02 05:36,1.245
1997-03-02 05:42,1.239
1997-03-02 05:48,1.233
1997-03-02 05:54,1.228
1997-03-02 06:00,1.223
1997-03-02 06:06,1.217
1997-03-02 06:12,1.212
1997-03-02 06:18,1.207
1997-03-02 06:24,1.203
1997-03-02 06:30,1.198
1997-03-02 06:36,1.194
1997-03-02 06:42,1.189
1997-03-02 06:48,1.185
1997-03-02 06:54,1.181
1997-03-02 07:00,1.177
1997-03-02 07:06,1.174
1997-03-02 07:12,1.170
1997-03-02 07:18,1.167
1997-03-02 07:24,1.164
1997-03-02 07:30,1.162
1997-03-02 07:36,1.159
1997-03-02 07:42,1.157
1997-03-02 07:48,1.155
1997-03-02 07:54,1.153
1997-03-02 08:00,1.151
1997-03-02 08:06,1.150
1997-03-02 08:12,1.148
1997-03-02 08:18,1.147
1997-03-02 08:24,1.146
1997-03-02 08:30,1.146
1997-03-02 08:36,1.145
1997-03-02 08:42,1.145
1997-03-02 08:48,1.145
1997-03-02 08:54,1.145
1997-03-02 09:00,1.146
1997-03-02 09:06,1.147
1997-03-02 09:12,1.147
1997-03-02 09:18,1.149
1997-03-02 09:24,1.150
1997-03-02 09:30,1.151
1997-03-02 09:36,1.153
1997-03-02 09:42,1.155
1997-03-02 09:48,1.157
1997-03-02 09:54,1.160
1997-03-02 10:00,1.163
1997-03-02 10:06,1.166
1997-03-02 10:12,1.169
1997-03-02 10:18,1.172
1997-03-02 10:24,1.176
1997-03-02 10:30,1.180
1997-03-02 10:36,1.184
1997-03-02 10:42,1.188
1997-03-02 10:48,1.193
1997-03-02 10:54,1.197
1997-03-02 11:00,1.202
1997-03-02 11:06,1.207
1997-03-02 11:12,1.213
1997-03-02 11:18,1.218
1997-03-02 11:24,1.223
1997-03-02 11:30,1.229
1997-03-02 11:36,1.235
1997-03-02 11:42,1.241
1997-03-02 11:48,1.247
1997-03-02 11:54,1.253
1997-03-02 12:00,1.259
1997-03-02 12:06,1.265
1997-03-02 12:12,1.271
1997-03-02 12:18,1.277
1997-03-02 12:24,1.284
1997-03-02 12:30,1.290
1997-03-02 12:36,1.296
1997-03-02 12:42,1.302
1997-03-02 12:48,1.308
1997-03-02 12:54,1.314
1997-03-02 13:00,1.320
1997-03-02 13:06,1.326
1997-03-02 13:12,1.332
1997-03-02 13:18,1.338
1997-03-02 13:24,1.344
1997-03-02 13:30,1.350
1997-03-02 13:36,1.356
1997-03-02 13:42,1.361
1997-03-02 13:48,1.367
1997-03-02 13:54,1.372
1997-03-02 14:00,1.378
1997-03-02 14:06,1.383
1997-03-02 14:12,1.389
1997-03-02 14:18,1.394
1997-03-02 14:24,1.399
1997-03-02 14:30,1.404
1997-03-02 14:36,1.409
1997-03-02 14:42,1.414
1997-03-02 14:48,1.419
1997-03-02 14:54,1.424
1997-03-02 15:00,1.428
1997-03-02 15:06,1.433
1997-03-02 15:12,1.438
1997-03-02 15:18,1.442
1997-03-02 15:24,1.446
1997-03-02 15:30,1.450
1997-03-02 15:36,1.454
1997-03-02 15:42,1.458
1997-03-02 15:48,1.462
1997-03-02 15:54,1.466
1997-03-02 16:00,1.469
1997-03-02 16:06,1.472
1997-03-02 16:12,1.475
1997-03-02 16:18,1.478
1997-03-02 16:24,1.481
1997-03-02 16:30,1.484
1997-03-02 16:36,1.486
1997-03-02 16:42,1.488
1997-03-02 16:48,1.490
1997-03-02 16:54,1.492
1997-03-02 17:00,1.494
1997-03-02 17:06,1.495
1997-03-02 17:12,1.497
1997-03-02 17:18,1.498
1997-03-02 17:24,1.499
1997-03-02 17:30,1.500
1997-03-02 17:36,1.501
1997-03-02 17:42,1.501
1997-03-02 17:48,1.502
1997-03-02 17:54,1.502
1997-03-02 18:00,1.503
1997-03-02 18:06,1.503
1997-03-02 18:12,1.504
1997-03-02 18:18,1.504
1997-03-02 18:24,1.504
1997-03-02 18:30,1.504
1997-03-02 18:36,1.504
1997-03-02 18:42,1.505
1997-03-02 18:48,1.505
1997-03-02 18:54,1.505
1997-03-02 19:00,1.505
1997-03-02 19:06,1.505
1997-03-02 19:12,1.505
1997-03-02 19:18,1.505
1997-03-02 19:24,1.505
1997-03-02 19:30,1.505
1997-03-02 19:36,1.506
1997-03-02 19:42,1.506
1997-03-02 19:48,1.506
1997-03-02 19:54,1.506
1997-03-02 20:00,1.506
1997-03-02 20:06,1.506
1997-03-02 20:12,1.506
1997-03-02 20:18,1.506
1997-03-02 20:24,1.506
1997-03-02 20:30,1.505
1997-03-02 20:36,1.505
1997-03-02 20:42,1.505
1997-03-02 20:48,1.505
1997-03-02 20:54,1.504
1997-03-02 21:00,1.504
1997-03-02 21:06,1.503
1997-03-02 21:12,1.503
1997-03-02 21:18,1.502
1997-03-02 21:24,1.502
1997-03-02 21:30,1.501
1997-03-02 21:36,1.501
1997-03-02 21:42,1.500
1997-03-02 21:48,1.499
1997-03-02 21:54,1.499
1997-03-02 22:00,1.498
1997-03-02 22:06,1.497
1997-03-02 22:12,1.497
1997-03-02 22:18,1.496
1997-03-02 22:24,1.495
1997-03-02 22:30,1.495
1997-03-02 22:36,1.494
1997-03-02 22:42,1.494
1997-03-02 22:48,1.493
1997-03-02 22:54,1.493
1997-03-02 23:00,1.492
1997-03-02 23:06,1.491
1997-03-02 23:12,1.491
1997-03-02 23:18,1.490
1997-03-02 23:24,1.490
1997-03-02 23:30,1.489
1997-03-02 23:36,1.489
1997-03-02 23:42,1.488
1997-03-02 23:48,1.488
1997-03-02 23:54,1.487
1997-03-03 00:00,1.486
1997-03-03 00:06,1.486
1997-03-03 00:12,1.485
1997-03-03 00:18,1.484
1997-03-03 00:24,1.483
1997-03-03 00:30,1.482
1997-03-03 00:36,1.481
1997-03-03 00:42,1.479
1997-03-03 00:48,1.478
1997-03-03 00:54,1.476
1997-03-03 01:00,1.475
1997-03-03 01:06,1.473
1997-03-03 01:12,1.471
1997-03-03 01:18,1.469
1997-03-03 01:24,1.467
1997-03-03 01:30,1.464
1997-03-03 01:36,1.462
1997-03-03 01:42,1.459
1997-03-03 01:48,1.457
1997-03-03 01:54,1.454
1997-03-03 02:00,1.451
1997-03-03 02:06,1.448
1997-03-03 02:12,1.445
1997-03-03 02:18,1.442
1997-03-03 02:24,1.439
1997-03-03 02:30,1.436
1997-03-03 02:36,1.432
1997-03-03 02:42,1.429
1997-03-03 02:48,1.425
1997-03-03 02:54,1.422
1997-03-03 03:00,1.418
1997-03-03 03:06,1.415
1997-03-03 03:12,1.411
1997-03-03 03:18,1.407
1997-03-03 03:24,1.403
1997-03-03 03:30,1.399
1997-03-03 03:36,1.395
1997-03-03 03:42,1.391
1997-03-03 03:48,1.386
1997-03-03 03:54,1.382
1997-03-03 04:00,1.377
1997-03-03 04:06,1.373
1997-03-03 04:12,1.368
1997-03-03 04:18,1.363
1997-03-03 04:24,1.358
1997-03-03 04:30,1.353
1997-03-03 04:36,1.347
1997-03-03 04:42,1.342
1997-03-03 04:48,1.336
1997-03-03 04:54,1.331
1997-03-03 05:00,1.325
1997-03-03 05:06,1.319
1997-03-03 05:12,1.313
1997-03-03 05:18,1.307
1997-03-03 05:24,1.301
1997-03-03 05:30,1.294
1997-03-03 05:36,1.288
1997-03-03 05:42,1.282
1997-03-03 05:48,1.275
1997-03-03 05:54,1.269
1997-03-03 06:00,1.262
1997-03-03 06:06,1.256
1997-03-03 06:12,1.250
1997-03-03 06:18,1.244
1997-03-03 06:24,1.237
1997-03-03 06:30,1.231
1997-03-03 06:36,1.225
1997-03-03 06:42,1.219
1997-03-03 06:48,1.213
1997-03-03 06:54,1.208
1997-03-03 07:00,1.202
1997-03-03 07:06,1.197
1997-03-03 07:12,1.192
1997-03-03 07:18,1.187
1997-03-03 07:24,1.182
1997-03-03 07:30,1.177
1997-03-03 07:36,1.173
1997-03-03 07:42,1.168
1997-03-03 07:48,1.164
1997-03-03 07:54,1.160
1997-03-03 08:00,1.156
1997-03-03 08:06,1.153
1997-03-03 08:12,1.149
1997-03-03 08:18,1.146
1997-03-03 08:24,1.143
1997-03-03 08:30,1.140
1997-03-03 08:36,1.138
1997-03-03 08:42,1.135
1997-03-03 08:48,1.133
1997-03-03 08:54,1.131
1997-03-03 09:00,1.129
1997-03-03 09:06,1.127
1997-03-03 09:12,1.125
1997-03-03 09:18,1.124
1997-03-03 09:24,1.123
1997-03-03 09:30,1.122
1997-03-03 09:36,1.121
1997-03-03 09:42,1.121
1997-03-03 09:48,1.120
1997-03-03 09:54,1.120
1997-03-03 10:00,1.120
1997-03-03 10:06,1.121
1997-03-03 10:12,1.122
1997-03-03 10:18,1.122
1997-03-03 10:24,1.124
1997-03-03 10:30,1.125
1997-03-03 10:36,1.127
1997-03-03 10:42,1.129
1997-03-03 10:48,1.131
1997-03-03 10:54,1.134
1997-03-03 11:00,1.137
1997-03-03 11:06,1.140
1997-03-03 11:12,1.144
1997-03-03 11:18,1.147
1997-03-03 11:24,1.151
1997-03-03 11:30,1.156
1997-03-03 11:36,1.160
1997-03-03 11:42,1.165
1997-03-03 11:48,1.170
1997-03-03 11:54,1.175
1997-03-03 12:00,1.181
1997-03-03 12:06,1.186
1997-03-03 12:12,1.192
1997-03-03 12:18,1.198
1997-03-03 12:24,1.204
1997-03-03 12:30,1.210
1997-03-03 12:36,1.216
1997-03-03 12:42,1.223
1997-03-03 12:48,1.229
1997-03-03 12:54,1.236
1997-03-03 13:00,1.242
1997-03-03 13:06,1.249
1997-03-03 13:12,1.256
1997-03-03 13:18,1.262
1997-03-03 13:24,1.269
1997-03-03 13:30,1.276
1997-03-03 13:36,1.283
1997-03-03 13:42,1.289
1997-03-03 13:48,1.296
1997-03-03 13:54,1.303
1997-03-03 14:00,1.310
1997-03-03 14:06,1.316
1997-03-03 14:12,1.323
1997-03-03 14:18,1.330
1997-03-03 14:24,1.337
1997-03-03 14:30,1.343
1997-03-03 14:36,1.350
1997-03-03 14:42,1.357
1997-03-03 14:48,1.364
1997-03-03 14:54,1.370
1997-03-03 15:00,1.377
1997-03-03 15:06,1.383
1997-03-03 15:12,1.390
1997-03-03 15:18,1.396
1997-03-03 15:24,1.403
1997-03-03 15:30,1.409
1997-03-03 15:36,1.415
1997-03-03 15:42,1.421
1997-03-03 15:48,1.427
1997-03-03 15:54,1.433
1997-03-03 16:00,1.439
1997-03-03 16:06,1.444
1997-03-03 16:12,1.450
1997-03-03 16:18,1.455
1997-03-03 16:24,1.460
1997-03-03 16:30,1.465
1997-03-03 16:36,1.470
1997-03-03 16:42,1.474
1997-03-03 16:48,1.479
1997-03-03 16:54,1.483
1997-03-03 17:00,1.487
1997-03-03 17:06,1.490
1997-03-03 17:12,1.494
1997-03-03 17:18,1.497
1997-03-03 17:24,1.500
1997-03-03 17:30,1.503
1997-03-03 17:36,1.506
1997-03-03 17:42,1.508
1997-03-03 17:48,1.510
1997-03-03 17:54,1.512
1997-03-03 18:00,1.514
1997-03-03 18:06,1.516
1997-03-03 18:12,1.518
1997-03-03 18:18,1.519
1997-03-03 18:24,1.521
1997-03-03 18:30,1.522
1997-03-03 18:36,1.523
1997-03-03 18:42,1.524
1997-03-03 18:48,1.525
1997-03-03 18:54,1.526
1997-03-03 19:00,1.527
1997-03-03 19:06,1.528
1997-03-03 19:12,1.528
1997-03-03 19:18,1.529
1997-03-03 19:24,1.530
1997-03-03 19:30,1.530
1997-03-03 19:36,1.531
1997-03-03 19:42,1.532
1997-03-03 19:48,1.532
1997-03-03 19:54,1.533
1997-03-03 20:00,1.533
1997-03-03 20:06,1.533
1997-03-03 20:12,1.534
1997-03-03 20:18,1.534
1997-03-03 20:24,1.534
1997-03-03 20:30,1.534
1997-03-03 20:36,1.534
1997-03-03 20:42,1.534
1997-03-03 20:48,1.534
1997-03-03 20:54,1.534
1997-03-03 21:00,1.534
1997-03-03 21:06,1.533
1997-03-03 21:12,1.533
1997-03-03 21:18,1.532
1997-03-03 21:24,1.532
1997-03-03 21:30,1.531
1997-03-03 21:36,1.530
1997-03-03 21:42,1.529
1997-03-03 21:48,1.528
1997-03-03 21:54,1.527
1997-03-03 22:00,1.526
1997-03-03 22:06,1.525
1997-03-03 22:12,1.524
1997-03-03 22:18,1.523
1997-03-03 22:24,1.522
1997-03-03 22:30,1.521
1997-03-03 22:36,1.520
1997-03-03 22:42,1.518
1997-03-03 22:48,1.517
1997-03-03 22:54,1.516
1997-03-03 23:00,1.515
1997-03-03 23:06,1.514
1997-03-03 23:12,1.513
1997-03-03 23:18,1.512
1997-03-03 23:24,1.511
1997-03-03 23:30,1.510
1997-03-03 23:36,1.509
1997-03-03 23:42,1.508
1997-03-03 23:48,1.507
1997-03-03 23:54,1.507
1997-03-04 00:00,1.506
1997-03-04 00:06,1.505
1997-03-04 00:12,1.504
1997-03-04 00:18,1.503
1997-03-04 00:24,1.503
1997-03-04 00:30,1.502
1997-03-04 00:36,1.501
1997-03-04 00:42,1.500
1997-03-04 00:48,1.499
1997-03-04 00:54,1.498
1997-03-04 01:00,1.497
1997-03-04 01:06,1.495
1997-03-04 01:12,1.494
1997-03-04 01:18,1.493
1997-03-04 01:24,1.491
1997-03-04 01:30,1.490
1997-03-04 01:36,1.488
1997-03-04 01:42,1.487
1997-03-04 01:48,1.485
1997-03-04 01:54,1.483
1997-03-04 02:00,1.481
1997-03-04 02:06,1.479
1997-03-04 02:12,1.477
1997-03-04 02:18,1.475
1997-03-04 02:24,1.472
1997-03-04 02:30,1.470
1997-03-04 02:36,1.468
1997-03-04 02:42,1.465
1997-03-04 02:48,1.463
1997-03-04 02:54,1.460
1997-03-04 03:00,1.457
1997-03-04 03:06,1.454
1997-03-04 03:12,1.452
1997-03-04 03:18,1.449
1997-03-04 03:24,1.446
1997-03-04 03:30,1.443
1997-03-04 03:36,1.440
1997-03-04 03:42,1.436
1997-03-04 03:48,1.433
1997-03-04 03:54,1.430
1997-03-04 04:00,1.426
1997-03-04 04:06,1.422
1997-03-04 04:12,1.419
1997-03-04 04:18,1.415
1997-03-04 04:24,1.411
1997-03-04 04:30,1.407
1997-03-04 04:36,1.402
1997-03-04 04:42,1.398
1997-03-04 04:48,1.393
1997-03-04 04:54,1.388
1997-03-04 05:00,1.383
1997-03-04 05:06,1.378
1997-03-04 05:12,1.373
1997-03-04 05:18,1.367
1997-03-04 05:24,1.362
1997-03-04 05:30,1.356
1997-03-04 05:36,1.350
1997-03-04 05:42,1.344
1997-03-04 05:48,1.338
1997-03-04 05:54,1.331
1997-03-04 06:00,1.325
1997-03-04 06:06,1.318
1997-03-04 06:12,1.312
1997-03-04 06:18,1.305
1997-03-04 06:24,1.298
1997-03-04 06:30,1.291
1997-03-04 06:36,1.285
1997-03-04 06:42,1.278
1997-03-04 06:48,1.271
1997-03-04 06:54,1.264
1997-03-04 07:00,1.258
1997-03-04 07:06,1.251
1997-03-04 07:12,1.244
1997-03-04 07:18,1.238
1997-03-04 07:24,1.231
1997-03-04 07:30,1.225
1997-03-04 07:36,1.219
1997-03-04 07:42,1.213
1997-03-04 07:48,1.207
1997-03-04 07:54,1.201
1997-03-04 08:00,1.195
1997-03-04 08:06,1.190
1997-03-04 08:12,1.184
1997-03-04 08:18,1.179
1997-03-04 08:24,1.174
1997-03-04 08:30,1.169
1997-03-04 08:36,1.164
1997-03-04 08:42,1.159
1997-03-04 08:48,1.155
1997-03-04 08:54,1.150
1997-03-04 09:00,1.146
1997-03-04 09:06,1.142
1997-03-04 09:12,1.138
1997-03-04 09:18,1.134
1997-03-04 09:24,1.130
1997-03-04 09:30,1.127
1997-03-04 09:36,1.123
1997-03-04 09:42,1.120
1997-03-04 09:48,1.117
1997-03-04 09:54,1.114
1997-03-04 10:00,1.112
1997-03-04 10:06,1.109
1997-03-04 10:12,1.107
1997-03-04 10:18,1.105
1997-03-04 10:24,1.104
1997-03-04 10:30,1.102
1997-03-04 10:36,1.101
1997-03-04 10:42,1.100
1997-03-04 10:48,1.100
1997-03-04 10:54,1.099
1997-03-04 11:00,1.099
1997-03-04 11:06,1.100
1997-03-04 11:12,1.100
1997-03-04 11:18,1.101
1997-03-04 11:24,1.102
1997-03-04 11:30,1.104
1997-03-04 11:36,1.106
1997-03-04 11:42,1.108
1997-03-04 11:48,1.111
1997-03-04 11:54,1.114
1997-03-04 12:00,1.117
1997-03-04 12:06,1.120
1997-03-04 12:12,1.124
1997-03-04 12:18,1.128
1997-03-04 12:24,1.132
1997-03-04 12:30,1.137
1997-03-04 12:36,1.142
1997-03-04 12:42,1.147
1997-03-04 12:48,1.152
1997-03-04 12:54,1.157
1997-03-04 13:00,1.163
1997-03-04 13:06,1.169
1997-03-04 13:12,1.175
1997-03-04 13:18,1.181
1997-03-04 13:24,1.188
1997-03-04 13:30,1.194
1997-03-04 13:36,1.201
1997-03-04 13:42,1.207
1997-03-04 13:48,1.214
1997-03-04 13:54,1.221
1997-03-04 14:00,1.228
1997-03-04 14:06,1.236
1997-03-04 14:12,1.243
1997-03-04 14:18,1.250
1997-03-04 14:24,1.258
1997-03-04 14:30,1.265
1997-03-04 14:36,1.273
1997-03-04 14:42,1.280
1997-03-04 14:48,1.288
1997-03-04 14:54,1.296
1997-03-04 15:00,1.303
1997-03-04 15:06,1.311
1997-03-04 15:12,1.319
1997-03-04 15:18,1.327
1997-03-04 15:24,1.335
1997-03-04 15:30,1.342
1997-03-04 15:36,1.350
1997-03-04 15:42,1.358
1997-03-04 15:48,1.366
1997-03-04 15:54,1.373
1997-03-04 16:00,1.381
1997-03-04 16:06,1.388
1997-03-04 16:12,1.396
1997-03-04 16:18,1.403
1997-03-04 16:24,1.410
1997-03-04 16:30,1.417
1997-03-04 16:36,1.424
1997-03-04 16:42,1.431
1997-03-04 16:48,1.437
1997-03-04 16:54,1.444
1997-03-04 17:00,1.450
1997-03-04 17:06,1.456
1997-03-04 17:12,1.462
1997-03-04 17:18,1.467
1997-03-04 17:24,1.473
1997-03-04 17:30,1.478
1997-03-04 17:36,1.483
1997-03-04 17:42,1.487
1997-03-04 17:48,1.492
1997-03-04 17:54,1.496
1997-03-04 18:00,1.500
1997-03-04 18:06,1.504
1997-03-04 18:12,1.507
1997-03-04 18:18,1.510
1997-03-04 18:24,1.513
1997-03-04 18:30,1.516
1997-03-04 18:36,1.519
1997-03-04 18:42,1.522
1997-03-04 18:48,1.524
1997-03-04 18:54,1.526
1997-03-04 19:00,1.528
1997-03-04 19:06,1.530
1997-03-04 19:12,1.532
1997-03-04 19:18,1.534
1997-03-04 19:24,1.536
1997-03-04 19:30,1.537
1997-03-04 19:36,1.538
1997-03-04 19:42,1.540
1997-03-04 19:48,1.541
1997-03-04 19:54,1.542
1997-03-04 20:00,1.543
1997-03-04 20:06,1.544
1997-03-04 20:12,1.545
1997-03-04 20:18,1.546
1997-03-04 20:24,1.546
1997-03-04 20:30,1.547
1997-03-04 20:36,1.547
1997-03-04 20:42,1.548
1997-03-04 20:48,1.548
1997-03-04 20:54,1.548
1997-03-04 21:00,1.548
1997-03-04 21:06,1.548
1997-03-04 21:12,1.548
1997-03-04 21:18,1.547
1997-03-04 21:24,1.547
1997-03-04 21:30,1.547
1997-03-04 21:36,1.546
1997-03-04 21:42,1.545
1997-03-04 21:48,1.545
1997-03-04 21:54,1.544
1997-03-04 22:00,1.543
1997-03-04 22:06,1.542
1997-03-04 22:12,1.541
1997-03-04 22:18,1.539
1997-03-04 22:24,1.538
1997-03-04 22:30,1.537
1997-03-04 22:36,1.536
1997-03-04 22:42,1.534
1997-03-04 22:48,1.533
1997-03-04 22:54,1.531
1997-03-04 23:00,1.530
1997-03-04 23:06,1.528
1997-03-04 23:12,1.527
1997-03-04 23:18,1.526
1997-03-04 23:24,1.524
1997-03-04 23:30,1.523
1997-03-04 23:36,1.522
1997-03-04 23:42,1.520
1997-03-04 23:48,1.519
1997-03-04 23:54,1.518
1997-03-05 00:00,1.517
1997-03-05 00:06,1.516
1997-03-05 00:12,1.515
1997-03-05 00:18,1.513
1997-03-05 00:24,1.512
1997-03-05 00:30,1.511
1997-03-05 00:36,1.511
1997-03-05 00:42,1.510
1997-03-05 00:48,1.509
1997-03-05 00:54,1.508
1997-03-05 01:00,1.507
1997-03-05 01:06,1.506
1997-03-05 01:12,1.505
1997-03-05 01:18,1.504
1997-03-05 01:24,1.504
1997-03-05 01:30,1.503
1997-03-05 01:36,1.502
1997-03-05 01:42,1.501
1997-03-05 01:48,1.500
1997-03-05 01:54,1.499
1997-03-05 02:00,1.498
1997-03-05 02:06,1.497
1997-03-05 02:12,1.496
1997-03-05 02:18,1.495
1997-03-05 02:24,1.494
1997-03-05 02:30,1.493
1997-03-05 02:36,1.491
1997-03-05 02:42,1.490
1997-03-05 02:48,1.489
1997-03-05 02:54,1.487
1997-03-05 03:00,1.486
1997-03-05 03:06,1.485
1997-03-05 03:12,1.483
1997-03-05 03:18,1.482
1997-03-05 03:24,1.480
1997-03-05 03:30,1.478
1997-03-05 03:36,1.477
1997-03-05 03:42,1.475
1997-03-05 03:48,1.473
1997-03-05 03:54,1.471
1997-03-05 04:00,1.469
1997-03-05 04:06,1.467
1997-03-05 04:12,1.464
1997-03-05 04:18,1.462
1997-03-05 04:24,1.460
1997-03-05 04:30,1.457
1997-03-05 04:36,1.454
1997-03-05 04:42,1.451
1997-03-05 04:48,1.448
1997-03-05 04:54,1.445
1997-03-05 05:00,1.441
1997-03-05 05:06,1.438
1997-03-05 05:12,1.434
1997-03-05 05:18,1.430
1997-03-05 05:24,1.426
1997-03-05 05:30,1.422
1997-03-05 05:36,1.417
1997-03-05 05:42,1.412
1997-03-05 05:48,1.407
1997-03-05 05:54,1.402
1997-03-05 06:00,1.397
1997-03-05 06:06,1.392
1997-03-05 06:12,1.386
1997-03-05 06:18,1.380
1997-03-05 06:24,1.374
1997-03-05 06:30,1.368
1997-03-05 06:36,1.362
1997-03-05 06:42,1.356
1997-03-05 06:48,1.349
1997-03-05 06:54,1.343
1997-03-05 07:00,1.336
1997-03-05 07:06,1.329
1997-03-05 07:12,1.323
1997-03-05 07:18,1.316
1997-03-05 07:24,1.309
1997-03-05 07:30,1.302
1997-03-05 07:36,1.295
1997-03-05 07:42,1.288
1997-03-05 07:48,1.281
1997-03-05 07:54,1.274
1997-03-05 08:00,1.267
1997-03-05 08:06,1.260
1997-03-05 08:12,1.254
1997-03-05 08:18,1.247
1997-03-05 08:24,1.240
1997-03-05 08:30,1.233
1997-03-05 08:36,1.227
1997-03-05 08:42,1.220
1997-03-05 08:48,1.214
1997-03-05 08:54,1.207
1997-03-05 09:00,1.201
1997-03-05 09:06,1.195
1997-03-05 09:12,1.189
1997-03-05 09:18,1.183
1997-03-05 09:24,1.177
1997-03-05 09:30,1.171
1997-03-05 09:36,1.165
1997-03-05 09:42,1.160
1997-03-05 09:48,1.154
1997-03-05 09:54,1.149
1997-03-05 10:00,1.144
1997-03-05 10:06,1.139
1997-03-05 10:12,1.134
1997-03-05 10:18,1.130
1997-03-05 10:24,1.125
1997-03-05 10:30,1.121
1997-03-05 10:36,1.117
1997-03-05 10:42,1.113
1997-03-05 10:48,1.110
1997-03-05 10:54,1.106
1997-03-05 11:00,1.103
1997-03-05 11:06,1.101
1997-03-05 11:12,1.098
1997-03-05 11:18,1.096
1997-03-05 11:24,1.094
1997-03-05 11:30,1.092
1997-03-05 11:36,1.091
1997-03-05 11:42,1.090
1997-03-05 11:48,1.089
1997-03-05 11:54,1.089
1997-03-05 12:00,1.089
1997-03-05 12:06,1.089
1997-03-05 12:12,1.090
1997-03-05 12:18,1.091
1997-03-05 12:24,1.092
1997-03-05 12:30,1.093
1997-03-05 12:36,1.095
1997-03-05 12:42,1.098
1997-03-05 12:48,1.100
1997-03-05 12:54,1.103
1997-03-05 13:00,1.106
1997-03-05 13:06,1.110
1997-03-05 13:12,1.113
1997-03-05 13:18,1.117
1997-03-05 13:24,1.122
1997-03-05 13:30,1.126
1997-03-05 13:36,1.131
1997-03-05 13:42,1.136
1997-03-05 13:48,1.142
1997-03-05 13:54,1.148
1997-03-05 14:00,1.153
1997-03-05 14:06,1.160
1997-03-05 14:12,1.166
1997-03-05 14:18,1.172
1997-03-05 14:24,1.179
1997-03-05 14:30,1.186
1997-03-05 14:36,1.193
1997-03-05 14:42,1.201
1997-03-05 14:48,1.208
1997-03-05 14:54,1.216
1997-03-05 15:00,1.223
1997-03-05 15:06,1.231
1997-03-05 15:12,1.239
1997-03-05 15:18,1.247
1997-03-05 15:24,1.256
1997-03-05 15:30,1.264
1997-03-05 15:36,1.272
1997-03-05 15:42,1.281
1997-03-05 15:48,1.289
1997-03-05 15:54,1.298
1997-03-05 16:00,1.306
1997-03-05 16:06,1.315
1997-03-05 16:12,1.323
1997-03-05 16:18,1.332
1997-03-05 16:24,1.340
1997-03-05 16:30,1.348
1997-03-05 16:36,1.357
1997-03-05 16:42,1.365
1997-03-05 16:48,1.373
1997-03-05 16:54,1.381
1997-03-05 17:00,1.389
1997-03-05 17:06,1.397
1997-03-05 17:12,1.404
1997-03-05 17:18,1.412
1997-03-05 17:24,1.419
1997-03-05 17:30,1.426
1997-03-05 17:36,1.433
1997-03-05 17:42,1.440
1997-03-05 17:48,1.446
1997-03-05 17:54,1.452
1997-03-05 18:00,1.459
1997-03-05 18:06,1.464
1997-03-05 18:12,1.470
1997-03-05 18:18,1.475
1997-03-05 18:24,1.481
1997-03-05 18:30,1.486
1997-03-05 18:36,1.490
1997-03-05 18:42,1.495
1997-03-05 18:48,1.499
1997-03-05 18:54,1.503
1997-03-05 19:00,1.507
1997-03-05 19:06,1.511
1997-03-05 19:12,1.514
1997-03-05 19:18,1.518
1997-03-05 19:24,1.521
1997-03-05 19:30,1.523
1997-03-05 19:36,1.526
1997-03-05 19:42,1.529
1997-03-05 19:48,1.531
1997-03-05 19:54,1.533
1997-03-05 20:00,1.535
1997-03-05 20:06,1.537
1997-03-05 20:12,1.538
1997-03-05 20:18,1.540
1997-03-05 20:24,1.541
1997-03-05 20:30,1.542
1997-03-05 20:36,1.543
1997-03-05 20:42,1.544
1997-03-05 20:48,1.544
1997-03-05 20:54,1.545
1997-03-05 21:00,1.545
1997-03-05 21:06,1.545
1997-03-05 21:12,1.545
1997-03-05 21:18,1.545
1997-03-05 21:24,1.545
1997-03-05 21:30,1.545
1997-03-05 21:36,1.545
1997-03-05 21:42,1.544
1997-03-05 21:48,1.544
1997-03-05 21:54,1.543
1997-03-05 22:00,1.542
1997-03-05 22:06,1.541
1997-03-05 22:12,1.540
1997-03-05 22:18,1.539
1997-03-05 22:24,1.538
1997-03-05 22:30,1.537
1997-03-05 22:36,1.535
1997-03-05 22:42,1.534
1997-03-05 22:48,1.533
1997-03-05 22:54,1.531
1997-03-05 23:00,1.530
1997-03-05 23:06,1.528
1997-03-05 23:12,1.527
1997-03-05 23:18,1.525
1997-03-05 23:24,1.524
1997-03-05 23:30,1.522
1997-03-05 23:36,1.521
1997-03-05 23:42,1.519
1997-03-05 23:48,1.517
1997-03-05 23:54,1.516
1997-03-06 00:00,1.514
1997-03-06 00:06,1.513
1997-03-06 00:12,1.511
1997-03-06 00:18,1.510
1997-03-06 00:24,1.509
1997-03-06 00:30,1.507
1997-03-06 00:36,1.506
1997-03-06 00:42,1.505
1997-03-06 00:48,1.504
1997-03-06 00:54,1.503
1997-03-06 01:00,1.501
1997-03-06 01:06,1.500
1997-03-06 01:12,1.499
1997-03-06 01:18,1.499
1997-03-06 01:24,1.498
1997-03-06 01:30,1.497
1997-03-06 01:36,1.496
1997-03-06 01:42,1.496
1997-03-06 01:48,1.495
1997-03-06 01:54,1.495
1997-03-06 02:00,1.494
1997-03-06 02:06,1.494
1997-03-06 02:12,1.493
1997-03-06 02:18,1.493
1997-03-06 02:24,1.493
1997-03-06 02:30,1.493
1997-03-06 02:36,1.493
1997-03-06 02:42,1.493
1997-03-06 02:48,1.492
1997-03-06 02:54,1.492
1997-03-06 03:00,1.492
1997-03-06 03:06,1.492
1997-03-06 03:12,1.492
1997-03-06 03:18,1.492
1997-03-06 03:24,1.492
1997-03-06 03:30,1.492
1997-03-06 03:36,1.492
1997-03-06 03:42,1.492
1997-03-06 03:48,1.492
1997-03-06 03:54,1.492
1997-03-06 04:00,1.491
1997-03-06 04:06,1.491
1997-03-06 04:12,1.490
1997-03-06 04:18,1.490
1997-03-06 04:24,1.489
1997-03-06 04:30,1.489
1997-03-06 04:36,1.488
1997-03-06 04:42,1.487
1997-03-06 04:48,1.486
1997-03-06 04:54,1.484
1997-03-06 05:00,1.483
1997-03-06 05:06,1.482
1997-03-06 05:12,1.480
1997-03-06 05:18,1.478
1997-03-06 05:24,1.476
1997-03-06 05:30,1.474
1997-03-06 05:36,1.471
1997-03-06 05:42,1.469
1997-03-06 05:48,1.466
1997-03-06 05:54,1.463
1997-03-06 06:00,1.460
1997-03-06 06:06,1.457
1997-03-06 06:12,1.453
1997-03-06 06:18,1.450
1997-03-06 06:24,1.446
1997-03-06 06:30,1.442
1997-03-06 06:36,1.438
1997-03-06 06:42,1.433
1997-03-06 06:48,1.428
1997-03-06 06:54,1.424
1997-03-06 07:00,1.419
1997-03-06 07:06,1.413
1997-03-06 07:12,1.408
1997-03-06 07:18,1.403
1997-03-06 07:24,1.397
1997-03-06 07:30,1.391
1997-03-06 07:36,1.385
1997-03-06 07:42,1.379
1997-03-06 07:48,1.372
1997-03-06 07:54,1.366
1997-03-06 08:00,1.359
1997-03-06 08:06,1.353
1997-03-06 08:12,1.346
1997-03-06 08:18,1.339
1997-03-06 08:24,1.332
1997-03-06 08:30,1.325
1997-03-06 08:36,1.318
1997-03-06 08:42,1.311
1997-03-06 08:48,1.303
1997-03-06 08:54,1.296
1997-03-06 09:00,1.289
1997-03-06 09:06,1.281
1997-03-06 09:12,1.274
1997-03-06 09:18,1.267
1997-03-06 09:24,1.259
1997-03-06 09:30,1.252
1997-03-06 09:36,1.245
1997-03-06 09:42,1.237
1997-03-06 09:48,1.230
1997-03-06 09:54,1.223
1997-03-06 10:00,1.216
1997-03-06 10:06,1.209
1997-03-06 10:12,1.202
1997-03-06 10:18,1.196
1997-03-06 10:24,1.189
1997-03-06 10:30,1.183
1997-03-06 10:36,1.177
1997-03-06 10:42,1.170
1997-03-06 10:48,1.164
1997-03-06 10:54,1.159
1997-03-06 11:00,1.153
1997-03-06 11:06,1.148
1997-03-06 11:12,1.143
1997-03-06 11:18,1.138
1997-03-06 11:24,1.133
1997-03-06 11:30,1.128
1997-03-06 11:36,1.124
1997-03-06 11:42,1.120
1997-03-06 11:48,1.116
1997-03-06 11:54,1.113
1997-03-06 12:00,1.110
1997-03-06 12:06,1.107
1997-03-06 12:12,1.104
1997-03-06 12:18,1.101
1997-03-06 12:24,1.099
1997-03-06 12:30,1.097
1997-03-06 12:36,1.096
1997-03-06 12:42,1.095
1997-03-06 12:48,1.094
1997-03-06 12:54,1.093
1997-03-06 13:00,1.093
1997-03-06 13:06,1.093
1997-03-06 13:12,1.093
1997-03-06 13:18,1.094
1997-03-06 13:24,1.095
1997-03-06 13:30,1.097
1997-03-06 13:36,1.098
1997-03-06 13:42,1.101
1997-03-06 13:48,1.103
1997-03-06 13:54,1.106
1997-03-06 14:00,1.109
1997-03-06 14:06,1.112
1997-03-06 14:12,1.116
1997-03-06 14:18,1.120
1997-03-06 14:24,1.125
1997-03-06 14:30,1.130
1997-03-06 14:36,1.135
1997-03-06 14:42,1.140
1997-03-06 14:48,1.146
1997-03-06 14:54,1.152
1997-03-06 15:00,1.158
1997-03-06 15:06,1.165
1997-03-06 15:12,1.172
1997-03-06 15:18,1.179
1997-03-06 15:24,1.186
1997-03-06 15:30,1.193
1997-03-06 15:36,1.201
1997-03-06 15:42,1.209
1997-03-06 15:48,1.217
1997-03-06 15:54,1.225
1997-03-06 16:00,1.233
1997-03-06 16:06,1.241
1997-03-06 16:12,1.250
1997-03-06 16:18,1.258
1997-03-06 16:24,1.266
1997-03-06 16:30,1.275
1997-03-06 16:36,1.284
1997-03-06 16:42,1.292
1997-03-06 16:48,1.301
1997-03-06 16:54,1.309
1997-03-06 17:00,1.318
1997-03-06 17:06,1.326
1997-03-06 17:12,1.335
1997-03-06 17:18,1.343
1997-03-06 17:24,1.351
1997-03-06 17:30,1.360
1997-03-06 17:36,1.368
1997-03-06 17:42,1.376
1997-03-06 17:48,1.384
1997-03-06 17:54,1.391
1997-03-06 18:00,1.399
1997-03-06 18:06,1.406
1997-03-06 18:12,1.414
1997-03-06 18:18,1.421
1997-03-06 18:24,1.428
1997-03-06 18:30,1.434
1997-03-06 18:36,1.441
1997-03-06 18:42,1.447
1997-03-06 18:48,1.453
1997-03-06 18:54,1.459
1997-03-06 19:00,1.465
1997-03-06 19:06,1.471
1997-03-06 19:12,1.476
1997-03-06 19:18,1.481
1997-03-06 19:24,1.486
1997-03-06 19:30,1.490
1997-03-06 19:36,1.495
1997-03-06 19:42,1.499
1997-03-06 19:48,1.502
1997-03-06 19:54,1.506
1997-03-06 20:00,1.509
1997-03-06 20:06,1.512
1997-03-06 20:12,1.515
1997-03-06 20:18,1.518
1997-03-06 20:24,1.520
1997-03-06 20:30,1.522
1997-03-06 20:36,1.524
1997-03-06 20:42,1.525
1997-03-06 20:48,1.526
1997-03-06 20:54,1.528
1997-03-06 21:00,1.528
1997-03-06 21:06,1.529
1997-03-06 21:12,1.529
1997-03-06 21:18,1.530
1997-03-06 21:24,1.530
1997-03-06 21:30,1.530
1997-03-06 21:36,1.529
1997-03-06 21:42,1.529
1997-03-06 21:48,1.528
1997-03-06 21:54,1.528
1997-03-06 22:00,1.527
1997-03-06 22:06,1.526
1997-03-06 22:12,1.525
1997-03-06 22:18,1.524
1997-03-06 22:24,1.523
1997-03-06 22:30,1.521
1997-03-06 22:36,1.520
1997-03-06 22:42,1.519
1997-03-06 22:48,1.517
1997-03-06 22:54,1.516
1997-03-06 23:00,1.514
1997-03-06 23:06,1.512
1997-03-06 23:12,1.511
1997-03-06 23:18,1.509
1997-03-06 23:24,1.507
1997-03-06 23:30,1.506
1997-03-06 23:36,1.504
1997-03-06 23:42,1.502
1997-03-06 23:48,1.500
1997-03-06 23:54,1.499
1997-03-07 00:00,1.497
1997-03-07 00:06,1.495
1997-03-07 00:12,1.493
1997-03-07 00:18,1.491
1997-03-07 00:24,1.490
1997-03-07 00:30,1.488
1997-03-07 00:36,1.486
1997-03-07 00:42,1.484
1997-03-07 00:48,1.483
1997-03-07 00:54,1.481
1997-03-07 01:00,1.480
1997-03-07 01:06,1.478
1997-03-07 01:12,1.477
1997-03-07 01:18,1.475
1997-03-07 01:24,1.474
1997-03-07 01:30,1.473
1997-03-07 01:36,1.472
1997-03-07 01:42,1.471
1997-03-07 01:48,1.470
1997-03-07 01:54,1.469
1997-03-07 02:00,1.469
1997-03-07 02:06,1.468
1997-03-07 02:12,1.468
1997-03-07 02:18,1.468
1997-03-07 02:24,1.468
1997-03-07 02:30,1.468
1997-03-07 02:36,1.468
1997-03-07 02:42,1.468
1997-03-07 02:48,1.469
1997-03-07 02:54,1.469
1997-03-07 03:00,1.470
1997-03-07 03:06,1.471
1997-03-07 03:12,1.472
1997-03-07 03:18,1.473
1997-03-07 03:24,1.474
1997-03-07 03:30,1.475
1997-03-07 03:36,1.476
1997-03-07 03:42,1.478
1997-03-07 03:48,1.479
1997-03-07 03:54,1.480
1997-03-07 04:00,1.482
1997-03-07 04:06,1.483
1997-03-07 04:12,1.485
1997-03-07 04:18,1.486
1997-03-07 04:24,1.487
1997-03-07 04:30,1.488
1997-03-07 04:36,1.490
1997-03-07 04:42,1.491
1997-03-07 04:48,1.492
1997-03-07 04:54,1.493
1997-03-07 05:00,1.494
1997-03-07 05:06,1.494
1997-03-07 05:12,1.495
1997-03-07 05:18,1.496
1997-03-07 05:24,1.496
1997-03-07 05:30,1.496
1997-03-07 05:36,1.496
1997-03-07 05:42,1.496
1997-03-07 05:48,1.496
1997-03-07 05:54,1.496
1997-03-07 06:00,1.495
1997-03-07 06:06,1.495
1997-03-07 06:12,1.494
1997-03-07 06:18,1.493
1997-03-07 06:24,1.492
1997-03-07 06:30,1.491
1997-03-07 06:36,1.489
1997-03-07 06:42,1.488
1997-03-07 06:48,1.486
1997-03-07 06:54,1.484
1997-03-07 07:00,1.482
1997-03-07 07:06,1.479
1997-03-07 07:12,1.476
1997-03-07 07:18,1.474
1997-03-07 07:24,1.471
1997-03-07 07:30,1.467
1997-03-07 07:36,1.464
1997-03-07 07:42,1.460
1997-03-07 07:48,1.456
1997-03-07 07:54,1.452
1997-03-07 08:00,1.447
1997-03-07 08:06,1.443
1997-03-07 08:12,1.438
1997-03-07 08:18,1.433
1997-03-07 08:24,1.427
1997-03-07 08:30,1.421
1997-03-07 08:36,1.416
1997-03-07 08:42,1.410
1997-03-07 08:48,1.403
1997-03-07 08:54,1.397
1997-03-07 09:00,1.390
1997-03-07 09:06,1.383
1997-03-07 09:12,1.376
1997-03-07 09:18,1.369
1997-03-07 09:24,1.362
1997-03-07 09:30,1.355
1997-03-07 09:36,1.347
1997-03-07 09:42,1.340
1997-03-07 09:48,1.332
1997-03-07 09:54,1.324
1997-03-07 10:00,1.317
1997-03-07 10:06,1.309
1997-03-07 10:12,1.301
1997-03-07 10:18,1.293
1997-03-07 10:24,1.286
1997-03-07 10:30,1.278
1997-03-07 10:36,1.271
1997-03-07 10:42,1.263
1997-03-07 10:48,1.256
1997-03-07 10:54,1.248
1997-03-07 11:00,1.241
1997-03-07 11:06,1.234
1997-03-07 11:12,1.227
1997-03-07 11:18,1.220
1997-03-07 11:24,1.214
1997-03-07 11:30,1.207
1997-03-07 11:36,1.201
1997-03-07 11:42,1.195
1997-03-07 11:48,1.189
1997-03-07 11:54,1.183
1997-03-07 12:00,1.177
1997-03-07 12:06,1.172
1997-03-07 12:12,1.167
1997-03-07 12:18,1.162
1997-03-07 12:24,1.157
1997-03-07 12:30,1.152
1997-03-07 12:36,1.148
1997-03-07 12:42,1.143
1997-03-07 12:48,1.139
1997-03-07 12:54,1.136
1997-03-07 13:00,1.132
1997-03-07 13:06,1.129
1997-03-07 13:12,1.126
1997-03-07 13:18,1.123
1997-03-07 13:24,1.121
1997-03-07 13:30,1.119
1997-03-07 13:36,1.117
1997-03-07 13:42,1.116
1997-03-07 13:48,1.115
1997-03-07 13:54,1.114
1997-03-07 14:00,1.114
1997-03-07 14:06,1.114
1997-03-07 14:12,1.114
1997-03-07 14:18,1.115
1997-03-07 14:24,1.116
1997-03-07 14:30,1.117
1997-03-07 14:36,1.119
1997-03-07 14:42,1.121
1997-03-07 14:48,1.124
1997-03-07 14:54,1.127
1997-03-07 15:00,1.130
1997-03-07 15:06,1.134
1997-03-07 15:12,1.138
1997-03-07 15:18,1.143
1997-03-07 15:24,1.147
1997-03-07 15:30,1.152
1997-03-07 15:36,1.158
1997-03-07 15:42,1.164
1997-03-07 15:48,1.169
1997-03-07 15:54,1.176
1997-03-07 16:00,1.182
1997-03-07 16:06,1.189
1997-03-07 16:12,1.196
1997-03-07 16:18,1.203
1997-03-07 16:24,1.210
1997-03-07 16:30,1.217
1997-03-07 16:36,1.225
1997-03-07 16:42,1.233
1997-03-07 16:48,1.240
1997-03-07 16:54,1.248
1997-03-07 17:00,1.256
1997-03-07 17:06,1.264
1997-03-07 17:12,1.272
1997-03-07 17:18,1.280
1997-03-07 17:24,1.288
1997-03-07 17:30,1.296
1997-03-07 17:36,1.304
1997-03-07 17:42,1.313
1997-03-07 17:48,1.321
1997-03-07 17:54,1.329
1997-03-07 18:00,1.337
1997-03-07 18:06,1.344
1997-03-07 18:12,1.352
1997-03-07 18:18,1.360
1997-03-07 18:24,1.368
1997-03-07 18:30,1.375
1997-03-07 18:36,1.383
1997-03-07 18:42,1.390
1997-03-07 18:48,1.398
1997-03-07 18:54,1.405
1997-03-07 19:00,1.412
1997-03-07 19:06,1.419
1997-03-07 19:12,1.425
1997-03-07 19:18,1.432
1997-03-07 19:24,1.438
1997-03-07 19:30,1.444
1997-03-07 19:36,1.450
1997-03-07 19:42,1.455
1997-03-07 19:48,1.461
1997-03-07 19:54,1.466
1997-03-07 20:00,1.471
1997-03-07 20:06,1.475
1997-03-07 20:12,1.480
1997-03-07 20:18,1.483
1997-03-07 20:24,1.487
1997-03-07 20:30,1.490
1997-03-07 20:36,1.493
1997-03-07 20:42,1.496
1997-03-07 20:48,1.499
1997-03-07 20:54,1.501
1997-03-07 21:00,1.502
1997-03-07 21:06,1.504
1997-03-07 21:12,1.505
1997-03-07 21:18,1.506
1997-03-07 21:24,1.506
1997-03-07 21:30,1.507
1997-03-07 21:36,1.507
1997-03-07 21:42,1.507
1997-03-07 21:48,1.506
1997-03-07 21:54,1.506
1997-03-07 22:00,1.505
1997-03-07 22:06,1.504
1997-03-07 22:12,1.503
1997-03-07 22:18,1.502
1997-03-07 22:24,1.500
1997-03-07 22:30,1.499
1997-03-07 22:36,1.497
1997-03-07 22:42,1.495
1997-03-07 22:48,1.493
1997-03-07 22:54,1.491
1997-03-07 23:00,1.490
1997-03-07 23:06,1.488
1997-03-07 23:12,1.485
1997-03-07 23:18,1.483
1997-03-07 23:24,1.481
1997-03-07 23:30,1.479
1997-03-07 23:36,1.477
1997-03-07 23:42,1.475
1997-03-07 23:48,1.472
1997-03-07 23:54,1.470
1997-03-08 00:00,1.468
1997-03-08 00:06,1.466
1997-03-08 00:12,1.464
1997-03-08 00:18,1.461
1997-03-08 00:24,1.459
1997-03-08 00:30,1.457
1997-03-08 00:36,1.454
1997-03-08 00:42,1.452
1997-03-08 00:48,1.450
1997-03-08 00:54,1.448
1997-03-08 01:00,1.446
1997-03-08 01:06,1.443
1997-03-08 01:12,1.441
1997-03-08 01:18,1.439
1997-03-08 01:24,1.437
1997-03-08 01:30,1.436
1997-03-08 01:36,1.434
1997-03-08 01:42,1.432
1997-03-08 01:48,1.430
1997-03-08 01:54,1.429
1997-03-08 02:00,1.428
1997-03-08 02:06,1.426
1997-03-08 02:12,1.425
1997-03-08 02:18,1.425
1997-03-08 02:24,1.424
1997-03-08 02:30,1.423
1997-03-08 02:36,1.423
1997-03-08 02:42,1.423
1997-03-08 02:48,1.423
1997-03-08 02:54,1.423
1997-03-08 03:00,1.424
1997-03-08 03:06,1.424
1997-03-08 03:12,1.425
1997-03-08 03:18,1.426
1997-03-08 03:24,1.428
1997-03-08 03:30,1.429
1997-03-08 03:36,1.431
1997-03-08 03:42,1.433
1997-03-08 03:48,1.435
1997-03-08 03:54,1.437
1997-03-08 04:00,1.439
1997-03-08 04:06,1.441
1997-03-08 04:12,1.444
1997-03-08 04:18,1.446
1997-03-08 04:24,1.449
1997-03-08 04:30,1.451
1997-03-08 04:36,1.454
1997-03-08 04:42,1.457
1997-03-08 04:48,1.460
1997-03-08 04:54,1.462
1997-03-08 05:00,1.465
1997-03-08 05:06,1.468
1997-03-08 05:12,1.470
1997-03-08 05:18,1.473
1997-03-08 05:24,1.476
1997-03-08 05:30,1.478
1997-03-08 05:36,1.481
1997-03-08 05:42,1.483
1997-03-08 05:48,1.485
1997-03-08 05:54,1.488
1997-03-08 06:00,1.490
1997-03-08 06:06,1.492
1997-03-08 06:12,1.494
1997-03-08 06:18,1.496
1997-03-08 06:24,1.497
1997-03-08 06:30,1.499
1997-03-08 06:36,1.500
1997-03-08 06:42,1.502
1997-03-08 06:48,1.503
1997-03-08 06:54,1.504
1997-03-08 07:00,1.505
1997-03-08 07:06,1.506
1997-03-08 07:12,1.507
1997-03-08 07:18,1.507
1997-03-08 07:24,1.507
1997-03-08 07:30,1.507
1997-03-08 07:36,1.507
1997-03-08 07:42,1.507
1997-03-08 07:48,1.506
1997-03-08 07:54,1.505
1997-03-08 08:00,1.504
1997-03-08 08:06,1.503
1997-03-08 08:12,1.501
1997-03-08 08:18,1.499
1997-03-08 08:24,1.497
1997-03-08 08:30,1.495
1997-03-08 08:36,1.492
1997-03-08 08:42,1.489
1997-03-08 08:48,1.485
1997-03-08 08:54,1.481
1997-03-08 09:00,1.477
1997-03-08 09:06,1.473
1997-03-08 09:12,1.468
1997-03-08 09:18,1.463
1997-03-08 09:24,1.458
1997-03-08 09:30,1.452
1997-03-08 09:36,1.447
1997-03-08 09:42,1.441
1997-03-08 09:48,1.434
1997-03-08 09:54,1.428
1997-03-08 10:00,1.421
1997-03-08 10:06,1.415
1997-03-08 10:12,1.408
1997-03-08 10:18,1.401
1997-03-08 10:24,1.394
1997-03-08 10:30,1.386
1997-03-08 10:36,1.379
1997-03-08 10:42,1.372
1997-03-08 10:48,1.364
1997-03-08 10:54,1.357
1997-03-08 11:00,1.349
1997-03-08 11:06,1.342
1997-03-08 11:12,1.335
1997-03-08 11:18,1.327
1997-03-08 11:24,1.320
1997-03-08 11:30,1.313
1997-03-08 11:36,1.305
1997-03-08 11:42,1.298
1997-03-08 11:48,1.291
1997-03-08 11:54,1.284
1997-03-08 12:00,1.278
1997-03-08 12:06,1.271
1997-03-08 12:12,1.264
1997-03-08 12:18,1.258
1997-03-08 12:24,1.251
1997-03-08 12:30,1.245
1997-03-08 12:36,1.239
1997-03-08 12:42,1.233
1997-03-08 12:48,1.227
1997-03-08 12:54,1.221
1997-03-08 13:00,1.216
1997-03-08 13:06,1.210
1997-03-08 13:12,1.205
1997-03-08 13:18,1.200
1997-03-08 13:24,1.195
1997-03-08 13:30,1.190
1997-03-08 13:36,1.186
1997-03-08 13:42,1.182
1997-03-08 13:48,1.178
1997-03-08 13:54,1.174
1997-03-08 14:00,1.170
1997-03-08 14:06,1.167
1997-03-08 14:12,1.164
1997-03-08 14:18,1.162
1997-03-08 14:24,1.159
1997-03-08 14:30,1.157
1997-03-08 14:36,1.156
1997-03-08 14:42,1.155
1997-03-08 14:48,1.154
1997-03-08 14:54,1.153
1997-03-08 15:00,1.153
1997-03-08 15:06,1.153
1997-03-08 15:12,1.154
1997-03-08 15:18,1.155
1997-03-08 15:24,1.156
1997-03-08 15:30,1.158
1997-03-08 15:36,1.160
1997-03-08 15:42,1.163
1997-03-08 15:48,1.166
1997-03-08 15:54,1.169
1997-03-08 16:00,1.172
1997-03-08 16:06,1.176
1997-03-08 16:12,1.180
1997-03-08 16:18,1.185
1997-03-08 16:24,1.189
1997-03-08 16:30,1.194
1997-03-08 16:36,1.200
1997-03-08 16:42,1.205
1997-03-08 16:48,1.211
1997-03-08 16:54,1.216
1997-03-08 17:00,1.222
1997-03-08 17:06,1.229
1997-03-08 17:12,1.235
1997-03-08 17:18,1.242
1997-03-08 17:24,1.248
1997-03-08 17:30,1.255
1997-03-08 17:36,1.262
1997-03-08 17:42,1.269
1997-03-08 17:48,1.276
1997-03-08 17:54,1.283
1997-03-08 18:00,1.290
1997-03-08 18:06,1.297
1997-03-08 18:12,1.304
1997-03-08 18:18,1.311
1997-03-08 18:24,1.319
1997-03-08 18:30,1.326
1997-03-08 18:36,1.333
1997-03-08 18:42,1.341
1997-03-08 18:48,1.348
1997-03-08 18:54,1.355
1997-03-08 19:00,1.362
1997-03-08 19:06,1.369
1997-03-08 19:12,1.376
1997-03-08 19:18,1.383
1997-03-08 19:24,1.390
1997-03-08 19:30,1.397
1997-03-08 19:36,1.403
1997-03-08 19:42,1.410
1997-03-08 19:48,1.416
1997-03-08 19:54,1.422
1997-03-08 20:00,1.428
1997-03-08 20:06,1.434
1997-03-08 20:12,1.439
1997-03-08 20:18,1.444
1997-03-08 20:24,1.449
1997-03-08 20:30,1.454
1997-03-08 20:36,1.458
1997-03-08 20:42,1.462
1997-03-08 20:48,1.466
1997-03-08 20:54,1.469
1997-03-08 21:00,1.472
1997-03-08 21:06,1.474
1997-03-08 21:12,1.477
1997-03-08 21:18,1.479
1997-03-08 21:24,1.480
1997-03-08 21:30,1.481
1997-03-08 21:36,1.482
1997-03-08 21:42,1.483
1997-03-08 21:48,1.483
1997-03-08 21:54,1.483
1997-03-08 22:00,1.483
1997-03-08 22:06,1.482
1997-03-08 22:12,1.481
1997-03-08 22:18,1.480
1997-03-08 22:24,1.479
1997-03-08 22:30,1.477
1997-03-08 22:36,1.476
1997-03-08 22:42,1.474
1997-03-08 22:48,1.472
1997-03-08 22:54,1.469
1997-03-08 23:00,1.467
1997-03-08 23:06,1.464
1997-03-08 23:12,1.462
1997-03-08 23:18,1.459
1997-03-08 23:24,1.456
1997-03-08 23:30,1.454
1997-03-08 23:36,1.451
1997-03-08 23:42,1.448
1997-03-08 23:48,1.445
1997-03-08 23:54,1.442
1997-03-09 00:00,1.439
1997-03-09 00:06,1.436
1997-03-09 00:12,1.433
1997-03-09 00:18,1.430
1997-03-09 00:24,1.427
1997-03-09 00:30,1.424
1997-03-09 00:36,1.421
1997-03-09 00:42,1.418
1997-03-09 00:48,1.415
1997-03-09 00:54,1.412
1997-03-09 01:00,1.409
1997-03-09 01:06,1.406
1997-03-09 01:12,1.403
1997-03-09 01:18,1.400
1997-03-09 01:24,1.397
1997-03-09 01:30,1.394
1997-03-09 01:36,1.391
1997-03-09 01:42,1.389
1997-03-09 01:48,1.386
1997-03-09 01:54,1.384
1997-03-09 02:00,1.381
1997-03-09 02:06,1.379
1997-03-09 02:12,1.377
1997-03-09 02:18,1.375
1997-03-09 02:24,1.373
1997-03-09 02:30,1.371
1997-03-09 02:36,1.370
1997-03-09 02:42,1.369
1997-03-09 02:48,1.368
1997-03-09 02:54,1.367
1997-03-09 03:00,1.366
1997-03-09 03:06,1.366
1997-03-09 03:12,1.366
1997-03-09 03:18,1.366
1997-03-09 03:24,1.366
1997-03-09 03:30,1.367
1997-03-09 03:36,1.368
1997-03-09 03:42,1.369
1997-03-09 03:48,1.370
1997-03-09 03:54,1.372
1997-03-09 04:00,1.374
1997-03-09 04:06,1.376
1997-03-09 04:12,1.378
1997-03-09 04:18,1.380
1997-03-09 04:24,1.383
1997-03-09 04:30,1.386
1997-03-09 04:36,1.389
1997-03-09 04:42,1.392
1997-03-09 04:48,1.395
1997-03-09 04:54,1.399
1997-03-09 05:00,1.402
1997-03-09 05:06,1.406
1997-03-09 05:12,1.410
1997-03-09 05:18,1.413
1997-03-09 05:24,1.417
1997-03-09 05:30,1.421
1997-03-09 05:36,1.425
1997-03-09 05:42,1.429
1997-03-09 05:48,1.433
1997-03-09 05:54,1.437
1997-03-09 06:00,1.441
1997-03-09 06:06,1.446
1997-03-09 06:12,1.450
1997-03-09 06:18,1.454
1997-03-09 06:24,1.458
1997-03-09 06:30,1.462
1997-03-09 06:36,1.466
1997-03-09 06:42,1.470
1997-03-09 06:48,1.474
1997-03-09 06:54,1.478
1997-03-09 07:00,1.481
1997-03-09 07:06,1.485
1997-03-09 07:12,1.489
1997-03-09 07:18,1.492
1997-03-09 07:24,1.496
1997-03-09 07:30,1.499
1997-03-09 07:36,1.502
1997-03-09 07:42,1.505
1997-03-09 07:48,1.508
1997-03-09 07:54,1.511
1997-03-09 08:00,1.513
1997-03-09 08:06,1.515
1997-03-09 08:12,1.517
1997-03-09 08:18,1.519
1997-03-09 08:24,1.520
1997-03-09 08:30,1.522
1997-03-09 08:36,1.523
1997-03-09 08:42,1.523
1997-03-09 08:48,1.524
1997-03-09 08:54,1.524
1997-03-09 09:00,1.523
1997-03-09 09:06,1.523
1997-03-09 09:12,1.522
1997-03-09 09:18,1.520
1997-03-09 09:24,1.519
1997-03-09 09:30,1.516
1997-03-09 09:36,1.514
1997-03-09 09:42,1.511
1997-03-09 09:48,1.508
1997-03-09 09:54,1.505
1997-03-09 10:00,1.501
1997-03-09 10:06,1.497
1997-03-09 10:12,1.493
1997-03-09 10:18,1.489
1997-03-09 10:24,1.484
1997-03-09 10:30,1.479
1997-03-09 10:36,1.474
1997-03-09 10:42,1.468
1997-03-09 10:48,1.463
1997-03-09 10:54,1.457
1997-03-09 11:00,1.451
1997-03-09 11:06,1.445
1997-03-09 11:12,1.439
1997-03-09 11:18,1.432
1997-03-09 11:24,1.426
1997-03-09 11:30,1.419
1997-03-09 11:36,1.413
1997-03-09 11:42,1.406
1997-03-09 11:48,1.400
1997-03-09 11:54,1.393
1997-03-09 12:00,1.387
1997-03-09 12:06,1.380
1997-03-09 12:12,1.374
1997-03-09 12:18,1.367
1997-03-09 12:24,1.360
1997-03-09 12:30,1.354
1997-03-09 12:36,1.347
1997-03-09 12:42,1.341
1997-03-09 12:48,1.335
1997-03-09 12:54,1.328
1997-03-09 13:00,1.322
1997-03-09 13:06,1.316
1997-03-09 13:12,1.310
1997-03-09 13:18,1.304
1997-03-09 13:24,1.298
1997-03-09 13:30,1.292
1997-03-09 13:36,1.286
1997-03-09 13:42,1.280
1997-03-09 13:48,1.275
1997-03-09 13:54,1.270
1997-03-09 14:00,1.264
1997-03-09 14:06,1.259
1997-03-09 14:12,1.254
1997-03-09 14:18,1.250
1997-03-09 14:24,1.245
1997-03-09 14:30,1.241
1997-03-09 14:36,1.237
1997-03-09 14:42,1.233
1997-03-09 14:48,1.230
1997-03-09 14:54,1.226
1997-03-09 15:00,1.223
1997-03-09 15:06,1.221
1997-03-09 15:12,1.218
1997-03-09 15:18,1.216
1997-03-09 15:24,1.214
1997-03-09 15:30,1.213
1997-03-09 15:36,1.212
1997-03-09 15:42,1.211
1997-03-09 15:48,1.210
1997-03-09 15:54,1.210
1997-03-09 16:00,1.210
1997-03-09 16:06,1.211
1997-03-09 16:12,1.212
1997-03-09 16:18,1.213
1997-03-09 16:24,1.214
1997-03-09 16:30,1.216
1997-03-09 16:36,1.218
1997-03-09 16:42,1.220
1997-03-09 16:48,1.223
1997-03-09 16:54,1.226
1997-03-09 17:00,1.229
1997-03-09 17:06,1.233
1997-03-09 17:12,1.236
1997-03-09 17:18,1.240
1997-03-09 17:24,1.244
1997-03-09 17:30,1.249
1997-03-09 17:36,1.253
1997-03-09 17:42,1.258
1997-03-09 17:48,1.263
1997-03-09 17:54,1.268
1997-03-09 18:00,1.273
1997-03-09 18:06,1.278
1997-03-09 18:12,1.284
1997-03-09 18:18,1.289
1997-03-09 18:24,1.295
1997-03-09 18:30,1.301
1997-03-09 18:36,1.307
1997-03-09 18:42,1.313
1997-03-09 18:48,1.319
1997-03-09 18:54,1.325
1997-03-09 19:00,1.331
1997-03-09 19:06,1.338
1997-03-09 19:12,1.344
1997-03-09 19:18,1.350
1997-03-09 19:24,1.357
1997-03-09 19:30,1.363
1997-03-09 19:36,1.369
1997-03-09 19:42,1.375
1997-03-09 19:48,1.381
1997-03-09 19:54,1.387
1997-03-09 20:00,1.393
1997-03-09 20:06,1.399
1997-03-09 20:12,1.405
1997-03-09 20:18,1.410
1997-03-09 20:24,1.416
1997-03-09 20:30,1.421
1997-03-09 20:36,1.426
1997-03-09 20:42,1.430
1997-03-09 20:48,1.435
1997-03-09 20:54,1.439
1997-03-09 21:00,1.443
1997-03-09 21:06,1.446
1997-03-09 21:12,1.450
1997-03-09 21:18,1.453
1997-03-09 21:24,1.455
1997-03-09 21:30,1.458
1997-03-09 21:36,1.459
1997-03-09 21:42,1.461
1997-03-09 21:48,1.462
1997-03-09 21:54,1.463
1997-03-09 22:00,1.464
1997-03-09 22:06,1.464
1997-03-09 22:12,1.464
1997-03-09 22:18,1.464
1997-03-09 22:24,1.463
1997-03-09 22:30,1.462
1997-03-09 22:36,1.461
1997-03-09 22:42,1.459
1997-03-09 22:48,1.457
1997-03-09 22:54,1.455
1997-03-09 23:00,1.453
1997-03-09 23:06,1.451
1997-03-09 23:12,1.448
1997-03-09 23:18,1.445
1997-03-09 23:24,1.442
1997-03-09 23:30,1.439
1997-03-09 23:36,1.436
1997-03-09 23:42,1.432
1997-03-09 23:48,1.429
1997-03-09 23:54,1.425
1997-03-10 00:00,1.421
1997-03-10 00:06,1.417
1997-03-10 00:12,1.413
1997-03-10 00:18,1.409
1997-03-10 00:24,1.405
1997-03-10 00:30,1.401
1997-03-10 00:36,1.397
1997-03-10 00:42,1.393
1997-03-10 00:48,1.389
1997-03-10 00:54,1.385
1997-03-10 01:00,1.381
1997-03-10 01:06,1.377
1997-03-10 01:12,1.373
1997-03-10 01:18,1.369
1997-03-10 01:24,1.365
1997-03-10 01:30,1.361
1997-03-10 01:36,1.357
1997-03-10 01:42,1.353
1997-03-10 01:48,1.349
1997-03-10 01:54,1.346
1997-03-10 02:00,1.342
1997-03-10 02:06,1.339
1997-03-10 02:12,1.335
1997-03-10 02:18,1.332
1997-03-10 02:24,1.329
1997-03-10 02:30,1.326
1997-03-10 02:36,1.323
1997-03-10 02:42,1.320
1997-03-10 02:48,1.318
1997-03-10 02:54,1.316
1997-03-10 03:00,1.313
1997-03-10 03:06,1.312
1997-03-10 03:12,1.310
1997-03-10 03:18,1.309
1997-03-10 03:24,1.307
1997-03-10 03:30,1.306
1997-03-10 03:36,1.306
1997-03-10 03:42,1.305
1997-03-10 03:48,1.305
1997-03-10 03:54,1.305
1997-03-10 04:00,1.305
1997-03-10 04:06,1.306
1997-03-10 04:12,1.307
1997-03-10 04:18,1.308
1997-03-10 04:24,1.310
1997-03-10 04:30,1.311
1997-03-10 04:36,1.313
1997-03-10 04:42,1.315
1997-03-10 04:48,1.318
1997-03-10 04:54,1.320
1997-03-10 05:00,1.323
1997-03-10 05:06,1.326
1997-03-10 05:12,1.330
1997-03-10 05:18,1.333
1997-03-10 05:24,1.337
1997-03-10 05:30,1.341
1997-03-10 05:36,1.345
1997-03-10 05:42,1.349
1997-03-10 05:48,1.353
1997-03-10 05:54,1.358
1997-03-10 06:00,1.363
1997-03-10 06:06,1.368
1997-03-10 06:12,1.373
1997-03-10 06:18,1.378
1997-03-10 06:24,1.383
1997-03-10 06:30,1.388
1997-03-10 06:36,1.394
1997-03-10 06:42,1.399
1997-03-10 06:48,1.405
1997-03-10 06:54,1.410
1997-03-10 07:00,1.416
1997-03-10 07:06,1.421
1997-03-10 07:12,1.427
1997-03-10 07:18,1.433
1997-03-10 07:24,1.438
1997-03-10 07:30,1.444
1997-03-10 07:36,1.450
1997-03-10 07:42,1.455
1997-03-10 07:48,1.461
1997-03-10 07:54,1.466
1997-03-10 08:00,1.471
1997-03-10 08:06,1.477
1997-03-10 08:12,1.482
1997-03-10 08:18,1.487
1997-03-10 08:24,1.491
1997-03-10 08:30,1.496
1997-03-10 08:36,1.500
1997-03-10 08:42,1.504
1997-03-10 08:48,1.508
1997-03-10 08:54,1.512
1997-03-10 09:00,1.515
1997-03-10 09:06,1.518
1997-03-10 09:12,1.521
1997-03-10 09:18,1.524
1997-03-10 09:24,1.526
1997-03-10 09:30,1.528
1997-03-10 09:36,1.530
1997-03-10 09:42,1.531
1997-03-10 09:48,1.532
1997-03-10 09:54,1.532
1997-03-10 10:00,1.533
1997-03-10 10:06,1.533
1997-03-10 10:12,1.532
1997-03-10 10:18,1.532
1997-03-10 10:24,1.530
1997-03-10 10:30,1.529
1997-03-10 10:36,1.527
1997-03-10 10:42,1.526
1997-03-10 10:48,1.523
1997-03-10 10:54,1.521
1997-03-10 11:00,1.518
1997-03-10 11:06,1.515
1997-03-10 11:12,1.512
1997-03-10 11:18,1.508
1997-03-10 11:24,1.504
1997-03-10 11:30,1.500
1997-03-10 11:36,1.496
1997-03-10 11:42,1.492
1997-03-10 11:48,1.487
1997-03-10 11:54,1.483
1997-03-10 12:00,1.478
1997-03-10 12:06,1.473
1997-03-10 12:12,1.468
1997-03-10 12:18,1.463
1997-03-10 12:24,1.458
1997-03-10 12:30,1.453
1997-03-10 12:36,1.447
1997-03-10 12:42,1.442
1997-03-10 12:48,1.436
1997-03-10 12:54,1.431
1997-03-10 13:00,1.425
1997-03-10 13:06,1.420
1997-03-10 13:12,1.414
1997-03-10 13:18,1.408
1997-03-10 13:24,1.403
1997-03-10 13:30,1.397
1997-03-10 13:36,1.392
1997-03-10 13:42,1.386
1997-03-10 13:48,1.381
1997-03-10 13:54,1.375
1997-03-10 14:00,1.370
1997-03-10 14:06,1.364
1997-03-10 14:12,1.359
1997-03-10 14:18,1.354
1997-03-10 14:24,1.349
1997-03-10 14:30,1.344
1997-03-10 14:36,1.339
1997-03-10 14:42,1.334
1997-03-10 14:48,1.330
1997-03-10 14:54,1.325
1997-03-10 15:00,1.321
1997-03-10 15:06,1.317
1997-03-10 15:12,1.313
1997-03-10 15:18,1.309
1997-03-10 15:24,1.305
1997-03-10 15:30,1.302
1997-03-10 15:36,1.298
1997-03-10 15:42,1.295
1997-03-10 15:48,1.293
1997-03-10 15:54,1.290
1997-03-10 16:00,1.288
1997-03-10 16:06,1.285
1997-03-10 16:12,1.284
1997-03-10 16:18,1.282
1997-03-10 16:24,1.280
1997-03-10 16:30,1.279
1997-03-10 16:36,1.278
1997-03-10 16:42,1.278
1997-03-10 16:48,1.277
1997-03-10 16:54,1.277
1997-03-10 17:00,1.277
1997-03-10 17:06,1.278
1997-03-10 17:12,1.278
1997-03-10 17:18,1.279
1997-03-10 17:24,1.280
1997-03-10 17:30,1.282
1997-03-10 17:36,1.283
1997-03-10 17:42,1.285
1997-03-10 17:48,1.287
1997-03-10 17:54,1.290
1997-03-10 18:00,1.292
1997-03-10 18:06,1.295
1997-03-10 18:12,1.298
1997-03-10 18:18,1.301
1997-03-10 18:24,1.305
1997-03-10 18:30,1.308
1997-03-10 18:36,1.312
1997-03-10 18:42,1.316
1997-03-10 18:48,1.320
1997-03-10 18:54,1.324
1997-03-10 19:00,1.329
1997-03-10 19:06,1.333
1997-03-10 19:12,1.338
1997-03-10 19:18,1.343
1997-03-10 19:24,1.347
1997-03-10 19:30,1.352
1997-03-10 19:36,1.357
1997-03-10 19:42,1.362
1997-03-10 19:48,1.367
1997-03-10 19:54,1.372
1997-03-10 20:00,1.377
1997-03-10 20:06,1.382
1997-03-10 20:12,1.387
1997-03-10 20:18,1.392
1997-03-10 20:24,1.397
1997-03-10 20:30,1.402
1997-03-10 20:36,1.406
1997-03-10 20:42,1.411
1997-03-10 20:48,1.415
1997-03-10 20:54,1.419
1997-03-10 21:00,1.423
1997-03-10 21:06,1.427
1997-03-10 21:12,1.431
1997-03-10 21:18,1.434
1997-03-10 21:24,1.437
1997-03-10 21:30,1.440
1997-03-10 21:36,1.442
1997-03-10 21:42,1.445
1997-03-10 21:48,1.447
1997-03-10 21:54,1.449
1997-03-10 22:00,1.450
1997-03-10 22:06,1.451
1997-03-10 22:12,1.452
1997-03-10 22:18,1.453
1997-03-10 22:24,1.453
1997-03-10 22:30,1.453
1997-03-10 22:36,1.453
1997-03-10 22:42,1.452
1997-03-10 22:48,1.451
1997-03-10 22:54,1.450
1997-03-10 23:00,1.448
1997-03-10 23:06,1.447
1997-03-10 23:12,1.444
1997-03-10 23:18,1.442
1997-03-10 23:24,1.440
1997-03-10 23:30,1.437
1997-03-10 23:36,1.434
1997-03-10 23:42,1.430
1997-03-10 23:48,1.427
1997-03-10 23:54,1.423
1997-03-11 00:00,1.419
1997-03-11 00:06,1.415
1997-03-11 00:12,1.411
1997-03-11 00:18,1.407
1997-03-11 00:24,1.402
1997-03-11 00:30,1.397
1997-03-11 00:36,1.393
1997-03-11 00:42,1.388
1997-03-11 00:48,1.383
1997-03-11 00:54,1.378
1997-03-11 01:00,1.373
1997-03-11 01:06,1.368
1997-03-11 01:12,1.363
1997-03-11 01:18,1.358
1997-03-11 01:24,1.352
1997-03-11 01:30,1.347
1997-03-11 01:36,1.342
1997-03-11 01:42,1.337
1997-03-11 01:48,1.332
1997-03-11 01:54,1.327
1997-03-11 02:00,1.322
1997-03-11 02:06,1.317
1997-03-11 02:12,1.313
1997-03-11 02:18,1.308
1997-03-11 02:24,1.303
1997-03-11 02:30,1.299
1997-03-11 02:36,1.295
1997-03-11 02:42,1.291
1997-03-11 02:48,1.287
1997-03-11 02:54,1.283
1997-03-11 03:00,1.279
1997-03-11 03:06,1.276
1997-03-11 03:12,1.272
1997-03-11 03:18,1.269
1997-03-11 03:24,1.266
1997-03-11 03:30,1.264
1997-03-11 03:36,1.261
1997-03-11 03:42,1.259
1997-03-11 03:48,1.257
1997-03-11 03:54,1.255
1997-03-11 04:00,1.253
1997-03-11 04:06,1.252
1997-03-11 04:12,1.251
1997-03-11 04:18,1.250
1997-03-11 04:24,1.249
1997-03-11 04:30,1.249
1997-03-11 04:36,1.249
1997-03-11 04:42,1.249
1997-03-11 04:48,1.249
1997-03-11 04:54,1.250
1997-03-11 05:00,1.251
1997-03-11 05:06,1.252
1997-03-11 05:12,1.254
1997-03-11 05:18,1.256
1997-03-11 05:24,1.258
1997-03-11 05:30,1.260
1997-03-11 05:36,1.263
1997-03-11 05:42,1.266
1997-03-11 05:48,1.269
1997-03-11 05:54,1.273
1997-03-11 06:00,1.276
1997-03-11 06:06,1.280
1997-03-11 06:12,1.285
1997-03-11 06:18,1.289
1997-03-11 06:24,1.294
1997-03-11 06:30,1.299
1997-03-11 06:36,1.304
1997-03-11 06:42,1.309
1997-03-11 06:48,1.315
1997-03-11 06:54,1.321
1997-03-11 07:00,1.327
1997-03-11 07:06,1.333
1997-03-11 07:12,1.339
1997-03-11 07:18,1.346
1997-03-11 07:24,1.352
1997-03-11 07:30,1.359
1997-03-11 07:36,1.366
1997-03-11 07:42,1.372
1997-03-11 07:48,1.379
1997-03-11 07:54,1.386
1997-03-11 08:00,1.393
1997-03-11 08:06,1.400
1997-03-11 08:12,1.407
1997-03-11 08:18,1.414
1997-03-11 08:24,1.420
1997-03-11 08:30,1.427
1997-03-11 08:36,1.434
1997-03-11 08:42,1.440
1997-03-11 08:48,1.447
1997-03-11 08:54,1.453
1997-03-11 09:00,1.459
1997-03-11 09:06,1.465
1997-03-11 09:12,1.471
1997-03-11 09:18,1.476
1997-03-11 09:24,1.482
1997-03-11 09:30,1.487
1997-03-11 09:36,1.492
1997-03-11 09:42,1.496
1997-03-11 09:48,1.501
1997-03-11 09:54,1.505
1997-03-11 10:00,1.509
1997-03-11 10:06,1.512
1997-03-11 10:12,1.516
1997-03-11 10:18,1.519
1997-03-11 10:24,1.522
1997-03-11 10:30,1.524
1997-03-11 10:36,1.527
1997-03-11 10:42,1.529
1997-03-11 10:48,1.530
1997-03-11 10:54,1.532
1997-03-11 11:00,1.533
1997-03-11 11:06,1.534
1997-03-11 11:12,1.534
1997-03-11 11:18,1.534
1997-03-11 11:24,1.534
1997-03-11 11:30,1.534
1997-03-11 11:36,1.534
1997-03-11 11:42,1.533
1997-03-11 11:48,1.532
1997-03-11 11:54,1.530
1997-03-11 12:00,1.529
1997-03-11 12:06,1.527
1997-03-11 12:12,1.525
1997-03-11 12:18,1.522
1997-03-11 12:24,1.520
1997-03-11 12:30,1.517
1997-03-11 12:36,1.514
1997-03-11 12:42,1.511
1997-03-11 12:48,1.508
1997-03-11 12:54,1.505
1997-03-11 13:00,1.501
1997-03-11 13:06,1.497
1997-03-11 13:12,1.494
1997-03-11 13:18,1.490
1997-03-11 13:24,1.486
1997-03-11 13:30,1.482
1997-03-11 13:36,1.477
1997-03-11 13:42,1.473
1997-03-11 13:48,1.469
1997-03-11 13:54,1.465
1997-03-11 14:00,1.460
1997-03-11 14:06,1.456
1997-03-11 14:12,1.452
1997-03-11 14:18,1.448
1997-03-11 14:24,1.443
1997-03-11 14:30,1.439
1997-03-11 14:36,1.435
1997-03-11 14:42,1.430
1997-03-11 14:48,1.426
1997-03-11 14:54,1.422
1997-03-11 15:00,1.418
1997-03-11 15:06,1.414
1997-03-11 15:12,1.410
1997-03-11 15:18,1.406
1997-03-11 15:24,1.402
1997-03-11 15:30,1.399
1997-03-11 15:36,1.395
1997-03-11 15:42,1.391
1997-03-11 15:48,1.388
1997-03-11 15:54,1.384
1997-03-11 16:00,1.381
1997-03-11 16:06,1.378
1997-03-11 16:12,1.375
1997-03-11 16:18,1.372
1997-03-11 16:24,1.369
1997-03-11 16:30,1.366
1997-03-11 16:36,1.363
1997-03-11 16:42,1.361
1997-03-11 16:48,1.358
1997-03-11 16:54,1.356
1997-03-11 17:00,1.354
1997-03-11 17:06,1.352
1997-03-11 17:12,1.351
1997-03-11 17:18,1.349
1997-03-11 17:24,1.348
1997-03-11 17:30,1.346
1997-03-11 17:36,1.346
1997-03-11 17:42,1.345
1997-03-11 17:48,1.344
1997-03-11 17:54,1.344
1997-03-11 18:00,1.344
1997-03-11 18:06,1.344
1997-03-11 18:12,1.344
1997-03-11 18:18,1.345
1997-03-11 18:24,1.346
1997-03-11 18:30,1.347
1997-03-11 18:36,1.348
1997-03-11 18:42,1.350
1997-03-11 18:48,1.351
1997-03-11 18:54,1.353
1997-03-11 19:00,1.355
1997-03-11 19:06,1.358
1997-03-11 19:12,1.360
1997-03-11 19:18,1.363
1997-03-11 19:24,1.366
1997-03-11 19:30,1.369
1997-03-11 19:36,1.372
1997-03-11 19:42,1.375
1997-03-11 19:48,1.378
1997-03-11 19:54,1.381
1997-03-11 20:00,1.385
1997-03-11 20:06,1.388
1997-03-11 20:12,1.392
1997-03-11 20:18,1.395
1997-03-11 20:24,1.399
1997-03-11 20:30,1.402
1997-03-11 20:36,1.406
1997-03-11 20:42,1.409
1997-03-11 20:48,1.413
1997-03-11 20:54,1.416
1997-03-11 21:00,1.419
1997-03-11 21:06,1.422
1997-03-11 21:12,1.425
1997-03-11 21:18,1.428
1997-03-11 21:24,1.431
1997-03-11 21:30,1.434
1997-03-11 21:36,1.436
1997-03-11 21:42,1.438
1997-03-11 21:48,1.440
1997-03-11 21:54,1.442
1997-03-11 22:00,1.444
1997-03-11 22:06,1.446
1997-03-11 22:12,1.447
1997-03-11 22:18,1.448
1997-03-11 22:24,1.449
1997-03-11 22:30,1.450
1997-03-11 22:36,1.450
1997-03-11 22:42,1.450
1997-03-11 22:48,1.450
1997-03-11 22:54,1.450
1997-03-11 23:00,1.449
1997-03-11 23:06,1.448
1997-03-11 23:12,1.447
1997-03-11 23:18,1.446
1997-03-11 23:24,1.444
1997-03-11 23:30,1.443
1997-03-11 23:36,1.441
1997-03-11 23:42,1.438
1997-03-11 23:48,1.436
1997-03-11 23:54,1.433
1997-03-12 00:00,1.429
1997-03-12 00:06,1.426
1997-03-12 00:12,1.422
1997-03-12 00:18,1.419
1997-03-12 00:24,1.414
1997-03-12 00:30,1.410
1997-03-12 00:36,1.405
1997-03-12 00:42,1.401
1997-03-12 00:48,1.396
1997-03-12 00:54,1.391
1997-03-12 01:00,1.385
1997-03-12 01:06,1.380
1997-03-12 01:12,1.374
1997-03-12 01:18,1.369
1997-03-12 01:24,1.363
1997-03-12 01:30,1.357
1997-03-12 01:36,1.351
1997-03-12 01:42,1.345
1997-03-12 01:48,1.339
1997-03-12 01:54,1.334
1997-03-12 02:00,1.328
1997-03-12 02:06,1.322
1997-03-12 02:12,1.316
1997-03-12 02:18,1.310
1997-03-12 02:24,1.304
1997-03-12 02:30,1.299
1997-03-12 02:36,1.293
1997-03-12 02:42,1.287
1997-03-12 02:48,1.282
1997-03-12 02:54,1.277
1997-03-12 03:00,1.272
1997-03-12 03:06,1.267
1997-03-12 03:12,1.262
1997-03-12 03:18,1.257
1997-03-12 03:24,1.253
1997-03-12 03:30,1.248
1997-03-12 03:36,1.244
1997-03-12 03:42,1.240
1997-03-12 03:48,1.236
1997-03-12 03:54,1.233
1997-03-12 04:00,1.229
1997-03-12 04:06,1.226
1997-03-12 04:12,1.223
1997-03-12 04:18,1.220
1997-03-12 04:24,1.217
1997-03-12 04:30,1.215
1997-03-12 04:36,1.213
1997-03-12 04:42,1.211
1997-03-12 04:48,1.209
1997-03-12 04:54,1.207
1997-03-12 05:00,1.206
1997-03-12 05:06,1.205
1997-03-12 05:12,1.204
1997-03-12 05:18,1.203
1997-03-12 05:24,1.203
1997-03-12 05:30,1.203
1997-03-12 05:36,1.203
1997-03-12 05:42,1.204
1997-03-12 05:48,1.205
1997-03-12 05:54,1.206
1997-03-12 06:00,1.208
1997-03-12 06:06,1.209
1997-03-12 06:12,1.212
1997-03-12 06:18,1.214
1997-03-12 06:24,1.217
1997-03-12 06:30,1.220
1997-03-12 06:36,1.223
1997-03-12 06:42,1.227
1997-03-12 06:48,1.231
1997-03-12 06:54,1.236
1997-03-12 07:00,1.240
1997-03-12 07:06,1.245
1997-03-12 07:12,1.251
1997-03-12 07:18,1.256
1997-03-12 07:24,1.262
1997-03-12 07:30,1.268
1997-03-12 07:36,1.274
1997-03-12 07:42,1.281
1997-03-12 07:48,1.287
1997-03-12 07:54,1.294
1997-03-12 08:00,1.301
1997-03-12 08:06,1.308
1997-03-12 08:12,1.315
1997-03-12 08:18,1.322
1997-03-12 08:24,1.330
1997-03-12 08:30,1.337
1997-03-12 08:36,1.344
1997-03-12 08:42,1.352
1997-03-12 08:48,1.359
1997-03-12 08:54,1.366
1997-03-12 09:00,1.374
1997-03-12 09:06,1.381
1997-03-12 09:12,1.388
1997-03-12 09:18,1.395
1997-03-12 09:24,1.402
1997-03-12 09:30,1.409
1997-03-12 09:36,1.416
1997-03-12 09:42,1.422
1997-03-12 09:48,1.429
1997-03-12 09:54,1.435
1997-03-12 10:00,1.442
1997-03-12 10:06,1.448
1997-03-12 10:12,1.454
1997-03-12 10:18,1.460
1997-03-12 10:24,1.465
1997-03-12 10:30,1.471
1997-03-12 10:36,1.476
1997-03-12 10:42,1.481
1997-03-12 10:48,1.486
1997-03-12 10:54,1.491
1997-03-12 11:00,1.495
1997-03-12 11:06,1.499
1997-03-12 11:12,1.503
1997-03-12 11:18,1.507
1997-03-12 11:24,1.511
1997-03-12 11:30,1.514
1997-03-12 11:36,1.517
1997-03-12 11:42,1.520
1997-03-12 11:48,1.523
1997-03-12 11:54,1.525
1997-03-12 12:00,1.527
1997-03-12 12:06,1.529
1997-03-12 12:12,1.530
1997-03-12 12:18,1.532
1997-03-12 12:24,1.533
1997-03-12 12:30,1.533
1997-03-12 12:36,1.534
1997-03-12 12:42,1.534
1997-03-12 12:48,1.534
1997-03-12 12:54,1.534
1997-03-12 13:00,1.533
1997-03-12 13:06,1.532
1997-03-12 13:12,1.531
1997-03-12 13:18,1.530
1997-03-12 13:24,1.529
1997-03-12 13:30,1.527
1997-03-12 13:36,1.526
1997-03-12 13:42,1.524
1997-03-12 13:48,1.522
1997-03-12 13:54,1.520
1997-03-12 14:00,1.517
1997-03-12 14:06,1.515
1997-03-12 14:12,1.513
1997-03-12 14:18,1.510
1997-03-12 14:24,1.508
1997-03-12 14:30,1.505
1997-03-12 14:36,1.503
1997-03-12 14:42,1.500
1997-03-12 14:48,1.497
1997-03-12 14:54,1.495
1997-03-12 15:00,1.492
1997-03-12 15:06,1.489
1997-03-12 15:12,1.486
1997-03-12 15:18,1.484
1997-03-12 15:24,1.481
1997-03-12 15:30,1.478
1997-03-12 15:36,1.476
1997-03-12 15:42,1.473
1997-03-12 15:48,1.470
1997-03-12 15:54,1.467
1997-03-12 16:00,1.465
1997-03-12 16:06,1.462
1997-03-12 16:12,1.459
1997-03-12 16:18,1.456
1997-03-12 16:24,1.454
1997-03-12 16:30,1.451
1997-03-12 16:36,1.448
1997-03-12 16:42,1.445
1997-03-12 16:48,1.443
1997-03-12 16:54,1.440
1997-03-12 17:00,1.437
1997-03-12 17:06,1.435
1997-03-12 17:12,1.432
1997-03-12 17:18,1.429
1997-03-12 17:24,1.427
1997-03-12 17:30,1.424
1997-03-12 17:36,1.422
1997-03-12 17:42,1.420
1997-03-12 17:48,1.418
1997-03-12 17:54,1.416
1997-03-12 18:00,1.414
1997-03-12 18:06,1.412
1997-03-12 18:12,1.410
1997-03-12 18:18,1.409
1997-03-12 18:24,1.408
1997-03-12 18:30,1.407
1997-03-12 18:36,1.406
1997-03-12 18:42,1.405
1997-03-12 18:48,1.405
1997-03-12 18:54,1.404
1997-03-12 19:00,1.404
1997-03-12 19:06,1.405
1997-03-12 19:12,1.405
1997-03-12 19:18,1.405
1997-03-12 19:24,1.406
1997-03-12 19:30,1.407
1997-03-12 19:36,1.408
1997-03-12 19:42,1.409
1997-03-12 19:48,1.410
1997-03-12 19:54,1.412
1997-03-12 20:00,1.413
1997-03-12 20:06,1.415
1997-03-12 20:12,1.417
1997-03-12 20:18,1.419
1997-03-12 20:24,1.421
1997-03-12 20:30,1.422
1997-03-12 20:36,1.424
1997-03-12 20:42,1.426
1997-03-12 20:48,1.428
1997-03-12 20:54,1.430
1997-03-12 21:00,1.432
1997-03-12 21:06,1.434
1997-03-12 21:12,1.436
1997-03-12 21:18,1.438
1997-03-12 21:24,1.440
1997-03-12 21:30,1.441
1997-03-12 21:36,1.443
1997-03-12 21:42,1.444
1997-03-12 21:48,1.446
1997-03-12 21:54,1.447
1997-03-12 22:00,1.448
1997-03-12 22:06,1.450
1997-03-12 22:12,1.451
1997-03-12 22:18,1.452
1997-03-12 22:24,1.452
1997-03-12 22:30,1.453
1997-03-12 22:36,1.454
1997-03-12 22:42,1.454
1997-03-12 22:48,1.454
1997-03-12 22:54,1.454
1997-03-12 23:00,1.454
1997-03-12 23:06,1.454
1997-03-12 23:12,1.454
1997-03-12 23:18,1.453
1997-03-12 23:24,1.452
1997-03-12 23:30,1.451
1997-03-12 23:36,1.450
1997-03-12 23:42,1.449
1997-03-12 23:48,1.447
1997-03-12 23:54,1.446
1997-03-13 00:00,1.444
1997-03-13 00:06,1.441
1997-03-13 00:12,1.439
1997-03-13 00:18,1.436
1997-03-13 00:24,1.433
1997-03-13 00:30,1.430
1997-03-13 00:36,1.426
1997-03-13 00:42,1.423
1997-03-13 00:48,1.419
1997-03-13 00:54,1.414
1997-03-13 01:00,1.410
1997-03-13 01:06,1.405
1997-03-13 01:12,1.400
1997-03-13 01:18,1.395
1997-03-13 01:24,1.390
1997-03-13 01:30,1.385
1997-03-13 01:36,1.379
1997-03-13 01:42,1.373
1997-03-13 01:48,1.367
1997-03-13 01:54,1.361
1997-03-13 02:00,1.355
1997-03-13 02:06,1.349
1997-03-13 02:12,1.343
1997-03-13 02:18,1.336
1997-03-13 02:24,1.330
1997-03-13 02:30,1.324
1997-03-13 02:36,1.317
1997-03-13 02:42,1.311
1997-03-13 02:48,1.305
1997-03-13 02:54,1.299
1997-03-13 03:00,1.293
1997-03-13 03:06,1.287
1997-03-13 03:12,1.281
1997-03-13 03:18,1.275
1997-03-13 03:24,1.269
1997-03-13 03:30,1.263
1997-03-13 03:36,1.258
1997-03-13 03:42,1.253
1997-03-13 03:48,1.247
1997-03-13 03:54,1.242
1997-03-13 04:00,1.237
1997-03-13 04:06,1.232
1997-03-13 04:12,1.228
1997-03-13 04:18,1.223
1997-03-13 04:24,1.219
1997-03-13 04:30,1.215
1997-03-13 04:36,1.210
1997-03-13 04:42,1.207
1997-03-13 04:48,1.203
1997-03-13 04:54,1.199
1997-03-13 05:00,1.196
1997-03-13 05:06,1.193
1997-03-13 05:12,1.190
1997-03-13 05:18,1.187
1997-03-13 05:24,1.184
1997-03-13 05:30,1.182
1997-03-13 05:36,1.180
1997-03-13 05:42,1.178
1997-03-13 05:48,1.176
1997-03-13 05:54,1.175
1997-03-13 06:00,1.173
1997-03-13 06:06,1.173
1997-03-13 06:12,1.172
1997-03-13 06:18,1.172
1997-03-13 06:24,1.172
1997-03-13 06:30,1.173
1997-03-13 06:36,1.173
1997-03-13 06:42,1.175
1997-03-13 06:48,1.176
1997-03-13 06:54,1.178
1997-03-13 07:00,1.180
1997-03-13 07:06,1.183
1997-03-13 07:12,1.186
1997-03-13 07:18,1.189
1997-03-13 07:24,1.193
1997-03-13 07:30,1.196
1997-03-13 07:36,1.201
1997-03-13 07:42,1.205
1997-03-13 07:48,1.210
1997-03-13 07:54,1.215
1997-03-13 08:00,1.221
1997-03-13 08:06,1.226
1997-03-13 08:12,1.232
1997-03-13 08:18,1.238
1997-03-13 08:24,1.244
1997-03-13 08:30,1.251
1997-03-13 08:36,1.257
1997-03-13 08:42,1.264
1997-03-13 08:48,1.270
1997-03-13 08:54,1.277
1997-03-13 09:00,1.284
1997-03-13 09:06,1.291
1997-03-13 09:12,1.298
1997-03-13 09:18,1.305
1997-03-13 09:24,1.312
1997-03-13 09:30,1.320
1997-03-13 09:36,1.327
1997-03-13 09:42,1.334
1997-03-13 09:48,1.341
1997-03-13 09:54,1.348
1997-03-13 10:00,1.355
1997-03-13 10:06,1.362
1997-03-13 10:12,1.369
1997-03-13 10:18,1.376
1997-03-13 10:24,1.382
1997-03-13 10:30,1.389
1997-03-13 10:36,1.396
1997-03-13 10:42,1.403
1997-03-13 10:48,1.409
1997-03-13 10:54,1.416
1997-03-13 11:00,1.422
1997-03-13 11:06,1.428
1997-03-13 11:12,1.434
1997-03-13 11:18,1.441
1997-03-13 11:24,1.446
1997-03-13 11:30,1.452
1997-03-13 11:36,1.458
1997-03-13 11:42,1.463
1997-03-13 11:48,1.469
1997-03-13 11:54,1.474
1997-03-13 12:00,1.479
1997-03-13 12:06,1.484
1997-03-13 12:12,1.488
1997-03-13 12:18,1.493
1997-03-13 12:24,1.497
1997-03-13 12:30,1.501
1997-03-13 12:36,1.505
1997-03-13 12:42,1.508
1997-03-13 12:48,1.511
1997-03-13 12:54,1.514
1997-03-13 13:00,1.517
1997-03-13 13:06,1.519
1997-03-13 13:12,1.522
1997-03-13 13:18,1.524
1997-03-13 13:24,1.525
1997-03-13 13:30,1.527
1997-03-13 13:36,1.528
1997-03-13 13:42,1.529
1997-03-13 13:48,1.530
1997-03-13 13:54,1.531
1997-03-13 14:00,1.531
1997-03-13 14:06,1.532
1997-03-13 14:12,1.532
1997-03-13 14:18,1.532
1997-03-13 14:24,1.532
1997-03-13 14:30,1.532
1997-03-13 14:36,1.531
1997-03-13 14:42,1.531
1997-03-13 14:48,1.530
1997-03-13 14:54,1.530
1997-03-13 15:00,1.529
1997-03-13 15:06,1.528
1997-03-13 15:12,1.528
1997-03-13 15:18,1.527
1997-03-13 15:24,1.526
1997-03-13 15:30,1.525
1997-03-13 15:36,1.524
1997-03-13 15:42,1.523
1997-03-13 15:48,1.522
1997-03-13 15:54,1.520
1997-03-13 16:00,1.519
1997-03-13 16:06,1.518
1997-03-13 16:12,1.517
1997-03-13 16:18,1.515
1997-03-13 16:24,1.514
1997-03-13 16:30,1.512
1997-03-13 16:36,1.511
1997-03-13 16:42,1.509
1997-03-13 16:48,1.507
1997-03-13 16:54,1.505
1997-03-13 17:00,1.503
1997-03-13 17:06,1.501
1997-03-13 17:12,1.499
1997-03-13 17:18,1.497
1997-03-13 17:24,1.495
1997-03-13 17:30,1.493
1997-03-13 17:36,1.491
1997-03-13 17:42,1.489
1997-03-13 17:48,1.486
1997-03-13 17:54,1.484
1997-03-13 18:00,1.482
1997-03-13 18:06,1.480
1997-03-13 18:12,1.478
1997-03-13 18:18,1.475
1997-03-13 18:24,1.473
1997-03-13 18:30,1.471
1997-03-13 18:36,1.469
1997-03-13 18:42,1.468
1997-03-13 18:48,1.466
1997-03-13 18:54,1.464
1997-03-13 19:00,1.463
1997-03-13 19:06,1.461
1997-03-13 19:12,1.460
1997-03-13 19:18,1.459
1997-03-13 19:24,1.458
1997-03-13 19:30,1.457
1997-03-13 19:36,1.457
1997-03-13 19:42,1.456
1997-03-13 19:48,1.456
1997-03-13 19:54,1.456
1997-03-13 20:00,1.455
1997-03-13 20:06,1.455
1997-03-13 20:12,1.455
1997-03-13 20:18,1.456
1997-03-13 20:24,1.456
1997-03-13 20:30,1.456
1997-03-13 20:36,1.457
1997-03-13 20:42,1.457
1997-03-13 20:48,1.458
1997-03-13 20:54,1.458
1997-03-13 21:00,1.459
1997-03-13 21:06,1.459
1997-03-13 21:12,1.460
1997-03-13 21:18,1.460
1997-03-13 21:24,1.461
1997-03-13 21:30,1.461
1997-03-13 21:36,1.462
1997-03-13 21:42,1.462
1997-03-13 21:48,1.463
1997-03-13 21:54,1.463
1997-03-13 22:00,1.463
1997-03-13 22:06,1.463
1997-03-13 22:12,1.464
1997-03-13 22:18,1.464
1997-03-13 22:24,1.464
1997-03-13 22:30,1.464
1997-03-13 22:36,1.464
1997-03-13 22:42,1.464
1997-03-13 22:48,1.464
1997-03-13 22:54,1.464
1997-03-13 23:00,1.464
1997-03-13 23:06,1.463
1997-03-13 23:12,1.463
1997-03-13 23:18,1.463
1997-03-13 23:24,1.462
1997-03-13 23:30,1.461
1997-03-13 23:36,1.461
1997-03-13 23:42,1.460
1997-03-13 23:48,1.459
1997-03-13 23:54,1.458
1997-03-14 00:00,1.457
1997-03-14 00:06,1.455
1997-03-14 00:12,1.454
1997-03-14 00:18,1.452
1997-03-14 00:24,1.450
1997-03-14 00:30,1.448
1997-03-14 00:36,1.446
1997-03-14 00:42,1.444
1997-03-14 00:48,1.441
1997-03-14 00:54,1.438
1997-03-14 01:00,1.435
1997-03-14 01:06,1.432
1997-03-14 01:12,1.428
1997-03-14 01:18,1.424
1997-03-14 01:24,1.420
1997-03-14 01:30,1.416
1997-03-14 01:36,1.412
1997-03-14 01:42,1.407
1997-03-14 01:48,1.402
1997-03-14 01:54,1.397
1997-03-14 02:00,1.392
1997-03-14 02:06,1.387
1997-03-14 02:12,1.381
1997-03-14 02:18,1.376
1997-03-14 02:24,1.370
1997-03-14 02:30,1.364
1997-03-14 02:36,1.358
1997-03-14 02:42,1.352
1997-03-14 02:48,1.346
1997-03-14 02:54,1.340
1997-03-14 03:00,1.334
1997-03-14 03:06,1.327
1997-03-14 03:12,1.321
1997-03-14 03:18,1.315
1997-03-14 03:24,1.309
1997-03-14 03:30,1.303
1997-03-14 03:36,1.297
1997-03-14 03:42,1.291
1997-03-14 03:48,1.285
1997-03-14 03:54,1.279
1997-03-14 04:00,1.273
1997-03-14 04:06,1.267
1997-03-14 04:12,1.261
1997-03-14 04:18,1.256
1997-03-14 04:24,1.250
1997-03-14 04:30,1.245
1997-03-14 04:36,1.239
1997-03-14 04:42,1.234
1997-03-14 04:48,1.229
1997-03-14 04:54,1.224
1997-03-14 05:00,1.219
1997-03-14 05:06,1.214
1997-03-14 05:12,1.210
1997-03-14 05:18,1.205
1997-03-14 05:24,1.201
1997-03-14 05:30,1.196
1997-03-14 05:36,1.192
1997-03-14 05:42,1.189
1997-03-14 05:48,1.185
1997-03-14 05:54,1.181
1997-03-14 06:00,1.178
1997-03-14 06:06,1.175
1997-03-14 06:12,1.172
1997-03-14 06:18,1.169
1997-03-14 06:24,1.167
1997-03-14 06:30,1.165
1997-03-14 06:36,1.163
1997-03-14 06:42,1.162
1997-03-14 06:48,1.161
1997-03-14 06:54,1.160
1997-03-14 07:00,1.159
1997-03-14 07:06,1.159
1997-03-14 07:12,1.159
1997-03-14 07:18,1.159
1997-03-14 07:24,1.160
1997-03-14 07:30,1.161
1997-03-14 07:36,1.163
1997-03-14 07:42,1.164
1997-03-14 07:48,1.167
1997-03-14 07:54,1.169
1997-03-14 08:00,1.172
1997-03-14 08:06,1.175
1997-03-14 08:12,1.178
1997-03-14 08:18,1.182
1997-03-14 08:24,1.186
1997-03-14 08:30,1.190
1997-03-14 08:36,1.194
1997-03-14 08:42,1.199
1997-03-14 08:48,1.204
1997-03-14 08:54,1.209
1997-03-14 09:00,1.214
1997-03-14 09:06,1.219
1997-03-14 09:12,1.225
1997-03-14 09:18,1.230
1997-03-14 09:24,1.236
1997-03-14 09:30,1.242
1997-03-14 09:36,1.248
1997-03-14 09:42,1.254
1997-03-14 09:48,1.260
1997-03-14 09:54,1.267
1997-03-14 10:00,1.273
1997-03-14 10:06,1.279
1997-03-14 10:12,1.286
1997-03-14 10:18,1.292
1997-03-14 10:24,1.299
1997-03-14 10:30,1.305
1997-03-14 10:36,1.312
1997-03-14 10:42,1.318
1997-03-14 10:48,1.325
1997-03-14 10:54,1.332
1997-03-14 11:00,1.338
1997-03-14 11:06,1.345
1997-03-14 11:12,1.352
1997-03-14 11:18,1.358
1997-03-14 11:24,1.365
1997-03-14 11:30,1.372
1997-03-14 11:36,1.378
1997-03-14 11:42,1.385
1997-03-14 11:48,1.391
1997-03-14 11:54,1.398
1997-03-14 12:00,1.404
1997-03-14 12:06,1.411
1997-03-14 12:12,1.417
1997-03-14 12:18,1.423
1997-03-14 12:24,1.429
1997-03-14 12:30,1.435
1997-03-14 12:36,1.441
1997-03-14 12:42,1.446
1997-03-14 12:48,1.452
1997-03-14 12:54,1.457
1997-03-14 13:00,1.463
1997-03-14 13:06,1.468
1997-03-14 13:12,1.472
1997-03-14 13:18,1.477
1997-03-14 13:24,1.481
1997-03-14 13:30,1.486
1997-03-14 13:36,1.490
1997-03-14 13:42,1.494
1997-03-14 13:48,1.497
1997-03-14 13:54,1.501
1997-03-14 14:00,1.504
1997-03-14 14:06,1.507
1997-03-14 14:12,1.510
1997-03-14 14:18,1.513
1997-03-14 14:24,1.515
1997-03-14 14:30,1.518
1997-03-14 14:36,1.520
1997-03-14 14:42,1.522
1997-03-14 14:48,1.524
1997-03-14 14:54,1.526
1997-03-14 15:00,1.527
1997-03-14 15:06,1.529
1997-03-14 15:12,1.530
1997-03-14 15:18,1.532
1997-03-14 15:24,1.533
1997-03-14 15:30,1.534
1997-03-14 15:36,1.535
1997-03-14 15:42,1.536
1997-03-14 15:48,1.537
1997-03-14 15:54,1.538
1997-03-14 16:00,1.538
1997-03-14 16:06,1.539
1997-03-14 16:12,1.539
1997-03-14 16:18,1.540
1997-03-14 16:24,1.540
1997-03-14 16:30,1.540
1997-03-14 16:36,1.540
1997-03-14 16:42,1.540
1997-03-14 16:48,1.540
1997-03-14 16:54,1.540
1997-03-14 17:00,1.539
1997-03-14 17:06,1.539
1997-03-14 17:12,1.538
1997-03-14 17:18,1.538
1997-03-14 17:24,1.537
1997-03-14 17:30,1.536
1997-03-14 17:36,1.535
1997-03-14 17:42,1.534
1997-03-14 17:48,1.533
1997-03-14 17:54,1.531
1997-03-14 18:00,1.530
1997-03-14 18:06,1.529
1997-03-14 18:12,1.527
1997-03-14 18:18,1.526
1997-03-14 18:24,1.524
1997-03-14 18:30,1.523
1997-03-14 18:36,1.521
1997-03-14 18:42,1.519
1997-03-14 18:48,1.518
1997-03-14 18:54,1.516
1997-03-14 19:00,1.514
1997-03-14 19:06,1.513
1997-03-14 19:12,1.511
1997-03-14 19:18,1.510
1997-03-14 19:24,1.508
1997-03-14 19:30,1.507
1997-03-14 19:36,1.505
1997-03-14 19:42,1.504
1997-03-14 19:48,1.503
1997-03-14 19:54,1.501
1997-03-14 20:00,1.500
1997-03-14 20:06,1.499
1997-03-14 20:12,1.498
1997-03-14 20:18,1.497
1997-03-14 20:24,1.496
1997-03-14 20:30,1.495
1997-03-14 20:36,1.494
1997-03-14 20:42,1.493
1997-03-14 20:48,1.493
1997-03-14 20:54,1.492
1997-03-14 21:00,1.491
1997-03-14 21:06,1.491
1997-03-14 21:12,1.490
1997-03-14 21:18,1.489
1997-03-14 21:24,1.489
1997-03-14 21:30,1.488
1997-03-14 21:36,1.487
1997-03-14 21:42,1.487
1997-03-14 21:48,1.486
1997-03-14 21:54,1.485
1997-03-14 22:00,1.485
1997-03-14 22:06,1.484
1997-03-14 22:12,1.483
1997-03-14 22:18,1.483
1997-03-14 22:24,1.482
1997-03-14 22:30,1.481
1997-03-14 22:36,1.481
1997-03-14 22:42,1.480
1997-03-14 22:48,1.479
1997-03-14 22:54,1.478
1997-03-14 23:00,1.477
1997-03-14 23:06,1.477
1997-03-14 23:12,1.476
1997-03-14 23:18,1.475
1997-03-14 23:24,1.474
1997-03-14 23:30,1.473
1997-03-14 23:36,1.472
1997-03-14 23:42,1.471
1997-03-14 23:48,1.471
1997-03-14 23:54,1.470
1997-03-15 00:00,1.468
1997-03-15 00:06,1.467
1997-03-15 00:12,1.466
1997-03-15 00:18,1.465
1997-03-15 00:24,1.464
1997-03-15 00:30,1.462
1997-03-15 00:36,1.461
1997-03-15 00:42,1.459
1997-03-15 00:48,1.457
1997-03-15 00:54,1.456
1997-03-15 01:00,1.454
1997-03-15 01:06,1.451
1997-03-15 01:12,1.449
1997-03-15 01:18,1.447
1997-03-15 01:24,1.444
1997-03-15 01:30,1.441
1997-03-15 01:36,1.439
1997-03-15 01:42,1.435
1997-03-15 01:48,1.432
1997-03-15 01:54,1.429
1997-03-15 02:00,1.425
1997-03-15 02:06,1.421
1997-03-15 02:12,1.417
1997-03-15 02:18,1.413
1997-03-15 02:24,1.409
1997-03-15 02:30,1.405
1997-03-15 02:36,1.400
1997-03-15 02:42,1.395
1997-03-15 02:48,1.391
1997-03-15 02:54,1.386
1997-03-15 03:00,1.380
1997-03-15 03:06,1.375
1997-03-15 03:12,1.370
1997-03-15 03:18,1.365
1997-03-15 03:24,1.359
1997-03-15 03:30,1.353
1997-03-15 03:36,1.348
1997-03-15 03:42,1.342
1997-03-15 03:48,1.336
1997-03-15 03:54,1.331
1997-03-15 04:00,1.325
1997-03-15 04:06,1.319
1997-03-15 04:12,1.313
1997-03-15 04:18,1.307
1997-03-15 04:24,1.301
1997-03-15 04:30,1.296
1997-03-15 04:36,1.290
1997-03-15 04:42,1.284
1997-03-15 04:48,1.278
1997-03-15 04:54,1.272
1997-03-15 05:00,1.267
1997-03-15 05:06,1.261
1997-03-15 05:12,1.256
1997-03-15 05:18,1.250
1997-03-15 05:24,1.245
1997-03-15 05:30,1.239
1997-03-15 05:36,1.234
1997-03-15 05:42,1.229
1997-03-15 05:48,1.224
1997-03-15 05:54,1.219
1997-03-15 06:00,1.214
1997-03-15 06:06,1.210
1997-03-15 06:12,1.205
1997-03-15 06:18,1.201
1997-03-15 06:24,1.197
1997-03-15 06:30,1.193
1997-03-15 06:36,1.189
1997-03-15 06:42,1.185
1997-03-15 06:48,1.182
1997-03-15 06:54,1.179
1997-03-15 07:00,1.176
1997-03-15 07:06,1.174
1997-03-15 07:12,1.171
1997-03-15 07:18,1.169
1997-03-15 07:24,1.167
1997-03-15 07:30,1.166
1997-03-15 07:36,1.165
1997-03-15 07:42,1.164
1997-03-15 07:48,1.163
1997-03-15 07:54,1.163
1997-03-15 08:00,1.163
1997-03-15 08:06,1.163
1997-03-15 08:12,1.163
1997-03-15 08:18,1.164
1997-03-15 08:24,1.165
1997-03-15 08:30,1.166
1997-03-15 08:36,1.168
1997-03-15 08:42,1.170
1997-03-15 08:48,1.172
1997-03-15 08:54,1.174
1997-03-15 09:00,1.177
1997-03-15 09:06,1.180
1997-03-15 09:12,1.183
1997-03-15 09:18,1.186
1997-03-15 09:24,1.189
1997-03-15 09:30,1.193
1997-03-15 09:36,1.197
1997-03-15 09:42,1.201
1997-03-15 09:48,1.205
1997-03-15 09:54,1.209
1997-03-15 10:00,1.214
1997-03-15 10:06,1.219
1997-03-15 10:12,1.223
1997-03-15 10:18,1.228
1997-03-15 10:24,1.233
1997-03-15 10:30,1.239
1997-03-15 10:36,1.244
1997-03-15 10:42,1.249
1997-03-15 10:48,1.255
1997-03-15 10:54,1.260
1997-03-15 11:00,1.266
1997-03-15 11:06,1.272
1997-03-15 11:12,1.278
1997-03-15 11:18,1.284
1997-03-15 11:24,1.290
1997-03-15 11:30,1.296
1997-03-15 11:36,1.302
1997-03-15 11:42,1.308
1997-03-15 11:48,1.314
1997-03-15 11:54,1.321
1997-03-15 12:00,1.327
1997-03-15 12:06,1.333
1997-03-15 12:12,1.340
1997-03-15 12:18,1.346
1997-03-15 12:24,1.352
1997-03-15 12:30,1.359
1997-03-15 12:36,1.365
1997-03-15 12:42,1.371
1997-03-15 12:48,1.378
1997-03-15 12:54,1.384
1997-03-15 13:00,1.390
1997-03-15 13:06,1.396
1997-03-15 13:12,1.402
1997-03-15 13:18,1.408
1997-03-15 13:24,1.414
1997-03-15 13:30,1.420
1997-03-15 13:36,1.425
1997-03-15 13:42,1.431
1997-03-15 13:48,1.437
1997-03-15 13:54,1.442
1997-03-15 14:00,1.447
1997-03-15 14:06,1.452
1997-03-15 14:12,1.457
1997-03-15 14:18,1.462
1997-03-15 14:24,1.467
1997-03-15 14:30,1.472
1997-03-15 14:36,1.476
1997-03-15 14:42,1.481
1997-03-15 14:48,1.485
1997-03-15 14:54,1.489
1997-03-15 15:00,1.493
1997-03-15 15:06,1.497
1997-03-15 15:12,1.500
1997-03-15 15:18,1.504
1997-03-15 15:24,1.507
1997-03-15 15:30,1.510
1997-03-15 15:36,1.513
1997-03-15 15:42,1.516
1997-03-15 15:48,1.519
1997-03-15 15:54,1.522
1997-03-15 16:00,1.525
1997-03-15 16:06,1.527
1997-03-15 16:12,1.529
1997-03-15 16:18,1.532
1997-03-15 16:24,1.534
1997-03-15 16:30,1.536
1997-03-15 16:36,1.537
1997-03-15 16:42,1.539
1997-03-15 16:48,1.541
1997-03-15 16:54,1.542
1997-03-15 17:00,1.543
1997-03-15 17:06,1.544
1997-03-15 17:12,1.545
1997-03-15 17:18,1.546
1997-03-15 17:24,1.547
1997-03-15 17:30,1.548
1997-03-15 17:36,1.548
1997-03-15 17:42,1.549
1997-03-15 17:48,1.549
1997-03-15 17:54,1.549
1997-03-15 18:00,1.550
1997-03-15 18:06,1.550
1997-03-15 18:12,1.550
1997-03-15 18:18,1.549
1997-03-15 18:24,1.549
1997-03-15 18:30,1.549
1997-03-15 18:36,1.548
1997-03-15 18:42,1.548
1997-03-15 18:48,1.547
1997-03-15 18:54,1.547
1997-03-15 19:00,1.546
1997-03-15 19:06,1.545
1997-03-15 19:12,1.544
1997-03-15 19:18,1.543
1997-03-15 19:24,1.542
1997-03-15 19:30,1.541
1997-03-15 19:36,1.540
1997-03-15 19:42,1.539
1997-03-15 19:48,1.538
1997-03-15 19:54,1.537
1997-03-15 20:00,1.536
1997-03-15 20:06,1.534
1997-03-15 20:12,1.533
1997-03-15 20:18,1.532
1997-03-15 20:24,1.531
1997-03-15 20:30,1.529
1997-03-15 20:36,1.528
1997-03-15 20:42,1.527
1997-03-15 20:48,1.525
1997-03-15 20:54,1.524
1997-03-15 21:00,1.522
1997-03-15 21:06,1.521
1997-03-15 21:12,1.520
1997-03-15 21:18,1.518
1997-03-15 21:24,1.517
1997-03-15 21:30,1.515
1997-03-15 21:36,1.514
1997-03-15 21:42,1.512
1997-03-15 21:48,1.511
1997-03-15 21:54,1.509
1997-03-15 22:00,1.508
1997-03-15 22:06,1.506
1997-03-15 22:12,1.505
1997-03-15 22:18,1.503
1997-03-15 22:24,1.502
1997-03-15 22:30,1.501
1997-03-15 22:36,1.499
1997-03-15 22:42,1.498
1997-03-15 22:48,1.496
1997-03-15 22:54,1.495
1997-03-15 23:00,1.493
1997-03-15 23:06,1.492
1997-03-15 23:12,1.491
1997-03-15 23:18,1.489
1997-03-15 23:24,1.488
1997-03-15 23:30,1.487
1997-03-15 23:36,1.485
1997-03-15 23:42,1.484
1997-03-15 23:48,1.483
1997-03-15 23:54,1.481
1997-03-16 00:00,1.480
1997-03-16 00:06,1.479
1997-03-16 00:12,1.477
1997-03-16 00:18,1.476
1997-03-16 00:24,1.474
1997-03-16 00:30,1.473
1997-03-16 00:36,1.472
1997-03-16 00:42,1.470
1997-03-16 00:48,1.469
1997-03-16 00:54,1.467
1997-03-16 01:00,1.466
1997-03-16 01:06,1.464
1997-03-16 01:12,1.462
1997-03-16 01:18,1.461
1997-03-16 01:24,1.459
1997-03-16 01:30,1.457
1997-03-16 01:36,1.455
1997-03-16 01:42,1.453
1997-03-16 01:48,1.451
1997-03-16 01:54,1.449
1997-03-16 02:00,1.447
1997-03-16 02:06,1.445
1997-03-16 02:12,1.442
1997-03-16 02:18,1.440
1997-03-16 02:24,1.437
1997-03-16 02:30,1.435
1997-03-16 02:36,1.432
1997-03-16 02:42,1.429
1997-03-16 02:48,1.426
1997-03-16 02:54,1.422
1997-03-16 03:00,1.419
1997-03-16 03:06,1.416
1997-03-16 03:12,1.412
1997-03-16 03:18,1.408
1997-03-16 03:24,1.404
1997-03-16 03:30,1.400
1997-03-16 03:36,1.396
1997-03-16 03:42,1.392
1997-03-16 03:48,1.387
1997-03-16 03:54,1.383
1997-03-16 04:00,1.378
1997-03-16 04:06,1.374
1997-03-16 04:12,1.369
1997-03-16 04:18,1.364
1997-03-16 04:24,1.358
1997-03-16 04:30,1.353
1997-03-16 04:36,1.348
1997-03-16 04:42,1.343
1997-03-16 04:48,1.337
1997-03-16 04:54,1.332
1997-03-16 05:00,1.326
1997-03-16 05:06,1.320
1997-03-16 05:12,1.315
1997-03-16 05:18,1.309
1997-03-16 05:24,1.304
1997-03-16 05:30,1.298
1997-03-16 05:36,1.292
1997-03-16 05:42,1.287
1997-03-16 05:48,1.281
1997-03-16 05:54,1.276
1997-03-16 06:00,1.270
1997-03-16 06:06,1.265
1997-03-16 06:12,1.259
1997-03-16 06:18,1.254
1997-03-16 06:24,1.249
1997-03-16 06:30,1.244
1997-03-16 06:36,1.239
1997-03-16 06:42,1.235
1997-03-16 06:48,1.230
1997-03-16 06:54,1.226
1997-03-16 07:00,1.221
1997-03-16 07:06,1.217
1997-03-16 07:12,1.213
1997-03-16 07:18,1.210
1997-03-16 07:24,1.206
1997-03-16 07:30,1.203
1997-03-16 07:36,1.199
1997-03-16 07:42,1.196
1997-03-16 07:48,1.194
1997-03-16 07:54,1.191
1997-03-16 08:00,1.189
1997-03-16 08:06,1.187
1997-03-16 08:12,1.185
1997-03-16 08:18,1.183
1997-03-16 08:24,1.182
1997-03-16 08:30,1.180
1997-03-16 08:36,1.179
1997-03-16 08:42,1.178
1997-03-16 08:48,1.178
1997-03-16 08:54,1.177
1997-03-16 09:00,1.177
1997-03-16 09:06,1.177
1997-03-16 09:12,1.177
1997-03-16 09:18,1.178
1997-03-16 09:24,1.179
1997-03-16 09:30,1.180
1997-03-16 09:36,1.181
1997-03-16 09:42,1.182
1997-03-16 09:48,1.184
1997-03-16 09:54,1.185
1997-03-16 10:00,1.188
1997-03-16 10:06,1.190
1997-03-16 10:12,1.192
1997-03-16 10:18,1.195
1997-03-16 10:24,1.198
1997-03-16 10:30,1.201
1997-03-16 10:36,1.204
1997-03-16 10:42,1.207
1997-03-16 10:48,1.211
1997-03-16 10:54,1.215
1997-03-16 11:00,1.219
1997-03-16 11:06,1.223
1997-03-16 11:12,1.227
1997-03-16 11:18,1.231
1997-03-16 11:24,1.236
1997-03-16 11:30,1.240
1997-03-16 11:36,1.245
1997-03-16 11:42,1.250
1997-03-16 11:48,1.255
1997-03-16 11:54,1.260
1997-03-16 12:00,1.265
1997-03-16 12:06,1.271
1997-03-16 12:12,1.276
1997-03-16 12:18,1.281
1997-03-16 12:24,1.287
1997-03-16 12:30,1.292
1997-03-16 12:36,1.298
1997-03-16 12:42,1.304
1997-03-16 12:48,1.309
1997-03-16 12:54,1.315
1997-03-16 13:00,1.321
1997-03-16 13:06,1.327
1997-03-16 13:12,1.332
1997-03-16 13:18,1.338
1997-03-16 13:24,1.344
1997-03-16 13:30,1.350
1997-03-16 13:36,1.356
1997-03-16 13:42,1.362
1997-03-16 13:48,1.368
1997-03-16 13:54,1.374
1997-03-16 14:00,1.380
1997-03-16 14:06,1.386
1997-03-16 14:12,1.392
1997-03-16 14:18,1.397
1997-03-16 14:24,1.403
1997-03-16 14:30,1.409
1997-03-16 14:36,1.415
1997-03-16 14:42,1.421
1997-03-16 14:48,1.426
1997-03-16 14:54,1.432
1997-03-16 15:00,1.437
1997-03-16 15:06,1.443
1997-03-16 15:12,1.448
1997-03-16 15:18,1.453
1997-03-16 15:24,1.459
1997-03-16 15:30,1.464
1997-03-16 15:36,1.469
1997-03-16 15:42,1.473
1997-03-16 15:48,1.478
1997-03-16 15:54,1.483
1997-03-16 16:00,1.487
1997-03-16 16:06,1.491
1997-03-16 16:12,1.495
1997-03-16 16:18,1.499
1997-03-16 16:24,1.503
1997-03-16 16:30,1.506
1997-03-16 16:36,1.510
1997-03-16 16:42,1.513
1997-03-16 16:48,1.516
1997-03-16 16:54,1.519
1997-03-16 17:00,1.522
1997-03-16 17:06,1.525
1997-03-16 17:12,1.527
1997-03-16 17:18,1.530
1997-03-16 17:24,1.532
1997-03-16 17:30,1.534
1997-03-16 17:36,1.536
1997-03-16 17:42,1.538
1997-03-16 17:48,1.540
1997-03-16 17:54,1.541
1997-03-16 18:00,1.543
1997-03-16 18:06,1.544
1997-03-16 18:12,1.545
1997-03-16 18:18,1.547
1997-03-16 18:24,1.548
1997-03-16 18:30,1.549
1997-03-16 18:36,1.550
1997-03-16 18:42,1.550
1997-03-16 18:48,1.551
1997-03-16 18:54,1.552
1997-03-16 19:00,1.552
1997-03-16 19:06,1.553
1997-03-16 19:12,1.553
1997-03-16 19:18,1.554
1997-03-16 19:24,1.554
1997-03-16 19:30,1.554
1997-03-16 19:36,1.554
1997-03-16 19:42,1.554
1997-03-16 19:48,1.554
1997-03-16 19:54,1.554
1997-03-16 20:00,1.553
1997-03-16 20:06,1.553
1997-03-16 20:12,1.552
1997-03-16 20:18,1.552
1997-03-16 20:24,1.551
1997-03-16 20:30,1.550
1997-03-16 20:36,1.549
1997-03-16 20:42,1.548
1997-03-16 20:48,1.547
1997-03-16 20:54,1.545
1997-03-16 21:00,1.544
1997-03-16 21:06,1.543
1997-03-16 21:12,1.541
1997-03-16 21:18,1.539
1997-03-16 21:24,1.538
1997-03-16 21:30,1.536
1997-03-16 21:36,1.534
1997-03-16 21:42,1.533
1997-03-16 21:48,1.531
1997-03-16 21:54,1.529
1997-03-16 22:00,1.527
1997-03-16 22:06,1.525
1997-03-16 22:12,1.523
1997-03-16 22:18,1.521
1997-03-16 22:24,1.519
1997-03-16 22:30,1.517
1997-03-16 22:36,1.515
1997-03-16 22:42,1.513
1997-03-16 22:48,1.511
1997-03-16 22:54,1.509
1997-03-16 23:00,1.508
1997-03-16 23:06,1.506
1997-03-16 23:12,1.504
1997-03-16 23:18,1.502
1997-03-16 23:24,1.500
1997-03-16 23:30,1.499
1997-03-16 23:36,1.497
1997-03-16 23:42,1.495
1997-03-16 23:48,1.494
1997-03-16 23:54,1.492
1997-03-17 00:00,1.490
1997-03-17 00:06,1.489
1997-03-17 00:12,1.487
1997-03-17 00:18,1.485
1997-03-17 00:24,1.484
1997-03-17 00:30,1.482
1997-03-17 00:36,1.480
1997-03-17 00:42,1.479
1997-03-17 00:48,1.477
1997-03-17 00:54,1.476
1997-03-17 01:00,1.474
1997-03-17 01:06,1.472
1997-03-17 01:12,1.471
1997-03-17 01:18,1.469
1997-03-17 01:24,1.468
1997-03-17 01:30,1.466
1997-03-17 01:36,1.465
1997-03-17 01:42,1.463
1997-03-17 01:48,1.462
1997-03-17 01:54,1.460
1997-03-17 02:00,1.459
1997-03-17 02:06,1.457
1997-03-17 02:12,1.456
1997-03-17 02:18,1.454
1997-03-17 02:24,1.452
1997-03-17 02:30,1.451
1997-03-17 02:36,1.449
1997-03-17 02:42,1.448
1997-03-17 02:48,1.446
1997-03-17 02:54,1.444
1997-03-17 03:00,1.443
1997-03-17 03:06,1.441
1997-03-17 03:12,1.439
1997-03-17 03:18,1.437
1997-03-17 03:24,1.435
1997-03-17 03:30,1.433
1997-03-17 03:36,1.430
1997-03-17 03:42,1.428
1997-03-17 03:48,1.426
1997-03-17 03:54,1.423
1997-03-17 04:00,1.420
1997-03-17 04:06,1.417
1997-03-17 04:12,1.414
1997-03-17 04:18,1.411
1997-03-17 04:24,1.407
1997-03-17 04:30,1.404
1997-03-17 04:36,1.400
1997-03-17 04:42,1.396
1997-03-17 04:48,1.392
1997-03-17 04:54,1.388
1997-03-17 05:00,1.383
1997-03-17 05:06,1.379
1997-03-17 05:12,1.374
1997-03-17 05:18,1.369
1997-03-17 05:24,1.364
1997-03-17 05:30,1.359
1997-03-17 05:36,1.354
1997-03-17 05:42,1.349
1997-03-17 05:48,1.344
1997-03-17 05:54,1.338
1997-03-17 06:00,1.333
1997-03-17 06:06,1.328
1997-03-17 06:12,1.322
1997-03-17 06:18,1.317
1997-03-17 06:24,1.312
1997-03-17 06:30,1.307
1997-03-17 06:36,1.301
1997-03-17 06:42,1.296
1997-03-17 06:48,1.291
1997-03-17 06:54,1.286
1997-03-17 07:00,1.281
1997-03-17 07:06,1.276
1997-03-17 07:12,1.272
1997-03-17 07:18,1.267
1997-03-17 07:24,1.263
1997-03-17 07:30,1.258
1997-03-17 07:36,1.254
1997-03-17 07:42,1.250
1997-03-17 07:48,1.246
1997-03-17 07:54,1.242
1997-03-17 08:00,1.238
1997-03-17 08:06,1.235
1997-03-17 08:12,1.231
1997-03-17 08:18,1.228
1997-03-17 08:24,1.225
1997-03-17 08:30,1.222
1997-03-17 08:36,1.219
1997-03-17 08:42,1.216
1997-03-17 08:48,1.213
1997-03-17 08:54,1.211
1997-03-17 09:00,1.208
1997-03-17 09:06,1.206
1997-03-17 09:12,1.204
1997-03-17 09:18,1.202
1997-03-17 09:24,1.200
1997-03-17 09:30,1.199
1997-03-17 09:36,1.197
1997-03-17 09:42,1.196
1997-03-17 09:48,1.195
1997-03-17 09:54,1.195
1997-03-17 10:00,1.194
1997-03-17 10:06,1.194
1997-03-17 10:12,1.193
1997-03-17 10:18,1.194
1997-03-17 10:24,1.194
1997-03-17 10:30,1.194
1997-03-17 10:36,1.195
1997-03-17 10:42,1.196
1997-03-17 10:48,1.197
1997-03-17 10:54,1.199
1997-03-17 11:00,1.200
1997-03-17 11:06,1.202
1997-03-17 11:12,1.204
1997-03-17 11:18,1.207
1997-03-17 11:24,1.209
1997-03-17 11:30,1.212
1997-03-17 11:36,1.215
1997-03-17 11:42,1.218
1997-03-17 11:48,1.221
1997-03-17 11:54,1.224
1997-03-17 12:00,1.228
1997-03-17 12:06,1.231
1997-03-17 12:12,1.235
1997-03-17 12:18,1.239
1997-03-17 12:24,1.243
1997-03-17 12:30,1.247
1997-03-17 12:36,1.251
1997-03-17 12:42,1.256
1997-03-17 12:48,1.260
1997-03-17 12:54,1.265
1997-03-17 13:00,1.269
1997-03-17 13:06,1.274
1997-03-17 13:12,1.279
1997-03-17 13:18,1.284
1997-03-17 13:24,1.289
1997-03-17 13:30,1.294
1997-03-17 13:36,1.299
1997-03-17 13:42,1.304
1997-03-17 13:48,1.309
1997-03-17 13:54,1.314
1997-03-17 14:00,1.320
1997-03-17 14:06,1.325
1997-03-17 14:12,1.331
1997-03-17 14:18,1.336
1997-03-17 14:24,1.342
1997-03-17 14:30,1.348
1997-03-17 14:36,1.353
1997-03-17 14:42,1.359
1997-03-17 14:48,1.365
1997-03-17 14:54,1.371
1997-03-17 15:00,1.377
1997-03-17 15:06,1.383
1997-03-17 15:12,1.389
1997-03-17 15:18,1.395
1997-03-17 15:24,1.401
1997-03-17 15:30,1.407
1997-03-17 15:36,1.413
1997-03-17 15:42,1.419
1997-03-17 15:48,1.425
1997-03-17 15:54,1.430
1997-03-17 16:00,1.436
1997-03-17 16:06,1.442
1997-03-17 16:12,1.447
1997-03-17 16:18,1.452
1997-03-17 16:24,1.457
1997-03-17 16:30,1.462
1997-03-17 16:36,1.467
1997-03-17 16:42,1.472
1997-03-17 16:48,1.477
1997-03-17 16:54,1.481
1997-03-17 17:00,1.485
1997-03-17 17:06,1.489
1997-03-17 17:12,1.493
1997-03-17 17:18,1.497
1997-03-17 17:24,1.500
1997-03-17 17:30,1.504
1997-03-17 17:36,1.507
1997-03-17 17:42,1.510
1997-03-17 17:48,1.513
1997-03-17 17:54,1.515
1997-03-17 18:00,1.518
1997-03-17 18:06,1.521
1997-03-17 18:12,1.523
1997-03-17 18:18,1.525
1997-03-17 18:24,1.527
1997-03-17 18:30,1.529
1997-03-17 18:36,1.531
1997-03-17 18:42,1.533
1997-03-17 18:48,1.535
1997-03-17 18:54,1.537
1997-03-17 19:00,1.539
1997-03-17 19:06,1.540
1997-03-17 19:12,1.542
1997-03-17 19:18,1.543
1997-03-17 19:24,1.545
1997-03-17 19:30,1.546
1997-03-17 19:36,1.547
1997-03-17 19:42,1.548
1997-03-17 19:48,1.549
1997-03-17 19:54,1.550
1997-03-17 20:00,1.551
1997-03-17 20:06,1.551
1997-03-17 20:12,1.552
1997-03-17 20:18,1.552
1997-03-17 20:24,1.552
1997-03-17 20:30,1.552
1997-03-17 20:36,1.552
1997-03-17 20:42,1.552
1997-03-17 20:48,1.552
1997-03-17 20:54,1.551
1997-03-17 21:00,1.551
1997-03-17 21:06,1.550
1997-03-17 21:12,1.549
1997-03-17 21:18,1.548
1997-03-17 21:24,1.547
1997-03-17 21:30,1.545
1997-03-17 21:36,1.544
1997-03-17 21:42,1.542
1997-03-17 21:48,1.540
1997-03-17 21:54,1.539
1997-03-17 22:00,1.537
1997-03-17 22:06,1.535
1997-03-17 22:12,1.533
1997-03-17 22:18,1.531
1997-03-17 22:24,1.529
1997-03-17 22:30,1.527
1997-03-17 22:36,1.525
1997-03-17 22:42,1.523
1997-03-17 22:48,1.520
1997-03-17 22:54,1.518
1997-03-17 23:00,1.516
1997-03-17 23:06,1.514
1997-03-17 23:12,1.512
1997-03-17 23:18,1.510
1997-03-17 23:24,1.508
1997-03-17 23:30,1.506
1997-03-17 23:36,1.504
1997-03-17 23:42,1.502
1997-03-17 23:48,1.500
1997-03-17 23:54,1.498
1997-03-18 00:00,1.496
1997-03-18 00:06,1.495
1997-03-18 00:12,1.493
1997-03-18 00:18,1.491
1997-03-18 00:24,1.489
1997-03-18 00:30,1.487
1997-03-18 00:36,1.486
1997-03-18 00:42,1.484
1997-03-18 00:48,1.482
1997-03-18 00:54,1.481
1997-03-18 01:00,1.479
1997-03-18 01:06,1.477
1997-03-18 01:12,1.476
1997-03-18 01:18,1.474
1997-03-18 01:24,1.472
1997-03-18 01:30,1.471
1997-03-18 01:36,1.469
1997-03-18 01:42,1.468
1997-03-18 01:48,1.466
1997-03-18 01:54,1.465
1997-03-18 02:00,1.463
1997-03-18 02:06,1.462
1997-03-18 02:12,1.461
1997-03-18 02:18,1.460
1997-03-18 02:24,1.459
1997-03-18 02:30,1.457
1997-03-18 02:36,1.456
1997-03-18 02:42,1.455
1997-03-18 02:48,1.455
1997-03-18 02:54,1.454
1997-03-18 03:00,1.453
1997-03-18 03:06,1.452
1997-03-18 03:12,1.451
1997-03-18 03:18,1.450
1997-03-18 03:24,1.450
1997-03-18 03:30,1.449
1997-03-18 03:36,1.448
1997-03-18 03:42,1.447
1997-03-18 03:48,1.446
1997-03-18 03:54,1.445
1997-03-18 04:00,1.444
1997-03-18 04:06,1.443
1997-03-18 04:12,1.442
1997-03-18 04:18,1.440
1997-03-18 04:24,1.439
1997-03-18 04:30,1.437
1997-03-18 04:36,1.435
1997-03-18 04:42,1.433
1997-03-18 04:48,1.431
1997-03-18 04:54,1.429
1997-03-18 05:00,1.426
1997-03-18 05:06,1.424
1997-03-18 05:12,1.421
1997-03-18 05:18,1.418
1997-03-18 05:24,1.414
1997-03-18 05:30,1.411
1997-03-18 05:36,1.407
1997-03-18 05:42,1.403
1997-03-18 05:48,1.399
1997-03-18 05:54,1.395
1997-03-18 06:00,1.391
1997-03-18 06:06,1.387
1997-03-18 06:12,1.382
1997-03-18 06:18,1.378
1997-03-18 06:24,1.373
1997-03-18 06:30,1.369
1997-03-18 06:36,1.364
1997-03-18 06:42,1.359
1997-03-18 06:48,1.354
1997-03-18 06:54,1.350
1997-03-18 07:00,1.345
1997-03-18 07:06,1.340
1997-03-18 07:12,1.335
1997-03-18 07:18,1.331
1997-03-18 07:24,1.326
1997-03-18 07:30,1.321
1997-03-18 07:36,1.317
1997-03-18 07:42,1.312
1997-03-18 07:48,1.308
1997-03-18 07:54,1.303
1997-03-18 08:00,1.299
1997-03-18 08:06,1.295
1997-03-18 08:12,1.290
1997-03-18 08:18,1.286
1997-03-18 08:24,1.282
1997-03-18 08:30,1.278
1997-03-18 08:36,1.274
1997-03-18 08:42,1.270
1997-03-18 08:48,1.266
1997-03-18 08:54,1.263
1997-03-18 09:00,1.259
1997-03-18 09:06,1.255
1997-03-18 09:12,1.252
1997-03-18 09:18,1.248
1997-03-18 09:24,1.245
1997-03-18 09:30,1.242
1997-03-18 09:36,1.238
1997-03-18 09:42,1.235
1997-03-18 09:48,1.232
1997-03-18 09:54,1.230
1997-03-18 10:00,1.227
1997-03-18 10:06,1.224
1997-03-18 10:12,1.222
1997-03-18 10:18,1.220
1997-03-18 10:24,1.218
1997-03-18 10:30,1.216
1997-03-18 10:36,1.215
1997-03-18 10:42,1.213
1997-03-18 10:48,1.212
1997-03-18 10:54,1.211
1997-03-18 11:00,1.210
1997-03-18 11:06,1.210
1997-03-18 11:12,1.210
1997-03-18 11:18,1.210
1997-03-18 11:24,1.210
1997-03-18 11:30,1.210
1997-03-18 11:36,1.211
1997-03-18 11:42,1.212
1997-03-18 11:48,1.213
1997-03-18 11:54,1.214
1997-03-18 12:00,1.216
1997-03-18 12:06,1.218
1997-03-18 12:12,1.219
1997-03-18 12:18,1.222
1997-03-18 12:24,1.224
1997-03-18 12:30,1.226
1997-03-18 12:36,1.229
1997-03-18 12:42,1.231
1997-03-18 12:48,1.234
1997-03-18 12:54,1.237
1997-03-18 13:00,1.240
1997-03-18 13:06,1.244
1997-03-18 13:12,1.247
1997-03-18 13:18,1.250
1997-03-18 13:24,1.254
1997-03-18 13:30,1.258
1997-03-18 13:36,1.261
1997-03-18 13:42,1.265
1997-03-18 13:48,1.269
1997-03-18 13:54,1.274
1997-03-18 14:00,1.278
1997-03-18 14:06,1.282
1997-03-18 14:12,1.287
1997-03-18 14:18,1.291
1997-03-18 14:24,1.296
1997-03-18 14:30,1.301
1997-03-18 14:36,1.306
1997-03-18 14:42,1.311
1997-03-18 14:48,1.316
1997-03-18 14:54,1.321
1997-03-18 15:00,1.327
1997-03-18 15:06,1.332
1997-03-18 15:12,1.338
1997-03-18 15:18,1.343
1997-03-18 15:24,1.349
1997-03-18 15:30,1.355
1997-03-18 15:36,1.361
1997-03-18 15:42,1.367
1997-03-18 15:48,1.373
1997-03-18 15:54,1.379
1997-03-18 16:00,1.385
1997-03-18 16:06,1.391
1997-03-18 16:12,1.397
1997-03-18 16:18,1.402
1997-03-18 16:24,1.408
1997-03-18 16:30,1.414
1997-03-18 16:36,1.420
1997-03-18 16:42,1.425
1997-03-18 16:48,1.431
1997-03-18 16:54,1.436
1997-03-18 17:00,1.441
1997-03-18 17:06,1.446
1997-03-18 17:12,1.451
1997-03-18 17:18,1.456
1997-03-18 17:24,1.461
1997-03-18 17:30,1.465
1997-03-18 17:36,1.469
1997-03-18 17:42,1.473
1997-03-18 17:48,1.477
1997-03-18 17:54,1.481
1997-03-18 18:00,1.485
1997-03-18 18:06,1.488
1997-03-18 18:12,1.491
1997-03-18 18:18,1.495
1997-03-18 18:24,1.498
1997-03-18 18:30,1.501
1997-03-18 18:36,1.503
1997-03-18 18:42,1.506
1997-03-18 18:48,1.509
1997-03-18 18:54,1.511
1997-03-18 19:00,1.514
1997-03-18 19:06,1.516
1997-03-18 19:12,1.518
1997-03-18 19:18,1.520
1997-03-18 19:24,1.522
1997-03-18 19:30,1.524
1997-03-18 19:36,1.526
1997-03-18 19:42,1.528
1997-03-18 19:48,1.530
1997-03-18 19:54,1.532
1997-03-18 20:00,1.533
1997-03-18 20:06,1.534
1997-03-18 20:12,1.536
1997-03-18 20:18,1.537
1997-03-18 20:24,1.538
1997-03-18 20:30,1.539
1997-03-18 20:36,1.540
1997-03-18 20:42,1.540
1997-03-18 20:48,1.541
1997-03-18 20:54,1.541
1997-03-18 21:00,1.542
1997-03-18 21:06,1.542
1997-03-18 21:12,1.541
1997-03-18 21:18,1.541
1997-03-18 21:24,1.541
1997-03-18 21:30,1.540
1997-03-18 21:36,1.539
1997-03-18 21:42,1.538
1997-03-18 21:48,1.537
1997-03-18 21:54,1.536
1997-03-18 22:00,1.535
1997-03-18 22:06,1.533
1997-03-18 22:12,1.532
1997-03-18 22:18,1.530
1997-03-18 22:24,1.528
1997-03-18 22:30,1.526
1997-03-18 22:36,1.525
1997-03-18 22:42,1.523
1997-03-18 22:48,1.521
1997-03-18 22:54,1.519
1997-03-18 23:00,1.516
1997-03-18 23:06,1.514
1997-03-18 23:12,1.512
1997-03-18 23:18,1.510
1997-03-18 23:24,1.508
1997-03-18 23:30,1.506
1997-03-18 23:36,1.504
1997-03-18 23:42,1.502
1997-03-18 23:48,1.500
1997-03-18 23:54,1.498
1997-03-19 00:00,1.496
1997-03-19 00:06,1.494
1997-03-19 00:12,1.492
1997-03-19 00:18,1.490
1997-03-19 00:24,1.488
1997-03-19 00:30,1.487
1997-03-19 00:36,1.485
1997-03-19 00:42,1.483
1997-03-19 00:48,1.481
1997-03-19 00:54,1.480
1997-03-19 01:00,1.478
1997-03-19 01:06,1.476
1997-03-19 01:12,1.475
1997-03-19 01:18,1.473
1997-03-19 01:24,1.471
1997-03-19 01:30,1.470
1997-03-19 01:36,1.468
1997-03-19 01:42,1.467
1997-03-19 01:48,1.466
1997-03-19 01:54,1.464
1997-03-19 02:00,1.463
1997-03-19 02:06,1.462
1997-03-19 02:12,1.461
1997-03-19 02:18,1.459
1997-03-19 02:24,1.458
1997-03-19 02:30,1.457
1997-03-19 02:36,1.457
1997-03-19 02:42,1.456
1997-03-19 02:48,1.455
1997-03-19 02:54,1.455
1997-03-19 03:00,1.454
1997-03-19 03:06,1.454
1997-03-19 03:12,1.453
1997-03-19 03:18,1.453
1997-03-19 03:24,1.453
1997-03-19 03:30,1.453
1997-03-19 03:36,1.453
1997-03-19 03:42,1.453
1997-03-19 03:48,1.453
1997-03-19 03:54,1.453
1997-03-19 04:00,1.453
1997-03-19 04:06,1.453
1997-03-19 04:12,1.453
1997-03-19 04:18,1.453
1997-03-19 04:24,1.453
1997-03-19 04:30,1.453
1997-03-19 04:36,1.452
1997-03-19 04:42,1.452
1997-03-19 04:48,1.452
1997-03-19 04:54,1.451
1997-03-19 05:00,1.451
1997-03-19 05:06,1.450
1997-03-19 05:12,1.449
1997-03-19 05:18,1.448
1997-03-19 05:24,1.446
1997-03-19 05:30,1.445
1997-03-19 05:36,1.443
1997-03-19 05:42,1.441
1997-03-19 05:48,1.439
1997-03-19 05:54,1.437
1997-03-19 06:00,1.435
1997-03-19 06:06,1.432
1997-03-19 06:12,1.429
1997-03-19 06:18,1.426
1997-03-19 06:24,1.423
1997-03-19 06:30,1.420
1997-03-19 06:36,1.417
1997-03-19 06:42,1.413
1997-03-19 06:48,1.410
1997-03-19 06:54,1.406
1997-03-19 07:00,1.402
1997-03-19 07:06,1.398
1997-03-19 07:12,1.394
1997-03-19 07:18,1.390
1997-03-19 07:24,1.386
1997-03-19 07:30,1.382
1997-03-19 07:36,1.378
1997-03-19 07:42,1.374
1997-03-19 07:48,1.370
1997-03-19 07:54,1.365
1997-03-19 08:00,1.361
1997-03-19 08:06,1.357
1997-03-19 08:12,1.352
1997-03-19 08:18,1.348
1997-03-19 08:24,1.344
1997-03-19 08:30,1.340
1997-03-19 08:36,1.335
1997-03-19 08:42,1.331
1997-03-19 08:48,1.327
1997-03-19 08:54,1.322
1997-03-19 09:00,1.318
1997-03-19 09:06,1.314
1997-03-19 09:12,1.309
1997-03-19 09:18,1.305
1997-03-19 09:24,1.301
1997-03-19 09:30,1.297
1997-03-19 09:36,1.293
1997-03-19 09:42,1.288
1997-03-19 09:48,1.284
1997-03-19 09:54,1.280
1997-03-19 10:00,1.276
1997-03-19 10:06,1.272
1997-03-19 10:12,1.269
1997-03-19 10:18,1.265
1997-03-19 10:24,1.261
1997-03-19 10:30,1.258
1997-03-19 10:36,1.255
1997-03-19 10:42,1.252
1997-03-19 10:48,1.249
1997-03-19 10:54,1.246
1997-03-19 11:00,1.243
1997-03-19 11:06,1.241
1997-03-19 11:12,1.238
1997-03-19 11:18,1.236
1997-03-19 11:24,1.234
1997-03-19 11:30,1.233
1997-03-19 11:36,1.231
1997-03-19 11:42,1.230
1997-03-19 11:48,1.229
1997-03-19 11:54,1.228
1997-03-19 12:00,1.228
1997-03-19 12:06,1.227
1997-03-19 12:12,1.227
1997-03-19 12:18,1.227
1997-03-19 12:24,1.228
1997-03-19 12:30,1.228
1997-03-19 12:36,1.229
1997-03-19 12:42,1.230
1997-03-19 12:48,1.231
1997-03-19 12:54,1.232
1997-03-19 13:00,1.233
1997-03-19 13:06,1.235
1997-03-19 13:12,1.237
1997-03-19 13:18,1.239
1997-03-19 13:24,1.241
1997-03-19 13:30,1.243
1997-03-19 13:36,1.245
1997-03-19 13:42,1.248
1997-03-19 13:48,1.250
1997-03-19 13:54,1.253
1997-03-19 14:00,1.256
1997-03-19 14:06,1.259
1997-03-19 14:12,1.263
1997-03-19 14:18,1.266
1997-03-19 14:24,1.269
1997-03-19 14:30,1.273
1997-03-19 14:36,1.277
1997-03-19 14:42,1.281
1997-03-19 14:48,1.285
1997-03-19 14:54,1.289
1997-03-19 15:00,1.293
1997-03-19 15:06,1.298
1997-03-19 15:12,1.303
1997-03-19 15:18,1.307
1997-03-19 15:24,1.312
1997-03-19 15:30,1.317
1997-03-19 15:36,1.322
1997-03-19 15:42,1.327
1997-03-19 15:48,1.333
1997-03-19 15:54,1.338
1997-03-19 16:00,1.344
1997-03-19 16:06,1.349
1997-03-19 16:12,1.355
1997-03-19 16:18,1.360
1997-03-19 16:24,1.366
1997-03-19 16:30,1.372
1997-03-19 16:36,1.377
1997-03-19 16:42,1.383
1997-03-19 16:48,1.389
1997-03-19 16:54,1.394
1997-03-19 17:00,1.400
1997-03-19 17:06,1.405
1997-03-19 17:12,1.410
1997-03-19 17:18,1.416
1997-03-19 17:24,1.421
1997-03-19 17:30,1.426
1997-03-19 17:36,1.431
1997-03-19 17:42,1.436
1997-03-19 17:48,1.440
1997-03-19 17:54,1.445
1997-03-19 18:00,1.449
1997-03-19 18:06,1.453
1997-03-19 18:12,1.458
1997-03-19 18:18,1.461
1997-03-19 18:24,1.465
1997-03-19 18:30,1.469
1997-03-19 18:36,1.473
1997-03-19 18:42,1.476
1997-03-19 18:48,1.479
1997-03-19 18:54,1.482
1997-03-19 19:00,1.486
1997-03-19 19:06,1.488
1997-03-19 19:12,1.491
1997-03-19 19:18,1.494
1997-03-19 19:24,1.497
1997-03-19 19:30,1.499
1997-03-19 19:36,1.501
1997-03-19 19:42,1.504
1997-03-19 19:48,1.506
1997-03-19 19:54,1.508
1997-03-19 20:00,1.510
1997-03-19 20:06,1.511
1997-03-19 20:12,1.513
1997-03-19 20:18,1.515
1997-03-19 20:24,1.516
1997-03-19 20:30,1.518
1997-03-19 20:36,1.519
1997-03-19 20:42,1.520
1997-03-19 20:48,1.521
1997-03-19 20:54,1.522
1997-03-19 21:00,1.522
1997-03-19 21:06,1.523
1997-03-19 21:12,1.523
1997-03-19 21:18,1.523
1997-03-19 21:24,1.524
1997-03-19 21:30,1.523
1997-03-19 21:36,1.523
1997-03-19 21:42,1.523
1997-03-19 21:48,1.522
1997-03-19 21:54,1.522
1997-03-19 22:00,1.521
1997-03-19 22:06,1.520
1997-03-19 22:12,1.519
1997-03-19 22:18,1.518
1997-03-19 22:24,1.517
1997-03-19 22:30,1.515
1997-03-19 22:36,1.514
1997-03-19 22:42,1.512
1997-03-19 22:48,1.511
1997-03-19 22:54,1.509
1997-03-19 23:00,1.507
1997-03-19 23:06,1.505
1997-03-19 23:12,1.503
1997-03-19 23:18,1.501
1997-03-19 23:24,1.499
1997-03-19 23:30,1.497
1997-03-19 23:36,1.495
1997-03-19 23:42,1.493
1997-03-19 23:48,1.491
1997-03-19 23:54,1.489
1997-03-20 00:00,1.487
1997-03-20 00:06,1.485
1997-03-20 00:12,1.483
1997-03-20 00:18,1.481
1997-03-20 00:24,1.480
1997-03-20 00:30,1.478
1997-03-20 00:36,1.476
1997-03-20 00:42,1.474
1997-03-20 00:48,1.472
1997-03-20 00:54,1.470
1997-03-20 01:00,1.469
1997-03-20 01:06,1.467
1997-03-20 01:12,1.466
1997-03-20 01:18,1.464
1997-03-20 01:24,1.462
1997-03-20 01:30,1.461
1997-03-20 01:36,1.460
1997-03-20 01:42,1.458
1997-03-20 01:48,1.457
1997-03-20 01:54,1.456
1997-03-20 02:00,1.455
1997-03-20 02:06,1.454
1997-03-20 02:12,1.453
1997-03-20 02:18,1.452
1997-03-20 02:24,1.451
1997-03-20 02:30,1.450
1997-03-20 02:36,1.449
1997-03-20 02:42,1.449
1997-03-20 02:48,1.448
1997-03-20 02:54,1.448
1997-03-20 03:00,1.448
1997-03-20 03:06,1.448
1997-03-20 03:12,1.448
1997-03-20 03:18,1.448
1997-03-20 03:24,1.448
1997-03-20 03:30,1.448
1997-03-20 03:36,1.448
1997-03-20 03:42,1.449
1997-03-20 03:48,1.449
1997-03-20 03:54,1.450
1997-03-20 04:00,1.450
1997-03-20 04:06,1.451
1997-03-20 04:12,1.452
1997-03-20 04:18,1.452
1997-03-20 04:24,1.453
1997-03-20 04:30,1.454
1997-03-20 04:36,1.455
1997-03-20 04:42,1.455
1997-03-20 04:48,1.456
1997-03-20 04:54,1.457
1997-03-20 05:00,1.457
1997-03-20 05:06,1.458
1997-03-20 05:12,1.458
1997-03-20 05:18,1.459
1997-03-20 05:24,1.459
1997-03-20 05:30,1.459
1997-03-20 05:36,1.460
1997-03-20 05:42,1.460
1997-03-20 05:48,1.459
1997-03-20 05:54,1.459
1997-03-20 06:00,1.459
1997-03-20 06:06,1.458
1997-03-20 06:12,1.457
1997-03-20 06:18,1.456
1997-03-20 06:24,1.455
1997-03-20 06:30,1.454
1997-03-20 06:36,1.453
1997-03-20 06:42,1.451
1997-03-20 06:48,1.449
1997-03-20 06:54,1.447
1997-03-20 07:00,1.445
1997-03-20 07:06,1.443
1997-03-20 07:12,1.441
1997-03-20 07:18,1.438
1997-03-20 07:24,1.436
1997-03-20 07:30,1.433
1997-03-20 07:36,1.430
1997-03-20 07:42,1.427
1997-03-20 07:48,1.424
1997-03-20 07:54,1.420
1997-03-20 08:00,1.417
1997-03-20 08:06,1.413
1997-03-20 08:12,1.410
1997-03-20 08:18,1.406
1997-03-20 08:24,1.402
1997-03-20 08:30,1.398
1997-03-20 08:36,1.394
1997-03-20 08:42,1.390
1997-03-20 08:48,1.386
1997-03-20 08:54,1.382
1997-03-20 09:00,1.378
1997-03-20 09:06,1.373
1997-03-20 09:12,1.369
1997-03-20 09:18,1.364
1997-03-20 09:24,1.360
1997-03-20 09:30,1.356
1997-03-20 09:36,1.351
1997-03-20 09:42,1.347
1997-03-20 09:48,1.342
1997-03-20 09:54,1.337
1997-03-20 10:00,1.333
1997-03-20 10:06,1.328
1997-03-20 10:12,1.324
1997-03-20 10:18,1.320
1997-03-20 10:24,1.315
1997-03-20 10:30,1.311
1997-03-20 10:36,1.307
1997-03-20 10:42,1.302
1997-03-20 10:48,1.298
1997-03-20 10:54,1.294
1997-03-20 11:00,1.290
1997-03-20 11:06,1.287
1997-03-20 11:12,1.283
1997-03-20 11:18,1.280
1997-03-20 11:24,1.276
1997-03-20 11:30,1.273
1997-03-20 11:36,1.270
1997-03-20 11:42,1.267
1997-03-20 11:48,1.264
1997-03-20 11:54,1.262
1997-03-20 12:00,1.259
1997-03-20 12:06,1.257
1997-03-20 12:12,1.255
1997-03-20 12:18,1.253
1997-03-20 12:24,1.252
1997-03-20 12:30,1.250
1997-03-20 12:36,1.249
1997-03-20 12:42,1.248
1997-03-20 12:48,1.247
1997-03-20 12:54,1.247
1997-03-20 13:00,1.246
1997-03-20 13:06,1.246
1997-03-20 13:12,1.246
1997-03-20 13:18,1.246
1997-03-20 13:24,1.247
1997-03-20 13:30,1.247
1997-03-20 13:36,1.248
1997-03-20 13:42,1.249
1997-03-20 13:48,1.250
1997-03-20 13:54,1.252
1997-03-20 14:00,1.253
1997-03-20 14:06,1.255
1997-03-20 14:12,1.257
1997-03-20 14:18,1.259
1997-03-20 14:24,1.261
1997-03-20 14:30,1.264
1997-03-20 14:36,1.266
1997-03-20 14:42,1.269
1997-03-20 14:48,1.272
1997-03-20 14:54,1.275
1997-03-20 15:00,1.278
1997-03-20 15:06,1.282
1997-03-20 15:12,1.285
1997-03-20 15:18,1.289
1997-03-20 15:24,1.293
1997-03-20 15:30,1.297
1997-03-20 15:36,1.301
1997-03-20 15:42,1.305
1997-03-20 15:48,1.310
1997-03-20 15:54,1.314
1997-03-20 16:00,1.319
1997-03-20 16:06,1.323
1997-03-20 16:12,1.328
1997-03-20 16:18,1.333
1997-03-20 16:24,1.338
1997-03-20 16:30,1.343
1997-03-20 16:36,1.348
1997-03-20 16:42,1.353
1997-03-20 16:48,1.358
1997-03-20 16:54,1.363
1997-03-20 17:00,1.368
1997-03-20 17:06,1.373
1997-03-20 17:12,1.378
1997-03-20 17:18,1.383
1997-03-20 17:24,1.388
1997-03-20 17:30,1.393
1997-03-20 17:36,1.398
1997-03-20 17:42,1.403
1997-03-20 17:48,1.408
1997-03-20 17:54,1.413
1997-03-20 18:00,1.417
1997-03-20 18:06,1.422
1997-03-20 18:12,1.427
1997-03-20 18:18,1.431
1997-03-20 18:24,1.435
1997-03-20 18:30,1.440
1997-03-20 18:36,1.444
1997-03-20 18:42,1.448
1997-03-20 18:48,1.452
1997-03-20 18:54,1.455
1997-03-20 19:00,1.459
1997-03-20 19:06,1.462
1997-03-20 19:12,1.466
1997-03-20 19:18,1.469
1997-03-20 19:24,1.472
1997-03-20 19:30,1.475
1997-03-20 19:36,1.478
1997-03-20 19:42,1.480
1997-03-20 19:48,1.483
1997-03-20 19:54,1.485
1997-03-20 20:00,1.487
1997-03-20 20:06,1.489
1997-03-20 20:12,1.491
1997-03-20 20:18,1.493
1997-03-20 20:24,1.495
1997-03-20 20:30,1.496
1997-03-20 20:36,1.497
1997-03-20 20:42,1.499
1997-03-20 20:48,1.500
1997-03-20 20:54,1.501
1997-03-20 21:00,1.501
1997-03-20 21:06,1.502
1997-03-20 21:12,1.502
1997-03-20 21:18,1.503
1997-03-20 21:24,1.503
1997-03-20 21:30,1.503
1997-03-20 21:36,1.503
1997-03-20 21:42,1.502
1997-03-20 21:48,1.502
1997-03-20 21:54,1.502
1997-03-20 22:00,1.501
1997-03-20 22:06,1.500
1997-03-20 22:12,1.500
1997-03-20 22:18,1.499
1997-03-20 22:24,1.498
1997-03-20 22:30,1.497
1997-03-20 22:36,1.495
1997-03-20 22:42,1.494
1997-03-20 22:48,1.493
1997-03-20 22:54,1.491
1997-03-20 23:00,1.490
1997-03-20 23:06,1.488
1997-03-20 23:12,1.487
1997-03-20 23:18,1.485
1997-03-20 23:24,1.483
1997-03-20 23:30,1.481
1997-03-20 23:36,1.479
1997-03-20 23:42,1.477
1997-03-20 23:48,1.476
1997-03-20 23:54,1.474
1997-03-21 00:00,1.472
1997-03-21 00:06,1.470
1997-03-21 00:12,1.468
1997-03-21 00:18,1.466
1997-03-21 00:24,1.464
1997-03-21 00:30,1.462
1997-03-21 00:36,1.460
1997-03-21 00:42,1.458
1997-03-21 00:48,1.456
1997-03-21 00:54,1.454
1997-03-21 01:00,1.452
1997-03-21 01:06,1.450
1997-03-21 01:12,1.448
1997-03-21 01:18,1.447
1997-03-21 01:24,1.445
1997-03-21 01:30,1.444
1997-03-21 01:36,1.442
1997-03-21 01:42,1.441
1997-03-21 01:48,1.439
1997-03-21 01:54,1.438
1997-03-21 02:00,1.437
1997-03-21 02:06,1.436
1997-03-21 02:12,1.435
1997-03-21 02:18,1.435
1997-03-21 02:24,1.434
1997-03-21 02:30,1.433
1997-03-21 02:36,1.433
1997-03-21 02:42,1.433
1997-03-21 02:48,1.432
1997-03-21 02:54,1.432
1997-03-21 03:00,1.432
1997-03-21 03:06,1.432
1997-03-21 03:12,1.433
1997-03-21 03:18,1.433
1997-03-21 03:24,1.433
1997-03-21 03:30,1.434
1997-03-21 03:36,1.435
1997-03-21 03:42,1.435
1997-03-21 03:48,1.436
1997-03-21 03:54,1.437
1997-03-21 04:00,1.438
1997-03-21 04:06,1.439
1997-03-21 04:12,1.440
1997-03-21 04:18,1.442
1997-03-21 04:24,1.443
1997-03-21 04:30,1.444
1997-03-21 04:36,1.445
1997-03-21 04:42,1.447
1997-03-21 04:48,1.448
1997-03-21 04:54,1.450
1997-03-21 05:00,1.451
1997-03-21 05:06,1.452
1997-03-21 05:12,1.454
1997-03-21 05:18,1.455
1997-03-21 05:24,1.457
1997-03-21 05:30,1.458
1997-03-21 05:36,1.459
1997-03-21 05:42,1.461
1997-03-21 05:48,1.462
1997-03-21 05:54,1.463
1997-03-21 06:00,1.464
1997-03-21 06:06,1.465
1997-03-21 06:12,1.466
1997-03-21 06:18,1.467
1997-03-21 06:24,1.468
1997-03-21 06:30,1.468
1997-03-21 06:36,1.469
1997-03-21 06:42,1.469
1997-03-21 06:48,1.469
1997-03-21 06:54,1.469
1997-03-21 07:00,1.469
1997-03-21 07:06,1.469
1997-03-21 07:12,1.469
1997-03-21 07:18,1.468
1997-03-21 07:24,1.468
1997-03-21 07:30,1.467
1997-03-21 07:36,1.466
1997-03-21 07:42,1.464
1997-03-21 07:48,1.463
1997-03-21 07:54,1.461
1997-03-21 08:00,1.460
1997-03-21 08:06,1.458
1997-03-21 08:12,1.456
1997-03-21 08:18,1.453
1997-03-21 08:24,1.451
1997-03-21 08:30,1.448
1997-03-21 08:36,1.445
1997-03-21 08:42,1.442
1997-03-21 08:48,1.439
1997-03-21 08:54,1.435
1997-03-21 09:00,1.432
1997-03-21 09:06,1.428
1997-03-21 09:12,1.424
1997-03-21 09:18,1.420
1997-03-21 09:24,1.416
1997-03-21 09:30,1.412
1997-03-21 09:36,1.408
1997-03-21 09:42,1.404
1997-03-21 09:48,1.399
1997-03-21 09:54,1.395
1997-03-21 10:00,1.390
1997-03-21 10:06,1.386
1997-03-21 10:12,1.381
1997-03-21 10:18,1.376
1997-03-21 10:24,1.372
1997-03-21 10:30,1.367
1997-03-21 10:36,1.363
1997-03-21 10:42,1.358
1997-03-21 10:48,1.354
1997-03-21 10:54,1.349
1997-03-21 11:00,1.345
1997-03-21 11:06,1.340
1997-03-21 11:12,1.336
1997-03-21 11:18,1.332
1997-03-21 11:24,1.328
1997-03-21 11:30,1.324
1997-03-21 11:36,1.320
1997-03-21 11:42,1.316
1997-03-21 11:48,1.312
1997-03-21 11:54,1.308
1997-03-21 12:00,1.305
1997-03-21 12:06,1.301
1997-03-21 12:12,1.298
1997-03-21 12:18,1.295
1997-03-21 12:24,1.292
1997-03-21 12:30,1.289
1997-03-21 12:36,1.286
1997-03-21 12:42,1.284
1997-03-21 12:48,1.281
1997-03-21 12:54,1.279
1997-03-21 13:00,1.277
1997-03-21 13:06,1.275
1997-03-21 13:12,1.273
1997-03-21 13:18,1.272
1997-03-21 13:24,1.270
1997-03-21 13:30,1.269
1997-03-21 13:36,1.268
1997-03-21 13:42,1.268
1997-03-21 13:48,1.267
1997-03-21 13:54,1.267
1997-03-21 14:00,1.267
1997-03-21 14:06,1.267
1997-03-21 14:12,1.268
1997-03-21 14:18,1.268
1997-03-21 14:24,1.269
1997-03-21 14:30,1.270
1997-03-21 14:36,1.272
1997-03-21 14:42,1.273
1997-03-21 14:48,1.275
1997-03-21 14:54,1.277
1997-03-21 15:00,1.279
1997-03-21 15:06,1.281
1997-03-21 15:12,1.284
1997-03-21 15:18,1.286
1997-03-21 15:24,1.289
1997-03-21 15:30,1.292
1997-03-21 15:36,1.295
1997-03-21 15:42,1.299
1997-03-21 15:48,1.302
1997-03-21 15:54,1.306
1997-03-21 16:00,1.309
1997-03-21 16:06,1.313
1997-03-21 16:12,1.317
1997-03-21 16:18,1.321
1997-03-21 16:24,1.325
1997-03-21 16:30,1.329
1997-03-21 16:36,1.333
1997-03-21 16:42,1.337
1997-03-21 16:48,1.342
1997-03-21 16:54,1.346
1997-03-21 17:00,1.350
1997-03-21 17:06,1.355
1997-03-21 17:12,1.359
1997-03-21 17:18,1.364
1997-03-21 17:24,1.368
1997-03-21 17:30,1.372
1997-03-21 17:36,1.377
1997-03-21 17:42,1.381
1997-03-21 17:48,1.386
1997-03-21 17:54,1.390
1997-03-21 18:00,1.395
1997-03-21 18:06,1.399
1997-03-21 18:12,1.403
1997-03-21 18:18,1.408
1997-03-21 18:24,1.412
1997-03-21 18:30,1.416
1997-03-21 18:36,1.421
1997-03-21 18:42,1.425
1997-03-21 18:48,1.429
1997-03-21 18:54,1.433
1997-03-21 19:00,1.437
1997-03-21 19:06,1.441
1997-03-21 19:12,1.444
1997-03-21 19:18,1.448
1997-03-21 19:24,1.451
1997-03-21 19:30,1.455
1997-03-21 19:36,1.458
1997-03-21 19:42,1.461
1997-03-21 19:48,1.464
1997-03-21 19:54,1.467
1997-03-21 20:00,1.469
1997-03-21 20:06,1.472
1997-03-21 20:12,1.474
1997-03-21 20:18,1.476
1997-03-21 20:24,1.478
1997-03-21 20:30,1.479
1997-03-21 20:36,1.481
1997-03-21 20:42,1.482
1997-03-21 20:48,1.483
1997-03-21 20:54,1.484
1997-03-21 21:00,1.485
1997-03-21 21:06,1.485
1997-03-21 21:12,1.485
1997-03-21 21:18,1.486
1997-03-21 21:24,1.486
1997-03-21 21:30,1.485
1997-03-21 21:36,1.485
1997-03-21 21:42,1.485
1997-03-21 21:48,1.484
1997-03-21 21:54,1.483
1997-03-21 22:00,1.483
1997-03-21 22:06,1.482
1997-03-21 22:12,1.481
1997-03-21 22:18,1.479
1997-03-21 22:24,1.478
1997-03-21 22:30,1.477
1997-03-21 22:36,1.476
1997-03-21 22:42,1.474
1997-03-21 22:48,1.473
1997-03-21 22:54,1.471
1997-03-21 23:00,1.470
1997-03-21 23:06,1.468
1997-03-21 23:12,1.466
1997-03-21 23:18,1.464
1997-03-21 23:24,1.463
1997-03-21 23:30,1.461
1997-03-21 23:36,1.459
1997-03-21 23:42,1.457
1997-03-21 23:48,1.455
1997-03-21 23:54,1.453
1997-03-22 00:00,1.451
1997-03-22 00:06,1.449
1997-03-22 00:12,1.447
1997-03-22 00:18,1.445
1997-03-22 00:24,1.443
1997-03-22 00:30,1.441
1997-03-22 00:36,1.439
1997-03-22 00:42,1.436
1997-03-22 00:48,1.434
1997-03-22 00:54,1.432
1997-03-22 01:00,1.430
1997-03-22 01:06,1.428
1997-03-22 01:12,1.426
1997-03-22 01:18,1.424
1997-03-22 01:24,1.422
1997-03-22 01:30,1.420
1997-03-22 01:36,1.419
1997-03-22 01:42,1.417
1997-03-22 01:48,1.415
1997-03-22 01:54,1.414
1997-03-22 02:00,1.413
1997-03-22 02:06,1.411
1997-03-22 02:12,1.410
1997-03-22 02:18,1.409
1997-03-22 02:24,1.408
1997-03-22 02:30,1.408
1997-03-22 02:36,1.407
1997-03-22 02:42,1.407
1997-03-22 02:48,1.407
1997-03-22 02:54,1.407
1997-03-22 03:00,1.407
1997-03-22 03:06,1.407
1997-03-22 03:12,1.407
1997-03-22 03:18,1.408
1997-03-22 03:24,1.409
1997-03-22 03:30,1.410
1997-03-22 03:36,1.411
1997-03-22 03:42,1.412
1997-03-22 03:48,1.413
1997-03-22 03:54,1.414
1997-03-22 04:00,1.416
1997-03-22 04:06,1.417
1997-03-22 04:12,1.419
1997-03-22 04:18,1.420
1997-03-22 04:24,1.422
1997-03-22 04:30,1.424
1997-03-22 04:36,1.426
1997-03-22 04:42,1.428
1997-03-22 04:48,1.430
1997-03-22 04:54,1.432
1997-03-22 05:00,1.434
1997-03-22 05:06,1.436
1997-03-22 05:12,1.438
1997-03-22 05:18,1.440
1997-03-22 05:24,1.442
1997-03-22 05:30,1.444
1997-03-22 05:36,1.446
1997-03-22 05:42,1.448
1997-03-22 05:48,1.450
1997-03-22 05:54,1.452
1997-03-22 06:00,1.455
1997-03-22 06:06,1.457
1997-03-22 06:12,1.459
1997-03-22 06:18,1.461
1997-03-22 06:24,1.463
1997-03-22 06:30,1.465
1997-03-22 06:36,1.467
1997-03-22 06:42,1.469
1997-03-22 06:48,1.471
1997-03-22 06:54,1.472
1997-03-22 07:00,1.474
1997-03-22 07:06,1.476
1997-03-22 07:12,1.477
1997-03-22 07:18,1.478
1997-03-22 07:24,1.480
1997-03-22 07:30,1.481
1997-03-22 07:36,1.482
1997-03-22 07:42,1.483
1997-03-22 07:48,1.483
1997-03-22 07:54,1.484
1997-03-22 08:00,1.484
1997-03-22 08:06,1.484
1997-03-22 08:12,1.484
1997-03-22 08:18,1.483
1997-03-22 08:24,1.483
1997-03-22 08:30,1.482
1997-03-22 08:36,1.481
1997-03-22 08:42,1.480
1997-03-22 08:48,1.478
1997-03-22 08:54,1.476
1997-03-22 09:00,1.474
1997-03-22 09:06,1.472
1997-03-22 09:12,1.469
1997-03-22 09:18,1.467
1997-03-22 09:24,1.464
1997-03-22 09:30,1.461
1997-03-22 09:36,1.457
1997-03-22 09:42,1.454
1997-03-22 09:48,1.450
1997-03-22 09:54,1.447
1997-03-22 10:00,1.443
1997-03-22 10:06,1.439
1997-03-22 10:12,1.435
1997-03-22 10:18,1.430
1997-03-22 10:24,1.426
1997-03-22 10:30,1.422
1997-03-22 10:36,1.417
1997-03-22 10:42,1.413
1997-03-22 10:48,1.409
1997-03-22 10:54,1.404
1997-03-22 11:00,1.400
1997-03-22 11:06,1.395
1997-03-22 11:12,1.391
1997-03-22 11:18,1.387
1997-03-22 11:24,1.382
1997-03-22 11:30,1.378
1997-03-22 11:36,1.374
1997-03-22 11:42,1.369
1997-03-22 11:48,1.365
1997-03-22 11:54,1.361
1997-03-22 12:00,1.357
1997-03-22 12:06,1.353
1997-03-22 12:12,1.349
1997-03-22 12:18,1.345
1997-03-22 12:24,1.341
1997-03-22 12:30,1.338
1997-03-22 12:36,1.334
1997-03-22 12:42,1.331
1997-03-22 12:48,1.327
1997-03-22 12:54,1.324
1997-03-22 13:00,1.321
1997-03-22 13:06,1.318
1997-03-22 13:12,1.315
1997-03-22 13:18,1.312
1997-03-22 13:24,1.309
1997-03-22 13:30,1.307
1997-03-22 13:36,1.304
1997-03-22 13:42,1.302
1997-03-22 13:48,1.300
1997-03-22 13:54,1.298
1997-03-22 14:00,1.297
1997-03-22 14:06,1.295
1997-03-22 14:12,1.294
1997-03-22 14:18,1.293
1997-03-22 14:24,1.292
1997-03-22 14:30,1.292
1997-03-22 14:36,1.292
1997-03-22 14:42,1.292
1997-03-22 14:48,1.292
1997-03-22 14:54,1.293
1997-03-22 15:00,1.293
1997-03-22 15:06,1.294
1997-03-22 15:12,1.295
1997-03-22 15:18,1.297
1997-03-22 15:24,1.299
1997-03-22 15:30,1.300
1997-03-22 15:36,1.303
1997-03-22 15:42,1.305
1997-03-22 15:48,1.307
1997-03-22 15:54,1.310
1997-03-22 16:00,1.313
1997-03-22 16:06,1.315
1997-03-22 16:12,1.318
1997-03-22 16:18,1.322
1997-03-22 16:24,1.325
1997-03-22 16:30,1.328
1997-03-22 16:36,1.331
1997-03-22 16:42,1.335
1997-03-22 16:48,1.338
1997-03-22 16:54,1.342
1997-03-22 17:00,1.346
1997-03-22 17:06,1.349
1997-03-22 17:12,1.353
1997-03-22 17:18,1.357
1997-03-22 17:24,1.361
1997-03-22 17:30,1.364
1997-03-22 17:36,1.368
1997-03-22 17:42,1.372
1997-03-22 17:48,1.376
1997-03-22 17:54,1.380
1997-03-22 18:00,1.383
1997-03-22 18:06,1.387
1997-03-22 18:12,1.391
1997-03-22 18:18,1.395
1997-03-22 18:24,1.399
1997-03-22 18:30,1.403
1997-03-22 18:36,1.407
1997-03-22 18:42,1.410
1997-03-22 18:48,1.414
1997-03-22 18:54,1.418
1997-03-22 19:00,1.422
1997-03-22 19:06,1.426
1997-03-22 19:12,1.429
1997-03-22 19:18,1.433
1997-03-22 19:24,1.436
1997-03-22 19:30,1.440
1997-03-22 19:36,1.443
1997-03-22 19:42,1.447
1997-03-22 19:48,1.450
1997-03-22 19:54,1.453
1997-03-22 20:00,1.456
1997-03-22 20:06,1.458
1997-03-22 20:12,1.461
1997-03-22 20:18,1.463
1997-03-22 20:24,1.465
1997-03-22 20:30,1.467
1997-03-22 20:36,1.469
1997-03-22 20:42,1.470
1997-03-22 20:48,1.472
1997-03-22 20:54,1.473
1997-03-22 21:00,1.474
1997-03-22 21:06,1.474
1997-03-22 21:12,1.475
1997-03-22 21:18,1.475
1997-03-22 21:24,1.475
1997-03-22 21:30,1.475
1997-03-22 21:36,1.474
1997-03-22 21:42,1.474
1997-03-22 21:48,1.473
1997-03-22 21:54,1.472
1997-03-22 22:00,1.471
1997-03-22 22:06,1.469
1997-03-22 22:12,1.468
1997-03-22 22:18,1.466
1997-03-22 22:24,1.465
1997-03-22 22:30,1.463
1997-03-22 22:36,1.461
1997-03-22 22:42,1.459
1997-03-22 22:48,1.457
1997-03-22 22:54,1.455
1997-03-22 23:00,1.453
1997-03-22 23:06,1.451
1997-03-22 23:12,1.449
1997-03-22 23:18,1.447
1997-03-22 23:24,1.444
1997-03-22 23:30,1.442
1997-03-22 23:36,1.440
1997-03-22 23:42,1.438
1997-03-22 23:48,1.435
1997-03-22 23:54,1.433
1997-03-23 00:00,1.431
1997-03-23 00:06,1.428
1997-03-23 00:12,1.426
1997-03-23 00:18,1.424
1997-03-23 00:24,1.421
1997-03-23 00:30,1.419
1997-03-23 00:36,1.416
1997-03-23 00:42,1.414
1997-03-23 00:48,1.412
1997-03-23 00:54,1.409
1997-03-23 01:00,1.407
1997-03-23 01:06,1.404
1997-03-23 01:12,1.402
1997-03-23 01:18,1.400
1997-03-23 01:24,1.397
1997-03-23 01:30,1.395
1997-03-23 01:36,1.393
1997-03-23 01:42,1.391
1997-03-23 01:48,1.389
1997-03-23 01:54,1.387
1997-03-23 02:00,1.385
1997-03-23 02:06,1.383
1997-03-23 02:12,1.382
1997-03-23 02:18,1.380
1997-03-23 02:24,1.379
1997-03-23 02:30,1.378
1997-03-23 02:36,1.377
1997-03-23 02:42,1.376
1997-03-23 02:48,1.375
1997-03-23 02:54,1.375
1997-03-23 03:00,1.375
1997-03-23 03:06,1.375
1997-03-23 03:12,1.375
1997-03-23 03:18,1.375
1997-03-23 03:24,1.376
1997-03-23 03:30,1.376
1997-03-23 03:36,1.377
1997-03-23 03:42,1.378
1997-03-23 03:48,1.380
1997-03-23 03:54,1.381
1997-03-23 04:00,1.383
1997-03-23 04:06,1.384
1997-03-23 04:12,1.386
1997-03-23 04:18,1.388
1997-03-23 04:24,1.390
1997-03-23 04:30,1.393
1997-03-23 04:36,1.395
1997-03-23 04:42,1.397
1997-03-23 04:48,1.400
1997-03-23 04:54,1.402
1997-03-23 05:00,1.405
1997-03-23 05:06,1.407
1997-03-23 05:12,1.410
1997-03-23 05:18,1.413
1997-03-23 05:24,1.416
1997-03-23 05:30,1.418
1997-03-23 05:36,1.421
1997-03-23 05:42,1.424
1997-03-23 05:48,1.427
1997-03-23 05:54,1.430
1997-03-23 06:00,1.433
1997-03-23 06:06,1.436
1997-03-23 06:12,1.439
1997-03-23 06:18,1.442
1997-03-23 06:24,1.445
1997-03-23 06:30,1.448
1997-03-23 06:36,1.451
1997-03-23 06:42,1.454
1997-03-23 06:48,1.457
1997-03-23 06:54,1.460
1997-03-23 07:00,1.463
1997-03-23 07:06,1.465
1997-03-23 07:12,1.468
1997-03-23 07:18,1.471
1997-03-23 07:24,1.474
1997-03-23 07:30,1.477
1997-03-23 07:36,1.479
1997-03-23 07:42,1.482
1997-03-23 07:48,1.484
1997-03-23 07:54,1.487
1997-03-23 08:00,1.489
1997-03-23 08:06,1.491
1997-03-23 08:12,1.493
1997-03-23 08:18,1.494
1997-03-23 08:24,1.496
1997-03-23 08:30,1.497
1997-03-23 08:36,1.498
1997-03-23 08:42,1.499
1997-03-23 08:48,1.499
1997-03-23 08:54,1.499
1997-03-23 09:00,1.499
1997-03-23 09:06,1.499
1997-03-23 09:12,1.499
1997-03-23 09:18,1.498
1997-03-23 09:24,1.497
1997-03-23 09:30,1.495
1997-03-23 09:36,1.494
1997-03-23 09:42,1.492
1997-03-23 09:48,1.490
1997-03-23 09:54,1.488
1997-03-23 10:00,1.485
1997-03-23 10:06,1.482
1997-03-23 10:12,1.479
1997-03-23 10:18,1.476
1997-03-23 10:24,1.473
1997-03-23 10:30,1.470
1997-03-23 10:36,1.466
1997-03-23 10:42,1.463
1997-03-23 10:48,1.459
1997-03-23 10:54,1.455
1997-03-23 11:00,1.451
1997-03-23 11:06,1.447
1997-03-23 11:12,1.443
1997-03-23 11:18,1.439
1997-03-23 11:24,1.435
1997-03-23 11:30,1.431
1997-03-23 11:36,1.427
1997-03-23 11:42,1.423
1997-03-23 11:48,1.419
1997-03-23 11:54,1.415
1997-03-23 12:00,1.411
1997-03-23 12:06,1.407
1997-03-23 12:12,1.403
1997-03-23 12:18,1.399
1997-03-23 12:24,1.395
1997-03-23 12:30,1.391
1997-03-23 12:36,1.387
1997-03-23 12:42,1.383
1997-03-23 12:48,1.379
1997-03-23 12:54,1.375
1997-03-23 13:00,1.372
1997-03-23 13:06,1.368
1997-03-23 13:12,1.364
1997-03-23 13:18,1.361
1997-03-23 13:24,1.357
1997-03-23 13:30,1.354
1997-03-23 13:36,1.351
1997-03-23 13:42,1.348
1997-03-23 13:48,1.345
1997-03-23 13:54,1.342
1997-03-23 14:00,1.339
1997-03-23 14:06,1.336
1997-03-23 14:12,1.334
1997-03-23 14:18,1.332
1997-03-23 14:24,1.330
1997-03-23 14:30,1.328
1997-03-23 14:36,1.326
1997-03-23 14:42,1.325
1997-03-23 14:48,1.323
1997-03-23 14:54,1.322
1997-03-23 15:00,1.322
1997-03-23 15:06,1.321
1997-03-23 15:12,1.321
1997-03-23 15:18,1.321
1997-03-23 15:24,1.321
1997-03-23 15:30,1.322
1997-03-23 15:36,1.322
1997-03-23 15:42,1.323
1997-03-23 15:48,1.324
1997-03-23 15:54,1.326
1997-03-23 16:00,1.327
1997-03-23 16:06,1.329
1997-03-23 16:12,1.331
1997-03-23 16:18,1.333
1997-03-23 16:24,1.335
1997-03-23 16:30,1.337
1997-03-23 16:36,1.340
1997-03-23 16:42,1.342
1997-03-23 16:48,1.345
1997-03-23 16:54,1.348
1997-03-23 17:00,1.351
1997-03-23 17:06,1.354
1997-03-23 17:12,1.357
1997-03-23 17:18,1.360
1997-03-23 17:24,1.363
1997-03-23 17:30,1.366
1997-03-23 17:36,1.369
1997-03-23 17:42,1.372
1997-03-23 17:48,1.376
1997-03-23 17:54,1.379
1997-03-23 18:00,1.382
1997-03-23 18:06,1.386
1997-03-23 18:12,1.389
1997-03-23 18:18,1.392
1997-03-23 18:24,1.395
1997-03-23 18:30,1.399
1997-03-23 18:36,1.402
1997-03-23 18:42,1.406
1997-03-23 18:48,1.409
1997-03-23 18:54,1.412
1997-03-23 19:00,1.416
1997-03-23 19:06,1.419
1997-03-23 19:12,1.422
1997-03-23 19:18,1.426
1997-03-23 19:24,1.429
1997-03-23 19:30,1.432
1997-03-23 19:36,1.435
1997-03-23 19:42,1.438
1997-03-23 19:48,1.441
1997-03-23 19:54,1.444
1997-03-23 20:00,1.447
1997-03-23 20:06,1.450
1997-03-23 20:12,1.452
1997-03-23 20:18,1.455
1997-03-23 20:24,1.457
1997-03-23 20:30,1.459
1997-03-23 20:36,1.461
1997-03-23 20:42,1.463
1997-03-23 20:48,1.465
1997-03-23 20:54,1.466
1997-03-23 21:00,1.467
1997-03-23 21:06,1.468
1997-03-23 21:12,1.469
1997-03-23 21:18,1.469
1997-03-23 21:24,1.469
1997-03-23 21:30,1.469
1997-03-23 21:36,1.469
1997-03-23 21:42,1.468
1997-03-23 21:48,1.468
1997-03-23 21:54,1.467
1997-03-23 22:00,1.466
1997-03-23 22:06,1.464
1997-03-23 22:12,1.463
1997-03-23 22:18,1.461
1997-03-23 22:24,1.459
1997-03-23 22:30,1.457
1997-03-23 22:36,1.455
1997-03-23 22:42,1.453
1997-03-23 22:48,1.450
1997-03-23 22:54,1.448
1997-03-23 23:00,1.445
1997-03-23 23:06,1.442
1997-03-23 23:12,1.439
1997-03-23 23:18,1.437
1997-03-23 23:24,1.434
1997-03-23 23:30,1.431
1997-03-23 23:36,1.428
1997-03-23 23:42,1.425
1997-03-23 23:48,1.422
1997-03-23 23:54,1.419
1997-03-24 00:00,1.416
1997-03-24 00:06,1.413
1997-03-24 00:12,1.410
1997-03-24 00:18,1.407
1997-03-24 00:24,1.404
1997-03-24 00:30,1.401
1997-03-24 00:36,1.398
1997-03-24 00:42,1.395
1997-03-24 00:48,1.392
1997-03-24 00:54,1.389
1997-03-24 01:00,1.386
1997-03-24 01:06,1.383
1997-03-24 01:12,1.380
1997-03-24 01:18,1.378
1997-03-24 01:24,1.375
1997-03-24 01:30,1.372
1997-03-24 01:36,1.369
1997-03-24 01:42,1.367
1997-03-24 01:48,1.364
1997-03-24 01:54,1.361
1997-03-24 02:00,1.359
1997-03-24 02:06,1.357
1997-03-24 02:12,1.355
1997-03-24 02:18,1.352
1997-03-24 02:24,1.350
1997-03-24 02:30,1.349
1997-03-24 02:36,1.347
1997-03-24 02:42,1.345
1997-03-24 02:48,1.344
1997-03-24 02:54,1.343
1997-03-24 03:00,1.342
1997-03-24 03:06,1.341
1997-03-24 03:12,1.341
1997-03-24 03:18,1.340
1997-03-24 03:24,1.340
1997-03-24 03:30,1.340
1997-03-24 03:36,1.341
1997-03-24 03:42,1.341
1997-03-24 03:48,1.342
1997-03-24 03:54,1.343
1997-03-24 04:00,1.344
1997-03-24 04:06,1.345
1997-03-24 04:12,1.347
1997-03-24 04:18,1.349
1997-03-24 04:24,1.351
1997-03-24 04:30,1.353
1997-03-24 04:36,1.355
1997-03-24 04:42,1.358
1997-03-24 04:48,1.360
1997-03-24 04:54,1.363
1997-03-24 05:00,1.366
1997-03-24 05:06,1.369
1997-03-24 05:12,1.372
1997-03-24 05:18,1.375
1997-03-24 05:24,1.378
1997-03-24 05:30,1.381
1997-03-24 05:36,1.385
1997-03-24 05:42,1.388
1997-03-24 05:48,1.392
1997-03-24 05:54,1.395
1997-03-24 06:00,1.399
1997-03-24 06:06,1.403
1997-03-24 06:12,1.406
1997-03-24 06:18,1.410
1997-03-24 06:24,1.414
1997-03-24 06:30,1.418
1997-03-24 06:36,1.422
1997-03-24 06:42,1.426
1997-03-24 06:48,1.430
1997-03-24 06:54,1.434
1997-03-24 07:00,1.438
1997-03-24 07:06,1.442
1997-03-24 07:12,1.446
1997-03-24 07:18,1.450
1997-03-24 07:24,1.454
1997-03-24 07:30,1.458
1997-03-24 07:36,1.462
1997-03-24 07:42,1.465
1997-03-24 07:48,1.469
1997-03-24 07:54,1.473
1997-03-24 08:00,1.477
1997-03-24 08:06,1.480
1997-03-24 08:12,1.484
1997-03-24 08:18,1.487
1997-03-24 08:24,1.490
1997-03-24 08:30,1.493
1997-03-24 08:36,1.496
1997-03-24 08:42,1.499
1997-03-24 08:48,1.501
1997-03-24 08:54,1.503
1997-03-24 09:00,1.505
1997-03-24 09:06,1.507
1997-03-24 09:12,1.509
1997-03-24 09:18,1.510
1997-03-24 09:24,1.511
1997-03-24 09:30,1.512
1997-03-24 09:36,1.512
1997-03-24 09:42,1.512
1997-03-24 09:48,1.512
1997-03-24 09:54,1.512
1997-03-24 10:00,1.512
1997-03-24 10:06,1.511
1997-03-24 10:12,1.510
1997-03-24 10:18,1.508
1997-03-24 10:24,1.507
1997-03-24 10:30,1.505
1997-03-24 10:36,1.503
1997-03-24 10:42,1.501
1997-03-24 10:48,1.499
1997-03-24 10:54,1.496
1997-03-24 11:00,1.494
1997-03-24 11:06,1.491
1997-03-24 11:12,1.488
1997-03-24 11:18,1.485
1997-03-24 11:24,1.482
1997-03-24 11:30,1.478
1997-03-24 11:36,1.475
1997-03-24 11:42,1.472
1997-03-24 11:48,1.468
1997-03-24 11:54,1.465
1997-03-24 12:00,1.461
1997-03-24 12:06,1.457
1997-03-24 12:12,1.454
1997-03-24 12:18,1.450
1997-03-24 12:24,1.446
1997-03-24 12:30,1.443
1997-03-24 12:36,1.439
1997-03-24 12:42,1.435
1997-03-24 12:48,1.431
1997-03-24 12:54,1.428
1997-03-24 13:00,1.424
1997-03-24 13:06,1.420
1997-03-24 13:12,1.416
1997-03-24 13:18,1.413
1997-03-24 13:24,1.409
1997-03-24 13:30,1.406
1997-03-24 13:36,1.402
1997-03-24 13:42,1.399
1997-03-24 13:48,1.395
1997-03-24 13:54,1.392
1997-03-24 14:00,1.388
1997-03-24 14:06,1.385
1997-03-24 14:12,1.382
1997-03-24 14:18,1.379
1997-03-24 14:24,1.376
1997-03-24 14:30,1.374
1997-03-24 14:36,1.371
1997-03-24 14:42,1.369
1997-03-24 14:48,1.366
1997-03-24 14:54,1.364
1997-03-24 15:00,1.362
1997-03-24 15:06,1.361
1997-03-24 15:12,1.359
1997-03-24 15:18,1.358
1997-03-24 15:24,1.357
1997-03-24 15:30,1.356
1997-03-24 15:36,1.355
1997-03-24 15:42,1.354
1997-03-24 15:48,1.354
1997-03-24 15:54,1.354
1997-03-24 16:00,1.354
1997-03-24 16:06,1.354
1997-03-24 16:12,1.355
1997-03-24 16:18,1.356
1997-03-24 16:24,1.356
1997-03-24 16:30,1.357
1997-03-24 16:36,1.359
1997-03-24 16:42,1.360
1997-03-24 16:48,1.362
1997-03-24 16:54,1.363
1997-03-24 17:00,1.365
1997-03-24 17:06,1.367
1997-03-24 17:12,1.369
1997-03-24 17:18,1.371
1997-03-24 17:24,1.373
1997-03-24 17:30,1.376
1997-03-24 17:36,1.378
1997-03-24 17:42,1.381
1997-03-24 17:48,1.383
1997-03-24 17:54,1.386
1997-03-24 18:00,1.389
1997-03-24 18:06,1.391
1997-03-24 18:12,1.394
1997-03-24 18:18,1.397
1997-03-24 18:24,1.400
1997-03-24 18:30,1.403
1997-03-24 18:36,1.405
1997-03-24 18:42,1.408
1997-03-24 18:48,1.411
1997-03-24 18:54,1.414
1997-03-24 19:00,1.417
1997-03-24 19:06,1.420
1997-03-24 19:12,1.423
1997-03-24 19:18,1.426
1997-03-24 19:24,1.429
1997-03-24 19:30,1.432
1997-03-24 19:36,1.434
1997-03-24 19:42,1.437
1997-03-24 19:48,1.440
1997-03-24 19:54,1.442
1997-03-24 20:00,1.445
1997-03-24 20:06,1.447
1997-03-24 20:12,1.450
1997-03-24 20:18,1.452
1997-03-24 20:24,1.454
1997-03-24 20:30,1.456
1997-03-24 20:36,1.458
1997-03-24 20:42,1.460
1997-03-24 20:48,1.462
1997-03-24 20:54,1.463
1997-03-24 21:00,1.464
1997-03-24 21:06,1.465
1997-03-24 21:12,1.466
1997-03-24 21:18,1.467
1997-03-24 21:24,1.467
1997-03-24 21:30,1.467
1997-03-24 21:36,1.467
1997-03-24 21:42,1.467
1997-03-24 21:48,1.466
1997-03-24 21:54,1.466
1997-03-24 22:00,1.465
1997-03-24 22:06,1.464
1997-03-24 22:12,1.462
1997-03-24 22:18,1.461
1997-03-24 22:24,1.459
1997-03-24 22:30,1.457
1997-03-24 22:36,1.455
1997-03-24 22:42,1.452
1997-03-24 22:48,1.450
1997-03-24 22:54,1.447
1997-03-24 23:00,1.444
1997-03-24 23:06,1.442
1997-03-24 23:12,1.438
1997-03-24 23:18,1.435
1997-03-24 23:24,1.432
1997-03-24 23:30,1.429
1997-03-24 23:36,1.425
1997-03-24 23:42,1.422
1997-03-24 23:48,1.418
1997-03-24 23:54,1.414
1997-03-25 00:00,1.411
1997-03-25 00:06,1.407
1997-03-25 00:12,1.403
1997-03-25 00:18,1.399
1997-03-25 00:24,1.396
1997-03-25 00:30,1.392
1997-03-25 00:36,1.388
1997-03-25 00:42,1.384
1997-03-25 00:48,1.381
1997-03-25 00:54,1.377
1997-03-25 01:00,1.373
1997-03-25 01:06,1.369
1997-03-25 01:12,1.366
1997-03-25 01:18,1.362
1997-03-25 01:24,1.359
1997-03-25 01:30,1.355
1997-03-25 01:36,1.352
1997-03-25 01:42,1.348
1997-03-25 01:48,1.345
1997-03-25 01:54,1.342
1997-03-25 02:00,1.338
1997-03-25 02:06,1.335
1997-03-25 02:12,1.332
1997-03-25 02:18,1.330
1997-03-25 02:24,1.327
1997-03-25 02:30,1.324
1997-03-25 02:36,1.322
1997-03-25 02:42,1.320
1997-03-25 02:48,1.317
1997-03-25 02:54,1.316
1997-03-25 03:00,1.314
1997-03-25 03:06,1.312
1997-03-25 03:12,1.311
1997-03-25 03:18,1.309
1997-03-25 03:24,1.308
1997-03-25 03:30,1.308
1997-03-25 03:36,1.307
1997-03-25 03:42,1.306
1997-03-25 03:48,1.306
1997-03-25 03:54,1.306
1997-03-25 04:00,1.307
1997-03-25 04:06,1.307
1997-03-25 04:12,1.308
1997-03-25 04:18,1.309
1997-03-25 04:24,1.310
1997-03-25 04:30,1.311
1997-03-25 04:36,1.313
1997-03-25 04:42,1.315
1997-03-25 04:48,1.317
1997-03-25 04:54,1.319
1997-03-25 05:00,1.321
1997-03-25 05:06,1.324
1997-03-25 05:12,1.327
1997-03-25 05:18,1.329
1997-03-25 05:24,1.333
1997-03-25 05:30,1.336
1997-03-25 05:36,1.339
1997-03-25 05:42,1.343
1997-03-25 05:48,1.347
1997-03-25 05:54,1.351
1997-03-25 06:00,1.355
1997-03-25 06:06,1.359
1997-03-25 06:12,1.363
1997-03-25 06:18,1.367
1997-03-25 06:24,1.372
1997-03-25 06:30,1.376
1997-03-25 06:36,1.381
1997-03-25 06:42,1.386
1997-03-25 06:48,1.390
1997-03-25 06:54,1.395
1997-03-25 07:00,1.400
1997-03-25 07:06,1.405
1997-03-25 07:12,1.410
1997-03-25 07:18,1.415
1997-03-25 07:24,1.420
1997-03-25 07:30,1.425
1997-03-25 07:36,1.430
1997-03-25 07:42,1.435
1997-03-25 07:48,1.440
1997-03-25 07:54,1.445
1997-03-25 08:00,1.450
1997-03-25 08:06,1.455
1997-03-25 08:12,1.460
1997-03-25 08:18,1.464
1997-03-25 08:24,1.469
1997-03-25 08:30,1.473
1997-03-25 08:36,1.478
1997-03-25 08:42,1.482
1997-03-25 08:48,1.486
1997-03-25 08:54,1.490
1997-03-25 09:00,1.494
1997-03-25 09:06,1.497
1997-03-25 09:12,1.500
1997-03-25 09:18,1.504
1997-03-25 09:24,1.507
1997-03-25 09:30,1.509
1997-03-25 09:36,1.512
1997-03-25 09:42,1.514
1997-03-25 09:48,1.516
1997-03-25 09:54,1.518
1997-03-25 10:00,1.519
1997-03-25 10:06,1.521
1997-03-25 10:12,1.522
1997-03-25 10:18,1.523
1997-03-25 10:24,1.523
1997-03-25 10:30,1.523
1997-03-25 10:36,1.523
1997-03-25 10:42,1.523
1997-03-25 10:48,1.523
1997-03-25 10:54,1.522
1997-03-25 11:00,1.522
1997-03-25 11:06,1.521
1997-03-25 11:12,1.519
1997-03-25 11:18,1.518
1997-03-25 11:24,1.516
1997-03-25 11:30,1.515
1997-03-25 11:36,1.513
1997-03-25 11:42,1.511
1997-03-25 11:48,1.508
1997-03-25 11:54,1.506
1997-03-25 12:00,1.503
1997-03-25 12:06,1.501
1997-03-25 12:12,1.498
1997-03-25 12:18,1.495
1997-03-25 12:24,1.492
1997-03-25 12:30,1.489
1997-03-25 12:36,1.486
1997-03-25 12:42,1.483
1997-03-25 12:48,1.480
1997-03-25 12:54,1.477
1997-03-25 13:00,1.473
1997-03-25 13:06,1.470
1997-03-25 13:12,1.467
1997-03-25 13:18,1.463
1997-03-25 13:24,1.460
1997-03-25 13:30,1.456
1997-03-25 13:36,1.453
1997-03-25 13:42,1.450
1997-03-25 13:48,1.446
1997-03-25 13:54,1.443
1997-03-25 14:00,1.440
1997-03-25 14:06,1.437
1997-03-25 14:12,1.433
1997-03-25 14:18,1.430
1997-03-25 14:24,1.427
1997-03-25 14:30,1.424
1997-03-25 14:36,1.421
1997-03-25 14:42,1.419
1997-03-25 14:48,1.416
1997-03-25 14:54,1.413
1997-03-25 15:00,1.411
1997-03-25 15:06,1.408
1997-03-25 15:12,1.406
1997-03-25 15:18,1.404
1997-03-25 15:24,1.402
1997-03-25 15:30,1.400
1997-03-25 15:36,1.398
1997-03-25 15:42,1.397
1997-03-25 15:48,1.395
1997-03-25 15:54,1.394
1997-03-25 16:00,1.393
1997-03-25 16:06,1.392
1997-03-25 16:12,1.391
1997-03-25 16:18,1.391
1997-03-25 16:24,1.390
1997-03-25 16:30,1.390
1997-03-25 16:36,1.390
1997-03-25 16:42,1.389
1997-03-25 16:48,1.390
1997-03-25 16:54,1.390
1997-03-25 17:00,1.390
1997-03-25 17:06,1.391
1997-03-25 17:12,1.392
1997-03-25 17:18,1.392
1997-03-25 17:24,1.393
1997-03-25 17:30,1.395
1997-03-25 17:36,1.396
1997-03-25 17:42,1.397
1997-03-25 17:48,1.399
1997-03-25 17:54,1.401
1997-03-25 18:00,1.402
1997-03-25 18:06,1.404
1997-03-25 18:12,1.406
1997-03-25 18:18,1.408
1997-03-25 18:24,1.410
1997-03-25 18:30,1.412
1997-03-25 18:36,1.415
1997-03-25 18:42,1.417
1997-03-25 18:48,1.419
1997-03-25 18:54,1.422
1997-03-25 19:00,1.424
1997-03-25 19:06,1.427
1997-03-25 19:12,1.429
1997-03-25 19:18,1.432
1997-03-25 19:24,1.434
1997-03-25 19:30,1.437
1997-03-25 19:36,1.439
1997-03-25 19:42,1.442
1997-03-25 19:48,1.444
1997-03-25 19:54,1.447
1997-03-25 20:00,1.449
1997-03-25 20:06,1.451
1997-03-25 20:12,1.453
1997-03-25 20:18,1.455
1997-03-25 20:24,1.457
1997-03-25 20:30,1.459
1997-03-25 20:36,1.460
1997-03-25 20:42,1.462
1997-03-25 20:48,1.463
1997-03-25 20:54,1.465
1997-03-25 21:00,1.466
1997-03-25 21:06,1.467
1997-03-25 21:12,1.467
1997-03-25 21:18,1.468
1997-03-25 21:24,1.468
1997-03-25 21:30,1.469
1997-03-25 21:36,1.469
1997-03-25 21:42,1.468
1997-03-25 21:48,1.468
1997-03-25 21:54,1.468
1997-03-25 22:00,1.467
1997-03-25 22:06,1.466
1997-03-25 22:12,1.465
1997-03-25 22:18,1.463
1997-03-25 22:24,1.462
1997-03-25 22:30,1.460
1997-03-25 22:36,1.458
1997-03-25 22:42,1.456
1997-03-25 22:48,1.454
1997-03-25 22:54,1.451
1997-03-25 23:00,1.449
1997-03-25 23:06,1.446
1997-03-25 23:12,1.443
1997-03-25 23:18,1.440
1997-03-25 23:24,1.437
1997-03-25 23:30,1.433
1997-03-25 23:36,1.430
1997-03-25 23:42,1.426
1997-03-25 23:48,1.422
1997-03-25 23:54,1.418
1997-03-26 00:00,1.414
1997-03-26 00:06,1.410
1997-03-26 00:12,1.406
1997-03-26 00:18,1.402
1997-03-26 00:24,1.397
1997-03-26 00:30,1.393
1997-03-26 00:36,1.388
1997-03-26 00:42,1.384
1997-03-26 00:48,1.379
1997-03-26 00:54,1.375
1997-03-26 01:00,1.370
1997-03-26 01:06,1.366
1997-03-26 01:12,1.361
1997-03-26 01:18,1.357
1997-03-26 01:24,1.352
1997-03-26 01:30,1.348
1997-03-26 01:36,1.343
1997-03-26 01:42,1.339
1997-03-26 01:48,1.335
1997-03-26 01:54,1.331
1997-03-26 02:00,1.327
1997-03-26 02:06,1.323
1997-03-26 02:12,1.319
1997-03-26 02:18,1.315
1997-03-26 02:24,1.311
1997-03-26 02:30,1.308
1997-03-26 02:36,1.305
1997-03-26 02:42,1.302
1997-03-26 02:48,1.298
1997-03-26 02:54,1.296
1997-03-26 03:00,1.293
1997-03-26 03:06,1.290
1997-03-26 03:12,1.288
1997-03-26 03:18,1.286
1997-03-26 03:24,1.284
1997-03-26 03:30,1.282
1997-03-26 03:36,1.280
1997-03-26 03:42,1.279
1997-03-26 03:48,1.278
1997-03-26 03:54,1.277
1997-03-26 04:00,1.276
1997-03-26 04:06,1.275
1997-03-26 04:12,1.275
1997-03-26 04:18,1.274
1997-03-26 04:24,1.274
1997-03-26 04:30,1.275
1997-03-26 04:36,1.275
1997-03-26 04:42,1.276
1997-03-26 04:48,1.277
1997-03-26 04:54,1.278
1997-03-26 05:00,1.279
1997-03-26 05:06,1.280
1997-03-26 05:12,1.282
1997-03-26 05:18,1.284
1997-03-26 05:24,1.286
1997-03-26 05:30,1.289
1997-03-26 05:36,1.292
1997-03-26 05:42,1.295
1997-03-26 05:48,1.298
1997-03-26 05:54,1.301
1997-03-26 06:00,1.305
1997-03-26 06:06,1.308
1997-03-26 06:12,1.312
1997-03-26 06:18,1.317
1997-03-26 06:24,1.321
1997-03-26 06:30,1.326
1997-03-26 06:36,1.330
1997-03-26 06:42,1.335
1997-03-26 06:48,1.340
1997-03-26 06:54,1.346
1997-03-26 07:00,1.351
1997-03-26 07:06,1.357
1997-03-26 07:12,1.362
1997-03-26 07:18,1.368
1997-03-26 07:24,1.374
1997-03-26 07:30,1.380
1997-03-26 07:36,1.386
1997-03-26 07:42,1.392
1997-03-26 07:48,1.398
1997-03-26 07:54,1.404
1997-03-26 08:00,1.409
1997-03-26 08:06,1.415
1997-03-26 08:12,1.421
1997-03-26 08:18,1.427
1997-03-26 08:24,1.433
1997-03-26 08:30,1.439
1997-03-26 08:36,1.444
1997-03-26 08:42,1.450
1997-03-26 08:48,1.455
1997-03-26 08:54,1.461
1997-03-26 09:00,1.466
1997-03-26 09:06,1.471
1997-03-26 09:12,1.476
1997-03-26 09:18,1.480
1997-03-26 09:24,1.485
1997-03-26 09:30,1.489
1997-03-26 09:36,1.493
1997-03-26 09:42,1.497
1997-03-26 09:48,1.501
1997-03-26 09:54,1.505
1997-03-26 10:00,1.508
1997-03-26 10:06,1.511
1997-03-26 10:12,1.514
1997-03-26 10:18,1.517
1997-03-26 10:24,1.520
1997-03-26 10:30,1.522
1997-03-26 10:36,1.524
1997-03-26 10:42,1.526
1997-03-26 10:48,1.528
1997-03-26 10:54,1.530
1997-03-26 11:00,1.531
1997-03-26 11:06,1.532
1997-03-26 11:12,1.533
1997-03-26 11:18,1.534
1997-03-26 11:24,1.534
1997-03-26 11:30,1.534
1997-03-26 11:36,1.534
1997-03-26 11:42,1.534
1997-03-26 11:48,1.534
1997-03-26 11:54,1.533
1997-03-26 12:00,1.532
1997-03-26 12:06,1.531
1997-03-26 12:12,1.530
1997-03-26 12:18,1.529
1997-03-26 12:24,1.527
1997-03-26 12:30,1.526
1997-03-26 12:36,1.524
1997-03-26 12:42,1.522
1997-03-26 12:48,1.520
1997-03-26 12:54,1.518
1997-03-26 13:00,1.515
1997-03-26 13:06,1.513
1997-03-26 13:12,1.510
1997-03-26 13:18,1.508
1997-03-26 13:24,1.505
1997-03-26 13:30,1.502
1997-03-26 13:36,1.500
1997-03-26 13:42,1.497
1997-03-26 13:48,1.494
1997-03-26 13:54,1.491
1997-03-26 14:00,1.488
1997-03-26 14:06,1.485
1997-03-26 14:12,1.482
1997-03-26 14:18,1.480
1997-03-26 14:24,1.477
1997-03-26 14:30,1.474
1997-03-26 14:36,1.471
1997-03-26 14:42,1.469
1997-03-26 14:48,1.466
1997-03-26 14:54,1.463
1997-03-26 15:00,1.461
1997-03-26 15:06,1.458
1997-03-26 15:12,1.456
1997-03-26 15:18,1.454
1997-03-26 15:24,1.452
1997-03-26 15:30,1.449
1997-03-26 15:36,1.447
1997-03-26 15:42,1.445
1997-03-26 15:48,1.444
1997-03-26 15:54,1.442
1997-03-26 16:00,1.440
1997-03-26 16:06,1.438
1997-03-26 16:12,1.437
1997-03-26 16:18,1.435
1997-03-26 16:24,1.434
1997-03-26 16:30,1.432
1997-03-26 16:36,1.431
1997-03-26 16:42,1.430
1997-03-26 16:48,1.429
1997-03-26 16:54,1.428
1997-03-26 17:00,1.427
1997-03-26 17:06,1.427
1997-03-26 17:12,1.426
1997-03-26 17:18,1.426
1997-03-26 17:24,1.425
1997-03-26 17:30,1.425
1997-03-26 17:36,1.425
1997-03-26 17:42,1.425
1997-03-26 17:48,1.425
1997-03-26 17:54,1.425
1997-03-26 18:00,1.426
1997-03-26 18:06,1.427
1997-03-26 18:12,1.427
1997-03-26 18:18,1.428
1997-03-26 18:24,1.429
1997-03-26 18:30,1.430
1997-03-26 18:36,1.432
1997-03-26 18:42,1.433
1997-03-26 18:48,1.435
1997-03-26 18:54,1.436
1997-03-26 19:00,1.438
1997-03-26 19:06,1.440
1997-03-26 19:12,1.442
1997-03-26 19:18,1.444
1997-03-26 19:24,1.446
1997-03-26 19:30,1.448
1997-03-26 19:36,1.450
1997-03-26 19:42,1.452
1997-03-26 19:48,1.454
1997-03-26 19:54,1.456
1997-03-26 20:00,1.458
1997-03-26 20:06,1.460
1997-03-26 20:12,1.461
1997-03-26 20:18,1.463
1997-03-26 20:24,1.465
1997-03-26 20:30,1.466
1997-03-26 20:36,1.468
1997-03-26 20:42,1.469
1997-03-26 20:48,1.470
1997-03-26 20:54,1.472
1997-03-26 21:00,1.472
1997-03-26 21:06,1.473
1997-03-26 21:12,1.474
1997-03-26 21:18,1.474
1997-03-26 21:24,1.475
1997-03-26 21:30,1.475
1997-03-26 21:36,1.475
1997-03-26 21:42,1.474
1997-03-26 21:48,1.474
1997-03-26 21:54,1.473
1997-03-26 22:00,1.473
1997-03-26 22:06,1.472
1997-03-26 22:12,1.471
1997-03-26 22:18,1.469
1997-03-26 22:24,1.468
1997-03-26 22:30,1.466
1997-03-26 22:36,1.465
1997-03-26 22:42,1.463
1997-03-26 22:48,1.461
1997-03-26 22:54,1.458
1997-03-26 23:00,1.456
1997-03-26 23:06,1.454
1997-03-26 23:12,1.451
1997-03-26 23:18,1.448
1997-03-26 23:24,1.445
1997-03-26 23:30,1.442
1997-03-26 23:36,1.439
1997-03-26 23:42,1.435
1997-03-26 23:48,1.431
1997-03-26 23:54,1.428
1997-03-27 00:00,1.424
1997-03-27 00:06,1.420
1997-03-27 00:12,1.415
1997-03-27 00:18,1.411
1997-03-27 00:24,1.407
1997-03-27 00:30,1.402
1997-03-27 00:36,1.397
1997-03-27 00:42,1.393
1997-03-27 00:48,1.388
1997-03-27 00:54,1.383
1997-03-27 01:00,1.378
1997-03-27 01:06,1.373
1997-03-27 01:12,1.367
1997-03-27 01:18,1.362
1997-03-27 01:24,1.357
1997-03-27 01:30,1.352
1997-03-27 01:36,1.347
1997-03-27 01:42,1.342
1997-03-27 01:48,1.336
1997-03-27 01:54,1.331
1997-03-27 02:00,1.326
1997-03-27 02:06,1.321
1997-03-27 02:12,1.317
1997-03-27 02:18,1.312
1997-03-27 02:24,1.307
1997-03-27 02:30,1.303
1997-03-27 02:36,1.298
1997-03-27 02:42,1.294
1997-03-27 02:48,1.290
1997-03-27 02:54,1.286
1997-03-27 03:00,1.282
1997-03-27 03:06,1.279
1997-03-27 03:12,1.275
1997-03-27 03:18,1.272
1997-03-27 03:24,1.269
1997-03-27 03:30,1.266
1997-03-27 03:36,1.264
1997-03-27 03:42,1.261
1997-03-27 03:48,1.259
1997-03-27 03:54,1.257
1997-03-27 04:00,1.255
1997-03-27 04:06,1.253
1997-03-27 04:12,1.251
1997-03-27 04:18,1.250
1997-03-27 04:24,1.248
1997-03-27 04:30,1.247
1997-03-27 04:36,1.247
1997-03-27 04:42,1.246
1997-03-27 04:48,1.245
1997-03-27 04:54,1.245
1997-03-27 05:00,1.245
1997-03-27 05:06,1.245
1997-03-27 05:12,1.246
1997-03-27 05:18,1.246
1997-03-27 05:24,1.247
1997-03-27 05:30,1.248
1997-03-27 05:36,1.249
1997-03-27 05:42,1.251
1997-03-27 05:48,1.253
1997-03-27 05:54,1.255
1997-03-27 06:00,1.257
1997-03-27 06:06,1.260
1997-03-27 06:12,1.263
1997-03-27 06:18,1.266
1997-03-27 06:24,1.269
1997-03-27 06:30,1.273
1997-03-27 06:36,1.277
1997-03-27 06:42,1.281
1997-03-27 06:48,1.286
1997-03-27 06:54,1.291
1997-03-27 07:00,1.296
1997-03-27 07:06,1.301
1997-03-27 07:12,1.306
1997-03-27 07:18,1.312
1997-03-27 07:24,1.318
1997-03-27 07:30,1.324
1997-03-27 07:36,1.330
1997-03-27 07:42,1.336
1997-03-27 07:48,1.343
1997-03-27 07:54,1.349
1997-03-27 08:00,1.356
1997-03-27 08:06,1.362
1997-03-27 08:12,1.369
1997-03-27 08:18,1.376
1997-03-27 08:24,1.382
1997-03-27 08:30,1.389
1997-03-27 08:36,1.396
1997-03-27 08:42,1.402
1997-03-27 08:48,1.409
1997-03-27 08:54,1.415
1997-03-27 09:00,1.422
1997-03-27 09:06,1.428
1997-03-27 09:12,1.434
1997-03-27 09:18,1.440
1997-03-27 09:24,1.446
1997-03-27 09:30,1.452
1997-03-27 09:36,1.457
1997-03-27 09:42,1.463
1997-03-27 09:48,1.468
1997-03-27 09:54,1.473
1997-03-27 10:00,1.478
1997-03-27 10:06,1.483
1997-03-27 10:12,1.488
1997-03-27 10:18,1.493
1997-03-27 10:24,1.497
1997-03-27 10:30,1.501
1997-03-27 10:36,1.505
1997-03-27 10:42,1.509
1997-03-27 10:48,1.513
1997-03-27 10:54,1.516
1997-03-27 11:00,1.519
1997-03-27 11:06,1.523
1997-03-27 11:12,1.526
1997-03-27 11:18,1.528
1997-03-27 11:24,1.531
1997-03-27 11:30,1.533
1997-03-27 11:36,1.535
1997-03-27 11:42,1.537
1997-03-27 11:48,1.539
1997-03-27 11:54,1.541
1997-03-27 12:00,1.542
1997-03-27 12:06,1.543
1997-03-27 12:12,1.544
1997-03-27 12:18,1.545
1997-03-27 12:24,1.545
1997-03-27 12:30,1.546
1997-03-27 12:36,1.546
1997-03-27 12:42,1.546
1997-03-27 12:48,1.545
1997-03-27 12:54,1.545
1997-03-27 13:00,1.544
1997-03-27 13:06,1.543
1997-03-27 13:12,1.542
1997-03-27 13:18,1.541
1997-03-27 13:24,1.540
1997-03-27 13:30,1.538
1997-03-27 13:36,1.536
1997-03-27 13:42,1.535
1997-03-27 13:48,1.533
1997-03-27 13:54,1.531
1997-03-27 14:00,1.529
1997-03-27 14:06,1.527
1997-03-27 14:12,1.525
1997-03-27 14:18,1.523
1997-03-27 14:24,1.520
1997-03-27 14:30,1.518
1997-03-27 14:36,1.516
1997-03-27 14:42,1.514
1997-03-27 14:48,1.512
1997-03-27 14:54,1.510
1997-03-27 15:00,1.508
1997-03-27 15:06,1.505
1997-03-27 15:12,1.503
1997-03-27 15:18,1.501
1997-03-27 15:24,1.499
1997-03-27 15:30,1.498
1997-03-27 15:36,1.496
1997-03-27 15:42,1.494
1997-03-27 15:48,1.492
1997-03-27 15:54,1.490
1997-03-27 16:00,1.488
1997-03-27 16:06,1.487
1997-03-27 16:12,1.485
1997-03-27 16:18,1.483
1997-03-27 16:24,1.482
1997-03-27 16:30,1.480
1997-03-27 16:36,1.479
1997-03-27 16:42,1.477
1997-03-27 16:48,1.475
1997-03-27 16:54,1.474
1997-03-27 17:00,1.472
1997-03-27 17:06,1.471
1997-03-27 17:12,1.470
1997-03-27 17:18,1.468
1997-03-27 17:24,1.467
1997-03-27 17:30,1.466
1997-03-27 17:36,1.465
1997-03-27 17:42,1.464
1997-03-27 17:48,1.463
1997-03-27 17:54,1.462
1997-03-27 18:00,1.461
1997-03-27 18:06,1.460
1997-03-27 18:12,1.460
1997-03-27 18:18,1.460
1997-03-27 18:24,1.459
1997-03-27 18:30,1.459
1997-03-27 18:36,1.459
1997-03-27 18:42,1.459
1997-03-27 18:48,1.460
1997-03-27 18:54,1.460
1997-03-27 19:00,1.461
1997-03-27 19:06,1.461
1997-03-27 19:12,1.462
1997-03-27 19:18,1.463
1997-03-27 19:24,1.464
1997-03-27 19:30,1.466
1997-03-27 19:36,1.467
1997-03-27 19:42,1.468
1997-03-27 19:48,1.469
1997-03-27 19:54,1.471
1997-03-27 20:00,1.472
1997-03-27 20:06,1.474
1997-03-27 20:12,1.475
1997-03-27 20:18,1.477
1997-03-27 20:24,1.478
1997-03-27 20:30,1.479
1997-03-27 20:36,1.480
1997-03-27 20:42,1.482
1997-03-27 20:48,1.483
1997-03-27 20:54,1.484
1997-03-27 21:00,1.484
1997-03-27 21:06,1.485
1997-03-27 21:12,1.485
1997-03-27 21:18,1.486
1997-03-27 21:24,1.486
1997-03-27 21:30,1.486
1997-03-27 21:36,1.486
1997-03-27 21:42,1.486
1997-03-27 21:48,1.485
1997-03-27 21:54,1.485
1997-03-27 22:00,1.484
1997-03-27 22:06,1.483
1997-03-27 22:12,1.482
1997-03-27 22:18,1.481
1997-03-27 22:24,1.479
1997-03-27 22:30,1.478
1997-03-27 22:36,1.476
1997-03-27 22:42,1.474
1997-03-27 22:48,1.472
1997-03-27 22:54,1.470
1997-03-27 23:00,1.468
1997-03-27 23:06,1.466
1997-03-27 23:12,1.463
1997-03-27 23:18,1.460
1997-03-27 23:24,1.458
1997-03-27 23:30,1.455
1997-03-27 23:36,1.452
1997-03-27 23:42,1.448
1997-03-27 23:48,1.445
1997-03-27 23:54,1.442
1997-03-28 00:00,1.438
1997-03-28 00:06,1.434
1997-03-28 00:12,1.430
1997-03-28 00:18,1.426
1997-03-28 00:24,1.422
1997-03-28 00:30,1.418
1997-03-28 00:36,1.413
1997-03-28 00:42,1.409
1997-03-28 00:48,1.404
1997-03-28 00:54,1.399
1997-03-28 01:00,1.394
1997-03-28 01:06,1.389
1997-03-28 01:12,1.383
1997-03-28 01:18,1.378
1997-03-28 01:24,1.373
1997-03-28 01:30,1.367
1997-03-28 01:36,1.362
1997-03-28 01:42,1.356
1997-03-28 01:48,1.350
1997-03-28 01:54,1.345
1997-03-28 02:00,1.339
1997-03-28 02:06,1.333
1997-03-28 02:12,1.328
1997-03-28 02:18,1.322
1997-03-28 02:24,1.317
1997-03-28 02:30,1.311
1997-03-28 02:36,1.306
1997-03-28 02:42,1.301
1997-03-28 02:48,1.296
1997-03-28 02:54,1.291
1997-03-28 03:00,1.286
1997-03-28 03:06,1.281
1997-03-28 03:12,1.276
1997-03-28 03:18,1.272
1997-03-28 03:24,1.268
1997-03-28 03:30,1.264
1997-03-28 03:36,1.260
1997-03-28 03:42,1.256
1997-03-28 03:48,1.253
1997-03-28 03:54,1.249
1997-03-28 04:00,1.246
1997-03-28 04:06,1.243
1997-03-28 04:12,1.240
1997-03-28 04:18,1.237
1997-03-28 04:24,1.235
1997-03-28 04:30,1.232
1997-03-28 04:36,1.230
1997-03-28 04:42,1.228
1997-03-28 04:48,1.226
1997-03-28 04:54,1.225
1997-03-28 05:00,1.223
1997-03-28 05:06,1.222
1997-03-28 05:12,1.221
1997-03-28 05:18,1.220
1997-03-28 05:24,1.219
1997-03-28 05:30,1.219
1997-03-28 05:36,1.218
1997-03-28 05:42,1.218
1997-03-28 05:48,1.219
1997-03-28 05:54,1.219
1997-03-28 06:00,1.220
1997-03-28 06:06,1.221
1997-03-28 06:12,1.222
1997-03-28 06:18,1.223
1997-03-28 06:24,1.225
1997-03-28 06:30,1.227
1997-03-28 06:36,1.230
1997-03-28 06:42,1.232
1997-03-28 06:48,1.235
1997-03-28 06:54,1.239
1997-03-28 07:00,1.242
1997-03-28 07:06,1.246
1997-03-28 07:12,1.250
1997-03-28 07:18,1.255
1997-03-28 07:24,1.260
1997-03-28 07:30,1.265
1997-03-28 07:36,1.270
1997-03-28 07:42,1.276
1997-03-28 07:48,1.282
1997-03-28 07:54,1.288
1997-03-28 08:00,1.294
1997-03-28 08:06,1.300
1997-03-28 08:12,1.307
1997-03-28 08:18,1.313
1997-03-28 08:24,1.320
1997-03-28 08:30,1.327
1997-03-28 08:36,1.334
1997-03-28 08:42,1.341
1997-03-28 08:48,1.348
1997-03-28 08:54,1.355
1997-03-28 09:00,1.362
1997-03-28 09:06,1.369
1997-03-28 09:12,1.376
1997-03-28 09:18,1.383
1997-03-28 09:24,1.390
1997-03-28 09:30,1.397
1997-03-28 09:36,1.404
1997-03-28 09:42,1.411
1997-03-28 09:48,1.417
1997-03-28 09:54,1.424
1997-03-28 10:00,1.430
1997-03-28 10:06,1.436
1997-03-28 10:12,1.442
1997-03-28 10:18,1.448
1997-03-28 10:24,1.454
1997-03-28 10:30,1.460
1997-03-28 10:36,1.465
1997-03-28 10:42,1.471
1997-03-28 10:48,1.476
1997-03-28 10:54,1.481
1997-03-28 11:00,1.487
1997-03-28 11:06,1.491
1997-03-28 11:12,1.496
1997-03-28 11:18,1.501
1997-03-28 11:24,1.505
1997-03-28 11:30,1.510
1997-03-28 11:36,1.514
1997-03-28 11:42,1.518
1997-03-28 11:48,1.522
1997-03-28 11:54,1.525
1997-03-28 12:00,1.529
1997-03-28 12:06,1.532
1997-03-28 12:12,1.535
1997-03-28 12:18,1.538
1997-03-28 12:24,1.541
1997-03-28 12:30,1.543
1997-03-28 12:36,1.546
1997-03-28 12:42,1.548
1997-03-28 12:48,1.549
1997-03-28 12:54,1.551
1997-03-28 13:00,1.553
1997-03-28 13:06,1.554
1997-03-28 13:12,1.555
1997-03-28 13:18,1.555
1997-03-28 13:24,1.556
1997-03-28 13:30,1.556
1997-03-28 13:36,1.557
1997-03-28 13:42,1.557
1997-03-28 13:48,1.556
1997-03-28 13:54,1.556
1997-03-28 14:00,1.556
1997-03-28 14:06,1.555
1997-03-28 14:12,1.554
1997-03-28 14:18,1.553
1997-03-28 14:24,1.553
1997-03-28 14:30,1.552
1997-03-28 14:36,1.550
1997-03-28 14:42,1.549
1997-03-28 14:48,1.548
1997-03-28 14:54,1.547
1997-03-28 15:00,1.546
1997-03-28 15:06,1.544
1997-03-28 15:12,1.543
1997-03-28 15:18,1.542
1997-03-28 15:24,1.540
1997-03-28 15:30,1.539
1997-03-28 15:36,1.538
1997-03-28 15:42,1.536
1997-03-28 15:48,1.535
1997-03-28 15:54,1.534
1997-03-28 16:00,1.532
1997-03-28 16:06,1.531
1997-03-28 16:12,1.530
1997-03-28 16:18,1.528
1997-03-28 16:24,1.527
1997-03-28 16:30,1.526
1997-03-28 16:36,1.524
1997-03-28 16:42,1.523
1997-03-28 16:48,1.521
1997-03-28 16:54,1.520
1997-03-28 17:00,1.518
1997-03-28 17:06,1.517
1997-03-28 17:12,1.516
1997-03-28 17:18,1.514
1997-03-28 17:24,1.513
1997-03-28 17:30,1.511
1997-03-28 17:36,1.510
1997-03-28 17:42,1.508
1997-03-28 17:48,1.507
1997-03-28 17:54,1.505
1997-03-28 18:00,1.504
1997-03-28 18:06,1.502
1997-03-28 18:12,1.501
1997-03-28 18:18,1.500
1997-03-28 18:24,1.499
1997-03-28 18:30,1.498
1997-03-28 18:36,1.497
1997-03-28 18:42,1.496
1997-03-28 18:48,1.495
1997-03-28 18:54,1.494
1997-03-28 19:00,1.494
1997-03-28 19:06,1.493
1997-03-28 19:12,1.493
1997-03-28 19:18,1.493
1997-03-28 19:24,1.493
1997-03-28 19:30,1.493
1997-03-28 19:36,1.493
1997-03-28 19:42,1.493
1997-03-28 19:48,1.494
1997-03-28 19:54,1.494
1997-03-28 20:00,1.495
1997-03-28 20:06,1.495
1997-03-28 20:12,1.496
1997-03-28 20:18,1.497
1997-03-28 20:24,1.497
1997-03-28 20:30,1.498
1997-03-28 20:36,1.499
1997-03-28 20:42,1.499
1997-03-28 20:48,1.500
1997-03-28 20:54,1.501
1997-03-28 21:00,1.501
1997-03-28 21:06,1.502
1997-03-28 21:12,1.502
1997-03-28 21:18,1.502
1997-03-28 21:24,1.502
1997-03-28 21:30,1.502
1997-03-28 21:36,1.502
1997-03-28 21:42,1.502
1997-03-28 21:48,1.502
1997-03-28 21:54,1.501
1997-03-28 22:00,1.500
1997-03-28 22:06,1.500
1997-03-28 22:12,1.499
1997-03-28 22:18,1.497
1997-03-28 22:24,1.496
1997-03-28 22:30,1.495
1997-03-28 22:36,1.493
1997-03-28 22:42,1.491
1997-03-28 22:48,1.490
1997-03-28 22:54,1.488
1997-03-28 23:00,1.486
1997-03-28 23:06,1.483
1997-03-28 23:12,1.481
1997-03-28 23:18,1.479
1997-03-28 23:24,1.476
1997-03-28 23:30,1.473
1997-03-28 23:36,1.470
1997-03-28 23:42,1.467
1997-03-28 23:48,1.464
1997-03-28 23:54,1.461
1997-03-29 00:00,1.458
1997-03-29 00:06,1.454
1997-03-29 00:12,1.451
1997-03-29 00:18,1.447
1997-03-29 00:24,1.443
1997-03-29 00:30,1.439
1997-03-29 00:36,1.435
1997-03-29 00:42,1.431
1997-03-29 00:48,1.426
1997-03-29 00:54,1.422
1997-03-29 01:00,1.417
1997-03-29 01:06,1.412
1997-03-29 01:12,1.408
1997-03-29 01:18,1.402
1997-03-29 01:24,1.397
1997-03-29 01:30,1.392
1997-03-29 01:36,1.387
1997-03-29 01:42,1.381
1997-03-29 01:48,1.375
1997-03-29 01:54,1.370
1997-03-29 02:00,1.364
1997-03-29 02:06,1.358
1997-03-29 02:12,1.352
1997-03-29 02:18,1.346
1997-03-29 02:24,1.341
1997-03-29 02:30,1.335
1997-03-29 02:36,1.329
1997-03-29 02:42,1.323
1997-03-29 02:48,1.317
1997-03-29 02:54,1.311
1997-03-29 03:00,1.306
1997-03-29 03:06,1.300
1997-03-29 03:12,1.295
1997-03-29 03:18,1.289
1997-03-29 03:24,1.284
1997-03-29 03:30,1.279
1997-03-29 03:36,1.273
1997-03-29 03:42,1.269
1997-03-29 03:48,1.264
1997-03-29 03:54,1.259
1997-03-29 04:00,1.255
1997-03-29 04:06,1.250
1997-03-29 04:12,1.246
1997-03-29 04:18,1.242
1997-03-29 04:24,1.238
1997-03-29 04:30,1.234
1997-03-29 04:36,1.231
1997-03-29 04:42,1.227
1997-03-29 04:48,1.224
1997-03-29 04:54,1.221
1997-03-29 05:00,1.218
1997-03-29 05:06,1.215
1997-03-29 05:12,1.212
1997-03-29 05:18,1.210
1997-03-29 05:24,1.208
1997-03-29 05:30,1.205
1997-03-29 05:36,1.204
1997-03-29 05:42,1.202
1997-03-29 05:48,1.200
1997-03-29 05:54,1.199
1997-03-29 06:00,1.198
1997-03-29 06:06,1.197
1997-03-29 06:12,1.196
1997-03-29 06:18,1.196
1997-03-29 06:24,1.196
1997-03-29 06:30,1.196
1997-03-29 06:36,1.197
1997-03-29 06:42,1.197
1997-03-29 06:48,1.198
1997-03-29 06:54,1.200
1997-03-29 07:00,1.201
1997-03-29 07:06,1.203
1997-03-29 07:12,1.206
1997-03-29 07:18,1.208
1997-03-29 07:24,1.211
1997-03-29 07:30,1.214
1997-03-29 07:36,1.218
1997-03-29 07:42,1.222
1997-03-29 07:48,1.226
1997-03-29 07:54,1.230
1997-03-29 08:00,1.235
1997-03-29 08:06,1.240
1997-03-29 08:12,1.245
1997-03-29 08:18,1.250
1997-03-29 08:24,1.256
1997-03-29 08:30,1.262
1997-03-29 08:36,1.268
1997-03-29 08:42,1.274
1997-03-29 08:48,1.281
1997-03-29 08:54,1.287
1997-03-29 09:00,1.294
1997-03-29 09:06,1.301
1997-03-29 09:12,1.308
1997-03-29 09:18,1.315
1997-03-29 09:24,1.322
1997-03-29 09:30,1.329
1997-03-29 09:36,1.336
1997-03-29 09:42,1.343
1997-03-29 09:48,1.350
1997-03-29 09:54,1.357
1997-03-29 10:00,1.364
1997-03-29 10:06,1.371
1997-03-29 10:12,1.379
1997-03-29 10:18,1.385
1997-03-29 10:24,1.392
1997-03-29 10:30,1.399
1997-03-29 10:36,1.406
1997-03-29 10:42,1.413
1997-03-29 10:48,1.419
1997-03-29 10:54,1.426
1997-03-29 11:00,1.432
1997-03-29 11:06,1.439
1997-03-29 11:12,1.445
1997-03-29 11:18,1.451
1997-03-29 11:24,1.457
1997-03-29 11:30,1.463
1997-03-29 11:36,1.469
1997-03-29 11:42,1.475
1997-03-29 11:48,1.480
1997-03-29 11:54,1.486
1997-03-29 12:00,1.491
1997-03-29 12:06,1.496
1997-03-29 12:12,1.501
1997-03-29 12:18,1.506
1997-03-29 12:24,1.511
1997-03-29 12:30,1.515
1997-03-29 12:36,1.520
1997-03-29 12:42,1.524
1997-03-29 12:48,1.528
1997-03-29 12:54,1.532
1997-03-29 13:00,1.535
1997-03-29 13:06,1.539
1997-03-29 13:12,1.542
1997-03-29 13:18,1.545
1997-03-29 13:24,1.548
1997-03-29 13:30,1.550
1997-03-29 13:36,1.553
1997-03-29 13:42,1.555
1997-03-29 13:48,1.557
1997-03-29 13:54,1.559
1997-03-29 14:00,1.560
1997-03-29 14:06,1.562
1997-03-29 14:12,1.563
1997-03-29 14:18,1.564
1997-03-29 14:24,1.565
1997-03-29 14:30,1.566
1997-03-29 14:36,1.567
1997-03-29 14:42,1.567
1997-03-29 14:48,1.567
1997-03-29 14:54,1.568
1997-03-29 15:00,1.568
1997-03-29 15:06,1.568
1997-03-29 15:12,1.568
1997-03-29 15:18,1.568
1997-03-29 15:24,1.568
1997-03-29 15:30,1.567
1997-03-29 15:36,1.567
1997-03-29 15:42,1.567
1997-03-29 15:48,1.566
1997-03-29 15:54,1.566
1997-03-29 16:00,1.565
1997-03-29 16:06,1.565
1997-03-29 16:12,1.564
1997-03-29 16:18,1.563
1997-03-29 16:24,1.563
1997-03-29 16:30,1.562
1997-03-29 16:36,1.561
1997-03-29 16:42,1.560
1997-03-29 16:48,1.559
1997-03-29 16:54,1.558
1997-03-29 17:00,1.557
1997-03-29 17:06,1.556
1997-03-29 17:12,1.555
1997-03-29 17:18,1.554
1997-03-29 17:24,1.553
1997-03-29 17:30,1.552
1997-03-29 17:36,1.550
1997-03-29 17:42,1.549
1997-03-29 17:48,1.548
1997-03-29 17:54,1.547
1997-03-29 18:00,1.545
1997-03-29 18:06,1.544
1997-03-29 18:12,1.543
1997-03-29 18:18,1.541
1997-03-29 18:24,1.540
1997-03-29 18:30,1.538
1997-03-29 18:36,1.537
1997-03-29 18:42,1.536
1997-03-29 18:48,1.535
1997-03-29 18:54,1.533
1997-03-29 19:00,1.532
1997-03-29 19:06,1.531
1997-03-29 19:12,1.530
1997-03-29 19:18,1.529
1997-03-29 19:24,1.528
1997-03-29 19:30,1.528
1997-03-29 19:36,1.527
1997-03-29 19:42,1.526
1997-03-29 19:48,1.526
1997-03-29 19:54,1.525
1997-03-29 20:00,1.525
1997-03-29 20:06,1.524
1997-03-29 20:12,1.524
1997-03-29 20:18,1.524
1997-03-29 20:24,1.524
1997-03-29 20:30,1.524
1997-03-29 20:36,1.523
1997-03-29 20:42,1.523
1997-03-29 20:48,1.523
1997-03-29 20:54,1.523
1997-03-29 21:00,1.523
1997-03-29 21:06,1.523
1997-03-29 21:12,1.523
1997-03-29 21:18,1.523
1997-03-29 21:24,1.523
1997-03-29 21:30,1.522
1997-03-29 21:36,1.522
1997-03-29 21:42,1.522
1997-03-29 21:48,1.521
1997-03-29 21:54,1.521
1997-03-29 22:00,1.520
1997-03-29 22:06,1.519
1997-03-29 22:12,1.518
1997-03-29 22:18,1.517
1997-03-29 22:24,1.516
1997-03-29 22:30,1.515
1997-03-29 22:36,1.514
1997-03-29 22:42,1.512
1997-03-29 22:48,1.511
1997-03-29 22:54,1.509
1997-03-29 23:00,1.508
1997-03-29 23:06,1.506
1997-03-29 23:12,1.504
1997-03-29 23:18,1.502
1997-03-29 23:24,1.499
1997-03-29 23:30,1.497
1997-03-29 23:36,1.494
1997-03-29 23:42,1.492
1997-03-29 23:48,1.489
1997-03-29 23:54,1.486
1997-03-30 00:00,1.483
1997-03-30 00:06,1.480
1997-03-30 00:12,1.477
1997-03-30 00:18,1.474
1997-03-30 00:24,1.470
1997-03-30 00:30,1.467
1997-03-30 00:36,1.463
1997-03-30 00:42,1.459
1997-03-30 00:48,1.455
1997-03-30 00:54,1.451
1997-03-30 01:00,1.447
1997-03-30 01:06,1.443
1997-03-30 01:12,1.438
1997-03-30 01:18,1.434
1997-03-30 01:24,1.429
1997-03-30 01:30,1.424
1997-03-30 01:36,1.420
1997-03-30 01:42,1.415
1997-03-30 01:48,1.409
1997-03-30 01:54,1.404
1997-03-30 02:00,1.399
1997-03-30 02:06,1.393
1997-03-30 02:12,1.388
1997-03-30 02:18,1.382
1997-03-30 02:24,1.377
1997-03-30 02:30,1.371
1997-03-30 02:36,1.365
1997-03-30 02:42,1.359
1997-03-30 02:48,1.354
1997-03-30 02:54,1.348
1997-03-30 03:00,1.342
1997-03-30 03:06,1.336
1997-03-30 03:12,1.330
1997-03-30 03:18,1.324
1997-03-30 03:24,1.318
1997-03-30 03:30,1.313
1997-03-30 03:36,1.307
1997-03-30 03:42,1.301
1997-03-30 03:48,1.295
1997-03-30 03:54,1.290
1997-03-30 04:00,1.284
1997-03-30 04:06,1.279
1997-03-30 04:12,1.273
1997-03-30 04:18,1.268
1997-03-30 04:24,1.263
1997-03-30 04:30,1.258
1997-03-30 04:36,1.253
1997-03-30 04:42,1.248
1997-03-30 04:48,1.243
1997-03-30 04:54,1.238
1997-03-30 05:00,1.234
1997-03-30 05:06,1.230
1997-03-30 05:12,1.225
1997-03-30 05:18,1.221
1997-03-30 05:24,1.217
1997-03-30 05:30,1.214
1997-03-30 05:36,1.210
1997-03-30 05:42,1.207
1997-03-30 05:48,1.203
1997-03-30 05:54,1.200
1997-03-30 06:00,1.197
1997-03-30 06:06,1.195
1997-03-30 06:12,1.192
1997-03-30 06:18,1.190
1997-03-30 06:24,1.188
1997-03-30 06:30,1.186
1997-03-30 06:36,1.185
1997-03-30 06:42,1.183
1997-03-30 06:48,1.182
1997-03-30 06:54,1.182
1997-03-30 07:00,1.181
1997-03-30 07:06,1.181
1997-03-30 07:12,1.181
1997-03-30 07:18,1.181
1997-03-30 07:24,1.182
1997-03-30 07:30,1.183
1997-03-30 07:36,1.184
1997-03-30 07:42,1.185
1997-03-30 07:48,1.187
1997-03-30 07:54,1.189
1997-03-30 08:00,1.192
1997-03-30 08:06,1.194
1997-03-30 08:12,1.197
1997-03-30 08:18,1.200
1997-03-30 08:24,1.204
1997-03-30 08:30,1.208
1997-03-30 08:36,1.212
1997-03-30 08:42,1.216
1997-03-30 08:48,1.221
1997-03-30 08:54,1.225
1997-03-30 09:00,1.230
1997-03-30 09:06,1.236
1997-03-30 09:12,1.241
1997-03-30 09:18,1.247
1997-03-30 09:24,1.253
1997-03-30 09:30,1.259
1997-03-30 09:36,1.265
1997-03-30 09:42,1.271
1997-03-30 09:48,1.277
1997-03-30 09:54,1.284
1997-03-30 10:00,1.291
1997-03-30 10:06,1.297
1997-03-30 10:12,1.304
1997-03-30 10:18,1.311
1997-03-30 10:24,1.318
1997-03-30 10:30,1.325
1997-03-30 10:36,1.332
1997-03-30 10:42,1.339
1997-03-30 10:48,1.346
1997-03-30 10:54,1.354
1997-03-30 11:00,1.361
1997-03-30 11:06,1.368
1997-03-30 11:12,1.375
1997-03-30 11:18,1.382
1997-03-30 11:24,1.389
1997-03-30 11:30,1.396
1997-03-30 11:36,1.403
1997-03-30 11:42,1.410
1997-03-30 11:48,1.417
1997-03-30 11:54,1.424
1997-03-30 12:00,1.430
1997-03-30 12:06,1.437
1997-03-30 12:12,1.443
1997-03-30 12:18,1.450
1997-03-30 12:24,1.456
1997-03-30 12:30,1.462
1997-03-30 12:36,1.468
1997-03-30 12:42,1.474
1997-03-30 12:48,1.480
1997-03-30 12:54,1.486
1997-03-30 13:00,1.491
1997-03-30 13:06,1.496
1997-03-30 13:12,1.502
1997-03-30 13:18,1.507
1997-03-30 13:24,1.511
1997-03-30 13:30,1.516
1997-03-30 13:36,1.521
1997-03-30 13:42,1.525
1997-03-30 13:48,1.529
1997-03-30 13:54,1.533
1997-03-30 14:00,1.537
1997-03-30 14:06,1.541
1997-03-30 14:12,1.545
1997-03-30 14:18,1.548
1997-03-30 14:24,1.551
1997-03-30 14:30,1.554
1997-03-30 14:36,1.557
1997-03-30 14:42,1.560
1997-03-30 14:48,1.562
1997-03-30 14:54,1.565
1997-03-30 15:00,1.567
1997-03-30 15:06,1.569
1997-03-30 15:12,1.571
1997-03-30 15:18,1.573
1997-03-30 15:24,1.574
1997-03-30 15:30,1.576
1997-03-30 15:36,1.577
1997-03-30 15:42,1.578
1997-03-30 15:48,1.579
1997-03-30 15:54,1.580
1997-03-30 16:00,1.581
1997-03-30 16:06,1.582
1997-03-30 16:12,1.582
1997-03-30 16:18,1.583
1997-03-30 16:24,1.583
1997-03-30 16:30,1.583
1997-03-30 16:36,1.583
1997-03-30 16:42,1.583
1997-03-30 16:48,1.583
1997-03-30 16:54,1.583
1997-03-30 17:00,1.583
1997-03-30 17:06,1.583
1997-03-30 17:12,1.582
1997-03-30 17:18,1.582
1997-03-30 17:24,1.581
1997-03-30 17:30,1.581
1997-03-30 17:36,1.580
1997-03-30 17:42,1.579
1997-03-30 17:48,1.578
1997-03-30 17:54,1.577
1997-03-30 18:00,1.577
1997-03-30 18:06,1.576
1997-03-30 18:12,1.575
1997-03-30 18:18,1.574
1997-03-30 18:24,1.573
1997-03-30 18:30,1.572
1997-03-30 18:36,1.571
1997-03-30 18:42,1.570
1997-03-30 18:48,1.569
1997-03-30 18:54,1.567
1997-03-30 19:00,1.566
1997-03-30 19:06,1.565
1997-03-30 19:12,1.564
1997-03-30 19:18,1.563
1997-03-30 19:24,1.562
1997-03-30 19:30,1.561
1997-03-30 19:36,1.560
1997-03-30 19:42,1.559
1997-03-30 19:48,1.558
1997-03-30 19:54,1.557
1997-03-30 20:00,1.556
1997-03-30 20:06,1.555
1997-03-30 20:12,1.554
1997-03-30 20:18,1.554
1997-03-30 20:24,1.553
1997-03-30 20:30,1.552
1997-03-30 20:36,1.551
1997-03-30 20:42,1.550
1997-03-30 20:48,1.549
1997-03-30 20:54,1.549
1997-03-30 21:00,1.548
1997-03-30 21:06,1.547
1997-03-30 21:12,1.546
1997-03-30 21:18,1.545
1997-03-30 21:24,1.545
1997-03-30 21:30,1.544
1997-03-30 21:36,1.543
1997-03-30 21:42,1.542
1997-03-30 21:48,1.541
1997-03-30 21:54,1.541
1997-03-30 22:00,1.540
1997-03-30 22:06,1.539
1997-03-30 22:12,1.538
1997-03-30 22:18,1.537
1997-03-30 22:24,1.536
1997-03-30 22:30,1.535
1997-03-30 22:36,1.534
1997-03-30 22:42,1.533
1997-03-30 22:48,1.531
1997-03-30 22:54,1.530
1997-03-30 23:00,1.529
1997-03-30 23:06,1.527
1997-03-30 23:12,1.526
1997-03-30 23:18,1.524
1997-03-30 23:24,1.522
1997-03-30 23:30,1.521
1997-03-30 23:36,1.519
1997-03-30 23:42,1.517
1997-03-30 23:48,1.515
1997-03-30 23:54,1.513
1997-03-31 00:00,1.510
1997-03-31 00:06,1.508
1997-03-31 00:12,1.505
1997-03-31 00:18,1.503
1997-03-31 00:24,1.500
1997-03-31 00:30,1.497
1997-03-31 00:36,1.494
1997-03-31 00:42,1.491
1997-03-31 00:48,1.488
1997-03-31 00:54,1.484
1997-03-31 01:00,1.481
1997-03-31 01:06,1.477
1997-03-31 01:12,1.473
1997-03-31 01:18,1.470
1997-03-31 01:24,1.466
1997-03-31 01:30,1.462
1997-03-31 01:36,1.457
1997-03-31 01:42,1.453
1997-03-31 01:48,1.449
1997-03-31 01:54,1.444
1997-03-31 02:00,1.440
1997-03-31 02:06,1.435
1997-03-31 02:12,1.430
1997-03-31 02:18,1.426
1997-03-31 02:24,1.421
1997-03-31 02:30,1.416
1997-03-31 02:36,1.411
1997-03-31 02:42,1.406
1997-03-31 02:48,1.400
1997-03-31 02:54,1.395
1997-03-31 03:00,1.390
1997-03-31 03:06,1.385
1997-03-31 03:12,1.379
1997-03-31 03:18,1.374
1997-03-31 03:24,1.368
1997-03-31 03:30,1.362
1997-03-31 03:36,1.357
1997-03-31 03:42,1.351
1997-03-31 03:48,1.345
1997-03-31 03:54,1.340
1997-03-31 04:00,1.334
1997-03-31 04:06,1.328
1997-03-31 04:12,1.322
1997-03-31 04:18,1.316
1997-03-31 04:24,1.311
1997-03-31 04:30,1.305
1997-03-31 04:36,1.299
1997-03-31 04:42,1.293
1997-03-31 04:48,1.287
1997-03-31 04:54,1.282
1997-03-31 05:00,1.276
1997-03-31 05:06,1.270
1997-03-31 05:12,1.265
1997-03-31 05:18,1.259
1997-03-31 05:24,1.254
1997-03-31 05:30,1.249
1997-03-31 05:36,1.243
1997-03-31 05:42,1.238
1997-03-31 05:48,1.234
1997-03-31 05:54,1.229
1997-03-31 06:00,1.224
1997-03-31 06:06,1.220
1997-03-31 06:12,1.215
1997-03-31 06:18,1.211
1997-03-31 06:24,1.207
1997-03-31 06:30,1.204
1997-03-31 06:36,1.200
1997-03-31 06:42,1.197
1997-03-31 06:48,1.194
1997-03-31 06:54,1.191
1997-03-31 07:00,1.189
1997-03-31 07:06,1.186
1997-03-31 07:12,1.184
1997-03-31 07:18,1.182
1997-03-31 07:24,1.180
1997-03-31 07:30,1.179
1997-03-31 07:36,1.178
1997-03-31 07:42,1.177
1997-03-31 07:48,1.176
1997-03-31 07:54,1.176
1997-03-31 08:00,1.176
1997-03-31 08:06,1.176
1997-03-31 08:12,1.176
1997-03-31 08:18,1.177
1997-03-31 08:24,1.178
1997-03-31 08:30,1.179
1997-03-31 08:36,1.180
1997-03-31 08:42,1.182
1997-03-31 08:48,1.184
1997-03-31 08:54,1.186
1997-03-31 09:00,1.188
1997-03-31 09:06,1.191
1997-03-31 09:12,1.194
1997-03-31 09:18,1.197
1997-03-31 09:24,1.200
1997-03-31 09:30,1.204
1997-03-31 09:36,1.208
1997-03-31 09:42,1.212
1997-03-31 09:48,1.216
1997-03-31 09:54,1.221
1997-03-31 10:00,1.225
1997-03-31 10:06,1.230
1997-03-31 10:12,1.236
1997-03-31 10:18,1.241
1997-03-31 10:24,1.247
1997-03-31 10:30,1.252
1997-03-31 10:36,1.258
1997-03-31 10:42,1.265
1997-03-31 10:48,1.271
1997-03-31 10:54,1.277
1997-03-31 11:00,1.284
1997-03-31 11:06,1.291
1997-03-31 11:12,1.297
1997-03-31 11:18,1.304
1997-03-31 11:24,1.311
1997-03-31 11:30,1.318
1997-03-31 11:36,1.326
1997-03-31 11:42,1.333
1997-03-31 11:48,1.340
1997-03-31 11:54,1.347
1997-03-31 12:00,1.354
1997-03-31 12:06,1.362
1997-03-31 12:12,1.369
1997-03-31 12:18,1.376
1997-03-31 12:24,1.383
1997-03-31 12:30,1.390
1997-03-31 12:36,1.397
1997-03-31 12:42,1.404
1997-03-31 12:48,1.411
1997-03-31 12:54,1.418
1997-03-31 13:00,1.425
1997-03-31 13:06,1.432
1997-03-31 13:12,1.438
1997-03-31 13:18,1.445
1997-03-31 13:24,1.451
1997-03-31 13:30,1.457
1997-03-31 13:36,1.464
1997-03-31 13:42,1.470
1997-03-31 13:48,1.476
1997-03-31 13:54,1.481
1997-03-31 14:00,1.487
1997-03-31 14:06,1.493
1997-03-31 14:12,1.498
1997-03-31 14:18,1.504
1997-03-31 14:24,1.509
1997-03-31 14:30,1.514
1997-03-31 14:36,1.519
1997-03-31 14:42,1.524
1997-03-31 14:48,1.529
1997-03-31 14:54,1.533
1997-03-31 15:00,1.538
1997-03-31 15:06,1.542
1997-03-31 15:12,1.546
1997-03-31 15:18,1.550
1997-03-31 15:24,1.554
1997-03-31 15:30,1.557
1997-03-31 15:36,1.561
1997-03-31 15:42,1.564
1997-03-31 15:48,1.567
1997-03-31 15:54,1.570
1997-03-31 16:00,1.573
1997-03-31 16:06,1.575
1997-03-31 16:12,1.578
1997-03-31 16:18,1.580
1997-03-31 16:24,1.582
1997-03-31 16:30,1.584
1997-03-31 16:36,1.585
1997-03-31 16:42,1.587
1997-03-31 16:48,1.588
1997-03-31 16:54,1.589
1997-03-31 17:00,1.590
1997-03-31 17:06,1.591
1997-03-31 17:12,1.591
1997-03-31 17:18,1.592
1997-03-31 17:24,1.592
1997-03-31 17:30,1.592
1997-03-31 17:36,1.593
1997-03-31 17:42,1.593
1997-03-31 17:48,1.592
1997-03-31 17:54,1.592
1997-03-31 18:00,1.592
1997-03-31 18:06,1.592
1997-03-31 18:12,1.591
1997-03-31 18:18,1.591
1997-03-31 18:24,1.590
1997-03-31 18:30,1.590
1997-03-31 18:36,1.589
1997-03-31 18:42,1.589
1997-03-31 18:48,1.588
1997-03-31 18:54,1.588
1997-03-31 19:00,1.587
1997-03-31 19:06,1.586
1997-03-31 19:12,1.586
1997-03-31 19:18,1.585
1997-03-31 19:24,1.584
1997-03-31 19:30,1.584
1997-03-31 19:36,1.583
1997-03-31 19:42,1.582
1997-03-31 19:48,1.581
1997-03-31 19:54,1.580
1997-03-31 20:00,1.579
1997-03-31 20:06,1.578
1997-03-31 20:12,1.578
1997-03-31 20:18,1.577
1997-03-31 20:24,1.576
1997-03-31 20:30,1.574
1997-03-31 20:36,1.573
1997-03-31 20:42,1.572
1997-03-31 20:48,1.571
1997-03-31 20:54,1.570
1997-03-31 21:00,1.569
1997-03-31 21:06,1.567
1997-03-31 21:12,1.566
1997-03-31 21:18,1.565
1997-03-31 21:24,1.564
1997-03-31 21:30,1.562
1997-03-31 21:36,1.561
1997-03-31 21:42,1.559
1997-03-31 21:48,1.558
1997-03-31 21:54,1.557
1997-03-31 22:00,1.556
1997-03-31 22:06,1.554
1997-03-31 22:12,1.553
1997-03-31 22:18,1.552
1997-03-31 22:24,1.550
1997-03-31 22:30,1.549
1997-03-31 22:36,1.548
1997-03-31 22:42,1.547
1997-03-31 22:48,1.545
1997-03-31 22:54,1.544
1997-03-31 23:00,1.543
1997-03-31 23:06,1.542
1997-03-31 23:12,1.541
1997-03-31 23:18,1.539
1997-03-31 23:24,1.538
1997-03-31 23:30,1.537
1997-03-31 23:36,1.536
1997-03-31 23:42,1.534
1997-03-31 23:48,1.533
1997-03-31 23:54,1.531
1997-04-01 00:00,1.530
1997-04-01 00:06,1.528
1997-04-01 00:12,1.527
1997-04-01 00:18,1.525
1997-04-01 00:24,1.523
1997-04-01 00:30,1.521
1997-04-01 00:36,1.519
1997-04-01 00:42,1.517
1997-04-01 00:48,1.515
1997-04-01 00:54,1.512
1997-04-01 01:00,1.510
1997-04-01 01:06,1.507
1997-04-01 01:12,1.505
1997-04-01 01:18,1.502
1997-04-01 01:24,1.499
1997-04-01 01:30,1.496
1997-04-01 01:36,1.493
1997-04-01 01:42,1.490
1997-04-01 01:48,1.486
1997-04-01 01:54,1.483
1997-04-01 02:00,1.480
1997-04-01 02:06,1.476
1997-04-01 02:12,1.473
1997-04-01 02:18,1.469
1997-04-01 02:24,1.465
1997-04-01 02:30,1.461
1997-04-01 02:36,1.457
1997-04-01 02:42,1.454
1997-04-01 02:48,1.450
1997-04-01 02:54,1.445
1997-04-01 03:00,1.441
1997-04-01 03:06,1.437
1997-04-01 03:12,1.433
1997-04-01 03:18,1.428
1997-04-01 03:24,1.424
1997-04-01 03:30,1.419
1997-04-01 03:36,1.415
1997-04-01 03:42,1.410
1997-04-01 03:48,1.405
1997-04-01 03:54,1.400
1997-04-01 04:00,1.395
1997-04-01 04:06,1.390
1997-04-01 04:12,1.385
1997-04-01 04:18,1.380
1997-04-01 04:24,1.375
1997-04-01 04:30,1.369
1997-04-01 04:36,1.363
1997-04-01 04:42,1.358
1997-04-01 04:48,1.352
1997-04-01 04:54,1.346
1997-04-01 05:00,1.340
1997-04-01 05:06,1.334
1997-04-01 05:12,1.328
1997-04-01 05:18,1.322
1997-04-01 05:24,1.316
1997-04-01 05:30,1.310
1997-04-01 05:36,1.304
1997-04-01 05:42,1.298
1997-04-01 05:48,1.292
1997-04-01 05:54,1.286
1997-04-01 06:00,1.281
1997-04-01 06:06,1.275
1997-04-01 06:12,1.269
1997-04-01 06:18,1.264
1997-04-01 06:24,1.258
1997-04-01 06:30,1.253
1997-04-01 06:36,1.248
1997-04-01 06:42,1.243
1997-04-01 06:48,1.238
1997-04-01 06:54,1.233
1997-04-01 07:00,1.229
1997-04-01 07:06,1.224
1997-04-01 07:12,1.220
1997-04-01 07:18,1.216
1997-04-01 07:24,1.213
1997-04-01 07:30,1.209
1997-04-01 07:36,1.206
1997-04-01 07:42,1.203
1997-04-01 07:48,1.200
1997-04-01 07:54,1.197
1997-04-01 08:00,1.195
1997-04-01 08:06,1.192
1997-04-01 08:12,1.190
1997-04-01 08:18,1.189
1997-04-01 08:24,1.187
1997-04-01 08:30,1.185
1997-04-01 08:36,1.184
1997-04-01 08:42,1.183
1997-04-01 08:48,1.182
1997-04-01 08:54,1.181
1997-04-01 09:00,1.181
1997-04-01 09:06,1.181
1997-04-01 09:12,1.181
1997-04-01 09:18,1.181
1997-04-01 09:24,1.181
1997-04-01 09:30,1.182
1997-04-01 09:36,1.183
1997-04-01 09:42,1.184
1997-04-01 09:48,1.185
1997-04-01 09:54,1.187
1997-04-01 10:00,1.189
1997-04-01 10:06,1.191
1997-04-01 10:12,1.193
1997-04-01 10:18,1.196
1997-04-01 10:24,1.199
1997-04-01 10:30,1.202
1997-04-01 10:36,1.205
1997-04-01 10:42,1.209
1997-04-01 10:48,1.213
1997-04-01 10:54,1.217
1997-04-01 11:00,1.222
1997-04-01 11:06,1.227
1997-04-01 11:12,1.232
1997-04-01 11:18,1.237
1997-04-01 11:24,1.242
1997-04-01 11:30,1.248
1997-04-01 11:36,1.254
1997-04-01 11:42,1.260
1997-04-01 11:48,1.266
1997-04-01 11:54,1.272
1997-04-01 12:00,1.279
1997-04-01 12:06,1.286
1997-04-01 12:12,1.292
1997-04-01 12:18,1.299
1997-04-01 12:24,1.306
1997-04-01 12:30,1.313
1997-04-01 12:36,1.320
1997-04-01 12:42,1.327
1997-04-01 12:48,1.334
1997-04-01 12:54,1.341
1997-04-01 13:00,1.348
1997-04-01 13:06,1.355
1997-04-01 13:12,1.362
1997-04-01 13:18,1.369
1997-04-01 13:24,1.377
1997-04-01 13:30,1.384
1997-04-01 13:36,1.391
1997-04-01 13:42,1.397
1997-04-01 13:48,1.404
1997-04-01 13:54,1.411
1997-04-01 14:00,1.418
1997-04-01 14:06,1.425
1997-04-01 14:12,1.432
1997-04-01 14:18,1.438
1997-04-01 14:24,1.445
1997-04-01 14:30,1.451
1997-04-01 14:36,1.458
1997-04-01 14:42,1.464
1997-04-01 14:48,1.471
1997-04-01 14:54,1.477
1997-04-01 15:00,1.483
1997-04-01 15:06,1.489
1997-04-01 15:12,1.495
1997-04-01 15:18,1.501
1997-04-01 15:24,1.507
1997-04-01 15:30,1.512
1997-04-01 15:36,1.518
1997-04-01 15:42,1.523
1997-04-01 15:48,1.528
1997-04-01 15:54,1.533
1997-04-01 16:00,1.538
1997-04-01 16:06,1.543
1997-04-01 16:12,1.547
1997-04-01 16:18,1.551
1997-04-01 16:24,1.555
1997-04-01 16:30,1.559
1997-04-01 16:36,1.563
1997-04-01 16:42,1.566
1997-04-01 16:48,1.569
1997-04-01 16:54,1.572
1997-04-01 17:00,1.574
1997-04-01 17:06,1.577
1997-04-01 17:12,1.579
1997-04-01 17:18,1.581
1997-04-01 17:24,1.583
1997-04-01 17:30,1.584
1997-04-01 17:36,1.585
1997-04-01 17:42,1.587
1997-04-01 17:48,1.588
1997-04-01 17:54,1.588
1997-04-01 18:00,1.589
1997-04-01 18:06,1.590
1997-04-01 18:12,1.590
1997-04-01 18:18,1.590
1997-04-01 18:24,1.591
1997-04-01 18:30,1.591
1997-04-01 18:36,1.591
1997-04-01 18:42,1.591
1997-04-01 18:48,1.591
1997-04-01 18:54,1.590
1997-04-01 19:00,1.590
1997-04-01 19:06,1.590
1997-04-01 19:12,1.590
1997-04-01 19:18,1.590
1997-04-01 19:24,1.589
1997-04-01 19:30,1.589
1997-04-01 19:36,1.588
1997-04-01 19:42,1.588
1997-04-01 19:48,1.587
1997-04-01 19:54,1.587
1997-04-01 20:00,1.586
1997-04-01 20:06,1.586
1997-04-01 20:12,1.585
1997-04-01 20:18,1.584
1997-04-01 20:24,1.583
1997-04-01 20:30,1.582
1997-04-01 20:36,1.582
1997-04-01 20:42,1.581
1997-04-01 20:48,1.579
1997-04-01 20:54,1.578
1997-04-01 21:00,1.577
1997-04-01 21:06,1.576
1997-04-01 21:12,1.574
1997-04-01 21:18,1.573
1997-04-01 21:24,1.571
1997-04-01 21:30,1.570
1997-04-01 21:36,1.568
1997-04-01 21:42,1.567
1997-04-01 21:48,1.565
1997-04-01 21:54,1.563
1997-04-01 22:00,1.561
1997-04-01 22:06,1.560
1997-04-01 22:12,1.558
1997-04-01 22:18,1.556
1997-04-01 22:24,1.555
1997-04-01 22:30,1.553
1997-04-01 22:36,1.551
1997-04-01 22:42,1.550
1997-04-01 22:48,1.548
1997-04-01 22:54,1.547
1997-04-01 23:00,1.545
1997-04-01 23:06,1.544
1997-04-01 23:12,1.543
1997-04-01 23:18,1.542
1997-04-01 23:24,1.540
1997-04-01 23:30,1.539
1997-04-01 23:36,1.538
1997-04-01 23:42,1.537
1997-04-01 23:48,1.536
1997-04-01 23:54,1.535
1997-04-02 00:00,1.534
1997-04-02 00:06,1.533
1997-04-02 00:12,1.532
1997-04-02 00:18,1.531
1997-04-02 00:24,1.530
1997-04-02 00:30,1.529
1997-04-02 00:36,1.528
1997-04-02 00:42,1.527
1997-04-02 00:48,1.526
1997-04-02 00:54,1.525
1997-04-02 01:00,1.523
1997-04-02 01:06,1.522
1997-04-02 01:12,1.521
1997-04-02 01:18,1.519
1997-04-02 01:24,1.518
1997-04-02 01:30,1.516
1997-04-02 01:36,1.514
1997-04-02 01:42,1.513
1997-04-02 01:48,1.511
1997-04-02 01:54,1.509
1997-04-02 02:00,1.507
1997-04-02 02:06,1.505
1997-04-02 02:12,1.503
1997-04-02 02:18,1.501
1997-04-02 02:24,1.498
1997-04-02 02:30,1.496
1997-04-02 02:36,1.494
1997-04-02 02:42,1.491
1997-04-02 02:48,1.489
1997-04-02 02:54,1.487
1997-04-02 03:00,1.484
1997-04-02 03:06,1.481
1997-04-02 03:12,1.479
1997-04-02 03:18,1.476
1997-04-02 03:24,1.473
1997-04-02 03:30,1.470
1997-04-02 03:36,1.468
1997-04-02 03:42,1.465
1997-04-02 03:48,1.461
1997-04-02 03:54,1.458
1997-04-02 04:00,1.455
1997-04-02 04:06,1.451
1997-04-02 04:12,1.448
1997-04-02 04:18,1.444
1997-04-02 04:24,1.440
1997-04-02 04:30,1.436
1997-04-02 04:36,1.432
1997-04-02 04:42,1.428
1997-04-02 04:48,1.423
1997-04-02 04:54,1.419
1997-04-02 05:00,1.414
1997-04-02 05:06,1.409
1997-04-02 05:12,1.404
1997-04-02 05:18,1.399
1997-04-02 05:24,1.394
1997-04-02 05:30,1.388
1997-04-02 05:36,1.383
1997-04-02 05:42,1.377
1997-04-02 05:48,1.371
1997-04-02 05:54,1.365
1997-04-02 06:00,1.359
1997-04-02 06:06,1.353
1997-04-02 06:12,1.347
1997-04-02 06:18,1.341
1997-04-02 06:24,1.335
1997-04-02 06:30,1.329
1997-04-02 06:36,1.324
1997-04-02 06:42,1.318
1997-04-02 06:48,1.312
1997-04-02 06:54,1.306
1997-04-02 07:00,1.300
1997-04-02 07:06,1.295
1997-04-02 07:12,1.289
1997-04-02 07:18,1.284
1997-04-02 07:24,1.279
1997-04-02 07:30,1.274
1997-04-02 07:36,1.269
1997-04-02 07:42,1.264
1997-04-02 07:48,1.259
1997-04-02 07:54,1.255
1997-04-02 08:00,1.250
1997-04-02 08:06,1.246
1997-04-02 08:12,1.242
1997-04-02 08:18,1.238
1997-04-02 08:24,1.234
1997-04-02 08:30,1.231
1997-04-02 08:36,1.227
1997-04-02 08:42,1.224
1997-04-02 08:48,1.221
1997-04-02 08:54,1.217
1997-04-02 09:00,1.215
1997-04-02 09:06,1.212
1997-04-02 09:12,1.209
1997-04-02 09:18,1.207
1997-04-02 09:24,1.204
1997-04-02 09:30,1.202
1997-04-02 09:36,1.200
1997-04-02 09:42,1.198
1997-04-02 09:48,1.197
1997-04-02 09:54,1.195
1997-04-02 10:00,1.194
1997-04-02 10:06,1.193
1997-04-02 10:12,1.192
1997-04-02 10:18,1.192
1997-04-02 10:24,1.192
1997-04-02 10:30,1.192
1997-04-02 10:36,1.192
1997-04-02 10:42,1.192
1997-04-02 10:48,1.193
1997-04-02 10:54,1.194
1997-04-02 11:00,1.196
1997-04-02 11:06,1.197
1997-04-02 11:12,1.199
1997-04-02 11:18,1.202
1997-04-02 11:24,1.204
1997-04-02 11:30,1.207
1997-04-02 11:36,1.210
1997-04-02 11:42,1.214
1997-04-02 11:48,1.217
1997-04-02 11:54,1.221
1997-04-02 12:00,1.226
1997-04-02 12:06,1.230
1997-04-02 12:12,1.235
1997-04-02 12:18,1.240
1997-04-02 12:24,1.245
1997-04-02 12:30,1.250
1997-04-02 12:36,1.256
1997-04-02 12:42,1.261
1997-04-02 12:48,1.267
1997-04-02 12:54,1.273
1997-04-02 13:00,1.279
1997-04-02 13:06,1.285
1997-04-02 13:12,1.292
1997-04-02 13:18,1.298
1997-04-02 13:24,1.305
1997-04-02 13:30,1.311
1997-04-02 13:36,1.318
1997-04-02 13:42,1.325
1997-04-02 13:48,1.331
1997-04-02 13:54,1.338
1997-04-02 14:00,1.345
1997-04-02 14:06,1.352
1997-04-02 14:12,1.359
1997-04-02 14:18,1.366
1997-04-02 14:24,1.373
1997-04-02 14:30,1.380
1997-04-02 14:36,1.387
1997-04-02 14:42,1.394
1997-04-02 14:48,1.401
1997-04-02 14:54,1.408
1997-04-02 15:00,1.415
1997-04-02 15:06,1.422
1997-04-02 15:12,1.429
1997-04-02 15:18,1.436
1997-04-02 15:24,1.443
1997-04-02 15:30,1.450
1997-04-02 15:36,1.457
1997-04-02 15:42,1.463
1997-04-02 15:48,1.470
1997-04-02 15:54,1.476
1997-04-02 16:00,1.483
1997-04-02 16:06,1.489
1997-04-02 16:12,1.495
1997-04-02 16:18,1.501
1997-04-02 16:24,1.507
1997-04-02 16:30,1.512
1997-04-02 16:36,1.518
1997-04-02 16:42,1.523
1997-04-02 16:48,1.528
1997-04-02 16:54,1.532
1997-04-02 17:00,1.537
1997-04-02 17:06,1.541
1997-04-02 17:12,1.545
1997-04-02 17:18,1.549
1997-04-02 17:24,1.552
1997-04-02 17:30,1.555
1997-04-02 17:36,1.558
1997-04-02 17:42,1.561
1997-04-02 17:48,1.563
1997-04-02 17:54,1.566
1997-04-02 18:00,1.568
1997-04-02 18:06,1.569
1997-04-02 18:12,1.571
1997-04-02 18:18,1.572
1997-04-02 18:24,1.574
1997-04-02 18:30,1.575
1997-04-02 18:36,1.576
1997-04-02 18:42,1.576
1997-04-02 18:48,1.577
1997-04-02 18:54,1.577
1997-04-02 19:00,1.578
1997-04-02 19:06,1.578
1997-04-02 19:12,1.578
1997-04-02 19:18,1.578
1997-04-02 19:24,1.578
1997-04-02 19:30,1.578
1997-04-02 19:36,1.578
1997-04-02 19:42,1.578
1997-04-02 19:48,1.577
1997-04-02 19:54,1.577
1997-04-02 20:00,1.577
1997-04-02 20:06,1.576
1997-04-02 20:12,1.576
1997-04-02 20:18,1.575
1997-04-02 20:24,1.574
1997-04-02 20:30,1.573
1997-04-02 20:36,1.573
1997-04-02 20:42,1.572
1997-04-02 20:48,1.571
1997-04-02 20:54,1.570
1997-04-02 21:00,1.568
1997-04-02 21:06,1.567
1997-04-02 21:12,1.566
1997-04-02 21:18,1.564
1997-04-02 21:24,1.563
1997-04-02 21:30,1.561
1997-04-02 21:36,1.560
1997-04-02 21:42,1.558
1997-04-02 21:48,1.556
1997-04-02 21:54,1.554
1997-04-02 22:00,1.552
1997-04-02 22:06,1.550
1997-04-02 22:12,1.548
1997-04-02 22:18,1.546
1997-04-02 22:24,1.544
1997-04-02 22:30,1.542
1997-04-02 22:36,1.540
1997-04-02 22:42,1.539
1997-04-02 22:48,1.537
1997-04-02 22:54,1.535
1997-04-02 23:00,1.533
1997-04-02 23:06,1.531
1997-04-02 23:12,1.530
1997-04-02 23:18,1.528
1997-04-02 23:24,1.526
1997-04-02 23:30,1.525
1997-04-02 23:36,1.524
1997-04-02 23:42,1.522
1997-04-02 23:48,1.521
1997-04-02 23:54,1.520
1997-04-03 00:00,1.519
1997-04-03 00:06,1.518
1997-04-03 00:12,1.517
1997-04-03 00:18,1.517
1997-04-03 00:24,1.516
1997-04-03 00:30,1.515
1997-04-03 00:36,1.515
1997-04-03 00:42,1.514
1997-04-03 00:48,1.514
1997-04-03 00:54,1.513
1997-04-03 01:00,1.513
1997-04-03 01:06,1.512
1997-04-03 01:12,1.512
1997-04-03 01:18,1.512
1997-04-03 01:24,1.511
1997-04-03 01:30,1.511
1997-04-03 01:36,1.511
1997-04-03 01:42,1.510
1997-04-03 01:48,1.510
1997-04-03 01:54,1.509
1997-04-03 02:00,1.509
1997-04-03 02:06,1.509
1997-04-03 02:12,1.508
1997-04-03 02:18,1.508
1997-04-03 02:24,1.507
1997-04-03 02:30,1.507
1997-04-03 02:36,1.506
1997-04-03 02:42,1.506
1997-04-03 02:48,1.505
1997-04-03 02:54,1.505
1997-04-03 03:00,1.504
1997-04-03 03:06,1.503
1997-04-03 03:12,1.503
1997-04-03 03:18,1.502
1997-04-03 03:24,1.501
1997-04-03 03:30,1.501
1997-04-03 03:36,1.500
1997-04-03 03:42,1.499
1997-04-03 03:48,1.498
1997-04-03 03:54,1.497
1997-04-03 04:00,1.496
1997-04-03 04:06,1.495
1997-04-03 04:12,1.493
1997-04-03 04:18,1.492
1997-04-03 04:24,1.490
1997-04-03 04:30,1.488
1997-04-03 04:36,1.487
1997-04-03 04:42,1.485
1997-04-03 04:48,1.482
1997-04-03 04:54,1.480
1997-04-03 05:00,1.478
1997-04-03 05:06,1.475
1997-04-03 05:12,1.472
1997-04-03 05:18,1.469
1997-04-03 05:24,1.466
1997-04-03 05:30,1.462
1997-04-03 05:36,1.458
1997-04-03 05:42,1.455
1997-04-03 05:48,1.451
1997-04-03 05:54,1.446
1997-04-03 06:00,1.442
1997-04-03 06:06,1.437
1997-04-03 06:12,1.433
1997-04-03 06:18,1.428
1997-04-03 06:24,1.423
1997-04-03 06:30,1.418
1997-04-03 06:36,1.413
1997-04-03 06:42,1.407
1997-04-03 06:48,1.402
1997-04-03 06:54,1.397
1997-04-03 07:00,1.391
1997-04-03 07:06,1.386
1997-04-03 07:12,1.380
1997-04-03 07:18,1.375
1997-04-03 07:24,1.369
1997-04-03 07:30,1.363
1997-04-03 07:36,1.358
1997-04-03 07:42,1.352
1997-04-03 07:48,1.347
1997-04-03 07:54,1.342
1997-04-03 08:00,1.336
1997-04-03 08:06,1.331
1997-04-03 08:12,1.326
1997-04-03 08:18,1.320
1997-04-03 08:24,1.315
1997-04-03 08:30,1.310
1997-04-03 08:36,1.305
1997-04-03 08:42,1.300
1997-04-03 08:48,1.295
1997-04-03 08:54,1.291
1997-04-03 09:00,1.286
1997-04-03 09:06,1.281
1997-04-03 09:12,1.277
1997-04-03 09:18,1.272
1997-04-03 09:24,1.268
1997-04-03 09:30,1.264
1997-04-03 09:36,1.260
1997-04-03 09:42,1.256
1997-04-03 09:48,1.252
1997-04-03 09:54,1.248
1997-04-03 10:00,1.244
1997-04-03 10:06,1.241
1997-04-03 10:12,1.237
1997-04-03 10:18,1.234
1997-04-03 10:24,1.231
1997-04-03 10:30,1.228
1997-04-03 10:36,1.226
1997-04-03 10:42,1.223
1997-04-03 10:48,1.221
1997-04-03 10:54,1.219
1997-04-03 11:00,1.217
1997-04-03 11:06,1.216
1997-04-03 11:12,1.214
1997-04-03 11:18,1.213
1997-04-03 11:24,1.213
1997-04-03 11:30,1.212
1997-04-03 11:36,1.212
1997-04-03 11:42,1.212
1997-04-03 11:48,1.212
1997-04-03 11:54,1.213
1997-04-03 12:00,1.214
1997-04-03 12:06,1.215
1997-04-03 12:12,1.217
1997-04-03 12:18,1.219
1997-04-03 12:24,1.221
1997-04-03 12:30,1.223
1997-04-03 12:36,1.226
1997-04-03 12:42,1.229
1997-04-03 12:48,1.232
1997-04-03 12:54,1.236
1997-04-03 13:00,1.239
1997-04-03 13:06,1.243
1997-04-03 13:12,1.247
1997-04-03 13:18,1.252
1997-04-03 13:24,1.256
1997-04-03 13:30,1.261
1997-04-03 13:36,1.266
1997-04-03 13:42,1.271
1997-04-03 13:48,1.276
1997-04-03 13:54,1.282
1997-04-03 14:00,1.287
1997-04-03 14:06,1.293
1997-04-03 14:12,1.299
1997-04-03 14:18,1.305
1997-04-03 14:24,1.311
1997-04-03 14:30,1.318
1997-04-03 14:36,1.324
1997-04-03 14:42,1.331
1997-04-03 14:48,1.337
1997-04-03 14:54,1.344
1997-04-03 15:00,1.351
1997-04-03 15:06,1.357
1997-04-03 15:12,1.364
1997-04-03 15:18,1.371
1997-04-03 15:24,1.378
1997-04-03 15:30,1.385
1997-04-03 15:36,1.392
1997-04-03 15:42,1.399
1997-04-03 15:48,1.406
1997-04-03 15:54,1.413
1997-04-03 16:00,1.420
1997-04-03 16:06,1.427
1997-04-03 16:12,1.434
1997-04-03 16:18,1.441
1997-04-03 16:24,1.448
1997-04-03 16:30,1.454
1997-04-03 16:36,1.461
1997-04-03 16:42,1.467
1997-04-03 16:48,1.473
1997-04-03 16:54,1.479
1997-04-03 17:00,1.485
1997-04-03 17:06,1.491
1997-04-03 17:12,1.496
1997-04-03 17:18,1.501
1997-04-03 17:24,1.506
1997-04-03 17:30,1.511
1997-04-03 17:36,1.515
1997-04-03 17:42,1.520
1997-04-03 17:48,1.524
1997-04-03 17:54,1.527
1997-04-03 18:00,1.531
1997-04-03 18:06,1.534
1997-04-03 18:12,1.537
1997-04-03 18:18,1.540
1997-04-03 18:24,1.543
1997-04-03 18:30,1.545
1997-04-03 18:36,1.547
1997-04-03 18:42,1.549
1997-04-03 18:48,1.551
1997-04-03 18:54,1.552
1997-04-03 19:00,1.553
1997-04-03 19:06,1.554
1997-04-03 19:12,1.555
1997-04-03 19:18,1.556
1997-04-03 19:24,1.556
1997-04-03 19:30,1.557
1997-04-03 19:36,1.557
1997-04-03 19:42,1.557
1997-04-03 19:48,1.557
1997-04-03 19:54,1.557
1997-04-03 20:00,1.556
1997-04-03 20:06,1.556
1997-04-03 20:12,1.555
1997-04-03 20:18,1.555
1997-04-03 20:24,1.554
1997-04-03 20:30,1.553
1997-04-03 20:36,1.552
1997-04-03 20:42,1.551
1997-04-03 20:48,1.550
1997-04-03 20:54,1.548
1997-04-03 21:00,1.547
1997-04-03 21:06,1.545
1997-04-03 21:12,1.544
1997-04-03 21:18,1.542
1997-04-03 21:24,1.540
1997-04-03 21:30,1.539
1997-04-03 21:36,1.537
1997-04-03 21:42,1.535
1997-04-03 21:48,1.533
1997-04-03 21:54,1.531
1997-04-03 22:00,1.528
1997-04-03 22:06,1.526
1997-04-03 22:12,1.524
1997-04-03 22:18,1.522
1997-04-03 22:24,1.519
1997-04-03 22:30,1.517
1997-04-03 22:36,1.515
1997-04-03 22:42,1.512
1997-04-03 22:48,1.510
1997-04-03 22:54,1.508
1997-04-03 23:00,1.506
1997-04-03 23:06,1.503
1997-04-03 23:12,1.501
1997-04-03 23:18,1.499
1997-04-03 23:24,1.497
1997-04-03 23:30,1.495
1997-04-03 23:36,1.493
1997-04-03 23:42,1.491
1997-04-03 23:48,1.490
1997-04-03 23:54,1.488
1997-04-04 00:00,1.487
1997-04-04 00:06,1.485
1997-04-04 00:12,1.484
1997-04-04 00:18,1.483
1997-04-04 00:24,1.482
1997-04-04 00:30,1.481
1997-04-04 00:36,1.480
1997-04-04 00:42,1.479
1997-04-04 00:48,1.479
1997-04-04 00:54,1.478
1997-04-04 01:00,1.478
1997-04-04 01:06,1.478
1997-04-04 01:12,1.477
1997-04-04 01:18,1.477
1997-04-04 01:24,1.477
1997-04-04 01:30,1.478
1997-04-04 01:36,1.478
1997-04-04 01:42,1.478
1997-04-04 01:48,1.479
1997-04-04 01:54,1.479
1997-04-04 02:00,1.480
1997-04-04 02:06,1.481
1997-04-04 02:12,1.482
1997-04-04 02:18,1.482
1997-04-04 02:24,1.483
1997-04-04 02:30,1.484
1997-04-04 02:36,1.486
1997-04-04 02:42,1.487
1997-04-04 02:48,1.488
1997-04-04 02:54,1.489
1997-04-04 03:00,1.490
1997-04-04 03:06,1.492
1997-04-04 03:12,1.493
1997-04-04 03:18,1.494
1997-04-04 03:24,1.496
1997-04-04 03:30,1.497
1997-04-04 03:36,1.498
1997-04-04 03:42,1.500
1997-04-04 03:48,1.501
1997-04-04 03:54,1.502
1997-04-04 04:00,1.504
1997-04-04 04:06,1.505
1997-04-04 04:12,1.506
1997-04-04 04:18,1.507
1997-04-04 04:24,1.508
1997-04-04 04:30,1.509
1997-04-04 04:36,1.510
1997-04-04 04:42,1.510
1997-04-04 04:48,1.511
1997-04-04 04:54,1.511
1997-04-04 05:00,1.512
1997-04-04 05:06,1.512
1997-04-04 05:12,1.512
1997-04-04 05:18,1.511
1997-04-04 05:24,1.511
1997-04-04 05:30,1.510
1997-04-04 05:36,1.510
1997-04-04 05:42,1.509
1997-04-04 05:48,1.508
1997-04-04 05:54,1.506
1997-04-04 06:00,1.505
1997-04-04 06:06,1.503
1997-04-04 06:12,1.501
1997-04-04 06:18,1.499
1997-04-04 06:24,1.496
1997-04-04 06:30,1.494
1997-04-04 06:36,1.491
1997-04-04 06:42,1.488
1997-04-04 06:48,1.485
1997-04-04 06:54,1.481
1997-04-04 07:00,1.478
1997-04-04 07:06,1.474
1997-04-04 07:12,1.470
1997-04-04 07:18,1.466
1997-04-04 07:24,1.462
1997-04-04 07:30,1.458
1997-04-04 07:36,1.453
1997-04-04 07:42,1.449
1997-04-04 07:48,1.444
1997-04-04 07:54,1.440
1997-04-04 08:00,1.435
1997-04-04 08:06,1.430
1997-04-04 08:12,1.425
1997-04-04 08:18,1.420
1997-04-04 08:24,1.415
1997-04-04 08:30,1.409
1997-04-04 08:36,1.404
1997-04-04 08:42,1.399
1997-04-04 08:48,1.393
1997-04-04 08:54,1.388
1997-04-04 09:00,1.383
1997-04-04 09:06,1.377
1997-04-04 09:12,1.372
1997-04-04 09:18,1.367
1997-04-04 09:24,1.361
1997-04-04 09:30,1.356
1997-04-04 09:36,1.350
1997-04-04 09:42,1.345
1997-04-04 09:48,1.340
1997-04-04 09:54,1.335
1997-04-04 10:00,1.330
1997-04-04 10:06,1.324
1997-04-04 10:12,1.319
1997-04-04 10:18,1.315
1997-04-04 10:24,1.310
1997-04-04 10:30,1.305
1997-04-04 10:36,1.300
1997-04-04 10:42,1.296
1997-04-04 10:48,1.291
1997-04-04 10:54,1.287
1997-04-04 11:00,1.283
1997-04-04 11:06,1.279
1997-04-04 11:12,1.275
1997-04-04 11:18,1.272
1997-04-04 11:24,1.268
1997-04-04 11:30,1.265
1997-04-04 11:36,1.262
1997-04-04 11:42,1.259
1997-04-04 11:48,1.257
1997-04-04 11:54,1.254
1997-04-04 12:00,1.252
1997-04-04 12:06,1.250
1997-04-04 12:12,1.249
1997-04-04 12:18,1.247
1997-04-04 12:24,1.246
1997-04-04 12:30,1.245
1997-04-04 12:36,1.245
1997-04-04 12:42,1.244
1997-04-04 12:48,1.244
1997-04-04 12:54,1.244
1997-04-04 13:00,1.245
1997-04-04 13:06,1.245
1997-04-04 13:12,1.246
1997-04-04 13:18,1.248
1997-04-04 13:24,1.249
1997-04-04 13:30,1.251
1997-04-04 13:36,1.253
1997-04-04 13:42,1.255
1997-04-04 13:48,1.258
1997-04-04 13:54,1.261
1997-04-04 14:00,1.264
1997-04-04 14:06,1.267
1997-04-04 14:12,1.271
1997-04-04 14:18,1.275
1997-04-04 14:24,1.279
1997-04-04 14:30,1.283
1997-04-04 14:36,1.288
1997-04-04 14:42,1.292
1997-04-04 14:48,1.297
1997-04-04 14:54,1.302
1997-04-04 15:00,1.308
1997-04-04 15:06,1.313
1997-04-04 15:12,1.319
1997-04-04 15:18,1.325
1997-04-04 15:24,1.331
1997-04-04 15:30,1.337
1997-04-04 15:36,1.343
1997-04-04 15:42,1.349
1997-04-04 15:48,1.355
1997-04-04 15:54,1.362
1997-04-04 16:00,1.368
1997-04-04 16:06,1.375
1997-04-04 16:12,1.381
1997-04-04 16:18,1.388
1997-04-04 16:24,1.394
1997-04-04 16:30,1.401
1997-04-04 16:36,1.407
1997-04-04 16:42,1.414
1997-04-04 16:48,1.420
1997-04-04 16:54,1.426
1997-04-04 17:00,1.433
1997-04-04 17:06,1.439
1997-04-04 17:12,1.445
1997-04-04 17:18,1.451
1997-04-04 17:24,1.456
1997-04-04 17:30,1.462
1997-04-04 17:36,1.467
1997-04-04 17:42,1.472
1997-04-04 17:48,1.477
1997-04-04 17:54,1.482
1997-04-04 18:00,1.487
1997-04-04 18:06,1.491
1997-04-04 18:12,1.496
1997-04-04 18:18,1.500
1997-04-04 18:24,1.503
1997-04-04 18:30,1.507
1997-04-04 18:36,1.510
1997-04-04 18:42,1.514
1997-04-04 18:48,1.516
1997-04-04 18:54,1.519
1997-04-04 19:00,1.521
1997-04-04 19:06,1.524
1997-04-04 19:12,1.526
1997-04-04 19:18,1.527
1997-04-04 19:24,1.529
1997-04-04 19:30,1.530
1997-04-04 19:36,1.531
1997-04-04 19:42,1.532
1997-04-04 19:48,1.532
1997-04-04 19:54,1.533
1997-04-04 20:00,1.533
1997-04-04 20:06,1.532
1997-04-04 20:12,1.532
1997-04-04 20:18,1.532
1997-04-04 20:24,1.531
1997-04-04 20:30,1.530
1997-04-04 20:36,1.529
1997-04-04 20:42,1.528
1997-04-04 20:48,1.526
1997-04-04 20:54,1.524
1997-04-04 21:00,1.523
1997-04-04 21:06,1.521
1997-04-04 21:12,1.519
1997-04-04 21:18,1.517
1997-04-04 21:24,1.514
1997-04-04 21:30,1.512
1997-04-04 21:36,1.509
1997-04-04 21:42,1.507
1997-04-04 21:48,1.504
1997-04-04 21:54,1.501
1997-04-04 22:00,1.499
1997-04-04 22:06,1.496
1997-04-04 22:12,1.493
1997-04-04 22:18,1.490
1997-04-04 22:24,1.487
1997-04-04 22:30,1.484
1997-04-04 22:36,1.481
1997-04-04 22:42,1.478
1997-04-04 22:48,1.475
1997-04-04 22:54,1.472
1997-04-04 23:00,1.469
1997-04-04 23:06,1.467
1997-04-04 23:12,1.464
1997-04-04 23:18,1.461
1997-04-04 23:24,1.458
1997-04-04 23:30,1.455
1997-04-04 23:36,1.453
1997-04-04 23:42,1.450
1997-04-04 23:48,1.448
1997-04-04 23:54,1.445
1997-04-05 00:00,1.443
1997-04-05 00:06,1.441
1997-04-05 00:12,1.439
1997-04-05 00:18,1.437
1997-04-05 00:24,1.435
1997-04-05 00:30,1.433
1997-04-05 00:36,1.431
1997-04-05 00:42,1.430
1997-04-05 00:48,1.428
1997-04-05 00:54,1.427
1997-04-05 01:00,1.426
1997-04-05 01:06,1.425
1997-04-05 01:12,1.424
1997-04-05 01:18,1.424
1997-04-05 01:24,1.423
1997-04-05 01:30,1.423
1997-04-05 01:36,1.423
1997-04-05 01:42,1.423
1997-04-05 01:48,1.424
1997-04-05 01:54,1.424
1997-04-05 02:00,1.425
1997-04-05 02:06,1.426
1997-04-05 02:12,1.427
1997-04-05 02:18,1.428
1997-04-05 02:24,1.429
1997-04-05 02:30,1.431
1997-04-05 02:36,1.433
1997-04-05 02:42,1.435
1997-04-05 02:48,1.437
1997-04-05 02:54,1.439
1997-04-05 03:00,1.442
1997-04-05 03:06,1.444
1997-04-05 03:12,1.447
1997-04-05 03:18,1.450
1997-04-05 03:24,1.453
1997-04-05 03:30,1.456
1997-04-05 03:36,1.459
1997-04-05 03:42,1.462
1997-04-05 03:48,1.465
1997-04-05 03:54,1.468
1997-04-05 04:00,1.472
1997-04-05 04:06,1.475
1997-04-05 04:12,1.478
1997-04-05 04:18,1.482
1997-04-05 04:24,1.485
1997-04-05 04:30,1.488
1997-04-05 04:36,1.492
1997-04-05 04:42,1.495
1997-04-05 04:48,1.498
1997-04-05 04:54,1.501
1997-04-05 05:00,1.504
1997-04-05 05:06,1.507
1997-04-05 05:12,1.510
1997-04-05 05:18,1.512
1997-04-05 05:24,1.515
1997-04-05 05:30,1.517
1997-04-05 05:36,1.520
1997-04-05 05:42,1.522
1997-04-05 05:48,1.524
1997-04-05 05:54,1.526
1997-04-05 06:00,1.528
1997-04-05 06:06,1.529
1997-04-05 06:12,1.530
1997-04-05 06:18,1.532
1997-04-05 06:24,1.533
1997-04-05 06:30,1.533
1997-04-05 06:36,1.534
1997-04-05 06:42,1.534
1997-04-05 06:48,1.535
1997-04-05 06:54,1.535
1997-04-05 07:00,1.534
1997-04-05 07:06,1.534
1997-04-05 07:12,1.533
1997-04-05 07:18,1.532
1997-04-05 07:24,1.531
1997-04-05 07:30,1.530
1997-04-05 07:36,1.528
1997-04-05 07:42,1.526
1997-04-05 07:48,1.524
1997-04-05 07:54,1.522
1997-04-05 08:00,1.520
1997-04-05 08:06,1.517
1997-04-05 08:12,1.514
1997-04-05 08:18,1.511
1997-04-05 08:24,1.507
1997-04-05 08:30,1.504
1997-04-05 08:36,1.500
1997-04-05 08:42,1.496
1997-04-05 08:48,1.492
1997-04-05 08:54,1.488
1997-04-05 09:00,1.483
1997-04-05 09:06,1.478
1997-04-05 09:12,1.474
1997-04-05 09:18,1.469
1997-04-05 09:24,1.464
1997-04-05 09:30,1.459
1997-04-05 09:36,1.453
1997-04-05 09:42,1.448
1997-04-05 09:48,1.443
1997-04-05 09:54,1.437
1997-04-05 10:00,1.432
1997-04-05 10:06,1.427
1997-04-05 10:12,1.421
1997-04-05 10:18,1.416
1997-04-05 10:24,1.410
1997-04-05 10:30,1.405
1997-04-05 10:36,1.399
1997-04-05 10:42,1.394
1997-04-05 10:48,1.389
1997-04-05 10:54,1.383
1997-04-05 11:00,1.378
1997-04-05 11:06,1.373
1997-04-05 11:12,1.368
1997-04-05 11:18,1.363
1997-04-05 11:24,1.358
1997-04-05 11:30,1.353
1997-04-05 11:36,1.349
1997-04-05 11:42,1.344
1997-04-05 11:48,1.340
1997-04-05 11:54,1.336
1997-04-05 12:00,1.331
1997-04-05 12:06,1.327
1997-04-05 12:12,1.323
1997-04-05 12:18,1.320
1997-04-05 12:24,1.316
1997-04-05 12:30,1.312
1997-04-05 12:36,1.309
1997-04-05 12:42,1.306
1997-04-05 12:48,1.303
1997-04-05 12:54,1.300
1997-04-05 13:00,1.298
1997-04-05 13:06,1.296
1997-04-05 13:12,1.293
1997-04-05 13:18,1.292
1997-04-05 13:24,1.290
1997-04-05 13:30,1.289
1997-04-05 13:36,1.287
1997-04-05 13:42,1.287
1997-04-05 13:48,1.286
1997-04-05 13:54,1.286
1997-04-05 14:00,1.286
1997-04-05 14:06,1.286
1997-04-05 14:12,1.286
1997-04-05 14:18,1.287
1997-04-05 14:24,1.288
1997-04-05 14:30,1.290
1997-04-05 14:36,1.291
1997-04-05 14:42,1.293
1997-04-05 14:48,1.296
1997-04-05 14:54,1.298
1997-04-05 15:00,1.301
1997-04-05 15:06,1.304
1997-04-05 15:12,1.307
1997-04-05 15:18,1.311
1997-04-05 15:24,1.315
1997-04-05 15:30,1.319
1997-04-05 15:36,1.323
1997-04-05 15:42,1.327
1997-04-05 15:48,1.332
1997-04-05 15:54,1.337
1997-04-05 16:00,1.342
1997-04-05 16:06,1.347
1997-04-05 16:12,1.352
1997-04-05 16:18,1.357
1997-04-05 16:24,1.362
1997-04-05 16:30,1.368
1997-04-05 16:36,1.373
1997-04-05 16:42,1.379
1997-04-05 16:48,1.384
1997-04-05 16:54,1.390
1997-04-05 17:00,1.395
1997-04-05 17:06,1.401
1997-04-05 17:12,1.406
1997-04-05 17:18,1.412
1997-04-05 17:24,1.417
1997-04-05 17:30,1.422
1997-04-05 17:36,1.428
1997-04-05 17:42,1.433
1997-04-05 17:48,1.438
1997-04-05 17:54,1.443
1997-04-05 18:00,1.448
1997-04-05 18:06,1.453
1997-04-05 18:12,1.457
1997-04-05 18:18,1.462
1997-04-05 18:24,1.466
1997-04-05 18:30,1.470
1997-04-05 18:36,1.475
1997-04-05 18:42,1.479
1997-04-05 18:48,1.482
1997-04-05 18:54,1.486
1997-04-05 19:00,1.489
1997-04-05 19:06,1.492
1997-04-05 19:12,1.495
1997-04-05 19:18,1.498
1997-04-05 19:24,1.501
1997-04-05 19:30,1.503
1997-04-05 19:36,1.505
1997-04-05 19:42,1.507
1997-04-05 19:48,1.508
1997-04-05 19:54,1.509
1997-04-05 20:00,1.510
1997-04-05 20:06,1.511
1997-04-05 20:12,1.511
1997-04-05 20:18,1.511
1997-04-05 20:24,1.511
1997-04-05 20:30,1.511
1997-04-05 20:36,1.510
1997-04-05 20:42,1.509
1997-04-05 20:48,1.507
1997-04-05 20:54,1.506
1997-04-05 21:00,1.504
1997-04-05 21:06,1.502
1997-04-05 21:12,1.500
1997-04-05 21:18,1.497
1997-04-05 21:24,1.495
1997-04-05 21:30,1.492
1997-04-05 21:36,1.489
1997-04-05 21:42,1.486
1997-04-05 21:48,1.482
1997-04-05 21:54,1.479
1997-04-05 22:00,1.475
1997-04-05 22:06,1.471
1997-04-05 22:12,1.468
1997-04-05 22:18,1.464
1997-04-05 22:24,1.460
1997-04-05 22:30,1.456
1997-04-05 22:36,1.452
1997-04-05 22:42,1.448
1997-04-05 22:48,1.444
1997-04-05 22:54,1.440
1997-04-05 23:00,1.436
1997-04-05 23:06,1.433
1997-04-05 23:12,1.429
1997-04-05 23:18,1.425
1997-04-05 23:24,1.421
1997-04-05 23:30,1.417
1997-04-05 23:36,1.414
1997-04-05 23:42,1.410
1997-04-05 23:48,1.407
1997-04-05 23:54,1.403
1997-04-06 00:00,1.400
1997-04-06 00:06,1.396
1997-04-06 00:12,1.393
1997-04-06 00:18,1.390
1997-04-06 00:24,1.387
1997-04-06 00:30,1.384
1997-04-06 00:36,1.381
1997-04-06 00:42,1.379
1997-04-06 00:48,1.376
1997-04-06 00:54,1.374
1997-04-06 01:00,1.371
1997-04-06 01:06,1.369
1997-04-06 01:12,1.367
1997-04-06 01:18,1.365
1997-04-06 01:24,1.364
1997-04-06 01:30,1.362
1997-04-06 01:36,1.361
1997-04-06 01:42,1.360
1997-04-06 01:48,1.359
1997-04-06 01:54,1.358
1997-04-06 02:00,1.358
1997-04-06 02:06,1.358
1997-04-06 02:12,1.358
1997-04-06 02:18,1.359
1997-04-06 02:24,1.359
1997-04-06 02:30,1.360
1997-04-06 02:36,1.361
1997-04-06 02:42,1.363
1997-04-06 02:48,1.365
1997-04-06 02:54,1.367
1997-04-06 03:00,1.369
1997-04-06 03:06,1.372
1997-04-06 03:12,1.374
1997-04-06 03:18,1.377
1997-04-06 03:24,1.381
1997-04-06 03:30,1.384
1997-04-06 03:36,1.388
1997-04-06 03:42,1.392
1997-04-06 03:48,1.396
1997-04-06 03:54,1.400
1997-04-06 04:00,1.405
1997-04-06 04:06,1.409
1997-04-06 04:12,1.414
1997-04-06 04:18,1.419
1997-04-06 04:24,1.423
1997-04-06 04:30,1.428
1997-04-06 04:36,1.433
1997-04-06 04:42,1.438
1997-04-06 04:48,1.444
1997-04-06 04:54,1.449
1997-04-06 05:00,1.454
1997-04-06 05:06,1.459
1997-04-06 05:12,1.464
1997-04-06 05:18,1.469
1997-04-06 05:24,1.474
1997-04-06 05:30,1.479
1997-04-06 05:36,1.484
1997-04-06 05:42,1.489
1997-04-06 05:48,1.494
1997-04-06 05:54,1.498
1997-04-06 06:00,1.503
1997-04-06 06:06,1.508
1997-04-06 06:12,1.512
1997-04-06 06:18,1.516
1997-04-06 06:24,1.521
1997-04-06 06:30,1.525
1997-04-06 06:36,1.529
1997-04-06 06:42,1.533
1997-04-06 06:48,1.536
1997-04-06 06:54,1.540
1997-04-06 07:00,1.543
1997-04-06 07:06,1.546
1997-04-06 07:12,1.550
1997-04-06 07:18,1.552
1997-04-06 07:24,1.555
1997-04-06 07:30,1.557
1997-04-06 07:36,1.559
1997-04-06 07:42,1.561
1997-04-06 07:48,1.563
1997-04-06 07:54,1.564
1997-04-06 08:00,1.566
1997-04-06 08:06,1.566
1997-04-06 08:12,1.567
1997-04-06 08:18,1.567
1997-04-06 08:24,1.567
1997-04-06 08:30,1.567
1997-04-06 08:36,1.566
1997-04-06 08:42,1.565
1997-04-06 08:48,1.564
1997-04-06 08:54,1.562
1997-04-06 09:00,1.560
1997-04-06 09:06,1.558
1997-04-06 09:12,1.556
1997-04-06 09:18,1.553
1997-04-06 09:24,1.550
1997-04-06 09:30,1.547
1997-04-06 09:36,1.543
1997-04-06 09:42,1.540
1997-04-06 09:48,1.536
1997-04-06 09:54,1.532
1997-04-06 10:00,1.528
1997-04-06 10:06,1.523
1997-04-06 10:12,1.519
1997-04-06 10:18,1.514
1997-04-06 10:24,1.510
1997-04-06 10:30,1.505
1997-04-06 10:36,1.500
1997-04-06 10:42,1.495
1997-04-06 10:48,1.490
1997-04-06 10:54,1.485
1997-04-06 11:00,1.480
1997-04-06 11:06,1.475
1997-04-06 11:12,1.470
1997-04-06 11:18,1.465
1997-04-06 11:24,1.460
1997-04-06 11:30,1.455
1997-04-06 11:36,1.450
1997-04-06 11:42,1.445
1997-04-06 11:48,1.440
1997-04-06 11:54,1.435
1997-04-06 12:00,1.430
1997-04-06 12:06,1.425
1997-04-06 12:12,1.420
1997-04-06 12:18,1.416
1997-04-06 12:24,1.411
1997-04-06 12:30,1.406
1997-04-06 12:36,1.402
1997-04-06 12:42,1.397
1997-04-06 12:48,1.393
1997-04-06 12:54,1.389
1997-04-06 13:00,1.384
1997-04-06 13:06,1.380
1997-04-06 13:12,1.376
1997-04-06 13:18,1.372
1997-04-06 13:24,1.368
1997-04-06 13:30,1.365
1997-04-06 13:36,1.361
1997-04-06 13:42,1.358
1997-04-06 13:48,1.355
1997-04-06 13:54,1.352
1997-04-06 14:00,1.349
1997-04-06 14:06,1.346
1997-04-06 14:12,1.344
1997-04-06 14:18,1.342
1997-04-06 14:24,1.340
1997-04-06 14:30,1.339
1997-04-06 14:36,1.337
1997-04-06 14:42,1.336
1997-04-06 14:48,1.336
1997-04-06 14:54,1.335
1997-04-06 15:00,1.335
1997-04-06 15:06,1.335
1997-04-06 15:12,1.336
1997-04-06 15:18,1.337
1997-04-06 15:24,1.338
1997-04-06 15:30,1.339
1997-04-06 15:36,1.340
1997-04-06 15:42,1.342
1997-04-06 15:48,1.344
1997-04-06 15:54,1.347
1997-04-06 16:00,1.349
1997-04-06 16:06,1.352
1997-04-06 16:12,1.355
1997-04-06 16:18,1.358
1997-04-06 16:24,1.361
1997-04-06 16:30,1.364
1997-04-06 16:36,1.368
1997-04-06 16:42,1.372
1997-04-06 16:48,1.375
1997-04-06 16:54,1.379
1997-04-06 17:00,1.383
1997-04-06 17:06,1.387
1997-04-06 17:12,1.391
1997-04-06 17:18,1.395
1997-04-06 17:24,1.400
1997-04-06 17:30,1.404
1997-04-06 17:36,1.408
1997-04-06 17:42,1.412
1997-04-06 17:48,1.416
1997-04-06 17:54,1.421
1997-04-06 18:00,1.425
1997-04-06 18:06,1.429
1997-04-06 18:12,1.433
1997-04-06 18:18,1.437
1997-04-06 18:24,1.441
1997-04-06 18:30,1.446
1997-04-06 18:36,1.450
1997-04-06 18:42,1.453
1997-04-06 18:48,1.457
1997-04-06 18:54,1.461
1997-04-06 19:00,1.465
1997-04-06 19:06,1.468
1997-04-06 19:12,1.472
1997-04-06 19:18,1.475
1997-04-06 19:24,1.478
1997-04-06 19:30,1.481
1997-04-06 19:36,1.483
1997-04-06 19:42,1.486
1997-04-06 19:48,1.488
1997-04-06 19:54,1.490
1997-04-06 20:00,1.492
1997-04-06 20:06,1.494
1997-04-06 20:12,1.495
1997-04-06 20:18,1.496
1997-04-06 20:24,1.497
1997-04-06 20:30,1.497
1997-04-06 20:36,1.497
1997-04-06 20:42,1.497
1997-04-06 20:48,1.496
1997-04-06 20:54,1.495
1997-04-06 21:00,1.494
1997-04-06 21:06,1.493
1997-04-06 21:12,1.491
1997-04-06 21:18,1.489
1997-04-06 21:24,1.486
1997-04-06 21:30,1.484
1997-04-06 21:36,1.481
1997-04-06 21:42,1.477
1997-04-06 21:48,1.474
1997-04-06 21:54,1.470
1997-04-06 22:00,1.466
1997-04-06 22:06,1.462
1997-04-06 22:12,1.458
1997-04-06 22:18,1.453
1997-04-06 22:24,1.449
1997-04-06 22:30,1.444
1997-04-06 22:36,1.439
1997-04-06 22:42,1.434
1997-04-06 22:48,1.429
1997-04-06 22:54,1.424
1997-04-06 23:00,1.419
1997-04-06 23:06,1.414
1997-04-06 23:12,1.409
1997-04-06 23:18,1.404
1997-04-06 23:24,1.399
1997-04-06 23:30,1.394
1997-04-06 23:36,1.389
1997-04-06 23:42,1.384
1997-04-06 23:48,1.379
1997-04-06 23:54,1.375
1997-04-07 00:00,1.370
1997-04-07 00:06,1.365
1997-04-07 00:12,1.361
1997-04-07 00:18,1.356
1997-04-07 00:24,1.352
1997-04-07 00:30,1.347
1997-04-07 00:36,1.343
1997-04-07 00:42,1.339
1997-04-07 00:48,1.335
1997-04-07 00:54,1.331
1997-04-07 01:00,1.327
1997-04-07 01:06,1.324
1997-04-07 01:12,1.320
1997-04-07 01:18,1.317
1997-04-07 01:24,1.314
1997-04-07 01:30,1.310
1997-04-07 01:36,1.308
1997-04-07 01:42,1.305
1997-04-07 01:48,1.302
1997-04-07 01:54,1.300
1997-04-07 02:00,1.298
1997-04-07 02:06,1.296
1997-04-07 02:12,1.295
1997-04-07 02:18,1.294
1997-04-07 02:24,1.293
1997-04-07 02:30,1.292
1997-04-07 02:36,1.292
1997-04-07 02:42,1.292
1997-04-07 02:48,1.292
1997-04-07 02:54,1.293
1997-04-07 03:00,1.293
1997-04-07 03:06,1.295
1997-04-07 03:12,1.296
1997-04-07 03:18,1.298
1997-04-07 03:24,1.300
1997-04-07 03:30,1.303
1997-04-07 03:36,1.306
1997-04-07 03:42,1.309
1997-04-07 03:48,1.312
1997-04-07 03:54,1.316
1997-04-07 04:00,1.320
1997-04-07 04:06,1.325
1997-04-07 04:12,1.329
1997-04-07 04:18,1.334
1997-04-07 04:24,1.339
1997-04-07 04:30,1.344
1997-04-07 04:36,1.349
1997-04-07 04:42,1.355
1997-04-07 04:48,1.361
1997-04-07 04:54,1.367
1997-04-07 05:00,1.373
1997-04-07 05:06,1.379
1997-04-07 05:12,1.385
1997-04-07 05:18,1.391
1997-04-07 05:24,1.398
1997-04-07 05:30,1.404
1997-04-07 05:36,1.411
1997-04-07 05:42,1.417
1997-04-07 05:48,1.424
1997-04-07 05:54,1.430
1997-04-07 06:00,1.437
1997-04-07 06:06,1.444
1997-04-07 06:12,1.450
1997-04-07 06:18,1.457
1997-04-07 06:24,1.464
1997-04-07 06:30,1.470
1997-04-07 06:36,1.477
1997-04-07 06:42,1.483
1997-04-07 06:48,1.490
1997-04-07 06:54,1.496
1997-04-07 07:00,1.503
1997-04-07 07:06,1.509
1997-04-07 07:12,1.515
1997-04-07 07:18,1.521
1997-04-07 07:24,1.527
1997-04-07 07:30,1.533
1997-04-07 07:36,1.539
1997-04-07 07:42,1.544
1997-04-07 07:48,1.549
1997-04-07 07:54,1.555
1997-04-07 08:00,1.559
1997-04-07 08:06,1.564
1997-04-07 08:12,1.568
1997-04-07 08:18,1.572
1997-04-07 08:24,1.576
1997-04-07 08:30,1.580
1997-04-07 08:36,1.583
1997-04-07 08:42,1.586
1997-04-07 08:48,1.588
1997-04-07 08:54,1.591
1997-04-07 09:00,1.592
1997-04-07 09:06,1.594
1997-04-07 09:12,1.595
1997-04-07 09:18,1.596
1997-04-07 09:24,1.596
1997-04-07 09:30,1.596
1997-04-07 09:36,1.596
1997-04-07 09:42,1.596
1997-04-07 09:48,1.595
1997-04-07 09:54,1.594
1997-04-07 10:00,1.592
1997-04-07 10:06,1.590
1997-04-07 10:12,1.588
1997-04-07 10:18,1.586
1997-04-07 10:24,1.584
1997-04-07 10:30,1.581
1997-04-07 10:36,1.578
1997-04-07 10:42,1.575
1997-04-07 10:48,1.572
1997-04-07 10:54,1.568
1997-04-07 11:00,1.565
1997-04-07 11:06,1.561
1997-04-07 11:12,1.557
1997-04-07 11:18,1.553
1997-04-07 11:24,1.549
1997-04-07 11:30,1.545
1997-04-07 11:36,1.541
1997-04-07 11:42,1.537
1997-04-07 11:48,1.533
1997-04-07 11:54,1.529
1997-04-07 12:00,1.524
1997-04-07 12:06,1.520
1997-04-07 12:12,1.516
1997-04-07 12:18,1.511
1997-04-07 12:24,1.507
1997-04-07 12:30,1.502
1997-04-07 12:36,1.498
1997-04-07 12:42,1.493
1997-04-07 12:48,1.489
1997-04-07 12:54,1.484
1997-04-07 13:00,1.480
1997-04-07 13:06,1.475
1997-04-07 13:12,1.471
1997-04-07 13:18,1.466
1997-04-07 13:24,1.462
1997-04-07 13:30,1.457
1997-04-07 13:36,1.453
1997-04-07 13:42,1.449
1997-04-07 13:48,1.444
1997-04-07 13:54,1.440
1997-04-07 14:00,1.436
1997-04-07 14:06,1.432
1997-04-07 14:12,1.428
1997-04-07 14:18,1.424
1997-04-07 14:24,1.421
1997-04-07 14:30,1.417
1997-04-07 14:36,1.414
1997-04-07 14:42,1.411
1997-04-07 14:48,1.408
1997-04-07 14:54,1.405
1997-04-07 15:00,1.402
1997-04-07 15:06,1.400
1997-04-07 15:12,1.398
1997-04-07 15:18,1.396
1997-04-07 15:24,1.395
1997-04-07 15:30,1.393
1997-04-07 15:36,1.392
1997-04-07 15:42,1.391
1997-04-07 15:48,1.391
1997-04-07 15:54,1.390
1997-04-07 16:00,1.390
1997-04-07 16:06,1.390
1997-04-07 16:12,1.391
1997-04-07 16:18,1.391
1997-04-07 16:24,1.392
1997-04-07 16:30,1.393
1997-04-07 16:36,1.394
1997-04-07 16:42,1.395
1997-04-07 16:48,1.397
1997-04-07 16:54,1.399
1997-04-07 17:00,1.400
1997-04-07 17:06,1.402
1997-04-07 17:12,1.404
1997-04-07 17:18,1.407
1997-04-07 17:24,1.409
1997-04-07 17:30,1.411
1997-04-07 17:36,1.414
1997-04-07 17:42,1.416
1997-04-07 17:48,1.419
1997-04-07 17:54,1.422
1997-04-07 18:00,1.425
1997-04-07 18:06,1.427
1997-04-07 18:12,1.430
1997-04-07 18:18,1.433
1997-04-07 18:24,1.436
1997-04-07 18:30,1.439
1997-04-07 18:36,1.442
1997-04-07 18:42,1.445
1997-04-07 18:48,1.448
1997-04-07 18:54,1.452
1997-04-07 19:00,1.455
1997-04-07 19:06,1.458
1997-04-07 19:12,1.461
1997-04-07 19:18,1.464
1997-04-07 19:24,1.467
1997-04-07 19:30,1.469
1997-04-07 19:36,1.472
1997-04-07 19:42,1.475
1997-04-07 19:48,1.477
1997-04-07 19:54,1.480
1997-04-07 20:00,1.482
1997-04-07 20:06,1.484
1997-04-07 20:12,1.486
1997-04-07 20:18,1.487
1997-04-07 20:24,1.489
1997-04-07 20:30,1.490
1997-04-07 20:36,1.491
1997-04-07 20:42,1.491
1997-04-07 20:48,1.492
1997-04-07 20:54,1.492
1997-04-07 21:00,1.491
1997-04-07 21:06,1.491
1997-04-07 21:12,1.490
1997-04-07 21:18,1.489
1997-04-07 21:24,1.487
1997-04-07 21:30,1.485
1997-04-07 21:36,1.483
1997-04-07 21:42,1.480
1997-04-07 21:48,1.478
1997-04-07 21:54,1.474
1997-04-07 22:00,1.471
1997-04-07 22:06,1.467
1997-04-07 22:12,1.463
1997-04-07 22:18,1.459
1997-04-07 22:24,1.454
1997-04-07 22:30,1.450
1997-04-07 22:36,1.445
1997-04-07 22:42,1.440
1997-04-07 22:48,1.434
1997-04-07 22:54,1.429
1997-04-07 23:00,1.423
1997-04-07 23:06,1.417
1997-04-07 23:12,1.412
1997-04-07 23:18,1.406
1997-04-07 23:24,1.400
1997-04-07 23:30,1.394
1997-04-07 23:36,1.388
1997-04-07 23:42,1.382
1997-04-07 23:48,1.376
1997-04-07 23:54,1.370
1997-04-08 00:00,1.364
1997-04-08 00:06,1.358
1997-04-08 00:12,1.352
1997-04-08 00:18,1.346
1997-04-08 00:24,1.340
1997-04-08 00:30,1.334
1997-04-08 00:36,1.328
1997-04-08 00:42,1.323
1997-04-08 00:48,1.317
1997-04-08 00:54,1.312
1997-04-08 01:00,1.306
1997-04-08 01:06,1.301
1997-04-08 01:12,1.296
1997-04-08 01:18,1.291
1997-04-08 01:24,1.286
1997-04-08 01:30,1.281
1997-04-08 01:36,1.277
1997-04-08 01:42,1.272
1997-04-08 01:48,1.268
1997-04-08 01:54,1.264
1997-04-08 02:00,1.260
1997-04-08 02:06,1.257
1997-04-08 02:12,1.253
1997-04-08 02:18,1.250
1997-04-08 02:24,1.247
1997-04-08 02:30,1.245
1997-04-08 02:36,1.242
1997-04-08 02:42,1.240
1997-04-08 02:48,1.238
1997-04-08 02:54,1.237
1997-04-08 03:00,1.236
1997-04-08 03:06,1.235
1997-04-08 03:12,1.234
1997-04-08 03:18,1.234
1997-04-08 03:24,1.234
1997-04-08 03:30,1.235
1997-04-08 03:36,1.236
1997-04-08 03:42,1.237
1997-04-08 03:48,1.238
1997-04-08 03:54,1.240
1997-04-08 04:00,1.243
1997-04-08 04:06,1.245
1997-04-08 04:12,1.248
1997-04-08 04:18,1.251
1997-04-08 04:24,1.255
1997-04-08 04:30,1.259
1997-04-08 04:36,1.263
1997-04-08 04:42,1.268
1997-04-08 04:48,1.273
1997-04-08 04:54,1.278
1997-04-08 05:00,1.283
1997-04-08 05:06,1.288
1997-04-08 05:12,1.294
1997-04-08 05:18,1.300
1997-04-08 05:24,1.307
1997-04-08 05:30,1.313
1997-04-08 05:36,1.320
1997-04-08 05:42,1.326
1997-04-08 05:48,1.333
1997-04-08 05:54,1.340
1997-04-08 06:00,1.348
1997-04-08 06:06,1.355
1997-04-08 06:12,1.363
1997-04-08 06:18,1.370
1997-04-08 06:24,1.378
1997-04-08 06:30,1.386
1997-04-08 06:36,1.394
1997-04-08 06:42,1.401
1997-04-08 06:48,1.410
1997-04-08 06:54,1.418
1997-04-08 07:00,1.426
1997-04-08 07:06,1.434
1997-04-08 07:12,1.442
1997-04-08 07:18,1.450
1997-04-08 07:24,1.458
1997-04-08 07:30,1.466
1997-04-08 07:36,1.474
1997-04-08 07:42,1.482
1997-04-08 07:48,1.490
1997-04-08 07:54,1.498
1997-04-08 08:00,1.506
1997-04-08 08:06,1.513
1997-04-08 08:12,1.521
1997-04-08 08:18,1.528
1997-04-08 08:24,1.535
1997-04-08 08:30,1.542
1997-04-08 08:36,1.548
1997-04-08 08:42,1.554
1997-04-08 08:48,1.561
1997-04-08 08:54,1.566
1997-04-08 09:00,1.572
1997-04-08 09:06,1.577
1997-04-08 09:12,1.582
1997-04-08 09:18,1.586
1997-04-08 09:24,1.591
1997-04-08 09:30,1.595
1997-04-08 09:36,1.598
1997-04-08 09:42,1.601
1997-04-08 09:48,1.604
1997-04-08 09:54,1.607
1997-04-08 10:00,1.609
1997-04-08 10:06,1.611
1997-04-08 10:12,1.612
1997-04-08 10:18,1.613
1997-04-08 10:24,1.614
1997-04-08 10:30,1.615
1997-04-08 10:36,1.615
1997-04-08 10:42,1.615
1997-04-08 10:48,1.614
1997-04-08 10:54,1.614
1997-04-08 11:00,1.613
1997-04-08 11:06,1.612
1997-04-08 11:12,1.611
1997-04-08 11:18,1.609
1997-04-08 11:24,1.607
1997-04-08 11:30,1.605
1997-04-08 11:36,1.603
1997-04-08 11:42,1.601
1997-04-08 11:48,1.599
1997-04-08 11:54,1.596
1997-04-08 12:00,1.593
1997-04-08 12:06,1.591
1997-04-08 12:12,1.588
1997-04-08 12:18,1.585
1997-04-08 12:24,1.582
1997-04-08 12:30,1.578
1997-04-08 12:36,1.575
1997-04-08 12:42,1.572
1997-04-08 12:48,1.568
1997-04-08 12:54,1.565
1997-04-08 13:00,1.561
1997-04-08 13:06,1.557
1997-04-08 13:12,1.554
1997-04-08 13:18,1.550
1997-04-08 13:24,1.546
1997-04-08 13:30,1.542
1997-04-08 13:36,1.538
1997-04-08 13:42,1.534
1997-04-08 13:48,1.530
1997-04-08 13:54,1.526
1997-04-08 14:00,1.522
1997-04-08 14:06,1.518
1997-04-08 14:12,1.514
1997-04-08 14:18,1.510
1997-04-08 14:24,1.506
1997-04-08 14:30,1.502
1997-04-08 14:36,1.498
1997-04-08 14:42,1.494
1997-04-08 14:48,1.491
1997-04-08 14:54,1.487
1997-04-08 15:00,1.483
1997-04-08 15:06,1.480
1997-04-08 15:12,1.477
1997-04-08 15:18,1.473
1997-04-08 15:24,1.470
1997-04-08 15:30,1.467
1997-04-08 15:36,1.465
1997-04-08 15:42,1.462
1997-04-08 15:48,1.459
1997-04-08 15:54,1.457
1997-04-08 16:00,1.455
1997-04-08 16:06,1.453
1997-04-08 16:12,1.451
1997-04-08 16:18,1.449
1997-04-08 16:24,1.448
1997-04-08 16:30,1.447
1997-04-08 16:36,1.445
1997-04-08 16:42,1.444
1997-04-08 16:48,1.444
1997-04-08 16:54,1.443
1997-04-08 17:00,1.443
1997-04-08 17:06,1.442
1997-04-08 17:12,1.442
1997-04-08 17:18,1.442
1997-04-08 17:24,1.442
1997-04-08 17:30,1.443
1997-04-08 17:36,1.443
1997-04-08 17:42,1.444
1997-04-08 17:48,1.444
1997-04-08 17:54,1.445
1997-04-08 18:00,1.446
1997-04-08 18:06,1.447
1997-04-08 18:12,1.449
1997-04-08 18:18,1.450
1997-04-08 18:24,1.451
1997-04-08 18:30,1.453
1997-04-08 18:36,1.455
1997-04-08 18:42,1.456
1997-04-08 18:48,1.458
1997-04-08 18:54,1.460
1997-04-08 19:00,1.462
1997-04-08 19:06,1.464
1997-04-08 19:12,1.466
1997-04-08 19:18,1.468
1997-04-08 19:24,1.470
1997-04-08 19:30,1.472
1997-04-08 19:36,1.474
1997-04-08 19:42,1.476
1997-04-08 19:48,1.478
1997-04-08 19:54,1.480
1997-04-08 20:00,1.482
1997-04-08 20:06,1.484
1997-04-08 20:12,1.485
1997-04-08 20:18,1.487
1997-04-08 20:24,1.488
1997-04-08 20:30,1.490
1997-04-08 20:36,1.491
1997-04-08 20:42,1.492
1997-04-08 20:48,1.493
1997-04-08 20:54,1.493
1997-04-08 21:00,1.494
1997-04-08 21:06,1.494
1997-04-08 21:12,1.494
1997-04-08 21:18,1.493
1997-04-08 21:24,1.493
1997-04-08 21:30,1.492
1997-04-08 21:36,1.490
1997-04-08 21:42,1.489
1997-04-08 21:48,1.487
1997-04-08 21:54,1.485
1997-04-08 22:00,1.483
1997-04-08 22:06,1.480
1997-04-08 22:12,1.477
1997-04-08 22:18,1.474
1997-04-08 22:24,1.470
1997-04-08 22:30,1.466
1997-04-08 22:36,1.462
1997-04-08 22:42,1.458
1997-04-08 22:48,1.453
1997-04-08 22:54,1.448
1997-04-08 23:00,1.443
1997-04-08 23:06,1.438
1997-04-08 23:12,1.432
1997-04-08 23:18,1.426
1997-04-08 23:24,1.421
1997-04-08 23:30,1.415
1997-04-08 23:36,1.408
1997-04-08 23:42,1.402
1997-04-08 23:48,1.396
1997-04-08 23:54,1.389
1997-04-09 00:00,1.382
1997-04-09 00:06,1.376
1997-04-09 00:12,1.369
1997-04-09 00:18,1.362
1997-04-09 00:24,1.355
1997-04-09 00:30,1.349
1997-04-09 00:36,1.342
1997-04-09 00:42,1.335
1997-04-09 00:48,1.328
1997-04-09 00:54,1.321
1997-04-09 01:00,1.315
1997-04-09 01:06,1.308
1997-04-09 01:12,1.301
1997-04-09 01:18,1.295
1997-04-09 01:24,1.289
1997-04-09 01:30,1.282
1997-04-09 01:36,1.276
1997-04-09 01:42,1.270
1997-04-09 01:48,1.264
1997-04-09 01:54,1.259
1997-04-09 02:00,1.253
1997-04-09 02:06,1.248
1997-04-09 02:12,1.242
1997-04-09 02:18,1.237
1997-04-09 02:24,1.233
1997-04-09 02:30,1.228
1997-04-09 02:36,1.224
1997-04-09 02:42,1.220
1997-04-09 02:48,1.216
1997-04-09 02:54,1.212
1997-04-09 03:00,1.209
1997-04-09 03:06,1.206
1997-04-09 03:12,1.203
1997-04-09 03:18,1.201
1997-04-09 03:24,1.199
1997-04-09 03:30,1.197
1997-04-09 03:36,1.195
1997-04-09 03:42,1.194
1997-04-09 03:48,1.193
1997-04-09 03:54,1.193
1997-04-09 04:00,1.193
1997-04-09 04:06,1.193
1997-04-09 04:12,1.193
1997-04-09 04:18,1.194
1997-04-09 04:24,1.195
1997-04-09 04:30,1.197
1997-04-09 04:36,1.199
1997-04-09 04:42,1.201
1997-04-09 04:48,1.203
1997-04-09 04:54,1.206
1997-04-09 05:00,1.210
1997-04-09 05:06,1.213
1997-04-09 05:12,1.217
1997-04-09 05:18,1.221
1997-04-09 05:24,1.226
1997-04-09 05:30,1.231
1997-04-09 05:36,1.236
1997-04-09 05:42,1.241
1997-04-09 05:48,1.247
1997-04-09 05:54,1.253
1997-04-09 06:00,1.259
1997-04-09 06:06,1.265
1997-04-09 06:12,1.272
1997-04-09 06:18,1.279
1997-04-09 06:24,1.286
1997-04-09 06:30,1.294
1997-04-09 06:36,1.302
1997-04-09 06:42,1.309
1997-04-09 06:48,1.317
1997-04-09 06:54,1.326
1997-04-09 07:00,1.334
1997-04-09 07:06,1.342
1997-04-09 07:12,1.351
1997-04-09 07:18,1.360
1997-04-09 07:24,1.368
1997-04-09 07:30,1.377
1997-04-09 07:36,1.386
1997-04-09 07:42,1.395
1997-04-09 07:48,1.404
1997-04-09 07:54,1.413
1997-04-09 08:00,1.422
1997-04-09 08:06,1.431
1997-04-09 08:12,1.440
1997-04-09 08:18,1.449
1997-04-09 08:24,1.458
1997-04-09 08:30,1.467
1997-04-09 08:36,1.476
1997-04-09 08:42,1.484
1997-04-09 08:48,1.492
1997-04-09 08:54,1.501
1997-04-09 09:00,1.509
1997-04-09 09:06,1.516
1997-04-09 09:12,1.524
1997-04-09 09:18,1.531
1997-04-09 09:24,1.538
1997-04-09 09:30,1.545
1997-04-09 09:36,1.552
1997-04-09 09:42,1.558
1997-04-09 09:48,1.564
1997-04-09 09:54,1.570
1997-04-09 10:00,1.576
1997-04-09 10:06,1.581
1997-04-09 10:12,1.586
1997-04-09 10:18,1.590
1997-04-09 10:24,1.595
1997-04-09 10:30,1.599
1997-04-09 10:36,1.602
1997-04-09 10:42,1.606
1997-04-09 10:48,1.609
1997-04-09 10:54,1.612
1997-04-09 11:00,1.614
1997-04-09 11:06,1.616
1997-04-09 11:12,1.618
1997-04-09 11:18,1.620
1997-04-09 11:24,1.621
1997-04-09 11:30,1.622
1997-04-09 11:36,1.623
1997-04-09 11:42,1.624
1997-04-09 11:48,1.624
1997-04-09 11:54,1.624
1997-04-09 12:00,1.624
1997-04-09 12:06,1.624
1997-04-09 12:12,1.623
1997-04-09 12:18,1.622
1997-04-09 12:24,1.621
1997-04-09 12:30,1.620
1997-04-09 12:36,1.619
1997-04-09 12:42,1.617
1997-04-09 12:48,1.616
1997-04-09 12:54,1.614
1997-04-09 13:00,1.612
1997-04-09 13:06,1.610
1997-04-09 13:12,1.608
1997-04-09 13:18,1.605
1997-04-09 13:24,1.603
1997-04-09 13:30,1.600
1997-04-09 13:36,1.598
1997-04-09 13:42,1.595
1997-04-09 13:48,1.592
1997-04-09 13:54,1.589
1997-04-09 14:00,1.587
1997-04-09 14:06,1.584
1997-04-09 14:12,1.581
1997-04-09 14:18,1.578
1997-04-09 14:24,1.575
1997-04-09 14:30,1.571
1997-04-09 14:36,1.568
1997-04-09 14:42,1.565
1997-04-09 14:48,1.562
1997-04-09 14:54,1.559
1997-04-09 15:00,1.556
1997-04-09 15:06,1.552
1997-04-09 15:12,1.549
1997-04-09 15:18,1.546
1997-04-09 15:24,1.543
1997-04-09 15:30,1.540
1997-04-09 15:36,1.537
1997-04-09 15:42,1.533
1997-04-09 15:48,1.530
1997-04-09 15:54,1.527
1997-04-09 16:00,1.524
1997-04-09 16:06,1.522
1997-04-09 16:12,1.519
1997-04-09 16:18,1.516
1997-04-09 16:24,1.513
1997-04-09 16:30,1.511
1997-04-09 16:36,1.508
1997-04-09 16:42,1.506
1997-04-09 16:48,1.503
1997-04-09 16:54,1.501
1997-04-09 17:00,1.499
1997-04-09 17:06,1.497
1997-04-09 17:12,1.495
1997-04-09 17:18,1.493
1997-04-09 17:24,1.492
1997-04-09 17:30,1.490
1997-04-09 17:36,1.489
1997-04-09 17:42,1.487
1997-04-09 17:48,1.486
1997-04-09 17:54,1.485
1997-04-09 18:00,1.485
1997-04-09 18:06,1.484
1997-04-09 18:12,1.483
1997-04-09 18:18,1.483
1997-04-09 18:24,1.483
1997-04-09 18:30,1.482
1997-04-09 18:36,1.482
1997-04-09 18:42,1.483
1997-04-09 18:48,1.483
1997-04-09 18:54,1.483
1997-04-09 19:00,1.484
1997-04-09 19:06,1.484
1997-04-09 19:12,1.485
1997-04-09 19:18,1.486
1997-04-09 19:24,1.487
1997-04-09 19:30,1.488
1997-04-09 19:36,1.489
1997-04-09 19:42,1.490
1997-04-09 19:48,1.491
1997-04-09 19:54,1.492
1997-04-09 20:00,1.493
1997-04-09 20:06,1.494
1997-04-09 20:12,1.495
1997-04-09 20:18,1.496
1997-04-09 20:24,1.497
1997-04-09 20:30,1.498
1997-04-09 20:36,1.498
1997-04-09 20:42,1.499
1997-04-09 20:48,1.500
1997-04-09 20:54,1.500
1997-04-09 21:00,1.501
1997-04-09 21:06,1.501
1997-04-09 21:12,1.501
1997-04-09 21:18,1.501
1997-04-09 21:24,1.501
1997-04-09 21:30,1.500
1997-04-09 21:36,1.500
1997-04-09 21:42,1.499
1997-04-09 21:48,1.498
1997-04-09 21:54,1.497
1997-04-09 22:00,1.495
1997-04-09 22:06,1.493
1997-04-09 22:12,1.492
1997-04-09 22:18,1.489
1997-04-09 22:24,1.487
1997-04-09 22:30,1.484
1997-04-09 22:36,1.481
1997-04-09 22:42,1.478
1997-04-09 22:48,1.475
1997-04-09 22:54,1.471
1997-04-09 23:00,1.468
1997-04-09 23:06,1.463
1997-04-09 23:12,1.459
1997-04-09 23:18,1.454
1997-04-09 23:24,1.450
1997-04-09 23:30,1.445
1997-04-09 23:36,1.439
1997-04-09 23:42,1.434
1997-04-09 23:48,1.428
1997-04-09 23:54,1.422
1997-04-10 00:00,1.416
1997-04-10 00:06,1.410
1997-04-10 00:12,1.404
1997-04-10 00:18,1.397
1997-04-10 00:24,1.390
1997-04-10 00:30,1.384
1997-04-10 00:36,1.377
1997-04-10 00:42,1.370
1997-04-10 00:48,1.363
1997-04-10 00:54,1.355
1997-04-10 01:00,1.348
1997-04-10 01:06,1.341
1997-04-10 01:12,1.334
1997-04-10 01:18,1.326
1997-04-10 01:24,1.319
1997-04-10 01:30,1.312
1997-04-10 01:36,1.305
1997-04-10 01:42,1.297
1997-04-10 01:48,1.290
1997-04-10 01:54,1.283
1997-04-10 02:00,1.277
1997-04-10 02:06,1.270
1997-04-10 02:12,1.263
1997-04-10 02:18,1.257
1997-04-10 02:24,1.251
1997-04-10 02:30,1.244
1997-04-10 02:36,1.239
1997-04-10 02:42,1.233
1997-04-10 02:48,1.227
1997-04-10 02:54,1.222
1997-04-10 03:00,1.217
1997-04-10 03:06,1.212
1997-04-10 03:12,1.207
1997-04-10 03:18,1.203
1997-04-10 03:24,1.199
1997-04-10 03:30,1.195
1997-04-10 03:36,1.191
1997-04-10 03:42,1.188
1997-04-10 03:48,1.185
1997-04-10 03:54,1.182
1997-04-10 04:00,1.180
1997-04-10 04:06,1.177
1997-04-10 04:12,1.175
1997-04-10 04:18,1.174
1997-04-10 04:24,1.172
1997-04-10 04:30,1.171
1997-04-10 04:36,1.171
1997-04-10 04:42,1.170
1997-04-10 04:48,1.170
1997-04-10 04:54,1.170
1997-04-10 05:00,1.171
1997-04-10 05:06,1.171
1997-04-10 05:12,1.173
1997-04-10 05:18,1.174
1997-04-10 05:24,1.176
1997-04-10 05:30,1.178
1997-04-10 05:36,1.181
1997-04-10 05:42,1.184
1997-04-10 05:48,1.187
1997-04-10 05:54,1.190
1997-04-10 06:00,1.194
1997-04-10 06:06,1.198
1997-04-10 06:12,1.203
1997-04-10 06:18,1.208
1997-04-10 06:24,1.213
1997-04-10 06:30,1.219
1997-04-10 06:36,1.225
1997-04-10 06:42,1.231
1997-04-10 06:48,1.237
1997-04-10 06:54,1.244
1997-04-10 07:00,1.251
1997-04-10 07:06,1.259
1997-04-10 07:12,1.266
1997-04-10 07:18,1.274
1997-04-10 07:24,1.282
1997-04-10 07:30,1.290
1997-04-10 07:36,1.299
1997-04-10 07:42,1.307
1997-04-10 07:48,1.316
1997-04-10 07:54,1.325
1997-04-10 08:00,1.333
1997-04-10 08:06,1.342
1997-04-10 08:12,1.351
1997-04-10 08:18,1.361
1997-04-10 08:24,1.370
1997-04-10 08:30,1.379
1997-04-10 08:36,1.388
1997-04-10 08:42,1.397
1997-04-10 08:48,1.406
1997-04-10 08:54,1.415
1997-04-10 09:00,1.424
1997-04-10 09:06,1.433
1997-04-10 09:12,1.442
1997-04-10 09:18,1.450
1997-04-10 09:24,1.459
1997-04-10 09:30,1.467
1997-04-10 09:36,1.476
1997-04-10 09:42,1.484
1997-04-10 09:48,1.492
1997-04-10 09:54,1.500
1997-04-10 10:00,1.507
1997-04-10 10:06,1.515
1997-04-10 10:12,1.522
1997-04-10 10:18,1.529
1997-04-10 10:24,1.536
1997-04-10 10:30,1.542
1997-04-10 10:36,1.549
1997-04-10 10:42,1.555
1997-04-10 10:48,1.561
1997-04-10 10:54,1.566
1997-04-10 11:00,1.572
1997-04-10 11:06,1.577
1997-04-10 11:12,1.582
1997-04-10 11:18,1.586
1997-04-10 11:24,1.591
1997-04-10 11:30,1.595
1997-04-10 11:36,1.599
1997-04-10 11:42,1.602
1997-04-10 11:48,1.606
1997-04-10 11:54,1.609
1997-04-10 12:00,1.612
1997-04-10 12:06,1.614
1997-04-10 12:12,1.616
1997-04-10 12:18,1.618
1997-04-10 12:24,1.620
1997-04-10 12:30,1.621
1997-04-10 12:36,1.623
1997-04-10 12:42,1.624
1997-04-10 12:48,1.624
1997-04-10 12:54,1.625
1997-04-10 13:00,1.625
1997-04-10 13:06,1.625
1997-04-10 13:12,1.625
1997-04-10 13:18,1.625
1997-04-10 13:24,1.625
1997-04-10 13:30,1.624
1997-04-10 13:36,1.623
1997-04-10 13:42,1.622
1997-04-10 13:48,1.621
1997-04-10 13:54,1.620
1997-04-10 14:00,1.619
1997-04-10 14:06,1.618
1997-04-10 14:12,1.616
1997-04-10 14:18,1.615
1997-04-10 14:24,1.613
1997-04-10 14:30,1.611
1997-04-10 14:36,1.610
1997-04-10 14:42,1.608
1997-04-10 14:48,1.606
1997-04-10 14:54,1.604
1997-04-10 15:00,1.602
1997-04-10 15:06,1.600
1997-04-10 15:12,1.598
1997-04-10 15:18,1.596
1997-04-10 15:24,1.594
1997-04-10 15:30,1.592
1997-04-10 15:36,1.590
1997-04-10 15:42,1.587
1997-04-10 15:48,1.585
1997-04-10 15:54,1.583
1997-04-10 16:00,1.580
1997-04-10 16:06,1.578
1997-04-10 16:12,1.575
1997-04-10 16:18,1.573
1997-04-10 16:24,1.570
1997-04-10 16:30,1.568
1997-04-10 16:36,1.565
1997-04-10 16:42,1.562
1997-04-10 16:48,1.560
1997-04-10 16:54,1.557
1997-04-10 17:00,1.554
1997-04-10 17:06,1.552
1997-04-10 17:12,1.549
1997-04-10 17:18,1.546
1997-04-10 17:24,1.544
1997-04-10 17:30,1.541
1997-04-10 17:36,1.539
1997-04-10 17:42,1.536
1997-04-10 17:48,1.534
1997-04-10 17:54,1.532
1997-04-10 18:00,1.530
1997-04-10 18:06,1.527
1997-04-10 18:12,1.526
1997-04-10 18:18,1.524
1997-04-10 18:24,1.522
1997-04-10 18:30,1.520
1997-04-10 18:36,1.519
1997-04-10 18:42,1.518
1997-04-10 18:48,1.517
1997-04-10 18:54,1.516
1997-04-10 19:00,1.515
1997-04-10 19:06,1.514
1997-04-10 19:12,1.513
1997-04-10 19:18,1.513
1997-04-10 19:24,1.512
1997-04-10 19:30,1.512
1997-04-10 19:36,1.512
1997-04-10 19:42,1.512
1997-04-10 19:48,1.512
1997-04-10 19:54,1.512
1997-04-10 20:00,1.512
1997-04-10 20:06,1.512
1997-04-10 20:12,1.512
1997-04-10 20:18,1.512
1997-04-10 20:24,1.512
1997-04-10 20:30,1.512
1997-04-10 20:36,1.512
1997-04-10 20:42,1.512
1997-04-10 20:48,1.512
1997-04-10 20:54,1.512
1997-04-10 21:00,1.512
1997-04-10 21:06,1.512
1997-04-10 21:12,1.512
1997-04-10 21:18,1.512
1997-04-10 21:24,1.511
1997-04-10 21:30,1.511
1997-04-10 21:36,1.510
1997-04-10 21:42,1.509
1997-04-10 21:48,1.508
1997-04-10 21:54,1.507
1997-04-10 22:00,1.506
1997-04-10 22:06,1.505
1997-04-10 22:12,1.504
1997-04-10 22:18,1.502
1997-04-10 22:24,1.501
1997-04-10 22:30,1.499
1997-04-10 22:36,1.497
1997-04-10 22:42,1.495
1997-04-10 22:48,1.493
1997-04-10 22:54,1.490
1997-04-10 23:00,1.488
1997-04-10 23:06,1.485
1997-04-10 23:12,1.482
1997-04-10 23:18,1.479
1997-04-10 23:24,1.475
1997-04-10 23:30,1.472
1997-04-10 23:36,1.468
1997-04-10 23:42,1.464
1997-04-10 23:48,1.460
1997-04-10 23:54,1.455
1997-04-11 00:00,1.451
1997-04-11 00:06,1.446
1997-04-11 00:12,1.441
1997-04-11 00:18,1.436
1997-04-11 00:24,1.430
1997-04-11 00:30,1.425
1997-04-11 00:36,1.419
1997-04-11 00:42,1.413
1997-04-11 00:48,1.407
1997-04-11 00:54,1.400
1997-04-11 01:00,1.394
1997-04-11 01:06,1.387
1997-04-11 01:12,1.380
1997-04-11 01:18,1.373
1997-04-11 01:24,1.366
1997-04-11 01:30,1.359
1997-04-11 01:36,1.352
1997-04-11 01:42,1.345
1997-04-11 01:48,1.337
1997-04-11 01:54,1.330
1997-04-11 02:00,1.323
1997-04-11 02:06,1.316
1997-04-11 02:12,1.309
1997-04-11 02:18,1.301
1997-04-11 02:24,1.294
1997-04-11 02:30,1.287
1997-04-11 02:36,1.281
1997-04-11 02:42,1.274
1997-04-11 02:48,1.267
1997-04-11 02:54,1.261
1997-04-11 03:00,1.255
1997-04-11 03:06,1.249
1997-04-11 03:12,1.243
1997-04-11 03:18,1.237
1997-04-11 03:24,1.231
1997-04-11 03:30,1.226
1997-04-11 03:36,1.221
1997-04-11 03:42,1.216
1997-04-11 03:48,1.211
1997-04-11 03:54,1.207
1997-04-11 04:00,1.202
1997-04-11 04:06,1.198
1997-04-11 04:12,1.194
1997-04-11 04:18,1.191
1997-04-11 04:24,1.187
1997-04-11 04:30,1.184
1997-04-11 04:36,1.181
1997-04-11 04:42,1.178
1997-04-11 04:48,1.176
1997-04-11 04:54,1.173
1997-04-11 05:00,1.171
1997-04-11 05:06,1.170
1997-04-11 05:12,1.168
1997-04-11 05:18,1.167
1997-04-11 05:24,1.166
1997-04-11 05:30,1.166
1997-04-11 05:36,1.165
1997-04-11 05:42,1.165
1997-04-11 05:48,1.166
1997-04-11 05:54,1.166
1997-04-11 06:00,1.167
1997-04-11 06:06,1.169
1997-04-11 06:12,1.170
1997-04-11 06:18,1.172
1997-04-11 06:24,1.175
1997-04-11 06:30,1.178
1997-04-11 06:36,1.181
1997-04-11 06:42,1.184
1997-04-11 06:48,1.188
1997-04-11 06:54,1.192
1997-04-11 07:00,1.197
1997-04-11 07:06,1.202
1997-04-11 07:12,1.207
1997-04-11 07:18,1.213
1997-04-11 07:24,1.219
1997-04-11 07:30,1.225
1997-04-11 07:36,1.231
1997-04-11 07:42,1.238
1997-04-11 07:48,1.245
1997-04-11 07:54,1.252
1997-04-11 08:00,1.260
1997-04-11 08:06,1.268
1997-04-11 08:12,1.275
1997-04-11 08:18,1.283
1997-04-11 08:24,1.291
1997-04-11 08:30,1.300
1997-04-11 08:36,1.308
1997-04-11 08:42,1.316
1997-04-11 08:48,1.325
1997-04-11 08:54,1.333
1997-04-11 09:00,1.342
1997-04-11 09:06,1.350
1997-04-11 09:12,1.359
1997-04-11 09:18,1.367
1997-04-11 09:24,1.375
1997-04-11 09:30,1.384
1997-04-11 09:36,1.392
1997-04-11 09:42,1.401
1997-04-11 09:48,1.409
1997-04-11 09:54,1.417
1997-04-11 10:00,1.425
1997-04-11 10:06,1.433
1997-04-11 10:12,1.441
1997-04-11 10:18,1.449
1997-04-11 10:24,1.457
1997-04-11 10:30,1.465
1997-04-11 10:36,1.472
1997-04-11 10:42,1.480
1997-04-11 10:48,1.487
1997-04-11 10:54,1.494
1997-04-11 11:00,1.501
1997-04-11 11:06,1.508
1997-04-11 11:12,1.515
1997-04-11 11:18,1.522
1997-04-11 11:24,1.528
1997-04-11 11:30,1.535
1997-04-11 11:36,1.541
1997-04-11 11:42,1.547
1997-04-11 11:48,1.552
1997-04-11 11:54,1.558
1997-04-11 12:00,1.563
1997-04-11 12:06,1.568
1997-04-11 12:12,1.573
1997-04-11 12:18,1.577
1997-04-11 12:24,1.582
1997-04-11 12:30,1.586
1997-04-11 12:36,1.590
1997-04-11 12:42,1.593
1997-04-11 12:48,1.596
1997-04-11 12:54,1.599
1997-04-11 13:00,1.602
1997-04-11 13:06,1.605
1997-04-11 13:12,1.607
1997-04-11 13:18,1.609
1997-04-11 13:24,1.611
1997-04-11 13:30,1.613
1997-04-11 13:36,1.614
1997-04-11 13:42,1.615
1997-04-11 13:48,1.616
1997-04-11 13:54,1.617
1997-04-11 14:00,1.618
1997-04-11 14:06,1.618
1997-04-11 14:12,1.619
1997-04-11 14:18,1.619
1997-04-11 14:24,1.619
1997-04-11 14:30,1.619
1997-04-11 14:36,1.619
1997-04-11 14:42,1.619
1997-04-11 14:48,1.619
1997-04-11 14:54,1.618
1997-04-11 15:00,1.618
1997-04-11 15:06,1.618
1997-04-11 15:12,1.617
1997-04-11 15:18,1.616
1997-04-11 15:24,1.616
1997-04-11 15:30,1.615
1997-04-11 15:36,1.614
1997-04-11 15:42,1.613
1997-04-11 15:48,1.612
1997-04-11 15:54,1.611
1997-04-11 16:00,1.610
1997-04-11 16:06,1.609
1997-04-11 16:12,1.608
1997-04-11 16:18,1.606
1997-04-11 16:24,1.605
1997-04-11 16:30,1.603
1997-04-11 16:36,1.602
1997-04-11 16:42,1.600
1997-04-11 16:48,1.598
1997-04-11 16:54,1.596
1997-04-11 17:00,1.594
1997-04-11 17:06,1.592
1997-04-11 17:12,1.590
1997-04-11 17:18,1.587
1997-04-11 17:24,1.585
1997-04-11 17:30,1.583
1997-04-11 17:36,1.580
1997-04-11 17:42,1.578
1997-04-11 17:48,1.575
1997-04-11 17:54,1.572
1997-04-11 18:00,1.570
1997-04-11 18:06,1.567
1997-04-11 18:12,1.565
1997-04-11 18:18,1.562
1997-04-11 18:24,1.560
1997-04-11 18:30,1.558
1997-04-11 18:36,1.555
1997-04-11 18:42,1.553
1997-04-11 18:48,1.551
1997-04-11 18:54,1.549
1997-04-11 19:00,1.547
1997-04-11 19:06,1.545
1997-04-11 19:12,1.544
1997-04-11 19:18,1.542
1997-04-11 19:24,1.541
1997-04-11 19:30,1.539
1997-04-11 19:36,1.538
1997-04-11 19:42,1.537
1997-04-11 19:48,1.536
1997-04-11 19:54,1.535
1997-04-11 20:00,1.534
1997-04-11 20:06,1.533
1997-04-11 20:12,1.532
1997-04-11 20:18,1.532
1997-04-11 20:24,1.531
1997-04-11 20:30,1.530
1997-04-11 20:36,1.529
1997-04-11 20:42,1.529
1997-04-11 20:48,1.528
1997-04-11 20:54,1.527
1997-04-11 21:00,1.527
1997-04-11 21:06,1.526
1997-04-11 21:12,1.525
1997-04-11 21:18,1.524
1997-04-11 21:24,1.523
1997-04-11 21:30,1.522
1997-04-11 21:36,1.521
1997-04-11 21:42,1.520
1997-04-11 21:48,1.519
1997-04-11 21:54,1.518
1997-04-11 22:00,1.517
1997-04-11 22:06,1.516
1997-04-11 22:12,1.514
1997-04-11 22:18,1.513
1997-04-11 22:24,1.511
1997-04-11 22:30,1.510
1997-04-11 22:36,1.508
1997-04-11 22:42,1.506
1997-04-11 22:48,1.505
1997-04-11 22:54,1.503
1997-04-11 23:00,1.501
1997-04-11 23:06,1.499
1997-04-11 23:12,1.497
1997-04-11 23:18,1.494
1997-04-11 23:24,1.492
1997-04-11 23:30,1.490
1997-04-11 23:36,1.487
1997-04-11 23:42,1.485
1997-04-11 23:48,1.482
1997-04-11 23:54,1.479
1997-04-12 00:00,1.476
1997-04-12 00:06,1.473
1997-04-12 00:12,1.469
1997-04-12 00:18,1.466
1997-04-12 00:24,1.462
1997-04-12 00:30,1.458
1997-04-12 00:36,1.454
1997-04-12 00:42,1.450
1997-04-12 00:48,1.445
1997-04-12 00:54,1.440
1997-04-12 01:00,1.435
1997-04-12 01:06,1.430
1997-04-12 01:12,1.425
1997-04-12 01:18,1.420
1997-04-12 01:24,1.414
1997-04-12 01:30,1.408
1997-04-12 01:36,1.402
1997-04-12 01:42,1.396
1997-04-12 01:48,1.390
1997-04-12 01:54,1.383
1997-04-12 02:00,1.377
1997-04-12 02:06,1.370
1997-04-12 02:12,1.364
1997-04-12 02:18,1.357
1997-04-12 02:24,1.351
1997-04-12 02:30,1.344
1997-04-12 02:36,1.337
1997-04-12 02:42,1.330
1997-04-12 02:48,1.324
1997-04-12 02:54,1.317
1997-04-12 03:00,1.311
1997-04-12 03:06,1.304
1997-04-12 03:12,1.298
1997-04-12 03:18,1.292
1997-04-12 03:24,1.285
1997-04-12 03:30,1.279
1997-04-12 03:36,1.273
1997-04-12 03:42,1.268
1997-04-12 03:48,1.262
1997-04-12 03:54,1.256
1997-04-12 04:00,1.251
1997-04-12 04:06,1.246
1997-04-12 04:12,1.241
1997-04-12 04:18,1.236
1997-04-12 04:24,1.231
1997-04-12 04:30,1.226
1997-04-12 04:36,1.222
1997-04-12 04:42,1.218
1997-04-12 04:48,1.213
1997-04-12 04:54,1.210
1997-04-12 05:00,1.206
1997-04-12 05:06,1.202
1997-04-12 05:12,1.199
1997-04-12 05:18,1.196
1997-04-12 05:24,1.193
1997-04-12 05:30,1.190
1997-04-12 05:36,1.187
1997-04-12 05:42,1.185
1997-04-12 05:48,1.183
1997-04-12 05:54,1.181
1997-04-12 06:00,1.179
1997-04-12 06:06,1.178
1997-04-12 06:12,1.177
1997-04-12 06:18,1.176
1997-04-12 06:24,1.176
1997-04-12 06:30,1.176
1997-04-12 06:36,1.176
1997-04-12 06:42,1.177
1997-04-12 06:48,1.178
1997-04-12 06:54,1.179
1997-04-12 07:00,1.181
1997-04-12 07:06,1.183
1997-04-12 07:12,1.185
1997-04-12 07:18,1.188
1997-04-12 07:24,1.191
1997-04-12 07:30,1.194
1997-04-12 07:36,1.198
1997-04-12 07:42,1.202
1997-04-12 07:48,1.207
1997-04-12 07:54,1.211
1997-04-12 08:00,1.216
1997-04-12 08:06,1.222
1997-04-12 08:12,1.227
1997-04-12 08:18,1.233
1997-04-12 08:24,1.239
1997-04-12 08:30,1.245
1997-04-12 08:36,1.251
1997-04-12 08:42,1.258
1997-04-12 08:48,1.264
1997-04-12 08:54,1.271
1997-04-12 09:00,1.278
1997-04-12 09:06,1.285
1997-04-12 09:12,1.292
1997-04-12 09:18,1.300
1997-04-12 09:24,1.307
1997-04-12 09:30,1.314
1997-04-12 09:36,1.321
1997-04-12 09:42,1.329
1997-04-12 09:48,1.336
1997-04-12 09:54,1.344
1997-04-12 10:00,1.351
1997-04-12 10:06,1.359
1997-04-12 10:12,1.366
1997-04-12 10:18,1.373
1997-04-12 10:24,1.381
1997-04-12 10:30,1.388
1997-04-12 10:36,1.396
1997-04-12 10:42,1.403
1997-04-12 10:48,1.410
1997-04-12 10:54,1.418
1997-04-12 11:00,1.425
1997-04-12 11:06,1.432
1997-04-12 11:12,1.439
1997-04-12 11:18,1.447
1997-04-12 11:24,1.454
1997-04-12 11:30,1.461
1997-04-12 11:36,1.468
1997-04-12 11:42,1.474
1997-04-12 11:48,1.481
1997-04-12 11:54,1.488
1997-04-12 12:00,1.494
1997-04-12 12:06,1.501
1997-04-12 12:12,1.507
1997-04-12 12:18,1.513
1997-04-12 12:24,1.519
1997-04-12 12:30,1.525
1997-04-12 12:36,1.531
1997-04-12 12:42,1.536
1997-04-12 12:48,1.541
1997-04-12 12:54,1.546
1997-04-12 13:00,1.551
1997-04-12 13:06,1.556
1997-04-12 13:12,1.560
1997-04-12 13:18,1.564
1997-04-12 13:24,1.568
1997-04-12 13:30,1.572
1997-04-12 13:36,1.576
1997-04-12 13:42,1.579
1997-04-12 13:48,1.582
1997-04-12 13:54,1.585
1997-04-12 14:00,1.588
1997-04-12 14:06,1.590
1997-04-12 14:12,1.593
1997-04-12 14:18,1.595
1997-04-12 14:24,1.597
1997-04-12 14:30,1.599
1997-04-12 14:36,1.600
1997-04-12 14:42,1.602
1997-04-12 14:48,1.603
1997-04-12 14:54,1.605
1997-04-12 15:00,1.606
1997-04-12 15:06,1.607
1997-04-12 15:12,1.608
1997-04-12 15:18,1.609
1997-04-12 15:24,1.610
1997-04-12 15:30,1.611
1997-04-12 15:36,1.611
1997-04-12 15:42,1.612
1997-04-12 15:48,1.612
1997-04-12 15:54,1.613
1997-04-12 16:00,1.613
1997-04-12 16:06,1.613
1997-04-12 16:12,1.613
1997-04-12 16:18,1.613
1997-04-12 16:24,1.613
1997-04-12 16:30,1.613
1997-04-12 16:36,1.613
1997-04-12 16:42,1.612
1997-04-12 16:48,1.612
1997-04-12 16:54,1.611
1997-04-12 17:00,1.610
1997-04-12 17:06,1.609
1997-04-12 17:12,1.608
1997-04-12 17:18,1.607
1997-04-12 17:24,1.605
1997-04-12 17:30,1.604
1997-04-12 17:36,1.602
1997-04-12 17:42,1.601
1997-04-12 17:48,1.599
1997-04-12 17:54,1.597
1997-04-12 18:00,1.595
1997-04-12 18:06,1.593
1997-04-12 18:12,1.591
1997-04-12 18:18,1.589
1997-04-12 18:24,1.587
1997-04-12 18:30,1.585
1997-04-12 18:36,1.582
1997-04-12 18:42,1.580
1997-04-12 18:48,1.578
1997-04-12 18:54,1.576
1997-04-12 19:00,1.574
1997-04-12 19:06,1.572
1997-04-12 19:12,1.569
1997-04-12 19:18,1.567
1997-04-12 19:24,1.565
1997-04-12 19:30,1.564
1997-04-12 19:36,1.562
1997-04-12 19:42,1.560
1997-04-12 19:48,1.558
1997-04-12 19:54,1.556
1997-04-12 20:00,1.555
1997-04-12 20:06,1.553
1997-04-12 20:12,1.552
1997-04-12 20:18,1.550
1997-04-12 20:24,1.549
1997-04-12 20:30,1.547
1997-04-12 20:36,1.546
1997-04-12 20:42,1.545
1997-04-12 20:48,1.543
1997-04-12 20:54,1.542
1997-04-12 21:00,1.541
1997-04-12 21:06,1.539
1997-04-12 21:12,1.538
1997-04-12 21:18,1.537
1997-04-12 21:24,1.535
1997-04-12 21:30,1.534
1997-04-12 21:36,1.532
1997-04-12 21:42,1.531
1997-04-12 21:48,1.529
1997-04-12 21:54,1.528
1997-04-12 22:00,1.526
1997-04-12 22:06,1.525
1997-04-12 22:12,1.523
1997-04-12 22:18,1.521
1997-04-12 22:24,1.520
1997-04-12 22:30,1.518
1997-04-12 22:36,1.516
1997-04-12 22:42,1.514
1997-04-12 22:48,1.513
1997-04-12 22:54,1.511
1997-04-12 23:00,1.509
1997-04-12 23:06,1.507
1997-04-12 23:12,1.505
1997-04-12 23:18,1.504
1997-04-12 23:24,1.502
1997-04-12 23:30,1.500
1997-04-12 23:36,1.498
1997-04-12 23:42,1.496
1997-04-12 23:48,1.494
1997-04-12 23:54,1.492
1997-04-13 00:00,1.490
1997-04-13 00:06,1.487
1997-04-13 00:12,1.485
1997-04-13 00:18,1.483
1997-04-13 00:24,1.480
1997-04-13 00:30,1.478
1997-04-13 00:36,1.475
1997-04-13 00:42,1.472
1997-04-13 00:48,1.470
1997-04-13 00:54,1.466
1997-04-13 01:00,1.463
1997-04-13 01:06,1.460
1997-04-13 01:12,1.457
1997-04-13 01:18,1.453
1997-04-13 01:24,1.449
1997-04-13 01:30,1.445
1997-04-13 01:36,1.441
1997-04-13 01:42,1.437
1997-04-13 01:48,1.432
1997-04-13 01:54,1.428
1997-04-13 02:00,1.423
1997-04-13 02:06,1.418
1997-04-13 02:12,1.413
1997-04-13 02:18,1.408
1997-04-13 02:24,1.403
1997-04-13 02:30,1.398
1997-04-13 02:36,1.392
1997-04-13 02:42,1.387
1997-04-13 02:48,1.381
1997-04-13 02:54,1.376
1997-04-13 03:00,1.370
1997-04-13 03:06,1.364
1997-04-13 03:12,1.359
1997-04-13 03:18,1.353
1997-04-13 03:24,1.347
1997-04-13 03:30,1.341
1997-04-13 03:36,1.336
1997-04-13 03:42,1.330
1997-04-13 03:48,1.324
1997-04-13 03:54,1.319
1997-04-13 04:00,1.313
1997-04-13 04:06,1.308
1997-04-13 04:12,1.302
1997-04-13 04:18,1.297
1997-04-13 04:24,1.291
1997-04-13 04:30,1.286
1997-04-13 04:36,1.281
1997-04-13 04:42,1.276
1997-04-13 04:48,1.271
1997-04-13 04:54,1.266
1997-04-13 05:00,1.262
1997-04-13 05:06,1.257
1997-04-13 05:12,1.252
1997-04-13 05:18,1.248
1997-04-13 05:24,1.244
1997-04-13 05:30,1.240
1997-04-13 05:36,1.236
1997-04-13 05:42,1.232
1997-04-13 05:48,1.228
1997-04-13 05:54,1.225
1997-04-13 06:00,1.221
1997-04-13 06:06,1.218
1997-04-13 06:12,1.215
1997-04-13 06:18,1.213
1997-04-13 06:24,1.210
1997-04-13 06:30,1.208
1997-04-13 06:36,1.206
1997-04-13 06:42,1.204
1997-04-13 06:48,1.203
1997-04-13 06:54,1.202
1997-04-13 07:00,1.201
1997-04-13 07:06,1.200
1997-04-13 07:12,1.200
1997-04-13 07:18,1.200
1997-04-13 07:24,1.200
1997-04-13 07:30,1.201
1997-04-13 07:36,1.202
1997-04-13 07:42,1.203
1997-04-13 07:48,1.204
1997-04-13 07:54,1.206
1997-04-13 08:00,1.208
1997-04-13 08:06,1.211
1997-04-13 08:12,1.213
1997-04-13 08:18,1.216
1997-04-13 08:24,1.220
1997-04-13 08:30,1.223
1997-04-13 08:36,1.227
1997-04-13 08:42,1.231
1997-04-13 08:48,1.235
1997-04-13 08:54,1.239
1997-04-13 09:00,1.244
1997-04-13 09:06,1.249
1997-04-13 09:12,1.254
1997-04-13 09:18,1.259
1997-04-13 09:24,1.264
1997-04-13 09:30,1.270
1997-04-13 09:36,1.275
1997-04-13 09:42,1.281
1997-04-13 09:48,1.286
1997-04-13 09:54,1.292
1997-04-13 10:00,1.298
1997-04-13 10:06,1.304
1997-04-13 10:12,1.310
1997-04-13 10:18,1.316
1997-04-13 10:24,1.322
1997-04-13 10:30,1.328
1997-04-13 10:36,1.335
1997-04-13 10:42,1.341
1997-04-13 10:48,1.347
1997-04-13 10:54,1.354
1997-04-13 11:00,1.360
1997-04-13 11:06,1.367
1997-04-13 11:12,1.373
1997-04-13 11:18,1.380
1997-04-13 11:24,1.386
1997-04-13 11:30,1.393
1997-04-13 11:36,1.399
1997-04-13 11:42,1.406
1997-04-13 11:48,1.412
1997-04-13 11:54,1.419
1997-04-13 12:00,1.425
1997-04-13 12:06,1.432
1997-04-13 12:12,1.438
1997-04-13 12:18,1.444
1997-04-13 12:24,1.451
1997-04-13 12:30,1.457
1997-04-13 12:36,1.463
1997-04-13 12:42,1.469
1997-04-13 12:48,1.475
1997-04-13 12:54,1.481
1997-04-13 13:00,1.487
1997-04-13 13:06,1.493
1997-04-13 13:12,1.498
1997-04-13 13:18,1.504
1997-04-13 13:24,1.509
1997-04-13 13:30,1.514
1997-04-13 13:36,1.519
1997-04-13 13:42,1.524
1997-04-13 13:48,1.529
1997-04-13 13:54,1.533
1997-04-13 14:00,1.538
1997-04-13 14:06,1.542
1997-04-13 14:12,1.546
1997-04-13 14:18,1.550
1997-04-13 14:24,1.554
1997-04-13 14:30,1.557
1997-04-13 14:36,1.561
1997-04-13 14:42,1.564
1997-04-13 14:48,1.567
1997-04-13 14:54,1.570
1997-04-13 15:00,1.573
1997-04-13 15:06,1.575
1997-04-13 15:12,1.578
1997-04-13 15:18,1.580
1997-04-13 15:24,1.583
1997-04-13 15:30,1.585
1997-04-13 15:36,1.587
1997-04-13 15:42,1.589
1997-04-13 15:48,1.591
1997-04-13 15:54,1.592
1997-04-13 16:00,1.594
1997-04-13 16:06,1.595
1997-04-13 16:12,1.597
1997-04-13 16:18,1.598
1997-04-13 16:24,1.599
1997-04-13 16:30,1.600
1997-04-13 16:36,1.601
1997-04-13 16:42,1.602
1997-04-13 16:48,1.602
1997-04-13 16:54,1.603
1997-04-13 17:00,1.603
1997-04-13 17:06,1.604
1997-04-13 17:12,1.604
1997-04-13 17:18,1.604
1997-04-13 17:24,1.604
1997-04-13 17:30,1.603
1997-04-13 17:36,1.603
1997-04-13 17:42,1.602
1997-04-13 17:48,1.602
1997-04-13 17:54,1.601
1997-04-13 18:00,1.600
1997-04-13 18:06,1.599
1997-04-13 18:12,1.598
1997-04-13 18:18,1.597
1997-04-13 18:24,1.596
1997-04-13 18:30,1.595
1997-04-13 18:36,1.593
1997-04-13 18:42,1.592
1997-04-13 18:48,1.590
1997-04-13 18:54,1.589
1997-04-13 19:00,1.587
1997-04-13 19:06,1.585
1997-04-13 19:12,1.583
1997-04-13 19:18,1.582
1997-04-13 19:24,1.580
1997-04-13 19:30,1.578
1997-04-13 19:36,1.576
1997-04-13 19:42,1.575
1997-04-13 19:48,1.573
1997-04-13 19:54,1.571
1997-04-13 20:00,1.569
1997-04-13 20:06,1.567
1997-04-13 20:12,1.565
1997-04-13 20:18,1.564
1997-04-13 20:24,1.562
1997-04-13 20:30,1.560
1997-04-13 20:36,1.558
1997-04-13 20:42,1.556
1997-04-13 20:48,1.555
1997-04-13 20:54,1.553
1997-04-13 21:00,1.551
1997-04-13 21:06,1.549
1997-04-13 21:12,1.547
1997-04-13 21:18,1.546
1997-04-13 21:24,1.544
1997-04-13 21:30,1.542
1997-04-13 21:36,1.540
1997-04-13 21:42,1.538
1997-04-13 21:48,1.536
1997-04-13 21:54,1.534
1997-04-13 22:00,1.533
1997-04-13 22:06,1.531
1997-04-13 22:12,1.529
1997-04-13 22:18,1.527
1997-04-13 22:24,1.525
1997-04-13 22:30,1.523
1997-04-13 22:36,1.521
1997-04-13 22:42,1.519
1997-04-13 22:48,1.517
1997-04-13 22:54,1.515
1997-04-13 23:00,1.514
1997-04-13 23:06,1.512
1997-04-13 23:12,1.510
1997-04-13 23:18,1.508
1997-04-13 23:24,1.506
1997-04-13 23:30,1.504
1997-04-13 23:36,1.502
1997-04-13 23:42,1.501
1997-04-13 23:48,1.499
1997-04-13 23:54,1.497
1997-04-14 00:00,1.495
1997-04-14 00:06,1.493
1997-04-14 00:12,1.492
1997-04-14 00:18,1.490
1997-04-14 00:24,1.488
1997-04-14 00:30,1.486
1997-04-14 00:36,1.484
1997-04-14 00:42,1.482
1997-04-14 00:48,1.480
1997-04-14 00:54,1.478
1997-04-14 01:00,1.476
1997-04-14 01:06,1.474
1997-04-14 01:12,1.472
1997-04-14 01:18,1.470
1997-04-14 01:24,1.468
1997-04-14 01:30,1.465
1997-04-14 01:36,1.463
1997-04-14 01:42,1.460
1997-04-14 01:48,1.458
1997-04-14 01:54,1.455
1997-04-14 02:00,1.452
1997-04-14 02:06,1.449
1997-04-14 02:12,1.446
1997-04-14 02:18,1.443
1997-04-14 02:24,1.440
1997-04-14 02:30,1.437
1997-04-14 02:36,1.433
1997-04-14 02:42,1.430
1997-04-14 02:48,1.426
1997-04-14 02:54,1.422
1997-04-14 03:00,1.418
1997-04-14 03:06,1.414
1997-04-14 03:12,1.410
1997-04-14 03:18,1.406
1997-04-14 03:24,1.402
1997-04-14 03:30,1.397
1997-04-14 03:36,1.393
1997-04-14 03:42,1.388
1997-04-14 03:48,1.384
1997-04-14 03:54,1.379
1997-04-14 04:00,1.375
1997-04-14 04:06,1.370
1997-04-14 04:12,1.365
1997-04-14 04:18,1.360
1997-04-14 04:24,1.355
1997-04-14 04:30,1.351
1997-04-14 04:36,1.346
1997-04-14 04:42,1.341
1997-04-14 04:48,1.336
1997-04-14 04:54,1.331
1997-04-14 05:00,1.326
1997-04-14 05:06,1.321
1997-04-14 05:12,1.317
1997-04-14 05:18,1.312
1997-04-14 05:24,1.307
1997-04-14 05:30,1.302
1997-04-14 05:36,1.298
1997-04-14 05:42,1.293
1997-04-14 05:48,1.289
1997-04-14 05:54,1.285
1997-04-14 06:00,1.280
1997-04-14 06:06,1.276
1997-04-14 06:12,1.272
1997-04-14 06:18,1.269
1997-04-14 06:24,1.265
1997-04-14 06:30,1.261
1997-04-14 06:36,1.258
1997-04-14 06:42,1.255
1997-04-14 06:48,1.252
1997-04-14 06:54,1.249
1997-04-14 07:00,1.246
1997-04-14 07:06,1.244
1997-04-14 07:12,1.242
1997-04-14 07:18,1.240
1997-04-14 07:24,1.238
1997-04-14 07:30,1.237
1997-04-14 07:36,1.235
1997-04-14 07:42,1.234
1997-04-14 07:48,1.233
1997-04-14 07:54,1.233
1997-04-14 08:00,1.233
1997-04-14 08:06,1.232
1997-04-14 08:12,1.233
1997-04-14 08:18,1.233
1997-04-14 08:24,1.234
1997-04-14 08:30,1.234
1997-04-14 08:36,1.235
1997-04-14 08:42,1.237
1997-04-14 08:48,1.238
1997-04-14 08:54,1.240
1997-04-14 09:00,1.242
1997-04-14 09:06,1.244
1997-04-14 09:12,1.246
1997-04-14 09:18,1.249
1997-04-14 09:24,1.252
1997-04-14 09:30,1.255
1997-04-14 09:36,1.258
1997-04-14 09:42,1.261
1997-04-14 09:48,1.265
1997-04-14 09:54,1.268
1997-04-14 10:00,1.272
1997-04-14 10:06,1.276
1997-04-14 10:12,1.280
1997-04-14 10:18,1.284
1997-04-14 10:24,1.288
1997-04-14 10:30,1.293
1997-04-14 10:36,1.297
1997-04-14 10:42,1.302
1997-04-14 10:48,1.307
1997-04-14 10:54,1.312
1997-04-14 11:00,1.317
1997-04-14 11:06,1.322
1997-04-14 11:12,1.327
1997-04-14 11:18,1.332
1997-04-14 11:24,1.337
1997-04-14 11:30,1.343
1997-04-14 11:36,1.348
1997-04-14 11:42,1.353
1997-04-14 11:48,1.359
1997-04-14 11:54,1.364
1997-04-14 12:00,1.370
1997-04-14 12:06,1.376
1997-04-14 12:12,1.381
1997-04-14 12:18,1.387
1997-04-14 12:24,1.392
1997-04-14 12:30,1.398
1997-04-14 12:36,1.404
1997-04-14 12:42,1.409
1997-04-14 12:48,1.415
1997-04-14 12:54,1.421
1997-04-14 13:00,1.426
1997-04-14 13:06,1.432
1997-04-14 13:12,1.437
1997-04-14 13:18,1.443
1997-04-14 13:24,1.448
1997-04-14 13:30,1.454
1997-04-14 13:36,1.459
1997-04-14 13:42,1.465
1997-04-14 13:48,1.470
1997-04-14 13:54,1.475
1997-04-14 14:00,1.480
1997-04-14 14:06,1.485
1997-04-14 14:12,1.490
1997-04-14 14:18,1.495
1997-04-14 14:24,1.500
1997-04-14 14:30,1.505
1997-04-14 14:36,1.509
1997-04-14 14:42,1.514
1997-04-14 14:48,1.518
1997-04-14 14:54,1.522
1997-04-14 15:00,1.526
1997-04-14 15:06,1.530
1997-04-14 15:12,1.534
1997-04-14 15:18,1.538
1997-04-14 15:24,1.542
1997-04-14 15:30,1.545
1997-04-14 15:36,1.549
1997-04-14 15:42,1.552
1997-04-14 15:48,1.555
1997-04-14 15:54,1.558
1997-04-14 16:00,1.561
1997-04-14 16:06,1.564
1997-04-14 16:12,1.566
1997-04-14 16:18,1.568
1997-04-14 16:24,1.571
1997-04-14 16:30,1.573
1997-04-14 16:36,1.575
1997-04-14 16:42,1.576
1997-04-14 16:48,1.578
1997-04-14 16:54,1.580
1997-04-14 17:00,1.581
1997-04-14 17:06,1.582
1997-04-14 17:12,1.583
1997-04-14 17:18,1.584
1997-04-14 17:24,1.585
1997-04-14 17:30,1.586
1997-04-14 17:36,1.586
1997-04-14 17:42,1.587
1997-04-14 17:48,1.587
1997-04-14 17:54,1.587
1997-04-14 18:00,1.587
1997-04-14 18:06,1.587
1997-04-14 18:12,1.587
1997-04-14 18:18,1.587
1997-04-14 18:24,1.587
1997-04-14 18:30,1.587
1997-04-14 18:36,1.586
1997-04-14 18:42,1.586
1997-04-14 18:48,1.585
1997-04-14 18:54,1.584
1997-04-14 19:00,1.584
1997-04-14 19:06,1.583
1997-04-14 19:12,1.582
1997-04-14 19:18,1.581
1997-04-14 19:24,1.580
1997-04-14 19:30,1.579
1997-04-14 19:36,1.578
1997-04-14 19:42,1.576
1997-04-14 19:48,1.575
1997-04-14 19:54,1.574
1997-04-14 20:00,1.572
1997-04-14 20:06,1.571
1997-04-14 20:12,1.569
1997-04-14 20:18,1.567
1997-04-14 20:24,1.566
1997-04-14 20:30,1.564
1997-04-14 20:36,1.562
1997-04-14 20:42,1.560
1997-04-14 20:48,1.559
1997-04-14 20:54,1.557
1997-04-14 21:00,1.555
1997-04-14 21:06,1.553
1997-04-14 21:12,1.551
1997-04-14 21:18,1.549
1997-04-14 21:24,1.546
1997-04-14 21:30,1.544
1997-04-14 21:36,1.542
1997-04-14 21:42,1.540
1997-04-14 21:48,1.538
1997-04-14 21:54,1.536
1997-04-14 22:00,1.534
1997-04-14 22:06,1.532
1997-04-14 22:12,1.529
1997-04-14 22:18,1.527
1997-04-14 22:24,1.525
1997-04-14 22:30,1.523
1997-04-14 22:36,1.521
1997-04-14 22:42,1.519
1997-04-14 22:48,1.517
1997-04-14 22:54,1.515
1997-04-14 23:00,1.513
1997-04-14 23:06,1.511
1997-04-14 23:12,1.509
1997-04-14 23:18,1.507
1997-04-14 23:24,1.505
1997-04-14 23:30,1.504
1997-04-14 23:36,1.502
1997-04-14 23:42,1.500
1997-04-14 23:48,1.498
1997-04-14 23:54,1.497
1997-04-15 00:00,1.495
1997-04-15 00:06,1.493
1997-04-15 00:12,1.491
1997-04-15 00:18,1.490
1997-04-15 00:24,1.488
1997-04-15 00:30,1.487
1997-04-15 00:36,1.485
1997-04-15 00:42,1.483
1997-04-15 00:48,1.482
1997-04-15 00:54,1.480
1997-04-15 01:00,1.479
1997-04-15 01:06,1.477
1997-04-15 01:12,1.476
1997-04-15 01:18,1.474
1997-04-15 01:24,1.473
1997-04-15 01:30,1.471
1997-04-15 01:36,1.470
1997-04-15 01:42,1.468
1997-04-15 01:48,1.467
1997-04-15 01:54,1.465
1997-04-15 02:00,1.464
1997-04-15 02:06,1.462
1997-04-15 02:12,1.461
1997-04-15 02:18,1.459
1997-04-15 02:24,1.458
1997-04-15 02:30,1.456
1997-04-15 02:36,1.454
1997-04-15 02:42,1.453
1997-04-15 02:48,1.451
1997-04-15 02:54,1.449
1997-04-15 03:00,1.447
1997-04-15 03:06,1.445
1997-04-15 03:12,1.443
1997-04-15 03:18,1.441
1997-04-15 03:24,1.439
1997-04-15 03:30,1.437
1997-04-15 03:36,1.434
1997-04-15 03:42,1.432
1997-04-15 03:48,1.429
1997-04-15 03:54,1.426
1997-04-15 04:00,1.423
1997-04-15 04:06,1.420
1997-04-15 04:12,1.417
1997-04-15 04:18,1.414
1997-04-15 04:24,1.410
1997-04-15 04:30,1.407
1997-04-15 04:36,1.403
1997-04-15 04:42,1.399
1997-04-15 04:48,1.396
1997-04-15 04:54,1.392
1997-04-15 05:00,1.388
1997-04-15 05:06,1.384
1997-04-15 05:12,1.379
1997-04-15 05:18,1.375
1997-04-15 05:24,1.371
1997-04-15 05:30,1.367
1997-04-15 05:36,1.362
1997-04-15 05:42,1.358
1997-04-15 05:48,1.354
1997-04-15 05:54,1.349
1997-04-15 06:00,1.345
1997-04-15 06:06,1.341
1997-04-15 06:12,1.337
1997-04-15 06:18,1.332
1997-04-15 06:24,1.328
1997-04-15 06:30,1.324
1997-04-15 06:36,1.321
1997-04-15 06:42,1.317
1997-04-15 06:48,1.313
1997-04-15 06:54,1.309
1997-04-15 07:00,1.306
1997-04-15 07:06,1.303
1997-04-15 07:12,1.300
1997-04-15 07:18,1.296
1997-04-15 07:24,1.294
1997-04-15 07:30,1.291
1997-04-15 07:36,1.288
1997-04-15 07:42,1.286
1997-04-15 07:48,1.283
1997-04-15 07:54,1.281
1997-04-15 08:00,1.279
1997-04-15 08:06,1.277
1997-04-15 08:12,1.276
1997-04-15 08:18,1.274
1997-04-15 08:24,1.273
1997-04-15 08:30,1.272
1997-04-15 08:36,1.271
1997-04-15 08:42,1.270
1997-04-15 08:48,1.269
1997-04-15 08:54,1.268
1997-04-15 09:00,1.268
1997-04-15 09:06,1.268
1997-04-15 09:12,1.268
1997-04-15 09:18,1.268
1997-04-15 09:24,1.268
1997-04-15 09:30,1.269
1997-04-15 09:36,1.269
1997-04-15 09:42,1.270
1997-04-15 09:48,1.271
1997-04-15 09:54,1.273
1997-04-15 10:00,1.274
1997-04-15 10:06,1.276
1997-04-15 10:12,1.277
1997-04-15 10:18,1.279
1997-04-15 10:24,1.281
1997-04-15 10:30,1.284
1997-04-15 10:36,1.286
1997-04-15 10:42,1.289
1997-04-15 10:48,1.292
1997-04-15 10:54,1.295
1997-04-15 11:00,1.298
1997-04-15 11:06,1.301
1997-04-15 11:12,1.304
1997-04-15 11:18,1.308
1997-04-15 11:24,1.312
1997-04-15 11:30,1.315
1997-04-15 11:36,1.319
1997-04-15 11:42,1.323
1997-04-15 11:48,1.327
1997-04-15 11:54,1.331
1997-04-15 12:00,1.336
1997-04-15 12:06,1.340
1997-04-15 12:12,1.344
1997-04-15 12:18,1.349
1997-04-15 12:24,1.353
1997-04-15 12:30,1.358
1997-04-15 12:36,1.362
1997-04-15 12:42,1.367
1997-04-15 12:48,1.371
1997-04-15 12:54,1.376
1997-04-15 13:00,1.381
1997-04-15 13:06,1.385
1997-04-15 13:12,1.390
1997-04-15 13:18,1.395
1997-04-15 13:24,1.400
1997-04-15 13:30,1.404
1997-04-15 13:36,1.409
1997-04-15 13:42,1.414
1997-04-15 13:48,1.419
1997-04-15 13:54,1.424
1997-04-15 14:00,1.429
1997-04-15 14:06,1.433
1997-04-15 14:12,1.438
1997-04-15 14:18,1.443
1997-04-15 14:24,1.448
1997-04-15 14:30,1.453
1997-04-15 14:36,1.458
1997-04-15 14:42,1.463
1997-04-15 14:48,1.468
1997-04-15 14:54,1.472
1997-04-15 15:00,1.477
1997-04-15 15:06,1.482
1997-04-15 15:12,1.486
1997-04-15 15:18,1.491
1997-04-15 15:24,1.496
1997-04-15 15:30,1.500
1997-04-15 15:36,1.504
1997-04-15 15:42,1.509
1997-04-15 15:48,1.513
1997-04-15 15:54,1.517
1997-04-15 16:00,1.520
1997-04-15 16:06,1.524
1997-04-15 16:12,1.528
1997-04-15 16:18,1.531
1997-04-15 16:24,1.534
1997-04-15 16:30,1.537
1997-04-15 16:36,1.540
1997-04-15 16:42,1.543
1997-04-15 16:48,1.546
1997-04-15 16:54,1.548
1997-04-15 17:00,1.550
1997-04-15 17:06,1.552
1997-04-15 17:12,1.554
1997-04-15 17:18,1.556
1997-04-15 17:24,1.557
1997-04-15 17:30,1.559
1997-04-15 17:36,1.560
1997-04-15 17:42,1.561
1997-04-15 17:48,1.562
1997-04-15 17:54,1.563
1997-04-15 18:00,1.564
1997-04-15 18:06,1.565
1997-04-15 18:12,1.565
1997-04-15 18:18,1.566
1997-04-15 18:24,1.566
1997-04-15 18:30,1.566
1997-04-15 18:36,1.567
1997-04-15 18:42,1.567
1997-04-15 18:48,1.567
1997-04-15 18:54,1.567
1997-04-15 19:00,1.567
1997-04-15 19:06,1.567
1997-04-15 19:12,1.567
1997-04-15 19:18,1.566
1997-04-15 19:24,1.566
1997-04-15 19:30,1.566
1997-04-15 19:36,1.565
1997-04-15 19:42,1.565
1997-04-15 19:48,1.564
1997-04-15 19:54,1.563
1997-04-15 20:00,1.562
1997-04-15 20:06,1.562
1997-04-15 20:12,1.561
1997-04-15 20:18,1.559
1997-04-15 20:24,1.558
1997-04-15 20:30,1.557
1997-04-15 20:36,1.556
1997-04-15 20:42,1.554
1997-04-15 20:48,1.552
1997-04-15 20:54,1.551
1997-04-15 21:00,1.549
1997-04-15 21:06,1.547
1997-04-15 21:12,1.545
1997-04-15 21:18,1.543
1997-04-15 21:24,1.541
1997-04-15 21:30,1.539
1997-04-15 21:36,1.537
1997-04-15 21:42,1.535
1997-04-15 21:48,1.532
1997-04-15 21:54,1.530
1997-04-15 22:00,1.528
1997-04-15 22:06,1.525
1997-04-15 22:12,1.523
1997-04-15 22:18,1.521
1997-04-15 22:24,1.518
1997-04-15 22:30,1.516
1997-04-15 22:36,1.514
1997-04-15 22:42,1.512
1997-04-15 22:48,1.510
1997-04-15 22:54,1.507
1997-04-15 23:00,1.505
1997-04-15 23:06,1.503
1997-04-15 23:12,1.501
1997-04-15 23:18,1.499
1997-04-15 23:24,1.498
1997-04-15 23:30,1.496
1997-04-15 23:36,1.494
1997-04-15 23:42,1.492
1997-04-15 23:48,1.491
1997-04-15 23:54,1.489
1997-04-16 00:00,1.487
1997-04-16 00:06,1.486
1997-04-16 00:12,1.484
1997-04-16 00:18,1.483
1997-04-16 00:24,1.481
1997-04-16 00:30,1.480
1997-04-16 00:36,1.479
1997-04-16 00:42,1.477
1997-04-16 00:48,1.476
1997-04-16 00:54,1.475
1997-04-16 01:00,1.473
1997-04-16 01:06,1.472
1997-04-16 01:12,1.471
1997-04-16 01:18,1.470
1997-04-16 01:24,1.469
1997-04-16 01:30,1.467
1997-04-16 01:36,1.466
1997-04-16 01:42,1.465
1997-04-16 01:48,1.464
1997-04-16 01:54,1.464
1997-04-16 02:00,1.463
1997-04-16 02:06,1.462
1997-04-16 02:12,1.461
1997-04-16 02:18,1.461
1997-04-16 02:24,1.460
1997-04-16 02:30,1.459
1997-04-16 02:36,1.459
1997-04-16 02:42,1.458
1997-04-16 02:48,1.458
1997-04-16 02:54,1.457
1997-04-16 03:00,1.457
1997-04-16 03:06,1.457
1997-04-16 03:12,1.456
1997-04-16 03:18,1.456
1997-04-16 03:24,1.455
1997-04-16 03:30,1.455
1997-04-16 03:36,1.454
1997-04-16 03:42,1.454
1997-04-16 03:48,1.453
1997-04-16 03:54,1.452
1997-04-16 04:00,1.452
1997-04-16 04:06,1.451
1997-04-16 04:12,1.449
1997-04-16 04:18,1.448
1997-04-16 04:24,1.447
1997-04-16 04:30,1.445
1997-04-16 04:36,1.444
1997-04-16 04:42,1.442
1997-04-16 04:48,1.440
1997-04-16 04:54,1.438
1997-04-16 05:00,1.436
1997-04-16 05:06,1.433
1997-04-16 05:12,1.430
1997-04-16 05:18,1.428
1997-04-16 05:24,1.425
1997-04-16 05:30,1.422
1997-04-16 05:36,1.419
1997-04-16 05:42,1.415
1997-04-16 05:48,1.412
1997-04-16 05:54,1.409
1997-04-16 06:00,1.405
1997-04-16 06:06,1.402
1997-04-16 06:12,1.398
1997-04-16 06:18,1.394
1997-04-16 06:24,1.391
1997-04-16 06:30,1.387
1997-04-16 06:36,1.383
1997-04-16 06:42,1.380
1997-04-16 06:48,1.376
1997-04-16 06:54,1.372
1997-04-16 07:00,1.369
1997-04-16 07:06,1.366
1997-04-16 07:12,1.362
1997-04-16 07:18,1.359
1997-04-16 07:24,1.356
1997-04-16 07:30,1.352
1997-04-16 07:36,1.349
1997-04-16 07:42,1.346
1997-04-16 07:48,1.343
1997-04-16 07:54,1.340
1997-04-16 08:00,1.338
1997-04-16 08:06,1.335
1997-04-16 08:12,1.332
1997-04-16 08:18,1.330
1997-04-16 08:24,1.327
1997-04-16 08:30,1.325
1997-04-16 08:36,1.323
1997-04-16 08:42,1.320
1997-04-16 08:48,1.318
1997-04-16 08:54,1.316
1997-04-16 09:00,1.314
1997-04-16 09:06,1.312
1997-04-16 09:12,1.311
1997-04-16 09:18,1.309
1997-04-16 09:24,1.307
1997-04-16 09:30,1.306
1997-04-16 09:36,1.305
1997-04-16 09:42,1.304
1997-04-16 09:48,1.302
1997-04-16 09:54,1.302
1997-04-16 10:00,1.301
1997-04-16 10:06,1.300
1997-04-16 10:12,1.300
1997-04-16 10:18,1.300
1997-04-16 10:24,1.300
1997-04-16 10:30,1.300
1997-04-16 10:36,1.300
1997-04-16 10:42,1.300
1997-04-16 10:48,1.301
1997-04-16 10:54,1.302
1997-04-16 11:00,1.303
1997-04-16 11:06,1.304
1997-04-16 11:12,1.306
1997-04-16 11:18,1.307
1997-04-16 11:24,1.309
1997-04-16 11:30,1.311
1997-04-16 11:36,1.313
1997-04-16 11:42,1.315
1997-04-16 11:48,1.318
1997-04-16 11:54,1.320
1997-04-16 12:00,1.323
1997-04-16 12:06,1.326
1997-04-16 12:12,1.329
1997-04-16 12:18,1.332
1997-04-16 12:24,1.335
1997-04-16 12:30,1.338
1997-04-16 12:36,1.341
1997-04-16 12:42,1.345
1997-04-16 12:48,1.348
1997-04-16 12:54,1.351
1997-04-16 13:00,1.355
1997-04-16 13:06,1.358
1997-04-16 13:12,1.362
1997-04-16 13:18,1.366
1997-04-16 13:24,1.369
1997-04-16 13:30,1.373
1997-04-16 13:36,1.377
1997-04-16 13:42,1.381
1997-04-16 13:48,1.385
1997-04-16 13:54,1.389
1997-04-16 14:00,1.392
1997-04-16 14:06,1.397
1997-04-16 14:12,1.401
1997-04-16 14:18,1.405
1997-04-16 14:24,1.409
1997-04-16 14:30,1.413
1997-04-16 14:36,1.418
1997-04-16 14:42,1.422
1997-04-16 14:48,1.426
1997-04-16 14:54,1.431
1997-04-16 15:00,1.435
1997-04-16 15:06,1.440
1997-04-16 15:12,1.444
1997-04-16 15:18,1.449
1997-04-16 15:24,1.454
1997-04-16 15:30,1.458
1997-04-16 15:36,1.463
1997-04-16 15:42,1.467
1997-04-16 15:48,1.472
1997-04-16 15:54,1.476
1997-04-16 16:00,1.480
1997-04-16 16:06,1.485
1997-04-16 16:12,1.489
1997-04-16 16:18,1.493
1997-04-16 16:24,1.497
1997-04-16 16:30,1.501
1997-04-16 16:36,1.504
1997-04-16 16:42,1.508
1997-04-16 16:48,1.511
1997-04-16 16:54,1.514
1997-04-16 17:00,1.517
1997-04-16 17:06,1.520
1997-04-16 17:12,1.523
1997-04-16 17:18,1.525
1997-04-16 17:24,1.527
1997-04-16 17:30,1.529
1997-04-16 17:36,1.531
1997-04-16 17:42,1.533
1997-04-16 17:48,1.535
1997-04-16 17:54,1.536
1997-04-16 18:00,1.537
1997-04-16 18:06,1.538
1997-04-16 18:12,1.539
1997-04-16 18:18,1.540
1997-04-16 18:24,1.541
1997-04-16 18:30,1.542
1997-04-16 18:36,1.542
1997-04-16 18:42,1.543
1997-04-16 18:48,1.543
1997-04-16 18:54,1.544
1997-04-16 19:00,1.544
1997-04-16 19:06,1.544
1997-04-16 19:12,1.544
1997-04-16 19:18,1.544
1997-04-16 19:24,1.544
1997-04-16 19:30,1.544
1997-04-16 19:36,1.544
1997-04-16 19:42,1.544
1997-04-16 19:48,1.544
1997-04-16 19:54,1.543
1997-04-16 20:00,1.543
1997-04-16 20:06,1.543
1997-04-16 20:12,1.542
1997-04-16 20:18,1.541
1997-04-16 20:24,1.541
1997-04-16 20:30,1.540
1997-04-16 20:36,1.539
1997-04-16 20:42,1.538
1997-04-16 20:48,1.536
1997-04-16 20:54,1.535
1997-04-16 21:00,1.534
1997-04-16 21:06,1.532
1997-04-16 21:12,1.530
1997-04-16 21:18,1.529
1997-04-16 21:24,1.527
1997-04-16 21:30,1.525
1997-04-16 21:36,1.523
1997-04-16 21:42,1.521
1997-04-16 21:48,1.518
1997-04-16 21:54,1.516
1997-04-16 22:00,1.514
1997-04-16 22:06,1.511
1997-04-16 22:12,1.509
1997-04-16 22:18,1.507
1997-04-16 22:24,1.504
1997-04-16 22:30,1.502
1997-04-16 22:36,1.499
1997-04-16 22:42,1.497
1997-04-16 22:48,1.495
1997-04-16 22:54,1.492
1997-04-16 23:00,1.490
1997-04-16 23:06,1.488
1997-04-16 23:12,1.486
1997-04-16 23:18,1.484
1997-04-16 23:24,1.482
1997-04-16 23:30,1.480
1997-04-16 23:36,1.478
1997-04-16 23:42,1.476
1997-04-16 23:48,1.474
1997-04-16 23:54,1.473
1997-04-17 00:00,1.471
1997-04-17 00:06,1.470
1997-04-17 00:12,1.468
1997-04-17 00:18,1.467
1997-04-17 00:24,1.466
1997-04-17 00:30,1.464
1997-04-17 00:36,1.463
1997-04-17 00:42,1.462
1997-04-17 00:48,1.461
1997-04-17 00:54,1.460
1997-04-17 01:00,1.459
1997-04-17 01:06,1.458
1997-04-17 01:12,1.457
1997-04-17 01:18,1.456
1997-04-17 01:24,1.455
1997-04-17 01:30,1.454
1997-04-17 01:36,1.454
1997-04-17 01:42,1.453
1997-04-17 01:48,1.453
1997-04-17 01:54,1.452
1997-04-17 02:00,1.452
1997-04-17 02:06,1.451
1997-04-17 02:12,1.451
1997-04-17 02:18,1.451
1997-04-17 02:24,1.451
1997-04-17 02:30,1.451
1997-04-17 02:36,1.451
1997-04-17 02:42,1.451
1997-04-17 02:48,1.451
1997-04-17 02:54,1.452
1997-04-17 03:00,1.452
1997-04-17 03:06,1.452
1997-04-17 03:12,1.453
1997-04-17 03:18,1.454
1997-04-17 03:24,1.454
1997-04-17 03:30,1.455
1997-04-17 03:36,1.456
1997-04-17 03:42,1.457
1997-04-17 03:48,1.458
1997-04-17 03:54,1.459
1997-04-17 04:00,1.459
1997-04-17 04:06,1.460
1997-04-17 04:12,1.461
1997-04-17 04:18,1.462
1997-04-17 04:24,1.462
1997-04-17 04:30,1.463
1997-04-17 04:36,1.463
1997-04-17 04:42,1.463
1997-04-17 04:48,1.463
1997-04-17 04:54,1.463
1997-04-17 05:00,1.463
1997-04-17 05:06,1.463
1997-04-17 05:12,1.462
1997-04-17 05:18,1.461
1997-04-17 05:24,1.461
1997-04-17 05:30,1.460
1997-04-17 05:36,1.458
1997-04-17 05:42,1.457
1997-04-17 05:48,1.455
1997-04-17 05:54,1.454
1997-04-17 06:00,1.452
1997-04-17 06:06,1.450
1997-04-17 06:12,1.448
1997-04-17 06:18,1.445
1997-04-17 06:24,1.443
1997-04-17 06:30,1.440
1997-04-17 06:36,1.438
1997-04-17 06:42,1.435
1997-04-17 06:48,1.433
1997-04-17 06:54,1.430
1997-04-17 07:00,1.427
1997-04-17 07:06,1.424
1997-04-17 07:12,1.421
1997-04-17 07:18,1.418
1997-04-17 07:24,1.415
1997-04-17 07:30,1.413
1997-04-17 07:36,1.410
1997-04-17 07:42,1.407
1997-04-17 07:48,1.404
1997-04-17 07:54,1.401
1997-04-17 08:00,1.398
1997-04-17 08:06,1.395
1997-04-17 08:12,1.393
1997-04-17 08:18,1.390
1997-04-17 08:24,1.387
1997-04-17 08:30,1.384
1997-04-17 08:36,1.381
1997-04-17 08:42,1.379
1997-04-17 08:48,1.376
1997-04-17 08:54,1.373
1997-04-17 09:00,1.371
1997-04-17 09:06,1.368
1997-04-17 09:12,1.365
1997-04-17 09:18,1.363
1997-04-17 09:24,1.360
1997-04-17 09:30,1.358
1997-04-17 09:36,1.355
1997-04-17 09:42,1.353
1997-04-17 09:48,1.350
1997-04-17 09:54,1.348
1997-04-17 10:00,1.346
1997-04-17 10:06,1.344
1997-04-17 10:12,1.342
1997-04-17 10:18,1.340
1997-04-17 10:24,1.338
1997-04-17 10:30,1.336
1997-04-17 10:36,1.335
1997-04-17 10:42,1.333
1997-04-17 10:48,1.332
1997-04-17 10:54,1.331
1997-04-17 11:00,1.330
1997-04-17 11:06,1.330
1997-04-17 11:12,1.329
1997-04-17 11:18,1.329
1997-04-17 11:24,1.329
1997-04-17 11:30,1.329
1997-04-17 11:36,1.329
1997-04-17 11:42,1.329
1997-04-17 11:48,1.330
1997-04-17 11:54,1.331
1997-04-17 12:00,1.331
1997-04-17 12:06,1.333
1997-04-17 12:12,1.334
1997-04-17 12:18,1.335
1997-04-17 12:24,1.337
1997-04-17 12:30,1.338
1997-04-17 12:36,1.340
1997-04-17 12:42,1.342
1997-04-17 12:48,1.344
1997-04-17 12:54,1.346
1997-04-17 13:00,1.348
1997-04-17 13:06,1.351
1997-04-17 13:12,1.353
1997-04-17 13:18,1.356
1997-04-17 13:24,1.358
1997-04-17 13:30,1.361
1997-04-17 13:36,1.363
1997-04-17 13:42,1.366
1997-04-17 13:48,1.369
1997-04-17 13:54,1.372
1997-04-17 14:00,1.375
1997-04-17 14:06,1.378
1997-04-17 14:12,1.381
1997-04-17 14:18,1.384
1997-04-17 14:24,1.387
1997-04-17 14:30,1.391
1997-04-17 14:36,1.394
1997-04-17 14:42,1.398
1997-04-17 14:48,1.401
1997-04-17 14:54,1.405
1997-04-17 15:00,1.408
1997-04-17 15:06,1.412
1997-04-17 15:12,1.416
1997-04-17 15:18,1.420
1997-04-17 15:24,1.424
1997-04-17 15:30,1.428
1997-04-17 15:36,1.432
1997-04-17 15:42,1.436
1997-04-17 15:48,1.440
1997-04-17 15:54,1.444
1997-04-17 16:00,1.448
1997-04-17 16:06,1.453
1997-04-17 16:12,1.457
1997-04-17 16:18,1.461
1997-04-17 16:24,1.465
1997-04-17 16:30,1.469
1997-04-17 16:36,1.472
1997-04-17 16:42,1.476
1997-04-17 16:48,1.480
1997-04-17 16:54,1.483
1997-04-17 17:00,1.487
1997-04-17 17:06,1.490
1997-04-17 17:12,1.493
1997-04-17 17:18,1.496
1997-04-17 17:24,1.499
1997-04-17 17:30,1.501
1997-04-17 17:36,1.504
1997-04-17 17:42,1.506
1997-04-17 17:48,1.508
1997-04-17 17:54,1.510
1997-04-17 18:00,1.512
1997-04-17 18:06,1.514
1997-04-17 18:12,1.515
1997-04-17 18:18,1.516
1997-04-17 18:24,1.518
1997-04-17 18:30,1.519
1997-04-17 18:36,1.519
1997-04-17 18:42,1.520
1997-04-17 18:48,1.521
1997-04-17 18:54,1.521
1997-04-17 19:00,1.522
1997-04-17 19:06,1.522
1997-04-17 19:12,1.522
1997-04-17 19:18,1.522
1997-04-17 19:24,1.523
1997-04-17 19:30,1.523
1997-04-17 19:36,1.522
1997-04-17 19:42,1.522
1997-04-17 19:48,1.522
1997-04-17 19:54,1.522
1997-04-17 20:00,1.521
1997-04-17 20:06,1.521
1997-04-17 20:12,1.520
1997-04-17 20:18,1.519
1997-04-17 20:24,1.519
1997-04-17 20:30,1.518
1997-04-17 20:36,1.517
1997-04-17 20:42,1.516
1997-04-17 20:48,1.515
1997-04-17 20:54,1.514
1997-04-17 21:00,1.512
1997-04-17 21:06,1.511
1997-04-17 21:12,1.509
1997-04-17 21:18,1.508
1997-04-17 21:24,1.506
1997-04-17 21:30,1.504
1997-04-17 21:36,1.502
1997-04-17 21:42,1.500
1997-04-17 21:48,1.498
1997-04-17 21:54,1.496
1997-04-17 22:00,1.493
1997-04-17 22:06,1.491
1997-04-17 22:12,1.489
1997-04-17 22:18,1.486
1997-04-17 22:24,1.484
1997-04-17 22:30,1.481
1997-04-17 22:36,1.479
1997-04-17 22:42,1.476
1997-04-17 22:48,1.473
1997-04-17 22:54,1.471
1997-04-17 23:00,1.468
1997-04-17 23:06,1.466
1997-04-17 23:12,1.464
1997-04-17 23:18,1.461
1997-04-17 23:24,1.459
1997-04-17 23:30,1.457
1997-04-17 23:36,1.455
1997-04-17 23:42,1.453
1997-04-17 23:48,1.451
1997-04-17 23:54,1.449
1997-04-18 00:00,1.447
1997-04-18 00:06,1.445
1997-04-18 00:12,1.444
1997-04-18 00:18,1.442
1997-04-18 00:24,1.441
1997-04-18 00:30,1.439
1997-04-18 00:36,1.438
1997-04-18 00:42,1.437
1997-04-18 00:48,1.436
1997-04-18 00:54,1.435
1997-04-18 01:00,1.434
1997-04-18 01:06,1.433
1997-04-18 01:12,1.433
1997-04-18 01:18,1.432
1997-04-18 01:24,1.431
1997-04-18 01:30,1.431
1997-04-18 01:36,1.431
1997-04-18 01:42,1.430
1997-04-18 01:48,1.430
1997-04-18 01:54,1.430
1997-04-18 02:00,1.430
1997-04-18 02:06,1.430
1997-04-18 02:12,1.430
1997-04-18 02:18,1.430
1997-04-18 02:24,1.431
1997-04-18 02:30,1.431
1997-04-18 02:36,1.432
1997-04-18 02:42,1.432
1997-04-18 02:48,1.433
1997-04-18 02:54,1.434
1997-04-18 03:00,1.435
1997-04-18 03:06,1.436
1997-04-18 03:12,1.437
1997-04-18 03:18,1.439
1997-04-18 03:24,1.440
1997-04-18 03:30,1.442
1997-04-18 03:36,1.443
1997-04-18 03:42,1.445
1997-04-18 03:48,1.447
1997-04-18 03:54,1.449
1997-04-18 04:00,1.451
1997-04-18 04:06,1.452
1997-04-18 04:12,1.454
1997-04-18 04:18,1.456
1997-04-18 04:24,1.458
1997-04-18 04:30,1.460
1997-04-18 04:36,1.462
1997-04-18 04:42,1.464
1997-04-18 04:48,1.466
1997-04-18 04:54,1.468
1997-04-18 05:00,1.469
1997-04-18 05:06,1.471
1997-04-18 05:12,1.472
1997-04-18 05:18,1.473
1997-04-18 05:24,1.475
1997-04-18 05:30,1.476
1997-04-18 05:36,1.477
1997-04-18 05:42,1.477
1997-04-18 05:48,1.478
1997-04-18 05:54,1.478
1997-04-18 06:00,1.479
1997-04-18 06:06,1.479
1997-04-18 06:12,1.479
1997-04-18 06:18,1.478
1997-04-18 06:24,1.478
1997-04-18 06:30,1.477
1997-04-18 06:36,1.477
1997-04-18 06:42,1.476
1997-04-18 06:48,1.475
1997-04-18 06:54,1.474
1997-04-18 07:00,1.472
1997-04-18 07:06,1.471
1997-04-18 07:12,1.469
1997-04-18 07:18,1.468
1997-04-18 07:24,1.466
1997-04-18 07:30,1.464
1997-04-18 07:36,1.462
1997-04-18 07:42,1.460
1997-04-18 07:48,1.458
1997-04-18 07:54,1.456
1997-04-18 08:00,1.454
1997-04-18 08:06,1.452
1997-04-18 08:12,1.449
1997-04-18 08:18,1.447
1997-04-18 08:24,1.445
1997-04-18 08:30,1.442
1997-04-18 08:36,1.439
1997-04-18 08:42,1.437
1997-04-18 08:48,1.434
1997-04-18 08:54,1.431
1997-04-18 09:00,1.429
1997-04-18 09:06,1.426
1997-04-18 09:12,1.423
1997-04-18 09:18,1.420
1997-04-18 09:24,1.417
1997-04-18 09:30,1.415
1997-04-18 09:36,1.412
1997-04-18 09:42,1.409
1997-04-18 09:48,1.406
1997-04-18 09:54,1.403
1997-04-18 10:00,1.400
1997-04-18 10:06,1.397
1997-04-18 10:12,1.394
1997-04-18 10:18,1.392
1997-04-18 10:24,1.389
1997-04-18 10:30,1.386
1997-04-18 10:36,1.383
1997-04-18 10:42,1.381
1997-04-18 10:48,1.378
1997-04-18 10:54,1.376
1997-04-18 11:00,1.374
1997-04-18 11:06,1.372
1997-04-18 11:12,1.370
1997-04-18 11:18,1.368
1997-04-18 11:24,1.366
1997-04-18 11:30,1.365
1997-04-18 11:36,1.363
1997-04-18 11:42,1.362
1997-04-18 11:48,1.361
1997-04-18 11:54,1.360
1997-04-18 12:00,1.359
1997-04-18 12:06,1.358
1997-04-18 12:12,1.358
1997-04-18 12:18,1.358
1997-04-18 12:24,1.357
1997-04-18 12:30,1.357
1997-04-18 12:36,1.358
1997-04-18 12:42,1.358
1997-04-18 12:48,1.358
1997-04-18 12:54,1.359
1997-04-18 13:00,1.360
1997-04-18 13:06,1.361
1997-04-18 13:12,1.362
1997-04-18 13:18,1.363
1997-04-18 13:24,1.364
1997-04-18 13:30,1.365
1997-04-18 13:36,1.367
1997-04-18 13:42,1.368
1997-04-18 13:48,1.370
1997-04-18 13:54,1.372
1997-04-18 14:00,1.374
1997-04-18 14:06,1.376
1997-04-18 14:12,1.378
1997-04-18 14:18,1.380
1997-04-18 14:24,1.382
1997-04-18 14:30,1.385
1997-04-18 14:36,1.387
1997-04-18 14:42,1.390
1997-04-18 14:48,1.392
1997-04-18 14:54,1.395
1997-04-18 15:00,1.398
1997-04-18 15:06,1.401
1997-04-18 15:12,1.404
1997-04-18 15:18,1.407
1997-04-18 15:24,1.410
1997-04-18 15:30,1.413
1997-04-18 15:36,1.417
1997-04-18 15:42,1.420
1997-04-18 15:48,1.423
1997-04-18 15:54,1.427
1997-04-18 16:00,1.430
1997-04-18 16:06,1.433
1997-04-18 16:12,1.437
1997-04-18 16:18,1.440
1997-04-18 16:24,1.444
1997-04-18 16:30,1.447
1997-04-18 16:36,1.451
1997-04-18 16:42,1.454
1997-04-18 16:48,1.458
1997-04-18 16:54,1.461
1997-04-18 17:00,1.464
1997-04-18 17:06,1.467
1997-04-18 17:12,1.470
1997-04-18 17:18,1.473
1997-04-18 17:24,1.476
1997-04-18 17:30,1.479
1997-04-18 17:36,1.482
1997-04-18 17:42,1.484
1997-04-18 17:48,1.487
1997-04-18 17:54,1.489
1997-04-18 18:00,1.491
1997-04-18 18:06,1.493
1997-04-18 18:12,1.495
1997-04-18 18:18,1.497
1997-04-18 18:24,1.498
1997-04-18 18:30,1.499
1997-04-18 18:36,1.501
1997-04-18 18:42,1.502
1997-04-18 18:48,1.503
1997-04-18 18:54,1.504
1997-04-18 19:00,1.504
1997-04-18 19:06,1.505
1997-04-18 19:12,1.505
1997-04-18 19:18,1.505
1997-04-18 19:24,1.505
1997-04-18 19:30,1.505
1997-04-18 19:36,1.505
1997-04-18 19:42,1.505
1997-04-18 19:48,1.505
1997-04-18 19:54,1.504
1997-04-18 20:00,1.504
1997-04-18 20:06,1.503
1997-04-18 20:12,1.502
1997-04-18 20:18,1.501
1997-04-18 20:24,1.500
1997-04-18 20:30,1.499
1997-04-18 20:36,1.498
1997-04-18 20:42,1.496
1997-04-18 20:48,1.495
1997-04-18 20:54,1.493
1997-04-18 21:00,1.492
1997-04-18 21:06,1.490
1997-04-18 21:12,1.488
1997-04-18 21:18,1.486
1997-04-18 21:24,1.484
1997-04-18 21:30,1.482
1997-04-18 21:36,1.480
1997-04-18 21:42,1.478
1997-04-18 21:48,1.475
1997-04-18 21:54,1.473
1997-04-18 22:00,1.470
1997-04-18 22:06,1.468
1997-04-18 22:12,1.465
1997-04-18 22:18,1.462
1997-04-18 22:24,1.460
1997-04-18 22:30,1.457
1997-04-18 22:36,1.454
1997-04-18 22:42,1.452
1997-04-18 22:48,1.449
1997-04-18 22:54,1.446
1997-04-18 23:00,1.443
1997-04-18 23:06,1.441
1997-04-18 23:12,1.438
1997-04-18 23:18,1.435
1997-04-18 23:24,1.432
1997-04-18 23:30,1.430
1997-04-18 23:36,1.427
1997-04-18 23:42,1.425
1997-04-18 23:48,1.422
1997-04-18 23:54,1.420
1997-04-19 00:00,1.418
1997-04-19 00:06,1.416
1997-04-19 00:12,1.414
1997-04-19 00:18,1.412
1997-04-19 00:24,1.410
1997-04-19 00:30,1.408
1997-04-19 00:36,1.407
1997-04-19 00:42,1.405
1997-04-19 00:48,1.404
1997-04-19 00:54,1.402
1997-04-19 01:00,1.401
1997-04-19 01:06,1.400
1997-04-19 01:12,1.399
1997-04-19 01:18,1.399
1997-04-19 01:24,1.398
1997-04-19 01:30,1.398
1997-04-19 01:36,1.397
1997-04-19 01:42,1.397
1997-04-19 01:48,1.397
1997-04-19 01:54,1.397
1997-04-19 02:00,1.397
1997-04-19 02:06,1.397
1997-04-19 02:12,1.398
1997-04-19 02:18,1.399
1997-04-19 02:24,1.399
1997-04-19 02:30,1.400
1997-04-19 02:36,1.401
1997-04-19 02:42,1.402
1997-04-19 02:48,1.404
1997-04-19 02:54,1.405
1997-04-19 03:00,1.407
1997-04-19 03:06,1.408
1997-04-19 03:12,1.410
1997-04-19 03:18,1.412
1997-04-19 03:24,1.414
1997-04-19 03:30,1.416
1997-04-19 03:36,1.418
1997-04-19 03:42,1.421
1997-04-19 03:48,1.423
1997-04-19 03:54,1.426
1997-04-19 04:00,1.428
1997-04-19 04:06,1.431
1997-04-19 04:12,1.434
1997-04-19 04:18,1.437
1997-04-19 04:24,1.440
1997-04-19 04:30,1.443
1997-04-19 04:36,1.445
1997-04-19 04:42,1.448
1997-04-19 04:48,1.451
1997-04-19 04:54,1.454
1997-04-19 05:00,1.457
1997-04-19 05:06,1.460
1997-04-19 05:12,1.463
1997-04-19 05:18,1.466
1997-04-19 05:24,1.469
1997-04-19 05:30,1.472
1997-04-19 05:36,1.474
1997-04-19 05:42,1.477
1997-04-19 05:48,1.479
1997-04-19 05:54,1.482
1997-04-19 06:00,1.484
1997-04-19 06:06,1.486
1997-04-19 06:12,1.488
1997-04-19 06:18,1.490
1997-04-19 06:24,1.492
1997-04-19 06:30,1.493
1997-04-19 06:36,1.495
1997-04-19 06:42,1.496
1997-04-19 06:48,1.497
1997-04-19 06:54,1.498
1997-04-19 07:00,1.499
1997-04-19 07:06,1.500
1997-04-19 07:12,1.500
1997-04-19 07:18,1.500
1997-04-19 07:24,1.501
1997-04-19 07:30,1.501
1997-04-19 07:36,1.500
1997-04-19 07:42,1.500
1997-04-19 07:48,1.500
1997-04-19 07:54,1.499
1997-04-19 08:00,1.498
1997-04-19 08:06,1.497
1997-04-19 08:12,1.496
1997-04-19 08:18,1.495
1997-04-19 08:24,1.494
1997-04-19 08:30,1.492
1997-04-19 08:36,1.490
1997-04-19 08:42,1.488
1997-04-19 08:48,1.487
1997-04-19 08:54,1.484
1997-04-19 09:00,1.482
1997-04-19 09:06,1.480
1997-04-19 09:12,1.478
1997-04-19 09:18,1.475
1997-04-19 09:24,1.473
1997-04-19 09:30,1.470
1997-04-19 09:36,1.467
1997-04-19 09:42,1.464
1997-04-19 09:48,1.462
1997-04-19 09:54,1.459
1997-04-19 10:00,1.456
1997-04-19 10:06,1.453
1997-04-19 10:12,1.450
1997-04-19 10:18,1.447
1997-04-19 10:24,1.444
1997-04-19 10:30,1.441
1997-04-19 10:36,1.438
1997-04-19 10:42,1.435
1997-04-19 10:48,1.432
1997-04-19 10:54,1.429
1997-04-19 11:00,1.426
1997-04-19 11:06,1.423
1997-04-19 11:12,1.421
1997-04-19 11:18,1.418
1997-04-19 11:24,1.415
1997-04-19 11:30,1.413
1997-04-19 11:36,1.410
1997-04-19 11:42,1.408
1997-04-19 11:48,1.405
1997-04-19 11:54,1.403
1997-04-19 12:00,1.401
1997-04-19 12:06,1.399
1997-04-19 12:12,1.397
1997-04-19 12:18,1.396
1997-04-19 12:24,1.394
1997-04-19 12:30,1.392
1997-04-19 12:36,1.391
1997-04-19 12:42,1.390
1997-04-19 12:48,1.389
1997-04-19 12:54,1.388
1997-04-19 13:00,1.387
1997-04-19 13:06,1.386
1997-04-19 13:12,1.386
1997-04-19 13:18,1.385
1997-04-19 13:24,1.385
1997-04-19 13:30,1.385
1997-04-19 13:36,1.385
1997-04-19 13:42,1.386
1997-04-19 13:48,1.386
1997-04-19 13:54,1.386
1997-04-19 14:00,1.387
1997-04-19 14:06,1.388
1997-04-19 14:12,1.389
1997-04-19 14:18,1.390
1997-04-19 14:24,1.391
1997-04-19 14:30,1.393
1997-04-19 14:36,1.394
1997-04-19 14:42,1.396
1997-04-19 14:48,1.397
1997-04-19 14:54,1.399
1997-04-19 15:00,1.401
1997-04-19 15:06,1.403
1997-04-19 15:12,1.406
1997-04-19 15:18,1.408
1997-04-19 15:24,1.410
1997-04-19 15:30,1.413
1997-04-19 15:36,1.415
1997-04-19 15:42,1.418
1997-04-19 15:48,1.420
1997-04-19 15:54,1.423
1997-04-19 16:00,1.426
1997-04-19 16:06,1.428
1997-04-19 16:12,1.431
1997-04-19 16:18,1.434
1997-04-19 16:24,1.437
1997-04-19 16:30,1.439
1997-04-19 16:36,1.442
1997-04-19 16:42,1.445
1997-04-19 16:48,1.448
1997-04-19 16:54,1.450
1997-04-19 17:00,1.453
1997-04-19 17:06,1.456
1997-04-19 17:12,1.458
1997-04-19 17:18,1.461
1997-04-19 17:24,1.463
1997-04-19 17:30,1.466
1997-04-19 17:36,1.468
1997-04-19 17:42,1.471
1997-04-19 17:48,1.473
1997-04-19 17:54,1.475
1997-04-19 18:00,1.477
1997-04-19 18:06,1.479
1997-04-19 18:12,1.481
1997-04-19 18:18,1.483
1997-04-19 18:24,1.484
1997-04-19 18:30,1.486
1997-04-19 18:36,1.487
1997-04-19 18:42,1.489
1997-04-19 18:48,1.490
1997-04-19 18:54,1.491
1997-04-19 19:00,1.492
1997-04-19 19:06,1.493
1997-04-19 19:12,1.493
1997-04-19 19:18,1.494
1997-04-19 19:24,1.494
1997-04-19 19:30,1.494
1997-04-19 19:36,1.494
1997-04-19 19:42,1.494
1997-04-19 19:48,1.494
1997-04-19 19:54,1.494
1997-04-19 20:00,1.493
1997-04-19 20:06,1.492
1997-04-19 20:12,1.491
1997-04-19 20:18,1.490
1997-04-19 20:24,1.489
1997-04-19 20:30,1.487
1997-04-19 20:36,1.486
1997-04-19 20:42,1.484
1997-04-19 20:48,1.482
1997-04-19 20:54,1.480
1997-04-19 21:00,1.478
1997-04-19 21:06,1.476
1997-04-19 21:12,1.474
1997-04-19 21:18,1.471
1997-04-19 21:24,1.469
1997-04-19 21:30,1.466
1997-04-19 21:36,1.463
1997-04-19 21:42,1.460
1997-04-19 21:48,1.457
1997-04-19 21:54,1.454
1997-04-19 22:00,1.451
1997-04-19 22:06,1.448
1997-04-19 22:12,1.445
1997-04-19 22:18,1.442
1997-04-19 22:24,1.439
1997-04-19 22:30,1.435
1997-04-19 22:36,1.432
1997-04-19 22:42,1.429
1997-04-19 22:48,1.426
1997-04-19 22:54,1.422
1997-04-19 23:00,1.419
1997-04-19 23:06,1.416
1997-04-19 23:12,1.413
1997-04-19 23:18,1.410
1997-04-19 23:24,1.406
1997-04-19 23:30,1.403
1997-04-19 23:36,1.400
1997-04-19 23:42,1.397
1997-04-19 23:48,1.394
1997-04-19 23:54,1.392
1997-04-20 00:00,1.389
1997-04-20 00:06,1.386
1997-04-20 00:12,1.383
1997-04-20 00:18,1.381
1997-04-20 00:24,1.378
1997-04-20 00:30,1.376
1997-04-20 00:36,1.374
1997-04-20 00:42,1.372
1997-04-20 00:48,1.370
1997-04-20 00:54,1.368
1997-04-20 01:00,1.366
1997-04-20 01:06,1.364
1997-04-20 01:12,1.363
1997-04-20 01:18,1.361
1997-04-20 01:24,1.360
1997-04-20 01:30,1.359
1997-04-20 01:36,1.358
1997-04-20 01:42,1.358
1997-04-20 01:48,1.357
1997-04-20 01:54,1.357
1997-04-20 02:00,1.357
1997-04-20 02:06,1.357
1997-04-20 02:12,1.357
1997-04-20 02:18,1.358
1997-04-20 02:24,1.358
1997-04-20 02:30,1.359
1997-04-20 02:36,1.360
1997-04-20 02:42,1.362
1997-04-20 02:48,1.363
1997-04-20 02:54,1.365
1997-04-20 03:00,1.367
1997-04-20 03:06,1.369
1997-04-20 03:12,1.371
1997-04-20 03:18,1.373
1997-04-20 03:24,1.376
1997-04-20 03:30,1.379
1997-04-20 03:36,1.381
1997-04-20 03:42,1.384
1997-04-20 03:48,1.388
1997-04-20 03:54,1.391
1997-04-20 04:00,1.394
1997-04-20 04:06,1.397
1997-04-20 04:12,1.401
1997-04-20 04:18,1.405
1997-04-20 04:24,1.408
1997-04-20 04:30,1.412
1997-04-20 04:36,1.416
1997-04-20 04:42,1.419
1997-04-20 04:48,1.423
1997-04-20 04:54,1.427
1997-04-20 05:00,1.431
1997-04-20 05:06,1.435
1997-04-20 05:12,1.439
1997-04-20 05:18,1.443
1997-04-20 05:24,1.447
1997-04-20 05:30,1.451
1997-04-20 05:36,1.455
1997-04-20 05:42,1.459
1997-04-20 05:48,1.463
1997-04-20 05:54,1.466
1997-04-20 06:00,1.470
1997-04-20 06:06,1.474
1997-04-20 06:12,1.478
1997-04-20 06:18,1.481
1997-04-20 06:24,1.485
1997-04-20 06:30,1.488
1997-04-20 06:36,1.492
1997-04-20 06:42,1.495
1997-04-20 06:48,1.498
1997-04-20 06:54,1.501
1997-04-20 07:00,1.504
1997-04-20 07:06,1.507
1997-04-20 07:12,1.510
1997-04-20 07:18,1.512
1997-04-20 07:24,1.515
1997-04-20 07:30,1.517
1997-04-20 07:36,1.519
1997-04-20 07:42,1.521
1997-04-20 07:48,1.522
1997-04-20 07:54,1.524
1997-04-20 08:00,1.525
1997-04-20 08:06,1.526
1997-04-20 08:12,1.527
1997-04-20 08:18,1.527
1997-04-20 08:24,1.528
1997-04-20 08:30,1.528
1997-04-20 08:36,1.528
1997-04-20 08:42,1.528
1997-04-20 08:48,1.527
1997-04-20 08:54,1.526
1997-04-20 09:00,1.525
1997-04-20 09:06,1.524
1997-04-20 09:12,1.523
1997-04-20 09:18,1.522
1997-04-20 09:24,1.520
1997-04-20 09:30,1.518
1997-04-20 09:36,1.516
1997-04-20 09:42,1.514
1997-04-20 09:48,1.512
1997-04-20 09:54,1.510
1997-04-20 10:00,1.507
1997-04-20 10:06,1.505
1997-04-20 10:12,1.502
1997-04-20 10:18,1.499
1997-04-20 10:24,1.497
1997-04-20 10:30,1.494
1997-04-20 10:36,1.491
1997-04-20 10:42,1.488
1997-04-20 10:48,1.485
1997-04-20 10:54,1.482
1997-04-20 11:00,1.479
1997-04-20 11:06,1.477
1997-04-20 11:12,1.474
1997-04-20 11:18,1.471
1997-04-20 11:24,1.468
1997-04-20 11:30,1.465
1997-04-20 11:36,1.462
1997-04-20 11:42,1.459
1997-04-20 11:48,1.457
1997-04-20 11:54,1.454
1997-04-20 12:00,1.451
1997-04-20 12:06,1.449
1997-04-20 12:12,1.446
1997-04-20 12:18,1.443
1997-04-20 12:24,1.441
1997-04-20 12:30,1.438
1997-04-20 12:36,1.436
1997-04-20 12:42,1.434
1997-04-20 12:48,1.432
1997-04-20 12:54,1.429
1997-04-20 13:00,1.427
1997-04-20 13:06,1.425
1997-04-20 13:12,1.424
1997-04-20 13:18,1.422
1997-04-20 13:24,1.420
1997-04-20 13:30,1.419
1997-04-20 13:36,1.417
1997-04-20 13:42,1.416
1997-04-20 13:48,1.415
1997-04-20 13:54,1.414
1997-04-20 14:00,1.414
1997-04-20 14:06,1.413
1997-04-20 14:12,1.413
1997-04-20 14:18,1.412
1997-04-20 14:24,1.412
1997-04-20 14:30,1.412
1997-04-20 14:36,1.413
1997-04-20 14:42,1.413
1997-04-20 14:48,1.414
1997-04-20 14:54,1.415
1997-04-20 15:00,1.416
1997-04-20 15:06,1.417
1997-04-20 15:12,1.418
1997-04-20 15:18,1.419
1997-04-20 15:24,1.421
1997-04-20 15:30,1.422
1997-04-20 15:36,1.424
1997-04-20 15:42,1.426
1997-04-20 15:48,1.428
1997-04-20 15:54,1.430
1997-04-20 16:00,1.432
1997-04-20 16:06,1.434
1997-04-20 16:12,1.436
1997-04-20 16:18,1.438
1997-04-20 16:24,1.440
1997-04-20 16:30,1.442
1997-04-20 16:36,1.444
1997-04-20 16:42,1.447
1997-04-20 16:48,1.449
1997-04-20 16:54,1.451
1997-04-20 17:00,1.453
1997-04-20 17:06,1.455
1997-04-20 17:12,1.457
1997-04-20 17:18,1.459
1997-04-20 17:24,1.461
1997-04-20 17:30,1.463
1997-04-20 17:36,1.465
1997-04-20 17:42,1.467
1997-04-20 17:48,1.468
1997-04-20 17:54,1.470
1997-04-20 18:00,1.472
1997-04-20 18:06,1.473
1997-04-20 18:12,1.475
1997-04-20 18:18,1.477
1997-04-20 18:24,1.478
1997-04-20 18:30,1.479
1997-04-20 18:36,1.481
1997-04-20 18:42,1.482
1997-04-20 18:48,1.483
1997-04-20 18:54,1.484
1997-04-20 19:00,1.485
1997-04-20 19:06,1.486
1997-04-20 19:12,1.487
1997-04-20 19:18,1.488
1997-04-20 19:24,1.488
1997-04-20 19:30,1.489
1997-04-20 19:36,1.489
1997-04-20 19:42,1.489
1997-04-20 19:48,1.489
1997-04-20 19:54,1.489
1997-04-20 20:00,1.488
1997-04-20 20:06,1.488
1997-04-20 20:12,1.487
1997-04-20 20:18,1.486
1997-04-20 20:24,1.485
1997-04-20 20:30,1.483
1997-04-20 20:36,1.482
1997-04-20 20:42,1.480
1997-04-20 20:48,1.478
1997-04-20 20:54,1.476
1997-04-20 21:00,1.474
1997-04-20 21:06,1.471
1997-04-20 21:12,1.468
1997-04-20 21:18,1.466
1997-04-20 21:24,1.463
1997-04-20 21:30,1.459
1997-04-20 21:36,1.456
1997-04-20 21:42,1.453
1997-04-20 21:48,1.449
1997-04-20 21:54,1.445
1997-04-20 22:00,1.442
1997-04-20 22:06,1.438
1997-04-20 22:12,1.434
1997-04-20 22:18,1.430
1997-04-20 22:24,1.426
1997-04-20 22:30,1.422
1997-04-20 22:36,1.418
1997-04-20 22:42,1.414
1997-04-20 22:48,1.410
1997-04-20 22:54,1.406
1997-04-20 23:00,1.402
1997-04-20 23:06,1.398
1997-04-20 23:12,1.394
1997-04-20 23:18,1.390
1997-04-20 23:24,1.386
1997-04-20 23:30,1.382
1997-04-20 23:36,1.379
1997-04-20 23:42,1.375
1997-04-20 23:48,1.371
1997-04-20 23:54,1.368
1997-04-21 00:00,1.364
1997-04-21 00:06,1.361
1997-04-21 00:12,1.357
1997-04-21 00:18,1.354
1997-04-21 00:24,1.351
1997-04-21 00:30,1.348
1997-04-21 00:36,1.345
1997-04-21 00:42,1.342
1997-04-21 00:48,1.339
1997-04-21 00:54,1.336
1997-04-21 01:00,1.334
1997-04-21 01:06,1.331
1997-04-21 01:12,1.329
1997-04-21 01:18,1.327
1997-04-21 01:24,1.325
1997-04-21 01:30,1.323
1997-04-21 01:36,1.321
1997-04-21 01:42,1.319
1997-04-21 01:48,1.318
1997-04-21 01:54,1.317
1997-04-21 02:00,1.316
1997-04-21 02:06,1.315
1997-04-21 02:12,1.315
1997-04-21 02:18,1.315
1997-04-21 02:24,1.315
1997-04-21 02:30,1.315
1997-04-21 02:36,1.316
1997-04-21 02:42,1.316
1997-04-21 02:48,1.317
1997-04-21 02:54,1.319
1997-04-21 03:00,1.320
1997-04-21 03:06,1.322
1997-04-21 03:12,1.324
1997-04-21 03:18,1.326
1997-04-21 03:24,1.329
1997-04-21 03:30,1.332
1997-04-21 03:36,1.335
1997-04-21 03:42,1.338
1997-04-21 03:48,1.341
1997-04-21 03:54,1.345
1997-04-21 04:00,1.348
1997-04-21 04:06,1.352
1997-04-21 04:12,1.356
1997-04-21 04:18,1.360
1997-04-21 04:24,1.365
1997-04-21 04:30,1.369
1997-04-21 04:36,1.374
1997-04-21 04:42,1.378
1997-04-21 04:48,1.383
1997-04-21 04:54,1.387
1997-04-21 05:00,1.392
1997-04-21 05:06,1.397
1997-04-21 05:12,1.402
1997-04-21 05:18,1.407
1997-04-21 05:24,1.412
1997-04-21 05:30,1.416
1997-04-21 05:36,1.421
1997-04-21 05:42,1.426
1997-04-21 05:48,1.431
1997-04-21 05:54,1.436
1997-04-21 06:00,1.441
1997-04-21 06:06,1.446
1997-04-21 06:12,1.451
1997-04-21 06:18,1.456
1997-04-21 06:24,1.461
1997-04-21 06:30,1.466
1997-04-21 06:36,1.471
1997-04-21 06:42,1.476
1997-04-21 06:48,1.480
1997-04-21 06:54,1.485
1997-04-21 07:00,1.490
1997-04-21 07:06,1.495
1997-04-21 07:12,1.499
1997-04-21 07:18,1.504
1997-04-21 07:24,1.508
1997-04-21 07:30,1.512
1997-04-21 07:36,1.516
1997-04-21 07:42,1.520
1997-04-21 07:48,1.524
1997-04-21 07:54,1.528
1997-04-21 08:00,1.531
1997-04-21 08:06,1.534
1997-04-21 08:12,1.537
1997-04-21 08:18,1.540
1997-04-21 08:24,1.543
1997-04-21 08:30,1.545
1997-04-21 08:36,1.547
1997-04-21 08:42,1.549
1997-04-21 08:48,1.550
1997-04-21 08:54,1.552
1997-04-21 09:00,1.553
1997-04-21 09:06,1.553
1997-04-21 09:12,1.554
1997-04-21 09:18,1.554
1997-04-21 09:24,1.554
1997-04-21 09:30,1.554
1997-04-21 09:36,1.553
1997-04-21 09:42,1.553
1997-04-21 09:48,1.552
1997-04-21 09:54,1.550
1997-04-21 10:00,1.549
1997-04-21 10:06,1.548
1997-04-21 10:12,1.546
1997-04-21 10:18,1.544
1997-04-21 10:24,1.542
1997-04-21 10:30,1.540
1997-04-21 10:36,1.538
1997-04-21 10:42,1.536
1997-04-21 10:48,1.533
1997-04-21 10:54,1.531
1997-04-21 11:00,1.529
1997-04-21 11:06,1.526
1997-04-21 11:12,1.524
1997-04-21 11:18,1.521
1997-04-21 11:24,1.518
1997-04-21 11:30,1.516
1997-04-21 11:36,1.513
1997-04-21 11:42,1.510
1997-04-21 11:48,1.508
1997-04-21 11:54,1.505
1997-04-21 12:00,1.502
1997-04-21 12:06,1.499
1997-04-21 12:12,1.497
1997-04-21 12:18,1.494
1997-04-21 12:24,1.491
1997-04-21 12:30,1.489
1997-04-21 12:36,1.486
1997-04-21 12:42,1.483
1997-04-21 12:48,1.480
1997-04-21 12:54,1.478
1997-04-21 13:00,1.475
1997-04-21 13:06,1.472
1997-04-21 13:12,1.470
1997-04-21 13:18,1.467
1997-04-21 13:24,1.465
1997-04-21 13:30,1.462
1997-04-21 13:36,1.460
1997-04-21 13:42,1.458
1997-04-21 13:48,1.456
1997-04-21 13:54,1.454
1997-04-21 14:00,1.452
1997-04-21 14:06,1.450
1997-04-21 14:12,1.448
1997-04-21 14:18,1.447
1997-04-21 14:24,1.445
1997-04-21 14:30,1.444
1997-04-21 14:36,1.443
1997-04-21 14:42,1.442
1997-04-21 14:48,1.441
1997-04-21 14:54,1.441
1997-04-21 15:00,1.441
1997-04-21 15:06,1.440
1997-04-21 15:12,1.440
1997-04-21 15:18,1.441
1997-04-21 15:24,1.441
1997-04-21 15:30,1.441
1997-04-21 15:36,1.442
1997-04-21 15:42,1.443
1997-04-21 15:48,1.444
1997-04-21 15:54,1.445
1997-04-21 16:00,1.446
1997-04-21 16:06,1.447
1997-04-21 16:12,1.448
1997-04-21 16:18,1.450
1997-04-21 16:24,1.451
1997-04-21 16:30,1.453
1997-04-21 16:36,1.454
1997-04-21 16:42,1.456
1997-04-21 16:48,1.458
1997-04-21 16:54,1.459
1997-04-21 17:00,1.461
1997-04-21 17:06,1.462
1997-04-21 17:12,1.464
1997-04-21 17:18,1.465
1997-04-21 17:24,1.467
1997-04-21 17:30,1.468
1997-04-21 17:36,1.470
1997-04-21 17:42,1.471
1997-04-21 17:48,1.472
1997-04-21 17:54,1.474
1997-04-21 18:00,1.475
1997-04-21 18:06,1.476
1997-04-21 18:12,1.477
1997-04-21 18:18,1.478
1997-04-21 18:24,1.480
1997-04-21 18:30,1.481
1997-04-21 18:36,1.482
1997-04-21 18:42,1.483
1997-04-21 18:48,1.483
1997-04-21 18:54,1.484
1997-04-21 19:00,1.485
1997-04-21 19:06,1.486
1997-04-21 19:12,1.486
1997-04-21 19:18,1.487
1997-04-21 19:24,1.487
1997-04-21 19:30,1.488
1997-04-21 19:36,1.488
1997-04-21 19:42,1.488
1997-04-21 19:48,1.488
1997-04-21 19:54,1.488
1997-04-21 20:00,1.488
1997-04-21 20:06,1.488
1997-04-21 20:12,1.487
1997-04-21 20:18,1.486
1997-04-21 20:24,1.486
1997-04-21 20:30,1.484
1997-04-21 20:36,1.483
1997-04-21 20:42,1.482
1997-04-21 20:48,1.480
1997-04-21 20:54,1.478
1997-04-21 21:00,1.476
1997-04-21 21:06,1.473
1997-04-21 21:12,1.471
1997-04-21 21:18,1.468
1997-04-21 21:24,1.465
1997-04-21 21:30,1.461
1997-04-21 21:36,1.458
1997-04-21 21:42,1.454
1997-04-21 21:48,1.450
1997-04-21 21:54,1.446
1997-04-21 22:00,1.442
1997-04-21 22:06,1.438
1997-04-21 22:12,1.433
1997-04-21 22:18,1.429
1997-04-21 22:24,1.424
1997-04-21 22:30,1.420
1997-04-21 22:36,1.415
1997-04-21 22:42,1.410
1997-04-21 22:48,1.405
1997-04-21 22:54,1.400
1997-04-21 23:00,1.395
1997-04-21 23:06,1.391
1997-04-21 23:12,1.386
1997-04-21 23:18,1.381
1997-04-21 23:24,1.376
1997-04-21 23:30,1.371
1997-04-21 23:36,1.367
1997-04-21 23:42,1.362
1997-04-21 23:48,1.357
1997-04-21 23:54,1.353
1997-04-22 00:00,1.349
1997-04-22 00:06,1.344
1997-04-22 00:12,1.340
1997-04-22 00:18,1.336
1997-04-22 00:24,1.332
1997-04-22 00:30,1.328
1997-04-22 00:36,1.324
1997-04-22 00:42,1.320
1997-04-22 00:48,1.316
1997-04-22 00:54,1.313
1997-04-22 01:00,1.309
1997-04-22 01:06,1.306
1997-04-22 01:12,1.302
1997-04-22 01:18,1.299
1997-04-22 01:24,1.296
1997-04-22 01:30,1.293
1997-04-22 01:36,1.291
1997-04-22 01:42,1.288
1997-04-22 01:48,1.286
1997-04-22 01:54,1.283
1997-04-22 02:00,1.281
1997-04-22 02:06,1.280
1997-04-22 02:12,1.278
1997-04-22 02:18,1.277
1997-04-22 02:24,1.276
1997-04-22 02:30,1.275
1997-04-22 02:36,1.274
1997-04-22 02:42,1.274
1997-04-22 02:48,1.274
1997-04-22 02:54,1.274
1997-04-22 03:00,1.275
1997-04-22 03:06,1.276
1997-04-22 03:12,1.277
1997-04-22 03:18,1.278
1997-04-22 03:24,1.280
1997-04-22 03:30,1.282
1997-04-22 03:36,1.284
1997-04-22 03:42,1.287
1997-04-22 03:48,1.290
1997-04-22 03:54,1.293
1997-04-22 04:00,1.297
1997-04-22 04:06,1.300
1997-04-22 04:12,1.304
1997-04-22 04:18,1.308
1997-04-22 04:24,1.312
1997-04-22 04:30,1.317
1997-04-22 04:36,1.322
1997-04-22 04:42,1.326
1997-04-22 04:48,1.331
1997-04-22 04:54,1.337
1997-04-22 05:00,1.342
1997-04-22 05:06,1.347
1997-04-22 05:12,1.353
1997-04-22 05:18,1.358
1997-04-22 05:24,1.364
1997-04-22 05:30,1.369
1997-04-22 05:36,1.375
1997-04-22 05:42,1.381
1997-04-22 05:48,1.387
1997-04-22 05:54,1.393
1997-04-22 06:00,1.399
1997-04-22 06:06,1.405
1997-04-22 06:12,1.411
1997-04-22 06:18,1.417
1997-04-22 06:24,1.423
1997-04-22 06:30,1.429
1997-04-22 06:36,1.435
1997-04-22 06:42,1.441
1997-04-22 06:48,1.447
1997-04-22 06:54,1.453
1997-04-22 07:00,1.459
1997-04-22 07:06,1.465
1997-04-22 07:12,1.471
1997-04-22 07:18,1.477
1997-04-22 07:24,1.483
1997-04-22 07:30,1.489
1997-04-22 07:36,1.495
1997-04-22 07:42,1.501
1997-04-22 07:48,1.506
1997-04-22 07:54,1.512
1997-04-22 08:00,1.517
1997-04-22 08:06,1.522
1997-04-22 08:12,1.527
1997-04-22 08:18,1.532
1997-04-22 08:24,1.537
1997-04-22 08:30,1.541
1997-04-22 08:36,1.545
1997-04-22 08:42,1.549
1997-04-22 08:48,1.553
1997-04-22 08:54,1.557
1997-04-22 09:00,1.560
1997-04-22 09:06,1.563
1997-04-22 09:12,1.565
1997-04-22 09:18,1.568
1997-04-22 09:24,1.570
1997-04-22 09:30,1.572
1997-04-22 09:36,1.573
1997-04-22 09:42,1.574
1997-04-22 09:48,1.575
1997-04-22 09:54,1.576
1997-04-22 10:00,1.577
1997-04-22 10:06,1.577
1997-04-22 10:12,1.577
1997-04-22 10:18,1.576
1997-04-22 10:24,1.576
1997-04-22 10:30,1.575
1997-04-22 10:36,1.574
1997-04-22 10:42,1.573
1997-04-22 10:48,1.572
1997-04-22 10:54,1.571
1997-04-22 11:00,1.569
1997-04-22 11:06,1.568
1997-04-22 11:12,1.566
1997-04-22 11:18,1.564
1997-04-22 11:24,1.562
1997-04-22 11:30,1.560
1997-04-22 11:36,1.558
1997-04-22 11:42,1.556
1997-04-22 11:48,1.554
1997-04-22 11:54,1.551
1997-04-22 12:00,1.549
1997-04-22 12:06,1.547
1997-04-22 12:12,1.544
1997-04-22 12:18,1.542
1997-04-22 12:24,1.539
1997-04-22 12:30,1.537
1997-04-22 12:36,1.534
1997-04-22 12:42,1.532
1997-04-22 12:48,1.529
1997-04-22 12:54,1.526
1997-04-22 13:00,1.524
1997-04-22 13:06,1.521
1997-04-22 13:12,1.518
1997-04-22 13:18,1.516
1997-04-22 13:24,1.513
1997-04-22 13:30,1.510
1997-04-22 13:36,1.507
1997-04-22 13:42,1.505
1997-04-22 13:48,1.502
1997-04-22 13:54,1.499
1997-04-22 14:00,1.497
1997-04-22 14:06,1.494
1997-04-22 14:12,1.492
1997-04-22 14:18,1.489
1997-04-22 14:24,1.487
1997-04-22 14:30,1.485
1997-04-22 14:36,1.483
1997-04-22 14:42,1.481
1997-04-22 14:48,1.479
1997-04-22 14:54,1.477
1997-04-22 15:00,1.476
1997-04-22 15:06,1.474
1997-04-22 15:12,1.473
1997-04-22 15:18,1.472
1997-04-22 15:24,1.471
1997-04-22 15:30,1.470
1997-04-22 15:36,1.470
1997-04-22 15:42,1.469
1997-04-22 15:48,1.469
1997-04-22 15:54,1.469
1997-04-22 16:00,1.469
1997-04-22 16:06,1.469
1997-04-22 16:12,1.469
1997-04-22 16:18,1.470
1997-04-22 16:24,1.470
1997-04-22 16:30,1.471
1997-04-22 16:36,1.471
1997-04-22 16:42,1.472
1997-04-22 16:48,1.473
1997-04-22 16:54,1.474
1997-04-22 17:00,1.474
1997-04-22 17:06,1.475
1997-04-22 17:12,1.476
1997-04-22 17:18,1.477
1997-04-22 17:24,1.478
1997-04-22 17:30,1.479
1997-04-22 17:36,1.480
1997-04-22 17:42,1.481
1997-04-22 17:48,1.482
1997-04-22 17:54,1.483
1997-04-22 18:00,1.484
1997-04-22 18:06,1.485
1997-04-22 18:12,1.486
1997-04-22 18:18,1.486
1997-04-22 18:24,1.487
1997-04-22 18:30,1.488
1997-04-22 18:36,1.489
1997-04-22 18:42,1.489
1997-04-22 18:48,1.490
1997-04-22 18:54,1.490
1997-04-22 19:00,1.491
1997-04-22 19:06,1.491
1997-04-22 19:12,1.492
1997-04-22 19:18,1.492
1997-04-22 19:24,1.493
1997-04-22 19:30,1.493
1997-04-22 19:36,1.493
1997-04-22 19:42,1.493
1997-04-22 19:48,1.493
1997-04-22 19:54,1.493
1997-04-22 20:00,1.493
1997-04-22 20:06,1.492
1997-04-22 20:12,1.492
1997-04-22 20:18,1.491
1997-04-22 20:24,1.490
1997-04-22 20:30,1.489
1997-04-22 20:36,1.488
1997-04-22 20:42,1.487
1997-04-22 20:48,1.485
1997-04-22 20:54,1.484
1997-04-22 21:00,1.482
1997-04-22 21:06,1.480
1997-04-22 21:12,1.477
1997-04-22 21:18,1.475
1997-04-22 21:24,1.472
1997-04-22 21:30,1.469
1997-04-22 21:36,1.466
1997-04-22 21:42,1.462
1997-04-22 21:48,1.458
1997-04-22 21:54,1.454
1997-04-22 22:00,1.450
1997-04-22 22:06,1.446
1997-04-22 22:12,1.442
1997-04-22 22:18,1.437
1997-04-22 22:24,1.432
1997-04-22 22:30,1.427
1997-04-22 22:36,1.422
1997-04-22 22:42,1.417
1997-04-22 22:48,1.412
1997-04-22 22:54,1.406
1997-04-22 23:00,1.401
1997-04-22 23:06,1.395
1997-04-22 23:12,1.390
1997-04-22 23:18,1.384
1997-04-22 23:24,1.379
1997-04-22 23:30,1.373
1997-04-22 23:36,1.368
1997-04-22 23:42,1.362
1997-04-22 23:48,1.357
1997-04-22 23:54,1.351
1997-04-23 00:00,1.346
1997-04-23 00:06,1.340
1997-04-23 00:12,1.335
1997-04-23 00:18,1.330
1997-04-23 00:24,1.325
1997-04-23 00:30,1.319
1997-04-23 00:36,1.314
1997-04-23 00:42,1.310
1997-04-23 00:48,1.305
1997-04-23 00:54,1.300
1997-04-23 01:00,1.295
1997-04-23 01:06,1.291
1997-04-23 01:12,1.287
1997-04-23 01:18,1.282
1997-04-23 01:24,1.278
1997-04-23 01:30,1.274
1997-04-23 01:36,1.271
1997-04-23 01:42,1.267
1997-04-23 01:48,1.263
1997-04-23 01:54,1.260
1997-04-23 02:00,1.257
1997-04-23 02:06,1.254
1997-04-23 02:12,1.251
1997-04-23 02:18,1.249
1997-04-23 02:24,1.246
1997-04-23 02:30,1.244
1997-04-23 02:36,1.243
1997-04-23 02:42,1.241
1997-04-23 02:48,1.240
1997-04-23 02:54,1.239
1997-04-23 03:00,1.238
1997-04-23 03:06,1.237
1997-04-23 03:12,1.237
1997-04-23 03:18,1.237
1997-04-23 03:24,1.238
1997-04-23 03:30,1.238
1997-04-23 03:36,1.239
1997-04-23 03:42,1.241
1997-04-23 03:48,1.243
1997-04-23 03:54,1.244
1997-04-23 04:00,1.247
1997-04-23 04:06,1.249
1997-04-23 04:12,1.252
1997-04-23 04:18,1.255
1997-04-23 04:24,1.259
1997-04-23 04:30,1.263
1997-04-23 04:36,1.267
1997-04-23 04:42,1.271
1997-04-23 04:48,1.275
1997-04-23 04:54,1.280
1997-04-23 05:00,1.285
1997-04-23 05:06,1.290
1997-04-23 05:12,1.295
1997-04-23 05:18,1.301
1997-04-23 05:24,1.307
1997-04-23 05:30,1.312
1997-04-23 05:36,1.319
1997-04-23 05:42,1.325
1997-04-23 05:48,1.331
1997-04-23 05:54,1.337
1997-04-23 06:00,1.344
1997-04-23 06:06,1.351
1997-04-23 06:12,1.357
1997-04-23 06:18,1.364
1997-04-23 06:24,1.371
1997-04-23 06:30,1.378
1997-04-23 06:36,1.385
1997-04-23 06:42,1.392
1997-04-23 06:48,1.399
1997-04-23 06:54,1.406
1997-04-23 07:00,1.414
1997-04-23 07:06,1.421
1997-04-23 07:12,1.428
1997-04-23 07:18,1.435
1997-04-23 07:24,1.443
1997-04-23 07:30,1.450
1997-04-23 07:36,1.457
1997-04-23 07:42,1.464
1997-04-23 07:48,1.471
1997-04-23 07:54,1.478
1997-04-23 08:00,1.485
1997-04-23 08:06,1.492
1997-04-23 08:12,1.498
1997-04-23 08:18,1.505
1997-04-23 08:24,1.511
1997-04-23 08:30,1.518
1997-04-23 08:36,1.524
1997-04-23 08:42,1.530
1997-04-23 08:48,1.535
1997-04-23 08:54,1.541
1997-04-23 09:00,1.546
1997-04-23 09:06,1.551
1997-04-23 09:12,1.556
1997-04-23 09:18,1.560
1997-04-23 09:24,1.565
1997-04-23 09:30,1.569
1997-04-23 09:36,1.572
1997-04-23 09:42,1.576
1997-04-23 09:48,1.579
1997-04-23 09:54,1.582
1997-04-23 10:00,1.585
1997-04-23 10:06,1.587
1997-04-23 10:12,1.589
1997-04-23 10:18,1.591
1997-04-23 10:24,1.592
1997-04-23 10:30,1.593
1997-04-23 10:36,1.594
1997-04-23 10:42,1.595
1997-04-23 10:48,1.596
1997-04-23 10:54,1.596
1997-04-23 11:00,1.596
1997-04-23 11:06,1.596
1997-04-23 11:12,1.596
1997-04-23 11:18,1.595
1997-04-23 11:24,1.595
1997-04-23 11:30,1.594
1997-04-23 11:36,1.593
1997-04-23 11:42,1.592
1997-04-23 11:48,1.591
1997-04-23 11:54,1.589
1997-04-23 12:00,1.588
1997-04-23 12:06,1.586
1997-04-23 12:12,1.584
1997-04-23 12:18,1.583
1997-04-23 12:24,1.581
1997-04-23 12:30,1.579
1997-04-23 12:36,1.577
1997-04-23 12:42,1.575
1997-04-23 12:48,1.572
1997-04-23 12:54,1.570
1997-04-23 13:00,1.568
1997-04-23 13:06,1.566
1997-04-23 13:12,1.563
1997-04-23 13:18,1.561
1997-04-23 13:24,1.558
1997-04-23 13:30,1.556
1997-04-23 13:36,1.553
1997-04-23 13:42,1.551
1997-04-23 13:48,1.548
1997-04-23 13:54,1.546
1997-04-23 14:00,1.543
1997-04-23 14:06,1.540
1997-04-23 14:12,1.538
1997-04-23 14:18,1.535
1997-04-23 14:24,1.533
1997-04-23 14:30,1.530
1997-04-23 14:36,1.528
1997-04-23 14:42,1.525
1997-04-23 14:48,1.523
1997-04-23 14:54,1.521
1997-04-23 15:00,1.518
1997-04-23 15:06,1.516
1997-04-23 15:12,1.514
1997-04-23 15:18,1.512
1997-04-23 15:24,1.510
1997-04-23 15:30,1.509
1997-04-23 15:36,1.507
1997-04-23 15:42,1.505
1997-04-23 15:48,1.504
1997-04-23 15:54,1.503
1997-04-23 16:00,1.501
1997-04-23 16:06,1.500
1997-04-23 16:12,1.499
1997-04-23 16:18,1.499
1997-04-23 16:24,1.498
1997-04-23 16:30,1.497
1997-04-23 16:36,1.497
1997-04-23 16:42,1.496
1997-04-23 16:48,1.496
1997-04-23 16:54,1.496
1997-04-23 17:00,1.495
1997-04-23 17:06,1.495
1997-04-23 17:12,1.495
1997-04-23 17:18,1.495
1997-04-23 17:24,1.496
1997-04-23 17:30,1.496
1997-04-23 17:36,1.496
1997-04-23 17:42,1.496
1997-04-23 17:48,1.497
1997-04-23 17:54,1.497
1997-04-23 18:00,1.497
1997-04-23 18:06,1.498
1997-04-23 18:12,1.498
1997-04-23 18:18,1.499
1997-04-23 18:24,1.499
1997-04-23 18:30,1.499
1997-04-23 18:36,1.500
1997-04-23 18:42,1.500
1997-04-23 18:48,1.501
1997-04-23 18:54,1.501
1997-04-23 19:00,1.501
1997-04-23 19:06,1.502
1997-04-23 19:12,1.502
1997-04-23 19:18,1.502
1997-04-23 19:24,1.502
1997-04-23 19:30,1.503
1997-04-23 19:36,1.503
1997-04-23 19:42,1.503
1997-04-23 19:48,1.502
1997-04-23 19:54,1.502
1997-04-23 20:00,1.502
1997-04-23 20:06,1.501
1997-04-23 20:12,1.501
1997-04-23 20:18,1.500
1997-04-23 20:24,1.499
1997-04-23 20:30,1.499
1997-04-23 20:36,1.497
1997-04-23 20:42,1.496
1997-04-23 20:48,1.495
1997-04-23 20:54,1.493
1997-04-23 21:00,1.491
1997-04-23 21:06,1.489
1997-04-23 21:12,1.487
1997-04-23 21:18,1.485
1997-04-23 21:24,1.483
1997-04-23 21:30,1.480
1997-04-23 21:36,1.477
1997-04-23 21:42,1.474
1997-04-23 21:48,1.470
1997-04-23 21:54,1.467
1997-04-23 22:00,1.463
1997-04-23 22:06,1.459
1997-04-23 22:12,1.455
1997-04-23 22:18,1.451
1997-04-23 22:24,1.446
1997-04-23 22:30,1.441
1997-04-23 22:36,1.437
1997-04-23 22:42,1.432
1997-04-23 22:48,1.426
1997-04-23 22:54,1.421
1997-04-23 23:00,1.416
1997-04-23 23:06,1.410
1997-04-23 23:12,1.404
1997-04-23 23:18,1.399
1997-04-23 23:24,1.393
1997-04-23 23:30,1.387
1997-04-23 23:36,1.381
1997-04-23 23:42,1.375
1997-04-23 23:48,1.369
1997-04-23 23:54,1.362
1997-04-24 00:00,1.356
1997-04-24 00:06,1.350
1997-04-24 00:12,1.344
1997-04-24 00:18,1.338
1997-04-24 00:24,1.332
1997-04-24 00:30,1.326
1997-04-24 00:36,1.320
1997-04-24 00:42,1.314
1997-04-24 00:48,1.308
1997-04-24 00:54,1.302
1997-04-24 01:00,1.296
1997-04-24 01:06,1.291
1997-04-24 01:12,1.285
1997-04-24 01:18,1.280
1997-04-24 01:24,1.274
1997-04-24 01:30,1.269
1997-04-24 01:36,1.264
1997-04-24 01:42,1.259
1997-04-24 01:48,1.255
1997-04-24 01:54,1.250
1997-04-24 02:00,1.246
1997-04-24 02:06,1.242
1997-04-24 02:12,1.238
1997-04-24 02:18,1.234
1997-04-24 02:24,1.230
1997-04-24 02:30,1.227
1997-04-24 02:36,1.224
1997-04-24 02:42,1.221
1997-04-24 02:48,1.218
1997-04-24 02:54,1.216
1997-04-24 03:00,1.214
1997-04-24 03:06,1.212
1997-04-24 03:12,1.210
1997-04-24 03:18,1.209
1997-04-24 03:24,1.208
1997-04-24 03:30,1.207
1997-04-24 03:36,1.206
1997-04-24 03:42,1.206
1997-04-24 03:48,1.206
1997-04-24 03:54,1.207
1997-04-24 04:00,1.207
1997-04-24 04:06,1.208
1997-04-24 04:12,1.209
1997-04-24 04:18,1.211
1997-04-24 04:24,1.213
1997-04-24 04:30,1.215
1997-04-24 04:36,1.218
1997-04-24 04:42,1.220
1997-04-24 04:48,1.223
1997-04-24 04:54,1.227
1997-04-24 05:00,1.230
1997-04-24 05:06,1.234
1997-04-24 05:12,1.239
1997-04-24 05:18,1.243
1997-04-24 05:24,1.248
1997-04-24 05:30,1.253
1997-04-24 05:36,1.258
1997-04-24 05:42,1.264
1997-04-24 05:48,1.270
1997-04-24 05:54,1.276
1997-04-24 06:00,1.282
1997-04-24 06:06,1.288
1997-04-24 06:12,1.295
1997-04-24 06:18,1.302
1997-04-24 06:24,1.309
1997-04-24 06:30,1.316
1997-04-24 06:36,1.323
1997-04-24 06:42,1.331
1997-04-24 06:48,1.339
1997-04-24 06:54,1.346
1997-04-24 07:00,1.354
1997-04-24 07:06,1.362
1997-04-24 07:12,1.370
1997-04-24 07:18,1.378
1997-04-24 07:24,1.387
1997-04-24 07:30,1.395
1997-04-24 07:36,1.403
1997-04-24 07:42,1.411
1997-04-24 07:48,1.419
1997-04-24 07:54,1.428
1997-04-24 08:00,1.436
1997-04-24 08:06,1.444
1997-04-24 08:12,1.452
1997-04-24 08:18,1.460
1997-04-24 08:24,1.468
1997-04-24 08:30,1.475
1997-04-24 08:36,1.483
1997-04-24 08:42,1.490
1997-04-24 08:48,1.498
1997-04-24 08:54,1.505
1997-04-24 09:00,1.512
1997-04-24 09:06,1.519
1997-04-24 09:12,1.525
1997-04-24 09:18,1.532
1997-04-24 09:24,1.538
1997-04-24 09:30,1.544
1997-04-24 09:36,1.550
1997-04-24 09:42,1.555
1997-04-24 09:48,1.560
1997-04-24 09:54,1.565
1997-04-24 10:00,1.570
1997-04-24 10:06,1.575
1997-04-24 10:12,1.579
1997-04-24 10:18,1.583
1997-04-24 10:24,1.587
1997-04-24 10:30,1.590
1997-04-24 10:36,1.593
1997-04-24 10:42,1.596
1997-04-24 10:48,1.599
1997-04-24 10:54,1.601
1997-04-24 11:00,1.604
1997-04-24 11:06,1.606
1997-04-24 11:12,1.607
1997-04-24 11:18,1.609
1997-04-24 11:24,1.610
1997-04-24 11:30,1.611
1997-04-24 11:36,1.612
1997-04-24 11:42,1.613
1997-04-24 11:48,1.613
1997-04-24 11:54,1.613
1997-04-24 12:00,1.613
1997-04-24 12:06,1.613
1997-04-24 12:12,1.612
1997-04-24 12:18,1.612
1997-04-24 12:24,1.611
1997-04-24 12:30,1.610
1997-04-24 12:36,1.609
1997-04-24 12:42,1.608
1997-04-24 12:48,1.607
1997-04-24 12:54,1.605
1997-04-24 13:00,1.604
1997-04-24 13:06,1.602
1997-04-24 13:12,1.601
1997-04-24 13:18,1.599
1997-04-24 13:24,1.597
1997-04-24 13:30,1.595
1997-04-24 13:36,1.593
1997-04-24 13:42,1.591
1997-04-24 13:48,1.589
1997-04-24 13:54,1.587
1997-04-24 14:00,1.584
1997-04-24 14:06,1.582
1997-04-24 14:12,1.580
1997-04-24 14:18,1.578
1997-04-24 14:24,1.575
1997-04-24 14:30,1.573
1997-04-24 14:36,1.571
1997-04-24 14:42,1.569
1997-04-24 14:48,1.566
1997-04-24 14:54,1.564
1997-04-24 15:00,1.562
1997-04-24 15:06,1.560
1997-04-24 15:12,1.557
1997-04-24 15:18,1.555
1997-04-24 15:24,1.553
1997-04-24 15:30,1.551
1997-04-24 15:36,1.549
1997-04-24 15:42,1.547
1997-04-24 15:48,1.545
1997-04-24 15:54,1.543
1997-04-24 16:00,1.541
1997-04-24 16:06,1.539
1997-04-24 16:12,1.538
1997-04-24 16:18,1.536
1997-04-24 16:24,1.534
1997-04-24 16:30,1.533
1997-04-24 16:36,1.531
1997-04-24 16:42,1.529
1997-04-24 16:48,1.528
1997-04-24 16:54,1.527
1997-04-24 17:00,1.525
1997-04-24 17:06,1.524
1997-04-24 17:12,1.523
1997-04-24 17:18,1.522
1997-04-24 17:24,1.521
1997-04-24 17:30,1.520
1997-04-24 17:36,1.519
1997-04-24 17:42,1.519
1997-04-24 17:48,1.518
1997-04-24 17:54,1.517
1997-04-24 18:00,1.517
1997-04-24 18:06,1.517
1997-04-24 18:12,1.516
1997-04-24 18:18,1.516
1997-04-24 18:24,1.516
1997-04-24 18:30,1.516
1997-04-24 18:36,1.516
1997-04-24 18:42,1.516
1997-04-24 18:48,1.516
1997-04-24 18:54,1.516
1997-04-24 19:00,1.516
1997-04-24 19:06,1.516
1997-04-24 19:12,1.516
1997-04-24 19:18,1.516
1997-04-24 19:24,1.516
1997-04-24 19:30,1.516
1997-04-24 19:36,1.516
1997-04-24 19:42,1.516
1997-04-24 19:48,1.516
1997-04-24 19:54,1.515
1997-04-24 20:00,1.515
1997-04-24 20:06,1.515
1997-04-24 20:12,1.514
1997-04-24 20:18,1.514
1997-04-24 20:24,1.513
1997-04-24 20:30,1.512
1997-04-24 20:36,1.511
1997-04-24 20:42,1.510
1997-04-24 20:48,1.509
1997-04-24 20:54,1.507
1997-04-24 21:00,1.506
1997-04-24 21:06,1.504
1997-04-24 21:12,1.502
1997-04-24 21:18,1.500
1997-04-24 21:24,1.497
1997-04-24 21:30,1.495
1997-04-24 21:36,1.492
1997-04-24 21:42,1.489
1997-04-24 21:48,1.486
1997-04-24 21:54,1.483
1997-04-24 22:00,1.480
1997-04-24 22:06,1.476
1997-04-24 22:12,1.472
1997-04-24 22:18,1.468
1997-04-24 22:24,1.464
1997-04-24 22:30,1.460
1997-04-24 22:36,1.455
1997-04-24 22:42,1.451
1997-04-24 22:48,1.446
1997-04-24 22:54,1.441
1997-04-24 23:00,1.436
1997-04-24 23:06,1.431
1997-04-24 23:12,1.426
1997-04-24 23:18,1.420
1997-04-24 23:24,1.414
1997-04-24 23:30,1.409
1997-04-24 23:36,1.403
1997-04-24 23:42,1.397
1997-04-24 23:48,1.391
1997-04-24 23:54,1.385
1997-04-25 00:00,1.378
1997-04-25 00:06,1.372
1997-04-25 00:12,1.366
1997-04-25 00:18,1.359
1997-04-25 00:24,1.353
1997-04-25 00:30,1.346
1997-04-25 00:36,1.339
1997-04-25 00:42,1.333
1997-04-25 00:48,1.326
1997-04-25 00:54,1.319
1997-04-25 01:00,1.313
1997-04-25 01:06,1.306
1997-04-25 01:12,1.300
1997-04-25 01:18,1.293
1997-04-25 01:24,1.287
1997-04-25 01:30,1.281
1997-04-25 01:36,1.275
1997-04-25 01:42,1.268
1997-04-25 01:48,1.263
1997-04-25 01:54,1.257
1997-04-25 02:00,1.251
1997-04-25 02:06,1.246
1997-04-25 02:12,1.240
1997-04-25 02:18,1.235
1997-04-25 02:24,1.230
1997-04-25 02:30,1.226
1997-04-25 02:36,1.221
1997-04-25 02:42,1.217
1997-04-25 02:48,1.213
1997-04-25 02:54,1.209
1997-04-25 03:00,1.205
1997-04-25 03:06,1.202
1997-04-25 03:12,1.199
1997-04-25 03:18,1.196
1997-04-25 03:24,1.194
1997-04-25 03:30,1.191
1997-04-25 03:36,1.189
1997-04-25 03:42,1.187
1997-04-25 03:48,1.186
1997-04-25 03:54,1.184
1997-04-25 04:00,1.183
1997-04-25 04:06,1.183
1997-04-25 04:12,1.182
1997-04-25 04:18,1.182
1997-04-25 04:24,1.182
1997-04-25 04:30,1.182
1997-04-25 04:36,1.183
1997-04-25 04:42,1.184
1997-04-25 04:48,1.185
1997-04-25 04:54,1.186
1997-04-25 05:00,1.188
1997-04-25 05:06,1.190
1997-04-25 05:12,1.193
1997-04-25 05:18,1.195
1997-04-25 05:24,1.198
1997-04-25 05:30,1.201
1997-04-25 05:36,1.205
1997-04-25 05:42,1.209
1997-04-25 05:48,1.213
1997-04-25 05:54,1.218
1997-04-25 06:00,1.223
1997-04-25 06:06,1.228
1997-04-25 06:12,1.233
1997-04-25 06:18,1.239
1997-04-25 06:24,1.245
1997-04-25 06:30,1.251
1997-04-25 06:36,1.258
1997-04-25 06:42,1.265
1997-04-25 06:48,1.272
1997-04-25 06:54,1.279
1997-04-25 07:00,1.287
1997-04-25 07:06,1.294
1997-04-25 07:12,1.302
1997-04-25 07:18,1.311
1997-04-25 07:24,1.319
1997-04-25 07:30,1.327
1997-04-25 07:36,1.336
1997-04-25 07:42,1.345
1997-04-25 07:48,1.353
1997-04-25 07:54,1.362
1997-04-25 08:00,1.371
1997-04-25 08:06,1.380
1997-04-25 08:12,1.389
1997-04-25 08:18,1.398
1997-04-25 08:24,1.407
1997-04-25 08:30,1.416
1997-04-25 08:36,1.424
1997-04-25 08:42,1.433
1997-04-25 08:48,1.442
1997-04-25 08:54,1.450
1997-04-25 09:00,1.458
1997-04-25 09:06,1.466
1997-04-25 09:12,1.474
1997-04-25 09:18,1.482
1997-04-25 09:24,1.490
1997-04-25 09:30,1.498
1997-04-25 09:36,1.505
1997-04-25 09:42,1.512
1997-04-25 09:48,1.519
1997-04-25 09:54,1.526
1997-04-25 10:00,1.533
1997-04-25 10:06,1.539
1997-04-25 10:12,1.545
1997-04-25 10:18,1.551
1997-04-25 10:24,1.557
1997-04-25 10:30,1.562
1997-04-25 10:36,1.568
1997-04-25 10:42,1.573
1997-04-25 10:48,1.578
1997-04-25 10:54,1.582
1997-04-25 11:00,1.587
1997-04-25 11:06,1.591
1997-04-25 11:12,1.595
1997-04-25 11:18,1.599
1997-04-25 11:24,1.602
1997-04-25 11:30,1.606
1997-04-25 11:36,1.609
1997-04-25 11:42,1.611
1997-04-25 11:48,1.614
1997-04-25 11:54,1.616
1997-04-25 12:00,1.618
1997-04-25 12:06,1.620
1997-04-25 12:12,1.621
1997-04-25 12:18,1.623
1997-04-25 12:24,1.624
1997-04-25 12:30,1.625
1997-04-25 12:36,1.625
1997-04-25 12:42,1.626
1997-04-25 12:48,1.626
1997-04-25 12:54,1.626
1997-04-25 13:00,1.626
1997-04-25 13:06,1.626
1997-04-25 13:12,1.625
1997-04-25 13:18,1.624
1997-04-25 13:24,1.624
1997-04-25 13:30,1.623
1997-04-25 13:36,1.622
1997-04-25 13:42,1.620
1997-04-25 13:48,1.619
1997-04-25 13:54,1.618
1997-04-25 14:00,1.616
1997-04-25 14:06,1.615
1997-04-25 14:12,1.613
1997-04-25 14:18,1.612
1997-04-25 14:24,1.610
1997-04-25 14:30,1.608
1997-04-25 14:36,1.606
1997-04-25 14:42,1.605
1997-04-25 14:48,1.603
1997-04-25 14:54,1.601
1997-04-25 15:00,1.599
1997-04-25 15:06,1.598
1997-04-25 15:12,1.596
1997-04-25 15:18,1.594
1997-04-25 15:24,1.592
1997-04-25 15:30,1.590
1997-04-25 15:36,1.589
1997-04-25 15:42,1.587
1997-04-25 15:48,1.585
1997-04-25 15:54,1.583
1997-04-25 16:00,1.581
1997-04-25 16:06,1.579
1997-04-25 16:12,1.577
1997-04-25 16:18,1.575
1997-04-25 16:24,1.573
1997-04-25 16:30,1.572
1997-04-25 16:36,1.570
1997-04-25 16:42,1.568
1997-04-25 16:48,1.566
1997-04-25 16:54,1.564
1997-04-25 17:00,1.562
1997-04-25 17:06,1.560
1997-04-25 17:12,1.558
1997-04-25 17:18,1.556
1997-04-25 17:24,1.554
1997-04-25 17:30,1.552
1997-04-25 17:36,1.551
1997-04-25 17:42,1.549
1997-04-25 17:48,1.547
1997-04-25 17:54,1.546
1997-04-25 18:00,1.544
1997-04-25 18:06,1.543
1997-04-25 18:12,1.541
1997-04-25 18:18,1.540
1997-04-25 18:24,1.539
1997-04-25 18:30,1.538
1997-04-25 18:36,1.537
1997-04-25 18:42,1.536
1997-04-25 18:48,1.536
1997-04-25 18:54,1.535
1997-04-25 19:00,1.534
1997-04-25 19:06,1.534
1997-04-25 19:12,1.533
1997-04-25 19:18,1.533
1997-04-25 19:24,1.533
1997-04-25 19:30,1.532
1997-04-25 19:36,1.532
1997-04-25 19:42,1.532
1997-04-25 19:48,1.532
1997-04-25 19:54,1.531
1997-04-25 20:00,1.531
1997-04-25 20:06,1.531
1997-04-25 20:12,1.530
1997-04-25 20:18,1.530
1997-04-25 20:24,1.529
1997-04-25 20:30,1.528
1997-04-25 20:36,1.528
1997-04-25 20:42,1.527
1997-04-25 20:48,1.526
1997-04-25 20:54,1.524
1997-04-25 21:00,1.523
1997-04-25 21:06,1.521
1997-04-25 21:12,1.520
1997-04-25 21:18,1.518
1997-04-25 21:24,1.516
1997-04-25 21:30,1.514
1997-04-25 21:36,1.511
1997-04-25 21:42,1.509
1997-04-25 21:48,1.506
1997-04-25 21:54,1.503
1997-04-25 22:00,1.500
1997-04-25 22:06,1.497
1997-04-25 22:12,1.493
1997-04-25 22:18,1.490
1997-04-25 22:24,1.486
1997-04-25 22:30,1.482
1997-04-25 22:36,1.478
1997-04-25 22:42,1.474
1997-04-25 22:48,1.470
1997-04-25 22:54,1.466
1997-04-25 23:00,1.461
1997-04-25 23:06,1.456
1997-04-25 23:12,1.452
1997-04-25 23:18,1.447
1997-04-25 23:24,1.441
1997-04-25 23:30,1.436
1997-04-25 23:36,1.431
1997-04-25 23:42,1.425
1997-04-25 23:48,1.420
1997-04-25 23:54,1.414
1997-04-26 00:00,1.408
1997-04-26 00:06,1.402
1997-04-26 00:12,1.396
1997-04-26 00:18,1.390
1997-04-26 00:24,1.384
1997-04-26 00:30,1.377
1997-04-26 00:36,1.371
1997-04-26 00:42,1.364
1997-04-26 00:48,1.358
1997-04-26 00:54,1.351
1997-04-26 01:00,1.344
1997-04-26 01:06,1.337
1997-04-26 01:12,1.330
1997-04-26 01:18,1.323
1997-04-26 01:24,1.316
1997-04-26 01:30,1.309
1997-04-26 01:36,1.302
1997-04-26 01:42,1.296
1997-04-26 01:48,1.289
1997-04-26 01:54,1.282
1997-04-26 02:00,1.275
1997-04-26 02:06,1.269
1997-04-26 02:12,1.262
1997-04-26 02:18,1.256
1997-04-26 02:24,1.250
1997-04-26 02:30,1.244
1997-04-26 02:36,1.238
1997-04-26 02:42,1.232
1997-04-26 02:48,1.227
1997-04-26 02:54,1.222
1997-04-26 03:00,1.217
1997-04-26 03:06,1.212
1997-04-26 03:12,1.207
1997-04-26 03:18,1.203
1997-04-26 03:24,1.199
1997-04-26 03:30,1.195
1997-04-26 03:36,1.191
1997-04-26 03:42,1.188
1997-04-26 03:48,1.185
1997-04-26 03:54,1.182
1997-04-26 04:00,1.179
1997-04-26 04:06,1.177
1997-04-26 04:12,1.175
1997-04-26 04:18,1.173
1997-04-26 04:24,1.171
1997-04-26 04:30,1.169
1997-04-26 04:36,1.168
1997-04-26 04:42,1.167
1997-04-26 04:48,1.166
1997-04-26 04:54,1.166
1997-04-26 05:00,1.165
1997-04-26 05:06,1.165
1997-04-26 05:12,1.166
1997-04-26 05:18,1.166
1997-04-26 05:24,1.167
1997-04-26 05:30,1.168
1997-04-26 05:36,1.169
1997-04-26 05:42,1.171
1997-04-26 05:48,1.173
1997-04-26 05:54,1.175
1997-04-26 06:00,1.178
1997-04-26 06:06,1.181
1997-04-26 06:12,1.184
1997-04-26 06:18,1.188
1997-04-26 06:24,1.192
1997-04-26 06:30,1.196
1997-04-26 06:36,1.201
1997-04-26 06:42,1.206
1997-04-26 06:48,1.211
1997-04-26 06:54,1.217
1997-04-26 07:00,1.223
1997-04-26 07:06,1.229
1997-04-26 07:12,1.236
1997-04-26 07:18,1.243
1997-04-26 07:24,1.250
1997-04-26 07:30,1.257
1997-04-26 07:36,1.265
1997-04-26 07:42,1.273
1997-04-26 07:48,1.281
1997-04-26 07:54,1.290
1997-04-26 08:00,1.298
1997-04-26 08:06,1.307
1997-04-26 08:12,1.316
1997-04-26 08:18,1.325
1997-04-26 08:24,1.334
1997-04-26 08:30,1.343
1997-04-26 08:36,1.352
1997-04-26 08:42,1.361
1997-04-26 08:48,1.370
1997-04-26 08:54,1.379
1997-04-26 09:00,1.388
1997-04-26 09:06,1.397
1997-04-26 09:12,1.406
1997-04-26 09:18,1.415
1997-04-26 09:24,1.424
1997-04-26 09:30,1.432
1997-04-26 09:36,1.441
1997-04-26 09:42,1.449
1997-04-26 09:48,1.458
1997-04-26 09:54,1.466
1997-04-26 10:00,1.474
1997-04-26 10:06,1.482
1997-04-26 10:12,1.489
1997-04-26 10:18,1.497
1997-04-26 10:24,1.504
1997-04-26 10:30,1.511
1997-04-26 10:36,1.518
1997-04-26 10:42,1.525
1997-04-26 10:48,1.532
1997-04-26 10:54,1.538
1997-04-26 11:00,1.545
1997-04-26 11:06,1.551
1997-04-26 11:12,1.557
1997-04-26 11:18,1.563
1997-04-26 11:24,1.568
1997-04-26 11:30,1.574
1997-04-26 11:36,1.579
1997-04-26 11:42,1.584
1997-04-26 11:48,1.589
1997-04-26 11:54,1.593
1997-04-26 12:00,1.597
1997-04-26 12:06,1.601
1997-04-26 12:12,1.605
1997-04-26 12:18,1.609
1997-04-26 12:24,1.612
1997-04-26 12:30,1.615
1997-04-26 12:36,1.618
1997-04-26 12:42,1.620
1997-04-26 12:48,1.623
1997-04-26 12:54,1.625
1997-04-26 13:00,1.627
1997-04-26 13:06,1.628
1997-04-26 13:12,1.630
1997-04-26 13:18,1.631
1997-04-26 13:24,1.632
1997-04-26 13:30,1.632
1997-04-26 13:36,1.633
1997-04-26 13:42,1.633
1997-04-26 13:48,1.633
1997-04-26 13:54,1.633
1997-04-26 14:00,1.633
1997-04-26 14:06,1.633
1997-04-26 14:12,1.632
1997-04-26 14:18,1.632
1997-04-26 14:24,1.631
1997-04-26 14:30,1.630
1997-04-26 14:36,1.629
1997-04-26 14:42,1.628
1997-04-26 14:48,1.627
1997-04-26 14:54,1.626
1997-04-26 15:00,1.625
1997-04-26 15:06,1.624
1997-04-26 15:12,1.623
1997-04-26 15:18,1.622
1997-04-26 15:24,1.621
1997-04-26 15:30,1.620
1997-04-26 15:36,1.618
1997-04-26 15:42,1.617
1997-04-26 15:48,1.616
1997-04-26 15:54,1.614
1997-04-26 16:00,1.613
1997-04-26 16:06,1.612
1997-04-26 16:12,1.610
1997-04-26 16:18,1.609
1997-04-26 16:24,1.607
1997-04-26 16:30,1.605
1997-04-26 16:36,1.604
1997-04-26 16:42,1.602
1997-04-26 16:48,1.600
1997-04-26 16:54,1.598
1997-04-26 17:00,1.596
1997-04-26 17:06,1.594
1997-04-26 17:12,1.592
1997-04-26 17:18,1.590
1997-04-26 17:24,1.588
1997-04-26 17:30,1.586
1997-04-26 17:36,1.584
1997-04-26 17:42,1.582
1997-04-26 17:48,1.580
1997-04-26 17:54,1.577
1997-04-26 18:00,1.575
1997-04-26 18:06,1.573
1997-04-26 18:12,1.571
1997-04-26 18:18,1.569
1997-04-26 18:24,1.567
1997-04-26 18:30,1.565
1997-04-26 18:36,1.564
1997-04-26 18:42,1.562
1997-04-26 18:48,1.560
1997-04-26 18:54,1.559
1997-04-26 19:00,1.557
1997-04-26 19:06,1.556
1997-04-26 19:12,1.555
1997-04-26 19:18,1.554
1997-04-26 19:24,1.553
1997-04-26 19:30,1.552
1997-04-26 19:36,1.551
1997-04-26 19:42,1.550
1997-04-26 19:48,1.550
1997-04-26 19:54,1.549
1997-04-26 20:00,1.548
1997-04-26 20:06,1.548
1997-04-26 20:12,1.547
1997-04-26 20:18,1.546
1997-04-26 20:24,1.546
1997-04-26 20:30,1.545
1997-04-26 20:36,1.544
1997-04-26 20:42,1.543
1997-04-26 20:48,1.542
1997-04-26 20:54,1.541
1997-04-26 21:00,1.540
1997-04-26 21:06,1.539
1997-04-26 21:12,1.538
1997-04-26 21:18,1.536
1997-04-26 21:24,1.535
1997-04-26 21:30,1.533
1997-04-26 21:36,1.531
1997-04-26 21:42,1.529
1997-04-26 21:48,1.527
1997-04-26 21:54,1.524
1997-04-26 22:00,1.522
1997-04-26 22:06,1.519
1997-04-26 22:12,1.516
1997-04-26 22:18,1.513
1997-04-26 22:24,1.510
1997-04-26 22:30,1.507
1997-04-26 22:36,1.504
1997-04-26 22:42,1.500
1997-04-26 22:48,1.496
1997-04-26 22:54,1.493
1997-04-26 23:00,1.489
1997-04-26 23:06,1.485
1997-04-26 23:12,1.480
1997-04-26 23:18,1.476
1997-04-26 23:24,1.472
1997-04-26 23:30,1.467
1997-04-26 23:36,1.463
1997-04-26 23:42,1.458
1997-04-26 23:48,1.453
1997-04-26 23:54,1.448
1997-04-27 00:00,1.443
1997-04-27 00:06,1.438
1997-04-27 00:12,1.432
1997-04-27 00:18,1.427
1997-04-27 00:24,1.421
1997-04-27 00:30,1.416
1997-04-27 00:36,1.410
1997-04-27 00:42,1.404
1997-04-27 00:48,1.398
1997-04-27 00:54,1.391
1997-04-27 01:00,1.385
1997-04-27 01:06,1.379
1997-04-27 01:12,1.372
1997-04-27 01:18,1.365
1997-04-27 01:24,1.359
1997-04-27 01:30,1.352
1997-04-27 01:36,1.345
1997-04-27 01:42,1.338
1997-04-27 01:48,1.331
1997-04-27 01:54,1.324
1997-04-27 02:00,1.317
1997-04-27 02:06,1.310
1997-04-27 02:12,1.303
1997-04-27 02:18,1.297
1997-04-27 02:24,1.290
1997-04-27 02:30,1.283
1997-04-27 02:36,1.276
1997-04-27 02:42,1.270
1997-04-27 02:48,1.263
1997-04-27 02:54,1.257
1997-04-27 03:00,1.251
1997-04-27 03:06,1.245
1997-04-27 03:12,1.239
1997-04-27 03:18,1.233
1997-04-27 03:24,1.228
1997-04-27 03:30,1.222
1997-04-27 03:36,1.217
1997-04-27 03:42,1.212
1997-04-27 03:48,1.208
1997-04-27 03:54,1.203
1997-04-27 04:00,1.199
1997-04-27 04:06,1.195
1997-04-27 04:12,1.191
1997-04-27 04:18,1.187
1997-04-27 04:24,1.184
1997-04-27 04:30,1.181
1997-04-27 04:36,1.177
1997-04-27 04:42,1.175
1997-04-27 04:48,1.172
1997-04-27 04:54,1.170
1997-04-27 05:00,1.167
1997-04-27 05:06,1.165
1997-04-27 05:12,1.163
1997-04-27 05:18,1.162
1997-04-27 05:24,1.161
1997-04-27 05:30,1.159
1997-04-27 05:36,1.159
1997-04-27 05:42,1.158
1997-04-27 05:48,1.158
1997-04-27 05:54,1.158
1997-04-27 06:00,1.158
1997-04-27 06:06,1.158
1997-04-27 06:12,1.159
1997-04-27 06:18,1.160
1997-04-27 06:24,1.162
1997-04-27 06:30,1.163
1997-04-27 06:36,1.166
1997-04-27 06:42,1.168
1997-04-27 06:48,1.171
1997-04-27 06:54,1.174
1997-04-27 07:00,1.178
1997-04-27 07:06,1.181
1997-04-27 07:12,1.186
1997-04-27 07:18,1.190
1997-04-27 07:24,1.195
1997-04-27 07:30,1.200
1997-04-27 07:36,1.206
1997-04-27 07:42,1.212
1997-04-27 07:48,1.218
1997-04-27 07:54,1.225
1997-04-27 08:00,1.232
1997-04-27 08:06,1.239
1997-04-27 08:12,1.246
1997-04-27 08:18,1.254
1997-04-27 08:24,1.262
1997-04-27 08:30,1.270
1997-04-27 08:36,1.278
1997-04-27 08:42,1.286
1997-04-27 08:48,1.295
1997-04-27 08:54,1.303
1997-04-27 09:00,1.312
1997-04-27 09:06,1.320
1997-04-27 09:12,1.329
1997-04-27 09:18,1.338
1997-04-27 09:24,1.347
1997-04-27 09:30,1.356
1997-04-27 09:36,1.365
1997-04-27 09:42,1.373
1997-04-27 09:48,1.382
1997-04-27 09:54,1.391
1997-04-27 10:00,1.399
1997-04-27 10:06,1.408
1997-04-27 10:12,1.416
1997-04-27 10:18,1.425
1997-04-27 10:24,1.433
1997-04-27 10:30,1.441
1997-04-27 10:36,1.450
1997-04-27 10:42,1.458
1997-04-27 10:48,1.466
1997-04-27 10:54,1.473
1997-04-27 11:00,1.481
1997-04-27 11:06,1.489
1997-04-27 11:12,1.496
1997-04-27 11:18,1.503
1997-04-27 11:24,1.510
1997-04-27 11:30,1.517
1997-04-27 11:36,1.524
1997-04-27 11:42,1.531
1997-04-27 11:48,1.538
1997-04-27 11:54,1.544
1997-04-27 12:00,1.550
1997-04-27 12:06,1.556
1997-04-27 12:12,1.562
1997-04-27 12:18,1.568
1997-04-27 12:24,1.573
1997-04-27 12:30,1.578
1997-04-27 12:36,1.583
1997-04-27 12:42,1.588
1997-04-27 12:48,1.592
1997-04-27 12:54,1.597
1997-04-27 13:00,1.601
1997-04-27 13:06,1.604
1997-04-27 13:12,1.608
1997-04-27 13:18,1.611
1997-04-27 13:24,1.614
1997-04-27 13:30,1.617
1997-04-27 13:36,1.620
1997-04-27 13:42,1.622
1997-04-27 13:48,1.624
1997-04-27 13:54,1.626
1997-04-27 14:00,1.627
1997-04-27 14:06,1.629
1997-04-27 14:12,1.630
1997-04-27 14:18,1.631
1997-04-27 14:24,1.632
1997-04-27 14:30,1.633
1997-04-27 14:36,1.633
1997-04-27 14:42,1.634
1997-04-27 14:48,1.634
1997-04-27 14:54,1.634
1997-04-27 15:00,1.635
1997-04-27 15:06,1.635
1997-04-27 15:12,1.634
1997-04-27 15:18,1.634
1997-04-27 15:24,1.634
1997-04-27 15:30,1.634
1997-04-27 15:36,1.633
1997-04-27 15:42,1.633
1997-04-27 15:48,1.632
1997-04-27 15:54,1.632
1997-04-27 16:00,1.631
1997-04-27 16:06,1.630
1997-04-27 16:12,1.629
1997-04-27 16:18,1.628
1997-04-27 16:24,1.627
1997-04-27 16:30,1.626
1997-04-27 16:36,1.625
1997-04-27 16:42,1.624
1997-04-27 16:48,1.623
1997-04-27 16:54,1.621
1997-04-27 17:00,1.620
1997-04-27 17:06,1.618
1997-04-27 17:12,1.617
1997-04-27 17:18,1.615
1997-04-27 17:24,1.613
1997-04-27 17:30,1.611
1997-04-27 17:36,1.610
1997-04-27 17:42,1.608
1997-04-27 17:48,1.606
1997-04-27 17:54,1.604
1997-04-27 18:00,1.601
1997-04-27 18:06,1.599
1997-04-27 18:12,1.597
1997-04-27 18:18,1.595
1997-04-27 18:24,1.593
1997-04-27 18:30,1.591
1997-04-27 18:36,1.589
1997-04-27 18:42,1.586
1997-04-27 18:48,1.584
1997-04-27 18:54,1.582
1997-04-27 19:00,1.580
1997-04-27 19:06,1.579
1997-04-27 19:12,1.577
1997-04-27 19:18,1.575
1997-04-27 19:24,1.573
1997-04-27 19:30,1.572
1997-04-27 19:36,1.570
1997-04-27 19:42,1.569
1997-04-27 19:48,1.567
1997-04-27 19:54,1.566
1997-04-27 20:00,1.565
1997-04-27 20:06,1.564
1997-04-27 20:12,1.562
1997-04-27 20:18,1.561
1997-04-27 20:24,1.560
1997-04-27 20:30,1.559
1997-04-27 20:36,1.558
1997-04-27 20:42,1.557
1997-04-27 20:48,1.556
1997-04-27 20:54,1.555
1997-04-27 21:00,1.554
1997-04-27 21:06,1.553
1997-04-27 21:12,1.552
1997-04-27 21:18,1.551
1997-04-27 21:24,1.549
1997-04-27 21:30,1.548
1997-04-27 21:36,1.546
1997-04-27 21:42,1.545
1997-04-27 21:48,1.543
1997-04-27 21:54,1.541
1997-04-27 22:00,1.539
1997-04-27 22:06,1.537
1997-04-27 22:12,1.535
1997-04-27 22:18,1.533
1997-04-27 22:24,1.531
1997-04-27 22:30,1.528
1997-04-27 22:36,1.525
1997-04-27 22:42,1.523
1997-04-27 22:48,1.520
1997-04-27 22:54,1.517
1997-04-27 23:00,1.514
1997-04-27 23:06,1.511
1997-04-27 23:12,1.507
1997-04-27 23:18,1.504
1997-04-27 23:24,1.500
1997-04-27 23:30,1.497
1997-04-27 23:36,1.493
1997-04-27 23:42,1.489
1997-04-27 23:48,1.485
1997-04-27 23:54,1.481
1997-04-28 00:00,1.477
1997-04-28 00:06,1.473
1997-04-28 00:12,1.469
1997-04-28 00:18,1.464
1997-04-28 00:24,1.459
1997-04-28 00:30,1.455
1997-04-28 00:36,1.450
1997-04-28 00:42,1.445
1997-04-28 00:48,1.440
1997-04-28 00:54,1.435
1997-04-28 01:00,1.429
1997-04-28 01:06,1.424
1997-04-28 01:12,1.418
1997-04-28 01:18,1.413
1997-04-28 01:24,1.407
1997-04-28 01:30,1.401
1997-04-28 01:36,1.395
1997-04-28 01:42,1.389
1997-04-28 01:48,1.383
1997-04-28 01:54,1.377
1997-04-28 02:00,1.370
1997-04-28 02:06,1.364
1997-04-28 02:12,1.357
1997-04-28 02:18,1.351
1997-04-28 02:24,1.344
1997-04-28 02:30,1.338
1997-04-28 02:36,1.331
1997-04-28 02:42,1.325
1997-04-28 02:48,1.318
1997-04-28 02:54,1.311
1997-04-28 03:00,1.305
1997-04-28 03:06,1.299
1997-04-28 03:12,1.292
1997-04-28 03:18,1.286
1997-04-28 03:24,1.280
1997-04-28 03:30,1.274
1997-04-28 03:36,1.268
1997-04-28 03:42,1.262
1997-04-28 03:48,1.256
1997-04-28 03:54,1.250
1997-04-28 04:00,1.245
1997-04-28 04:06,1.239
1997-04-28 04:12,1.234
1997-04-28 04:18,1.229
1997-04-28 04:24,1.224
1997-04-28 04:30,1.219
1997-04-28 04:36,1.215
1997-04-28 04:42,1.210
1997-04-28 04:48,1.206
1997-04-28 04:54,1.202
1997-04-28 05:00,1.198
1997-04-28 05:06,1.194
1997-04-28 05:12,1.190
1997-04-28 05:18,1.187
1997-04-28 05:24,1.184
1997-04-28 05:30,1.181
1997-04-28 05:36,1.178
1997-04-28 05:42,1.175
1997-04-28 05:48,1.173
1997-04-28 05:54,1.171
1997-04-28 06:00,1.169
1997-04-28 06:06,1.167
1997-04-28 06:12,1.165
1997-04-28 06:18,1.164
1997-04-28 06:24,1.163
1997-04-28 06:30,1.163
1997-04-28 06:36,1.162
1997-04-28 06:42,1.162
1997-04-28 06:48,1.162
1997-04-28 06:54,1.163
1997-04-28 07:00,1.163
1997-04-28 07:06,1.165
1997-04-28 07:12,1.166
1997-04-28 07:18,1.168
1997-04-28 07:24,1.170
1997-04-28 07:30,1.172
1997-04-28 07:36,1.175
1997-04-28 07:42,1.178
1997-04-28 07:48,1.182
1997-04-28 07:54,1.185
1997-04-28 08:00,1.189
1997-04-28 08:06,1.194
1997-04-28 08:12,1.198
1997-04-28 08:18,1.203
1997-04-28 08:24,1.209
1997-04-28 08:30,1.214
1997-04-28 08:36,1.220
1997-04-28 08:42,1.226
1997-04-28 08:48,1.233
1997-04-28 08:54,1.239
1997-04-28 09:00,1.246
1997-04-28 09:06,1.253
1997-04-28 09:12,1.260
1997-04-28 09:18,1.268
1997-04-28 09:24,1.275
1997-04-28 09:30,1.283
1997-04-28 09:36,1.290
1997-04-28 09:42,1.298
1997-04-28 09:48,1.306
1997-04-28 09:54,1.314
1997-04-28 10:00,1.322
1997-04-28 10:06,1.331
1997-04-28 10:12,1.339
1997-04-28 10:18,1.347
1997-04-28 10:24,1.355
1997-04-28 10:30,1.364
1997-04-28 10:36,1.372
1997-04-28 10:42,1.380
1997-04-28 10:48,1.388
1997-04-28 10:54,1.397
1997-04-28 11:00,1.405
1997-04-28 11:06,1.413
1997-04-28 11:12,1.421
1997-04-28 11:18,1.429
1997-04-28 11:24,1.437
1997-04-28 11:30,1.445
1997-04-28 11:36,1.453
1997-04-28 11:42,1.460
1997-04-28 11:48,1.468
1997-04-28 11:54,1.476
1997-04-28 12:00,1.483
1997-04-28 12:06,1.490
1997-04-28 12:12,1.497
1997-04-28 12:18,1.504
1997-04-28 12:24,1.511
1997-04-28 12:30,1.518
1997-04-28 12:36,1.525
1997-04-28 12:42,1.531
1997-04-28 12:48,1.537
1997-04-28 12:54,1.543
1997-04-28 13:00,1.549
1997-04-28 13:06,1.555
1997-04-28 13:12,1.560
1997-04-28 13:18,1.565
1997-04-28 13:24,1.570
1997-04-28 13:30,1.575
1997-04-28 13:36,1.580
1997-04-28 13:42,1.584
1997-04-28 13:48,1.588
1997-04-28 13:54,1.592
1997-04-28 14:00,1.596
1997-04-28 14:06,1.600
1997-04-28 14:12,1.603
1997-04-28 14:18,1.606
1997-04-28 14:24,1.609
1997-04-28 14:30,1.612
1997-04-28 14:36,1.614
1997-04-28 14:42,1.616
1997-04-28 14:48,1.618
1997-04-28 14:54,1.620
1997-04-28 15:00,1.622
1997-04-28 15:06,1.624
1997-04-28 15:12,1.625
1997-04-28 15:18,1.626
1997-04-28 15:24,1.627
1997-04-28 15:30,1.628
1997-04-28 15:36,1.629
1997-04-28 15:42,1.630
1997-04-28 15:48,1.630
1997-04-28 15:54,1.631
1997-04-28 16:00,1.631
1997-04-28 16:06,1.631
1997-04-28 16:12,1.631
1997-04-28 16:18,1.631
1997-04-28 16:24,1.631
1997-04-28 16:30,1.630
1997-04-28 16:36,1.630
1997-04-28 16:42,1.629
1997-04-28 16:48,1.629
1997-04-28 16:54,1.628
1997-04-28 17:00,1.627
1997-04-28 17:06,1.626
1997-04-28 17:12,1.625
1997-04-28 17:18,1.624
1997-04-28 17:24,1.623
1997-04-28 17:30,1.622
1997-04-28 17:36,1.620
1997-04-28 17:42,1.619
1997-04-28 17:48,1.617
1997-04-28 17:54,1.615
1997-04-28 18:00,1.614
1997-04-28 18:06,1.612
1997-04-28 18:12,1.610
1997-04-28 18:18,1.608
1997-04-28 18:24,1.606
1997-04-28 18:30,1.605
1997-04-28 18:36,1.603
1997-04-28 18:42,1.601
1997-04-28 18:48,1.599
1997-04-28 18:54,1.597
1997-04-28 19:00,1.595
1997-04-28 19:06,1.593
1997-04-28 19:12,1.591
1997-04-28 19:18,1.589
1997-04-28 19:24,1.587
1997-04-28 19:30,1.585
1997-04-28 19:36,1.583
1997-04-28 19:42,1.581
1997-04-28 19:48,1.579
1997-04-28 19:54,1.577
1997-04-28 20:00,1.576
1997-04-28 20:06,1.574
1997-04-28 20:12,1.572
1997-04-28 20:18,1.571
1997-04-28 20:24,1.569
1997-04-28 20:30,1.568
1997-04-28 20:36,1.566
1997-04-28 20:42,1.565
1997-04-28 20:48,1.563
1997-04-28 20:54,1.562
1997-04-28 21:00,1.560
1997-04-28 21:06,1.559
1997-04-28 21:12,1.557
1997-04-28 21:18,1.556
1997-04-28 21:24,1.555
1997-04-28 21:30,1.553
1997-04-28 21:36,1.552
1997-04-28 21:42,1.551
1997-04-28 21:48,1.549
1997-04-28 21:54,1.548
1997-04-28 22:00,1.546
1997-04-28 22:06,1.545
1997-04-28 22:12,1.543
1997-04-28 22:18,1.541
1997-04-28 22:24,1.540
1997-04-28 22:30,1.538
1997-04-28 22:36,1.536
1997-04-28 22:42,1.534
1997-04-28 22:48,1.532
1997-04-28 22:54,1.530
1997-04-28 23:00,1.528
1997-04-28 23:06,1.526
1997-04-28 23:12,1.524
1997-04-28 23:18,1.521
1997-04-28 23:24,1.519
1997-04-28 23:30,1.517
1997-04-28 23:36,1.514
1997-04-28 23:42,1.511
1997-04-28 23:48,1.509
1997-04-28 23:54,1.506
1997-04-29 00:00,1.503
1997-04-29 00:06,1.500
1997-04-29 00:12,1.497
1997-04-29 00:18,1.494
1997-04-29 00:24,1.490
1997-04-29 00:30,1.487
1997-04-29 00:36,1.483
1997-04-29 00:42,1.480
1997-04-29 00:48,1.476
1997-04-29 00:54,1.472
1997-04-29 01:00,1.468
1997-04-29 01:06,1.464
1997-04-29 01:12,1.460
1997-04-29 01:18,1.456
1997-04-29 01:24,1.451
1997-04-29 01:30,1.447
1997-04-29 01:36,1.442
1997-04-29 01:42,1.438
1997-04-29 01:48,1.433
1997-04-29 01:54,1.428
1997-04-29 02:00,1.423
1997-04-29 02:06,1.418
1997-04-29 02:12,1.413
1997-04-29 02:18,1.408
1997-04-29 02:24,1.403
1997-04-29 02:30,1.397
1997-04-29 02:36,1.392
1997-04-29 02:42,1.386
1997-04-29 02:48,1.381
1997-04-29 02:54,1.375
1997-04-29 03:00,1.369
1997-04-29 03:06,1.364
1997-04-29 03:12,1.358
1997-04-29 03:18,1.352
1997-04-29 03:24,1.346
1997-04-29 03:30,1.341
1997-04-29 03:36,1.335
1997-04-29 03:42,1.329
1997-04-29 03:48,1.323
1997-04-29 03:54,1.318
1997-04-29 04:00,1.312
1997-04-29 04:06,1.306
1997-04-29 04:12,1.300
1997-04-29 04:18,1.295
1997-04-29 04:24,1.289
1997-04-29 04:30,1.284
1997-04-29 04:36,1.278
1997-04-29 04:42,1.273
1997-04-29 04:48,1.267
1997-04-29 04:54,1.262
1997-04-29 05:00,1.257
1997-04-29 05:06,1.252
1997-04-29 05:12,1.247
1997-04-29 05:18,1.242
1997-04-29 05:24,1.237
1997-04-29 05:30,1.233
1997-04-29 05:36,1.228
1997-04-29 05:42,1.224
1997-04-29 05:48,1.220
1997-04-29 05:54,1.216
1997-04-29 06:00,1.212
1997-04-29 06:06,1.209
1997-04-29 06:12,1.206
1997-04-29 06:18,1.202
1997-04-29 06:24,1.199
1997-04-29 06:30,1.197
1997-04-29 06:36,1.194
1997-04-29 06:42,1.192
1997-04-29 06:48,1.190
1997-04-29 06:54,1.188
1997-04-29 07:00,1.186
1997-04-29 07:06,1.185
1997-04-29 07:12,1.184
1997-04-29 07:18,1.183
1997-04-29 07:24,1.183
1997-04-29 07:30,1.182
1997-04-29 07:36,1.182
1997-04-29 07:42,1.182
1997-04-29 07:48,1.183
1997-04-29 07:54,1.184
1997-04-29 08:00,1.185
1997-04-29 08:06,1.186
1997-04-29 08:12,1.188
1997-04-29 08:18,1.190
1997-04-29 08:24,1.192
1997-04-29 08:30,1.195
1997-04-29 08:36,1.197
1997-04-29 08:42,1.200
1997-04-29 08:48,1.204
1997-04-29 08:54,1.207
1997-04-29 09:00,1.211
1997-04-29 09:06,1.215
1997-04-29 09:12,1.220
1997-04-29 09:18,1.224
1997-04-29 09:24,1.229
1997-04-29 09:30,1.234
1997-04-29 09:36,1.239
1997-04-29 09:42,1.245
1997-04-29 09:48,1.250
1997-04-29 09:54,1.256
1997-04-29 10:00,1.262
1997-04-29 10:06,1.269
1997-04-29 10:12,1.275
1997-04-29 10:18,1.282
1997-04-29 10:24,1.289
1997-04-29 10:30,1.296
1997-04-29 10:36,1.303
1997-04-29 10:42,1.310
1997-04-29 10:48,1.317
1997-04-29 10:54,1.324
1997-04-29 11:00,1.332
1997-04-29 11:06,1.339
1997-04-29 11:12,1.347
1997-04-29 11:18,1.355
1997-04-29 11:24,1.362
1997-04-29 11:30,1.370
1997-04-29 11:36,1.378
1997-04-29 11:42,1.386
1997-04-29 11:48,1.393
1997-04-29 11:54,1.401
1997-04-29 12:00,1.409
1997-04-29 12:06,1.416
1997-04-29 12:12,1.424
1997-04-29 12:18,1.431
1997-04-29 12:24,1.439
1997-04-29 12:30,1.446
1997-04-29 12:36,1.453
1997-04-29 12:42,1.461
1997-04-29 12:48,1.468
1997-04-29 12:54,1.475
1997-04-29 13:00,1.482
1997-04-29 13:06,1.488
1997-04-29 13:12,1.495
1997-04-29 13:18,1.501
1997-04-29 13:24,1.508
1997-04-29 13:30,1.514
1997-04-29 13:36,1.520
1997-04-29 13:42,1.526
1997-04-29 13:48,1.532
1997-04-29 13:54,1.537
1997-04-29 14:00,1.543
1997-04-29 14:06,1.548
1997-04-29 14:12,1.553
1997-04-29 14:18,1.558
1997-04-29 14:24,1.562
1997-04-29 14:30,1.567
1997-04-29 14:36,1.571
1997-04-29 14:42,1.575
1997-04-29 14:48,1.579
1997-04-29 14:54,1.583
1997-04-29 15:00,1.587
1997-04-29 15:06,1.590
1997-04-29 15:12,1.593
1997-04-29 15:18,1.596
1997-04-29 15:24,1.599
1997-04-29 15:30,1.602
1997-04-29 15:36,1.604
1997-04-29 15:42,1.606
1997-04-29 15:48,1.608
1997-04-29 15:54,1.610
1997-04-29 16:00,1.612
1997-04-29 16:06,1.613
1997-04-29 16:12,1.614
1997-04-29 16:18,1.615
1997-04-29 16:24,1.616
1997-04-29 16:30,1.617
1997-04-29 16:36,1.617
1997-04-29 16:42,1.618
1997-04-29 16:48,1.618
1997-04-29 16:54,1.618
1997-04-29 17:00,1.618
1997-04-29 17:06,1.617
1997-04-29 17:12,1.617
1997-04-29 17:18,1.616
1997-04-29 17:24,1.615
1997-04-29 17:30,1.615
1997-04-29 17:36,1.614
1997-04-29 17:42,1.613
1997-04-29 17:48,1.612
1997-04-29 17:54,1.610
1997-04-29 18:00,1.609
1997-04-29 18:06,1.608
1997-04-29 18:12,1.606
1997-04-29 18:18,1.605
1997-04-29 18:24,1.603
1997-04-29 18:30,1.601
1997-04-29 18:36,1.600
1997-04-29 18:42,1.598
1997-04-29 18:48,1.596
1997-04-29 18:54,1.595
1997-04-29 19:00,1.593
1997-04-29 19:06,1.591
1997-04-29 19:12,1.589
1997-04-29 19:18,1.587
1997-04-29 19:24,1.586
1997-04-29 19:30,1.584
1997-04-29 19:36,1.582
1997-04-29 19:42,1.580
1997-04-29 19:48,1.578
1997-04-29 19:54,1.576
1997-04-29 20:00,1.574
1997-04-29 20:06,1.572
1997-04-29 20:12,1.570
1997-04-29 20:18,1.568
1997-04-29 20:24,1.567
1997-04-29 20:30,1.565
1997-04-29 20:36,1.563
1997-04-29 20:42,1.561
1997-04-29 20:48,1.559
1997-04-29 20:54,1.557
1997-04-29 21:00,1.555
1997-04-29 21:06,1.553
1997-04-29 21:12,1.551
1997-04-29 21:18,1.550
1997-04-29 21:24,1.548
1997-04-29 21:30,1.546
1997-04-29 21:36,1.544
1997-04-29 21:42,1.543
1997-04-29 21:48,1.541
1997-04-29 21:54,1.539
1997-04-29 22:00,1.538
1997-04-29 22:06,1.536
1997-04-29 22:12,1.535
1997-04-29 22:18,1.533
1997-04-29 22:24,1.532
1997-04-29 22:30,1.530
1997-04-29 22:36,1.529
1997-04-29 22:42,1.528
1997-04-29 22:48,1.526
1997-04-29 22:54,1.525
1997-04-29 23:00,1.524
1997-04-29 23:06,1.522
1997-04-29 23:12,1.521
1997-04-29 23:18,1.520
1997-04-29 23:24,1.518
1997-04-29 23:30,1.517
1997-04-29 23:36,1.516
1997-04-29 23:42,1.514
1997-04-29 23:48,1.513
1997-04-29 23:54,1.511
1997-04-30 00:00,1.510
1997-04-30 00:06,1.508
1997-04-30 00:12,1.506
1997-04-30 00:18,1.505
1997-04-30 00:24,1.503
1997-04-30 00:30,1.501
1997-04-30 00:36,1.499
1997-04-30 00:42,1.497
1997-04-30 00:48,1.495
1997-04-30 00:54,1.493
1997-04-30 01:00,1.490
1997-04-30 01:06,1.488
1997-04-30 01:12,1.485
1997-04-30 01:18,1.483
1997-04-30 01:24,1.480
1997-04-30 01:30,1.478
1997-04-30 01:36,1.475
1997-04-30 01:42,1.472
1997-04-30 01:48,1.469
1997-04-30 01:54,1.466
1997-04-30 02:00,1.463
1997-04-30 02:06,1.460
1997-04-30 02:12,1.457
1997-04-30 02:18,1.453
1997-04-30 02:24,1.450
1997-04-30 02:30,1.446
1997-04-30 02:36,1.443
1997-04-30 02:42,1.439
1997-04-30 02:48,1.436
1997-04-30 02:54,1.432
1997-04-30 03:00,1.428
1997-04-30 03:06,1.424
1997-04-30 03:12,1.420
1997-04-30 03:18,1.416
1997-04-30 03:24,1.412
1997-04-30 03:30,1.408
1997-04-30 03:36,1.404
1997-04-30 03:42,1.399
1997-04-30 03:48,1.395
1997-04-30 03:54,1.390
1997-04-30 04:00,1.386
1997-04-30 04:06,1.381
1997-04-30 04:12,1.376
1997-04-30 04:18,1.371
1997-04-30 04:24,1.367
1997-04-30 04:30,1.362
1997-04-30 04:36,1.357
1997-04-30 04:42,1.351
1997-04-30 04:48,1.346
1997-04-30 04:54,1.341
1997-04-30 05:00,1.336
1997-04-30 05:06,1.331
1997-04-30 05:12,1.326
1997-04-30 05:18,1.320
1997-04-30 05:24,1.315
1997-04-30 05:30,1.310
1997-04-30 05:36,1.305
1997-04-30 05:42,1.300
1997-04-30 05:48,1.295
1997-04-30 05:54,1.290
1997-04-30 06:00,1.285
1997-04-30 06:06,1.280
1997-04-30 06:12,1.276
1997-04-30 06:18,1.271
1997-04-30 06:24,1.267
1997-04-30 06:30,1.263
1997-04-30 06:36,1.259
1997-04-30 06:42,1.255
1997-04-30 06:48,1.251
1997-04-30 06:54,1.248
1997-04-30 07:00,1.245
1997-04-30 07:06,1.241
1997-04-30 07:12,1.239
1997-04-30 07:18,1.236
1997-04-30 07:24,1.233
1997-04-30 07:30,1.231
1997-04-30 07:36,1.229
1997-04-30 07:42,1.227
1997-04-30 07:48,1.225
1997-04-30 07:54,1.224
1997-04-30 08:00,1.222
1997-04-30 08:06,1.221
1997-04-30 08:12,1.220
1997-04-30 08:18,1.219
1997-04-30 08:24,1.219
1997-04-30 08:30,1.219
1997-04-30 08:36,1.218
1997-04-30 08:42,1.218
1997-04-30 08:48,1.219
1997-04-30 08:54,1.219
1997-04-30 09:00,1.220
1997-04-30 09:06,1.221
1997-04-30 09:12,1.222
1997-04-30 09:18,1.223
1997-04-30 09:24,1.225
1997-04-30 09:30,1.227
1997-04-30 09:36,1.229
1997-04-30 09:42,1.231
1997-04-30 09:48,1.234
1997-04-30 09:54,1.237
1997-04-30 10:00,1.240
1997-04-30 10:06,1.243
1997-04-30 10:12,1.246
1997-04-30 10:18,1.250
1997-04-30 10:24,1.254
1997-04-30 10:30,1.258
1997-04-30 10:36,1.263
1997-04-30 10:42,1.267
1997-04-30 10:48,1.272
1997-04-30 10:54,1.277
1997-04-30 11:00,1.283
1997-04-30 11:06,1.288
1997-04-30 11:12,1.294
1997-04-30 11:18,1.300
1997-04-30 11:24,1.306
1997-04-30 11:30,1.312
1997-04-30 11:36,1.319
1997-04-30 11:42,1.325
1997-04-30 11:48,1.332
1997-04-30 11:54,1.338
1997-04-30 12:00,1.345
1997-04-30 12:06,1.352
1997-04-30 12:12,1.359
1997-04-30 12:18,1.365
1997-04-30 12:24,1.372
1997-04-30 12:30,1.379
1997-04-30 12:36,1.386
1997-04-30 12:42,1.393
1997-04-30 12:48,1.400
1997-04-30 12:54,1.407
1997-04-30 13:00,1.414
1997-04-30 13:06,1.420
1997-04-30 13:12,1.427
1997-04-30 13:18,1.434
1997-04-30 13:24,1.441
1997-04-30 13:30,1.447
1997-04-30 13:36,1.454
1997-04-30 13:42,1.460
1997-04-30 13:48,1.466
1997-04-30 13:54,1.473
1997-04-30 14:00,1.479
1997-04-30 14:06,1.485
1997-04-30 14:12,1.491
1997-04-30 14:18,1.497
1997-04-30 14:24,1.502
1997-04-30 14:30,1.508
1997-04-30 14:36,1.514
1997-04-30 14:42,1.519
1997-04-30 14:48,1.524
1997-04-30 14:54,1.530
1997-04-30 15:00,1.535
1997-04-30 15:06,1.540
1997-04-30 15:12,1.544
1997-04-30 15:18,1.549
1997-04-30 15:24,1.553
1997-04-30 15:30,1.557
1997-04-30 15:36,1.561
1997-04-30 15:42,1.565
1997-04-30 15:48,1.569
1997-04-30 15:54,1.572
1997-04-30 16:00,1.575
1997-04-30 16:06,1.578
1997-04-30 16:12,1.581
1997-04-30 16:18,1.583
1997-04-30 16:24,1.585
1997-04-30 16:30,1.587
1997-04-30 16:36,1.589
1997-04-30 16:42,1.591
1997-04-30 16:48,1.592
1997-04-30 16:54,1.593
1997-04-30 17:00,1.593
1997-04-30 17:06,1.594
1997-04-30 17:12,1.594
1997-04-30 17:18,1.594
1997-04-30 17:24,1.594
1997-04-30 17:30,1.594
1997-04-30 17:36,1.594
1997-04-30 17:42,1.593
1997-04-30 17:48,1.592
1997-04-30 17:54,1.591
1997-04-30 18:00,1.590
1997-04-30 18:06,1.589
1997-04-30 18:12,1.588
1997-04-30 18:18,1.587
1997-04-30 18:24,1.585
1997-04-30 18:30,1.584
1997-04-30 18:36,1.582
1997-04-30 18:42,1.581
1997-04-30 18:48,1.579
1997-04-30 18:54,1.577
1997-04-30 19:00,1.576
1997-04-30 19:06,1.574
1997-04-30 19:12,1.572
1997-04-30 19:18,1.570
1997-04-30 19:24,1.569
1997-04-30 19:30,1.567
1997-04-30 19:36,1.565
1997-04-30 19:42,1.563
1997-04-30 19:48,1.561
1997-04-30 19:54,1.559
1997-04-30 20:00,1.557
1997-04-30 20:06,1.555
1997-04-30 20:12,1.553
1997-04-30 20:18,1.551
1997-04-30 20:24,1.549
1997-04-30 20:30,1.547
1997-04-30 20:36,1.545
1997-04-30 20:42,1.543
1997-04-30 20:48,1.540
1997-04-30 20:54,1.538
1997-04-30 21:00,1.536
1997-04-30 21:06,1.534
1997-04-30 21:12,1.531
1997-04-30 21:18,1.529
1997-04-30 21:24,1.527
1997-04-30 21:30,1.525
1997-04-30 21:36,1.522
1997-04-30 21:42,1.520
1997-04-30 21:48,1.518
1997-04-30 21:54,1.516
1997-04-30 22:00,1.514
1997-04-30 22:06,1.512
1997-04-30 22:12,1.510
1997-04-30 22:18,1.508
1997-04-30 22:24,1.506
1997-04-30 22:30,1.504
1997-04-30 22:36,1.503
1997-04-30 22:42,1.501
1997-04-30 22:48,1.500
1997-04-30 22:54,1.499
1997-04-30 23:00,1.497
1997-04-30 23:06,1.496
1997-04-30 23:12,1.495
1997-04-30 23:18,1.494
1997-04-30 23:24,1.493
1997-04-30 23:30,1.493
1997-04-30 23:36,1.492
1997-04-30 23:42,1.491
1997-04-30 23:48,1.491
1997-04-30 23:54,1.490
1997-05-01 00:00,1.490
1997-05-01 00:06,1.489
1997-05-01 00:12,1.489
1997-05-01 00:18,1.488
1997-05-01 00:24,1.488
1997-05-01 00:30,1.487
1997-05-01 00:36,1.487
1997-05-01 00:42,1.486
1997-05-01 00:48,1.486
1997-05-01 00:54,1.485
1997-05-01 01:00,1.485
1997-05-01 01:06,1.484
1997-05-01 01:12,1.484
1997-05-01 01:18,1.483
1997-05-01 01:24,1.482
1997-05-01 01:30,1.481
1997-05-01 01:36,1.481
1997-05-01 01:42,1.480
1997-05-01 01:48,1.479
1997-05-01 01:54,1.478
1997-05-01 02:00,1.477
1997-05-01 02:06,1.476
1997-05-01 02:12,1.475
1997-05-01 02:18,1.474
1997-05-01 02:24,1.472
1997-05-01 02:30,1.471
1997-05-01 02:36,1.470
1997-05-01 02:42,1.469
1997-05-01 02:48,1.467
1997-05-01 02:54,1.466
1997-05-01 03:00,1.465
1997-05-01 03:06,1.463
1997-05-01 03:12,1.462
1997-05-01 03:18,1.460
1997-05-01 03:24,1.458
1997-05-01 03:30,1.457
1997-05-01 03:36,1.455
1997-05-01 03:42,1.453
1997-05-01 03:48,1.451
1997-05-01 03:54,1.449
1997-05-01 04:00,1.446
1997-05-01 04:06,1.444
1997-05-01 04:12,1.442
1997-05-01 04:18,1.439
1997-05-01 04:24,1.436
1997-05-01 04:30,1.433
1997-05-01 04:36,1.430
1997-05-01 04:42,1.427
1997-05-01 04:48,1.423
1997-05-01 04:54,1.420
1997-05-01 05:00,1.416
1997-05-01 05:06,1.412
1997-05-01 05:12,1.408
1997-05-01 05:18,1.404
1997-05-01 05:24,1.400
1997-05-01 05:30,1.396
1997-05-01 05:36,1.391
1997-05-01 05:42,1.387
1997-05-01 05:48,1.383
1997-05-01 05:54,1.378
1997-05-01 06:00,1.373
1997-05-01 06:06,1.369
1997-05-01 06:12,1.364
1997-05-01 06:18,1.360
1997-05-01 06:24,1.355
1997-05-01 06:30,1.351
1997-05-01 06:36,1.346
1997-05-01 06:42,1.342
1997-05-01 06:48,1.337
1997-05-01 06:54,1.333
1997-05-01 07:00,1.329
1997-05-01 07:06,1.325
1997-05-01 07:12,1.321
1997-05-01 07:18,1.317
1997-05-01 07:24,1.314
1997-05-01 07:30,1.310
1997-05-01 07:36,1.307
1997-05-01 07:42,1.304
1997-05-01 07:48,1.300
1997-05-01 07:54,1.297
1997-05-01 08:00,1.295
1997-05-01 08:06,1.292
1997-05-01 08:12,1.289
1997-05-01 08:18,1.287
1997-05-01 08:24,1.284
1997-05-01 08:30,1.282
1997-05-01 08:36,1.280
1997-05-01 08:42,1.278
1997-05-01 08:48,1.276
1997-05-01 08:54,1.274
1997-05-01 09:00,1.272
1997-05-01 09:06,1.271
1997-05-01 09:12,1.269
1997-05-01 09:18,1.268
1997-05-01 09:24,1.267
1997-05-01 09:30,1.266
1997-05-01 09:36,1.265
1997-05-01 09:42,1.264
1997-05-01 09:48,1.264
1997-05-01 09:54,1.264
1997-05-01 10:00,1.264
1997-05-01 10:06,1.264
1997-05-01 10:12,1.264
1997-05-01 10:18,1.265
1997-05-01 10:24,1.265
1997-05-01 10:30,1.266
1997-05-01 10:36,1.268
1997-05-01 10:42,1.269
1997-05-01 10:48,1.271
1997-05-01 10:54,1.273
1997-05-01 11:00,1.275
1997-05-01 11:06,1.278
1997-05-01 11:12,1.280
1997-05-01 11:18,1.283
1997-05-01 11:24,1.286
1997-05-01 11:30,1.290
1997-05-01 11:36,1.294
1997-05-01 11:42,1.298
1997-05-01 11:48,1.302
1997-05-01 11:54,1.306
1997-05-01 12:00,1.311
1997-05-01 12:06,1.315
1997-05-01 12:12,1.320
1997-05-01 12:18,1.325
1997-05-01 12:24,1.330
1997-05-01 12:30,1.335
1997-05-01 12:36,1.341
1997-05-01 12:42,1.346
1997-05-01 12:48,1.352
1997-05-01 12:54,1.357
1997-05-01 13:00,1.363
1997-05-01 13:06,1.369
1997-05-01 13:12,1.375
1997-05-01 13:18,1.380
1997-05-01 13:24,1.386
1997-05-01 13:30,1.392
1997-05-01 13:36,1.398
1997-05-01 13:42,1.404
1997-05-01 13:48,1.410
1997-05-01 13:54,1.416
1997-05-01 14:00,1.421
1997-05-01 14:06,1.427
1997-05-01 14:12,1.433
1997-05-01 14:18,1.439
1997-05-01 14:24,1.445
1997-05-01 14:30,1.450
1997-05-01 14:36,1.456
1997-05-01 14:42,1.462
1997-05-01 14:48,1.468
1997-05-01 14:54,1.473
1997-05-01 15:00,1.479
1997-05-01 15:06,1.484
1997-05-01 15:12,1.490
1997-05-01 15:18,1.495
1997-05-01 15:24,1.500
1997-05-01 15:30,1.505
1997-05-01 15:36,1.510
1997-05-01 15:42,1.515
1997-05-01 15:48,1.520
1997-05-01 15:54,1.524
1997-05-01 16:00,1.529
1997-05-01 16:06,1.533
1997-05-01 16:12,1.537
1997-05-01 16:18,1.540
1997-05-01 16:24,1.544
1997-05-01 16:30,1.547
1997-05-01 16:36,1.550
1997-05-01 16:42,1.553
1997-05-01 16:48,1.555
1997-05-01 16:54,1.557
1997-05-01 17:00,1.559
1997-05-01 17:06,1.561
1997-05-01 17:12,1.562
1997-05-01 17:18,1.564
1997-05-01 17:24,1.564
1997-05-01 17:30,1.565
1997-05-01 17:36,1.565
1997-05-01 17:42,1.566
1997-05-01 17:48,1.565
1997-05-01 17:54,1.565
1997-05-01 18:00,1.565
1997-05-01 18:06,1.564
1997-05-01 18:12,1.563
1997-05-01 18:18,1.562
1997-05-01 18:24,1.561
1997-05-01 18:30,1.559
1997-05-01 18:36,1.558
1997-05-01 18:42,1.556
1997-05-01 18:48,1.554
1997-05-01 18:54,1.553
1997-05-01 19:00,1.551
1997-05-01 19:06,1.549
1997-05-01 19:12,1.547
1997-05-01 19:18,1.545
1997-05-01 19:24,1.543
1997-05-01 19:30,1.541
1997-05-01 19:36,1.538
1997-05-01 19:42,1.536
1997-05-01 19:48,1.534
1997-05-01 19:54,1.532
1997-05-01 20:00,1.530
1997-05-01 20:06,1.527
1997-05-01 20:12,1.525
1997-05-01 20:18,1.522
1997-05-01 20:24,1.520
1997-05-01 20:30,1.518
1997-05-01 20:36,1.515
1997-05-01 20:42,1.512
1997-05-01 20:48,1.510
1997-05-01 20:54,1.507
1997-05-01 21:00,1.505
1997-05-01 21:06,1.502
1997-05-01 21:12,1.499
1997-05-01 21:18,1.496
1997-05-01 21:24,1.494
1997-05-01 21:30,1.491
1997-05-01 21:36,1.488
1997-05-01 21:42,1.485
1997-05-01 21:48,1.482
1997-05-01 21:54,1.480
1997-05-01 22:00,1.477
1997-05-01 22:06,1.474
1997-05-01 22:12,1.472
1997-05-01 22:18,1.469
1997-05-01 22:24,1.467
1997-05-01 22:30,1.464
1997-05-01 22:36,1.462
1997-05-01 22:42,1.460
1997-05-01 22:48,1.458
1997-05-01 22:54,1.456
1997-05-01 23:00,1.454
1997-05-01 23:06,1.452
1997-05-01 23:12,1.451
1997-05-01 23:18,1.450
1997-05-01 23:24,1.448
1997-05-01 23:30,1.447
1997-05-01 23:36,1.446
1997-05-01 23:42,1.446
1997-05-01 23:48,1.445
1997-05-01 23:54,1.445
1997-05-02 00:00,1.444
1997-05-02 00:06,1.444
1997-05-02 00:12,1.444
1997-05-02 00:18,1.444
1997-05-02 00:24,1.444
1997-05-02 00:30,1.445
1997-05-02 00:36,1.445
1997-05-02 00:42,1.445
1997-05-02 00:48,1.446
1997-05-02 00:54,1.447
1997-05-02 01:00,1.447
1997-05-02 01:06,1.448
1997-05-02 01:12,1.449
1997-05-02 01:18,1.450
1997-05-02 01:24,1.450
1997-05-02 01:30,1.451
1997-05-02 01:36,1.452
1997-05-02 01:42,1.453
1997-05-02 01:48,1.454
1997-05-02 01:54,1.455
1997-05-02 02:00,1.456
1997-05-02 02:06,1.457
1997-05-02 02:12,1.458
1997-05-02 02:18,1.459
1997-05-02 02:24,1.460
1997-05-02 02:30,1.461
1997-05-02 02:36,1.462
1997-05-02 02:42,1.463
1997-05-02 02:48,1.464
1997-05-02 02:54,1.465
1997-05-02 03:00,1.466
1997-05-02 03:06,1.467
1997-05-02 03:12,1.468
1997-05-02 03:18,1.469
1997-05-02 03:24,1.470
1997-05-02 03:30,1.471
1997-05-02 03:36,1.472
1997-05-02 03:42,1.473
1997-05-02 03:48,1.474
1997-05-02 03:54,1.475
1997-05-02 04:00,1.475
1997-05-02 04:06,1.476
1997-05-02 04:12,1.476
1997-05-02 04:18,1.477
1997-05-02 04:24,1.477
1997-05-02 04:30,1.477
1997-05-02 04:36,1.477
1997-05-02 04:42,1.476
1997-05-02 04:48,1.476
1997-05-02 04:54,1.475
1997-05-02 05:00,1.474
1997-05-02 05:06,1.473
1997-05-02 05:12,1.472
1997-05-02 05:18,1.470
1997-05-02 05:24,1.469
1997-05-02 05:30,1.467
1997-05-02 05:36,1.465
1997-05-02 05:42,1.463
1997-05-02 05:48,1.460
1997-05-02 05:54,1.458
1997-05-02 06:00,1.455
1997-05-02 06:06,1.452
1997-05-02 06:12,1.449
1997-05-02 06:18,1.446
1997-05-02 06:24,1.443
1997-05-02 06:30,1.440
1997-05-02 06:36,1.436
1997-05-02 06:42,1.433
1997-05-02 06:48,1.429
1997-05-02 06:54,1.426
1997-05-02 07:00,1.422
1997-05-02 07:06,1.419
1997-05-02 07:12,1.415
1997-05-02 07:18,1.411
1997-05-02 07:24,1.408
1997-05-02 07:30,1.404
1997-05-02 07:36,1.401
1997-05-02 07:42,1.397
1997-05-02 07:48,1.394
1997-05-02 07:54,1.390
1997-05-02 08:00,1.387
1997-05-02 08:06,1.384
1997-05-02 08:12,1.381
1997-05-02 08:18,1.377
1997-05-02 08:24,1.374
1997-05-02 08:30,1.371
1997-05-02 08:36,1.368
1997-05-02 08:42,1.365
1997-05-02 08:48,1.362
1997-05-02 08:54,1.359
1997-05-02 09:00,1.356
1997-05-02 09:06,1.353
1997-05-02 09:12,1.350
1997-05-02 09:18,1.347
1997-05-02 09:24,1.345
1997-05-02 09:30,1.342
1997-05-02 09:36,1.339
1997-05-02 09:42,1.337
1997-05-02 09:48,1.334
1997-05-02 09:54,1.332
1997-05-02 10:00,1.329
1997-05-02 10:06,1.327
1997-05-02 10:12,1.325
1997-05-02 10:18,1.323
1997-05-02 10:24,1.321
1997-05-02 10:30,1.320
1997-05-02 10:36,1.318
1997-05-02 10:42,1.317
1997-05-02 10:48,1.316
1997-05-02 10:54,1.315
1997-05-02 11:00,1.314
1997-05-02 11:06,1.313
1997-05-02 11:12,1.313
1997-05-02 11:18,1.313
1997-05-02 11:24,1.313
1997-05-02 11:30,1.313
1997-05-02 11:36,1.314
1997-05-02 11:42,1.315
1997-05-02 11:48,1.316
1997-05-02 11:54,1.317
1997-05-02 12:00,1.319
1997-05-02 12:06,1.320
1997-05-02 12:12,1.322
1997-05-02 12:18,1.325
1997-05-02 12:24,1.327
1997-05-02 12:30,1.330
1997-05-02 12:36,1.332
1997-05-02 12:42,1.335
1997-05-02 12:48,1.338
1997-05-02 12:54,1.342
1997-05-02 13:00,1.345
1997-05-02 13:06,1.349
1997-05-02 13:12,1.352
1997-05-02 13:18,1.356
1997-05-02 13:24,1.360
1997-05-02 13:30,1.364
1997-05-02 13:36,1.369
1997-05-02 13:42,1.373
1997-05-02 13:48,1.377
1997-05-02 13:54,1.382
1997-05-02 14:00,1.386
1997-05-02 14:06,1.391
1997-05-02 14:12,1.395
1997-05-02 14:18,1.400
1997-05-02 14:24,1.405
1997-05-02 14:30,1.410
1997-05-02 14:36,1.415
1997-05-02 14:42,1.420
1997-05-02 14:48,1.425
1997-05-02 14:54,1.430
1997-05-02 15:00,1.435
1997-05-02 15:06,1.440
1997-05-02 15:12,1.445
1997-05-02 15:18,1.450
1997-05-02 15:24,1.455
1997-05-02 15:30,1.460
1997-05-02 15:36,1.465
1997-05-02 15:42,1.470
1997-05-02 15:48,1.475
1997-05-02 15:54,1.479
1997-05-02 16:00,1.484
1997-05-02 16:06,1.489
1997-05-02 16:12,1.493
1997-05-02 16:18,1.497
1997-05-02 16:24,1.502
1997-05-02 16:30,1.506
1997-05-02 16:36,1.509
1997-05-02 16:42,1.513
1997-05-02 16:48,1.516
1997-05-02 16:54,1.519
1997-05-02 17:00,1.522
1997-05-02 17:06,1.525
1997-05-02 17:12,1.527
1997-05-02 17:18,1.530
1997-05-02 17:24,1.531
1997-05-02 17:30,1.533
1997-05-02 17:36,1.534
1997-05-02 17:42,1.535
1997-05-02 17:48,1.536
1997-05-02 17:54,1.537
1997-05-02 18:00,1.537
1997-05-02 18:06,1.537
1997-05-02 18:12,1.537
1997-05-02 18:18,1.536
1997-05-02 18:24,1.536
1997-05-02 18:30,1.535
1997-05-02 18:36,1.534
1997-05-02 18:42,1.532
1997-05-02 18:48,1.531
1997-05-02 18:54,1.529
1997-05-02 19:00,1.527
1997-05-02 19:06,1.525
1997-05-02 19:12,1.523
1997-05-02 19:18,1.521
1997-05-02 19:24,1.518
1997-05-02 19:30,1.516
1997-05-02 19:36,1.513
1997-05-02 19:42,1.511
1997-05-02 19:48,1.508
1997-05-02 19:54,1.505
1997-05-02 20:00,1.502
1997-05-02 20:06,1.499
1997-05-02 20:12,1.496
1997-05-02 20:18,1.493
1997-05-02 20:24,1.490
1997-05-02 20:30,1.487
1997-05-02 20:36,1.484
1997-05-02 20:42,1.480
1997-05-02 20:48,1.477
1997-05-02 20:54,1.474
1997-05-02 21:00,1.470
1997-05-02 21:06,1.467
1997-05-02 21:12,1.463
1997-05-02 21:18,1.460
1997-05-02 21:24,1.456
1997-05-02 21:30,1.453
1997-05-02 21:36,1.449
1997-05-02 21:42,1.446
1997-05-02 21:48,1.442
1997-05-02 21:54,1.438
1997-05-02 22:00,1.435
1997-05-02 22:06,1.431
1997-05-02 22:12,1.428
1997-05-02 22:18,1.424
1997-05-02 22:24,1.421
1997-05-02 22:30,1.418
1997-05-02 22:36,1.414
1997-05-02 22:42,1.411
1997-05-02 22:48,1.408
1997-05-02 22:54,1.405
1997-05-02 23:00,1.403
1997-05-02 23:06,1.400
1997-05-02 23:12,1.397
1997-05-02 23:18,1.395
1997-05-02 23:24,1.393
1997-05-02 23:30,1.391
1997-05-02 23:36,1.389
1997-05-02 23:42,1.387
1997-05-02 23:48,1.386
1997-05-02 23:54,1.385
1997-05-03 00:00,1.384
1997-05-03 00:06,1.383
1997-05-03 00:12,1.382
1997-05-03 00:18,1.382
1997-05-03 00:24,1.382
1997-05-03 00:30,1.381
1997-05-03 00:36,1.382
1997-05-03 00:42,1.382
1997-05-03 00:48,1.382
1997-05-03 00:54,1.383
1997-05-03 01:00,1.384
1997-05-03 01:06,1.385
1997-05-03 01:12,1.386
1997-05-03 01:18,1.387
1997-05-03 01:24,1.389
1997-05-03 01:30,1.390
1997-05-03 01:36,1.392
1997-05-03 01:42,1.394
1997-05-03 01:48,1.396
1997-05-03 01:54,1.398
1997-05-03 02:00,1.400
1997-05-03 02:06,1.403
1997-05-03 02:12,1.405
1997-05-03 02:18,1.408
1997-05-03 02:24,1.411
1997-05-03 02:30,1.413
1997-05-03 02:36,1.416
1997-05-03 02:42,1.419
1997-05-03 02:48,1.422
1997-05-03 02:54,1.425
1997-05-03 03:00,1.428
1997-05-03 03:06,1.432
1997-05-03 03:12,1.435
1997-05-03 03:18,1.438
1997-05-03 03:24,1.442
1997-05-03 03:30,1.445
1997-05-03 03:36,1.448
1997-05-03 03:42,1.452
1997-05-03 03:48,1.455
1997-05-03 03:54,1.459
1997-05-03 04:00,1.462
1997-05-03 04:06,1.466
1997-05-03 04:12,1.469
1997-05-03 04:18,1.472
1997-05-03 04:24,1.475
1997-05-03 04:30,1.478
1997-05-03 04:36,1.481
1997-05-03 04:42,1.484
1997-05-03 04:48,1.487
1997-05-03 04:54,1.490
1997-05-03 05:00,1.492
1997-05-03 05:06,1.494
1997-05-03 05:12,1.496
1997-05-03 05:18,1.498
1997-05-03 05:24,1.500
1997-05-03 05:30,1.502
1997-05-03 05:36,1.503
1997-05-03 05:42,1.504
1997-05-03 05:48,1.505
1997-05-03 05:54,1.506
1997-05-03 06:00,1.506
1997-05-03 06:06,1.506
1997-05-03 06:12,1.506
1997-05-03 06:18,1.506
1997-05-03 06:24,1.506
1997-05-03 06:30,1.505
1997-05-03 06:36,1.505
1997-05-03 06:42,1.504
1997-05-03 06:48,1.503
1997-05-03 06:54,1.501
1997-05-03 07:00,1.500
1997-05-03 07:06,1.498
1997-05-03 07:12,1.497
1997-05-03 07:18,1.495
1997-05-03 07:24,1.493
1997-05-03 07:30,1.491
1997-05-03 07:36,1.489
1997-05-03 07:42,1.487
1997-05-03 07:48,1.484
1997-05-03 07:54,1.482
1997-05-03 08:00,1.479
1997-05-03 08:06,1.477
1997-05-03 08:12,1.474
1997-05-03 08:18,1.471
1997-05-03 08:24,1.469
1997-05-03 08:30,1.466
1997-05-03 08:36,1.463
1997-05-03 08:42,1.460
1997-05-03 08:48,1.457
1997-05-03 08:54,1.454
1997-05-03 09:00,1.451
1997-05-03 09:06,1.448
1997-05-03 09:12,1.445
1997-05-03 09:18,1.442
1997-05-03 09:24,1.439
1997-05-03 09:30,1.435
1997-05-03 09:36,1.432
1997-05-03 09:42,1.429
1997-05-03 09:48,1.426
1997-05-03 09:54,1.422
1997-05-03 10:00,1.419
1997-05-03 10:06,1.416
1997-05-03 10:12,1.413
1997-05-03 10:18,1.410
1997-05-03 10:24,1.407
1997-05-03 10:30,1.403
1997-05-03 10:36,1.400
1997-05-03 10:42,1.397
1997-05-03 10:48,1.395
1997-05-03 10:54,1.392
1997-05-03 11:00,1.389
1997-05-03 11:06,1.386
1997-05-03 11:12,1.384
1997-05-03 11:18,1.382
1997-05-03 11:24,1.379
1997-05-03 11:30,1.377
1997-05-03 11:36,1.375
1997-05-03 11:42,1.374
1997-05-03 11:48,1.372
1997-05-03 11:54,1.371
1997-05-03 12:00,1.369
1997-05-03 12:06,1.368
1997-05-03 12:12,1.367
1997-05-03 12:18,1.367
1997-05-03 12:24,1.366
1997-05-03 12:30,1.366
1997-05-03 12:36,1.366
1997-05-03 12:42,1.366
1997-05-03 12:48,1.366
1997-05-03 12:54,1.367
1997-05-03 13:00,1.367
1997-05-03 13:06,1.368
1997-05-03 13:12,1.369
1997-05-03 13:18,1.370
1997-05-03 13:24,1.372
1997-05-03 13:30,1.373
1997-05-03 13:36,1.375
1997-05-03 13:42,1.377
1997-05-03 13:48,1.379
1997-05-03 13:54,1.381
1997-05-03 14:00,1.383
1997-05-03 14:06,1.386
1997-05-03 14:12,1.389
1997-05-03 14:18,1.391
1997-05-03 14:24,1.394
1997-05-03 14:30,1.398
1997-05-03 14:36,1.401
1997-05-03 14:42,1.404
1997-05-03 14:48,1.408
1997-05-03 14:54,1.411
1997-05-03 15:00,1.415
1997-05-03 15:06,1.419
1997-05-03 15:12,1.422
1997-05-03 15:18,1.426
1997-05-03 15:24,1.430
1997-05-03 15:30,1.434
1997-05-03 15:36,1.438
1997-05-03 15:42,1.442
1997-05-03 15:48,1.446
1997-05-03 15:54,1.450
1997-05-03 16:00,1.455
1997-05-03 16:06,1.459
1997-05-03 16:12,1.463
1997-05-03 16:18,1.467
1997-05-03 16:24,1.471
1997-05-03 16:30,1.474
1997-05-03 16:36,1.478
1997-05-03 16:42,1.482
1997-05-03 16:48,1.485
1997-05-03 16:54,1.488
1997-05-03 17:00,1.492
1997-05-03 17:06,1.495
1997-05-03 17:12,1.498
1997-05-03 17:18,1.500
1997-05-03 17:24,1.503
1997-05-03 17:30,1.505
1997-05-03 17:36,1.507
1997-05-03 17:42,1.509
1997-05-03 17:48,1.510
1997-05-03 17:54,1.512
1997-05-03 18:00,1.513
1997-05-03 18:06,1.514
1997-05-03 18:12,1.514
1997-05-03 18:18,1.515
1997-05-03 18:24,1.515
1997-05-03 18:30,1.515
1997-05-03 18:36,1.514
1997-05-03 18:42,1.514
1997-05-03 18:48,1.513
1997-05-03 18:54,1.512
1997-05-03 19:00,1.510
1997-05-03 19:06,1.509
1997-05-03 19:12,1.507
1997-05-03 19:18,1.505
1997-05-03 19:24,1.503
1997-05-03 19:30,1.500
1997-05-03 19:36,1.498
1997-05-03 19:42,1.495
1997-05-03 19:48,1.492
1997-05-03 19:54,1.489
1997-05-03 20:00,1.485
1997-05-03 20:06,1.482
1997-05-03 20:12,1.478
1997-05-03 20:18,1.475
1997-05-03 20:24,1.471
1997-05-03 20:30,1.467
1997-05-03 20:36,1.463
1997-05-03 20:42,1.459
1997-05-03 20:48,1.454
1997-05-03 20:54,1.450
1997-05-03 21:00,1.446
1997-05-03 21:06,1.441
1997-05-03 21:12,1.437
1997-05-03 21:18,1.432
1997-05-03 21:24,1.427
1997-05-03 21:30,1.423
1997-05-03 21:36,1.418
1997-05-03 21:42,1.413
1997-05-03 21:48,1.409
1997-05-03 21:54,1.404
1997-05-03 22:00,1.399
1997-05-03 22:06,1.395
1997-05-03 22:12,1.390
1997-05-03 22:18,1.385
1997-05-03 22:24,1.381
1997-05-03 22:30,1.376
1997-05-03 22:36,1.372
1997-05-03 22:42,1.368
1997-05-03 22:48,1.363
1997-05-03 22:54,1.359
1997-05-03 23:00,1.355
1997-05-03 23:06,1.351
1997-05-03 23:12,1.347
1997-05-03 23:18,1.344
1997-05-03 23:24,1.340
1997-05-03 23:30,1.337
1997-05-03 23:36,1.334
1997-05-03 23:42,1.331
1997-05-03 23:48,1.328
1997-05-03 23:54,1.325
1997-05-04 00:00,1.323
1997-05-04 00:06,1.321
1997-05-04 00:12,1.319
1997-05-04 00:18,1.317
1997-05-04 00:24,1.315
1997-05-04 00:30,1.314
1997-05-04 00:36,1.313
1997-05-04 00:42,1.312
1997-05-04 00:48,1.311
1997-05-04 00:54,1.311
1997-05-04 01:00,1.311
1997-05-04 01:06,1.311
1997-05-04 01:12,1.311
1997-05-04 01:18,1.312
1997-05-04 01:24,1.313
1997-05-04 01:30,1.314
1997-05-04 01:36,1.315
1997-05-04 01:42,1.317
1997-05-04 01:48,1.319
1997-05-04 01:54,1.321
1997-05-04 02:00,1.323
1997-05-04 02:06,1.325
1997-05-04 02:12,1.328
1997-05-04 02:18,1.331
1997-05-04 02:24,1.334
1997-05-04 02:30,1.338
1997-05-04 02:36,1.341
1997-05-04 02:42,1.345
1997-05-04 02:48,1.349
1997-05-04 02:54,1.353
1997-05-04 03:00,1.358
1997-05-04 03:06,1.362
1997-05-04 03:12,1.367
1997-05-04 03:18,1.372
1997-05-04 03:24,1.377
1997-05-04 03:30,1.382
1997-05-04 03:36,1.387
1997-05-04 03:42,1.392
1997-05-04 03:48,1.398
1997-05-04 03:54,1.403
1997-05-04 04:00,1.409
1997-05-04 04:06,1.414
1997-05-04 04:12,1.420
1997-05-04 04:18,1.425
1997-05-04 04:24,1.431
1997-05-04 04:30,1.437
1997-05-04 04:36,1.442
1997-05-04 04:42,1.448
1997-05-04 04:48,1.453
1997-05-04 04:54,1.459
1997-05-04 05:00,1.464
1997-05-04 05:06,1.469
1997-05-04 05:12,1.474
1997-05-04 05:18,1.479
1997-05-04 05:24,1.484
1997-05-04 05:30,1.489
1997-05-04 05:36,1.494
1997-05-04 05:42,1.498
1997-05-04 05:48,1.503
1997-05-04 05:54,1.507
1997-05-04 06:00,1.511
1997-05-04 06:06,1.515
1997-05-04 06:12,1.518
1997-05-04 06:18,1.522
1997-05-04 06:24,1.525
1997-05-04 06:30,1.528
1997-05-04 06:36,1.531
1997-05-04 06:42,1.534
1997-05-04 06:48,1.536
1997-05-04 06:54,1.538
1997-05-04 07:00,1.540
1997-05-04 07:06,1.542
1997-05-04 07:12,1.544
1997-05-04 07:18,1.545
1997-05-04 07:24,1.546
1997-05-04 07:30,1.547
1997-05-04 07:36,1.547
1997-05-04 07:42,1.548
1997-05-04 07:48,1.548
1997-05-04 07:54,1.548
1997-05-04 08:00,1.548
1997-05-04 08:06,1.548
1997-05-04 08:12,1.547
1997-05-04 08:18,1.546
1997-05-04 08:24,1.545
1997-05-04 08:30,1.544
1997-05-04 08:36,1.543
1997-05-04 08:42,1.541
1997-05-04 08:48,1.540
1997-05-04 08:54,1.538
1997-05-04 09:00,1.536
1997-05-04 09:06,1.534
1997-05-04 09:12,1.532
1997-05-04 09:18,1.530
1997-05-04 09:24,1.527
1997-05-04 09:30,1.525
1997-05-04 09:36,1.522
1997-05-04 09:42,1.519
1997-05-04 09:48,1.516
1997-05-04 09:54,1.514
1997-05-04 10:00,1.511
1997-05-04 10:06,1.508
1997-05-04 10:12,1.504
1997-05-04 10:18,1.501
1997-05-04 10:24,1.498
1997-05-04 10:30,1.495
1997-05-04 10:36,1.492
1997-05-04 10:42,1.489
1997-05-04 10:48,1.485
1997-05-04 10:54,1.482
1997-05-04 11:00,1.479
1997-05-04 11:06,1.476
1997-05-04 11:12,1.472
1997-05-04 11:18,1.469
1997-05-04 11:24,1.466
1997-05-04 11:30,1.463
1997-05-04 11:36,1.460
1997-05-04 11:42,1.457
1997-05-04 11:48,1.454
1997-05-04 11:54,1.451
1997-05-04 12:00,1.448
1997-05-04 12:06,1.445
1997-05-04 12:12,1.442
1997-05-04 12:18,1.440
1997-05-04 12:24,1.437
1997-05-04 12:30,1.435
1997-05-04 12:36,1.432
1997-05-04 12:42,1.430
1997-05-04 12:48,1.428
1997-05-04 12:54,1.426
1997-05-04 13:00,1.424
1997-05-04 13:06,1.423
1997-05-04 13:12,1.421
1997-05-04 13:18,1.420
1997-05-04 13:24,1.419
1997-05-04 13:30,1.417
1997-05-04 13:36,1.417
1997-05-04 13:42,1.416
1997-05-04 13:48,1.415
1997-05-04 13:54,1.415
1997-05-04 14:00,1.415
1997-05-04 14:06,1.415
1997-05-04 14:12,1.415
1997-05-04 14:18,1.416
1997-05-04 14:24,1.416
1997-05-04 14:30,1.417
1997-05-04 14:36,1.418
1997-05-04 14:42,1.419
1997-05-04 14:48,1.421
1997-05-04 14:54,1.422
1997-05-04 15:00,1.424
1997-05-04 15:06,1.426
1997-05-04 15:12,1.428
1997-05-04 15:18,1.430
1997-05-04 15:24,1.432
1997-05-04 15:30,1.434
1997-05-04 15:36,1.437
1997-05-04 15:42,1.439
1997-05-04 15:48,1.442
1997-05-04 15:54,1.445
1997-05-04 16:00,1.447
1997-05-04 16:06,1.450
1997-05-04 16:12,1.453
1997-05-04 16:18,1.456
1997-05-04 16:24,1.459
1997-05-04 16:30,1.462
1997-05-04 16:36,1.465
1997-05-04 16:42,1.468
1997-05-04 16:48,1.470
1997-05-04 16:54,1.473
1997-05-04 17:00,1.476
1997-05-04 17:06,1.478
1997-05-04 17:12,1.481
1997-05-04 17:18,1.483
1997-05-04 17:24,1.486
1997-05-04 17:30,1.488
1997-05-04 17:36,1.490
1997-05-04 17:42,1.492
1997-05-04 17:48,1.494
1997-05-04 17:54,1.495
1997-05-04 18:00,1.497
1997-05-04 18:06,1.498
1997-05-04 18:12,1.499
1997-05-04 18:18,1.500
1997-05-04 18:24,1.501
1997-05-04 18:30,1.501
1997-05-04 18:36,1.502
1997-05-04 18:42,1.502
1997-05-04 18:48,1.502
1997-05-04 18:54,1.501
1997-05-04 19:00,1.501
1997-05-04 19:06,1.500
1997-05-04 19:12,1.499
1997-05-04 19:18,1.498
1997-05-04 19:24,1.496
1997-05-04 19:30,1.495
1997-05-04 19:36,1.493
1997-05-04 19:42,1.490
1997-05-04 19:48,1.488
1997-05-04 19:54,1.485
1997-05-04 20:00,1.482
1997-05-04 20:06,1.479
1997-05-04 20:12,1.475
1997-05-04 20:18,1.472
1997-05-04 20:24,1.468
1997-05-04 20:30,1.464
1997-05-04 20:36,1.459
1997-05-04 20:42,1.455
1997-05-04 20:48,1.450
1997-05-04 20:54,1.445
1997-05-04 21:00,1.440
1997-05-04 21:06,1.435
1997-05-04 21:12,1.429
1997-05-04 21:18,1.424
1997-05-04 21:24,1.418
1997-05-04 21:30,1.412
1997-05-04 21:36,1.406
1997-05-04 21:42,1.401
1997-05-04 21:48,1.395
1997-05-04 21:54,1.389
1997-05-04 22:00,1.383
1997-05-04 22:06,1.377
1997-05-04 22:12,1.371
1997-05-04 22:18,1.365
1997-05-04 22:24,1.359
1997-05-04 22:30,1.353
1997-05-04 22:36,1.347
1997-05-04 22:42,1.341
1997-05-04 22:48,1.336
1997-05-04 22:54,1.330
1997-05-04 23:00,1.325
1997-05-04 23:06,1.319
1997-05-04 23:12,1.314
1997-05-04 23:18,1.309
1997-05-04 23:24,1.304
1997-05-04 23:30,1.299
1997-05-04 23:36,1.294
1997-05-04 23:42,1.290
1997-05-04 23:48,1.285
1997-05-04 23:54,1.281
1997-05-05 00:00,1.277
1997-05-05 00:06,1.273
1997-05-05 00:12,1.269
1997-05-05 00:18,1.266
1997-05-05 00:24,1.263
1997-05-05 00:30,1.259
1997-05-05 00:36,1.257
1997-05-05 00:42,1.254
1997-05-05 00:48,1.252
1997-05-05 00:54,1.249
1997-05-05 01:00,1.247
1997-05-05 01:06,1.246
1997-05-05 01:12,1.244
1997-05-05 01:18,1.243
1997-05-05 01:24,1.242
1997-05-05 01:30,1.242
1997-05-05 01:36,1.242
1997-05-05 01:42,1.242
1997-05-05 01:48,1.242
1997-05-05 01:54,1.243
1997-05-05 02:00,1.244
1997-05-05 02:06,1.245
1997-05-05 02:12,1.247
1997-05-05 02:18,1.249
1997-05-05 02:24,1.251
1997-05-05 02:30,1.254
1997-05-05 02:36,1.257
1997-05-05 02:42,1.260
1997-05-05 02:48,1.263
1997-05-05 02:54,1.267
1997-05-05 03:00,1.272
1997-05-05 03:06,1.276
1997-05-05 03:12,1.281
1997-05-05 03:18,1.286
1997-05-05 03:24,1.291
1997-05-05 03:30,1.296
1997-05-05 03:36,1.302
1997-05-05 03:42,1.308
1997-05-05 03:48,1.314
1997-05-05 03:54,1.321
1997-05-05 04:00,1.327
1997-05-05 04:06,1.334
1997-05-05 04:12,1.340
1997-05-05 04:18,1.347
1997-05-05 04:24,1.354
1997-05-05 04:30,1.361
1997-05-05 04:36,1.368
1997-05-05 04:42,1.376
1997-05-05 04:48,1.383
1997-05-05 04:54,1.390
1997-05-05 05:00,1.398
1997-05-05 05:06,1.405
1997-05-05 05:12,1.412
1997-05-05 05:18,1.419
1997-05-05 05:24,1.427
1997-05-05 05:30,1.434
1997-05-05 05:36,1.441
1997-05-05 05:42,1.448
1997-05-05 05:48,1.455
1997-05-05 05:54,1.462
1997-05-05 06:00,1.469
1997-05-05 06:06,1.476
1997-05-05 06:12,1.483
1997-05-05 06:18,1.489
1997-05-05 06:24,1.496
1997-05-05 06:30,1.502
1997-05-05 06:36,1.508
1997-05-05 06:42,1.515
1997-05-05 06:48,1.520
1997-05-05 06:54,1.526
1997-05-05 07:00,1.532
1997-05-05 07:06,1.537
1997-05-05 07:12,1.542
1997-05-05 07:18,1.547
1997-05-05 07:24,1.552
1997-05-05 07:30,1.556
1997-05-05 07:36,1.561
1997-05-05 07:42,1.565
1997-05-05 07:48,1.568
1997-05-05 07:54,1.572
1997-05-05 08:00,1.575
1997-05-05 08:06,1.578
1997-05-05 08:12,1.581
1997-05-05 08:18,1.583
1997-05-05 08:24,1.585
1997-05-05 08:30,1.587
1997-05-05 08:36,1.588
1997-05-05 08:42,1.590
1997-05-05 08:48,1.590
1997-05-05 08:54,1.591
1997-05-05 09:00,1.592
1997-05-05 09:06,1.592
1997-05-05 09:12,1.592
1997-05-05 09:18,1.591
1997-05-05 09:24,1.591
1997-05-05 09:30,1.590
1997-05-05 09:36,1.589
1997-05-05 09:42,1.588
1997-05-05 09:48,1.587
1997-05-05 09:54,1.585
1997-05-05 10:00,1.583
1997-05-05 10:06,1.582
1997-05-05 10:12,1.580
1997-05-05 10:18,1.577
1997-05-05 10:24,1.575
1997-05-05 10:30,1.573
1997-05-05 10:36,1.571
1997-05-05 10:42,1.568
1997-05-05 10:48,1.566
1997-05-05 10:54,1.563
1997-05-05 11:00,1.560
1997-05-05 11:06,1.558
1997-05-05 11:12,1.555
1997-05-05 11:18,1.552
1997-05-05 11:24,1.549
1997-05-05 11:30,1.546
1997-05-05 11:36,1.543
1997-05-05 11:42,1.540
1997-05-05 11:48,1.537
1997-05-05 11:54,1.534
1997-05-05 12:00,1.531
1997-05-05 12:06,1.528
1997-05-05 12:12,1.525
1997-05-05 12:18,1.522
1997-05-05 12:24,1.519
1997-05-05 12:30,1.515
1997-05-05 12:36,1.512
1997-05-05 12:42,1.509
1997-05-05 12:48,1.506
1997-05-05 12:54,1.503
1997-05-05 13:00,1.500
1997-05-05 13:06,1.497
1997-05-05 13:12,1.494
1997-05-05 13:18,1.491
1997-05-05 13:24,1.488
1997-05-05 13:30,1.485
1997-05-05 13:36,1.482
1997-05-05 13:42,1.480
1997-05-05 13:48,1.477
1997-05-05 13:54,1.475
1997-05-05 14:00,1.472
1997-05-05 14:06,1.470
1997-05-05 14:12,1.468
1997-05-05 14:18,1.467
1997-05-05 14:24,1.465
1997-05-05 14:30,1.463
1997-05-05 14:36,1.462
1997-05-05 14:42,1.461
1997-05-05 14:48,1.460
1997-05-05 14:54,1.460
1997-05-05 15:00,1.459
1997-05-05 15:06,1.459
1997-05-05 15:12,1.459
1997-05-05 15:18,1.459
1997-05-05 15:24,1.459
1997-05-05 15:30,1.459
1997-05-05 15:36,1.460
1997-05-05 15:42,1.461
1997-05-05 15:48,1.461
1997-05-05 15:54,1.462
1997-05-05 16:00,1.463
1997-05-05 16:06,1.465
1997-05-05 16:12,1.466
1997-05-05 16:18,1.467
1997-05-05 16:24,1.469
1997-05-05 16:30,1.470
1997-05-05 16:36,1.472
1997-05-05 16:42,1.473
1997-05-05 16:48,1.475
1997-05-05 16:54,1.476
1997-05-05 17:00,1.478
1997-05-05 17:06,1.480
1997-05-05 17:12,1.481
1997-05-05 17:18,1.483
1997-05-05 17:24,1.484
1997-05-05 17:30,1.486
1997-05-05 17:36,1.487
1997-05-05 17:42,1.488
1997-05-05 17:48,1.490
1997-05-05 17:54,1.491
1997-05-05 18:00,1.492
1997-05-05 18:06,1.493
1997-05-05 18:12,1.494
1997-05-05 18:18,1.495
1997-05-05 18:24,1.496
1997-05-05 18:30,1.497
1997-05-05 18:36,1.497
1997-05-05 18:42,1.498
1997-05-05 18:48,1.498
1997-05-05 18:54,1.498
1997-05-05 19:00,1.498
1997-05-05 19:06,1.498
1997-05-05 19:12,1.498
1997-05-05 19:18,1.498
1997-05-05 19:24,1.497
1997-05-05 19:30,1.496
1997-05-05 19:36,1.495
1997-05-05 19:42,1.493
1997-05-05 19:48,1.492
1997-05-05 19:54,1.490
1997-05-05 20:00,1.488
1997-05-05 20:06,1.486
1997-05-05 20:12,1.483
1997-05-05 20:18,1.480
1997-05-05 20:24,1.477
1997-05-05 20:30,1.473
1997-05-05 20:36,1.469
1997-05-05 20:42,1.465
1997-05-05 20:48,1.461
1997-05-05 20:54,1.456
1997-05-05 21:00,1.451
1997-05-05 21:06,1.446
1997-05-05 21:12,1.441
1997-05-05 21:18,1.435
1997-05-05 21:24,1.429
1997-05-05 21:30,1.423
1997-05-05 21:36,1.417
1997-05-05 21:42,1.411
1997-05-05 21:48,1.404
1997-05-05 21:54,1.397
1997-05-05 22:00,1.391
1997-05-05 22:06,1.384
1997-05-05 22:12,1.377
1997-05-05 22:18,1.370
1997-05-05 22:24,1.362
1997-05-05 22:30,1.355
1997-05-05 22:36,1.348
1997-05-05 22:42,1.341
1997-05-05 22:48,1.334
1997-05-05 22:54,1.327
1997-05-05 23:00,1.320
1997-05-05 23:06,1.313
1997-05-05 23:12,1.306
1997-05-05 23:18,1.300
1997-05-05 23:24,1.293
1997-05-05 23:30,1.287
1997-05-05 23:36,1.280
1997-05-05 23:42,1.274
1997-05-05 23:48,1.268
1997-05-05 23:54,1.262
1997-05-06 00:00,1.256
1997-05-06 00:06,1.251
1997-05-06 00:12,1.245
1997-05-06 00:18,1.240
1997-05-06 00:24,1.235
1997-05-06 00:30,1.230
1997-05-06 00:36,1.225
1997-05-06 00:42,1.221
1997-05-06 00:48,1.217
1997-05-06 00:54,1.212
1997-05-06 01:00,1.209
1997-05-06 01:06,1.205
1997-05-06 01:12,1.201
1997-05-06 01:18,1.198
1997-05-06 01:24,1.195
1997-05-06 01:30,1.193
1997-05-06 01:36,1.190
1997-05-06 01:42,1.188
1997-05-06 01:48,1.187
1997-05-06 01:54,1.185
1997-05-06 02:00,1.184
1997-05-06 02:06,1.183
1997-05-06 02:12,1.183
1997-05-06 02:18,1.183
1997-05-06 02:24,1.183
1997-05-06 02:30,1.184
1997-05-06 02:36,1.185
1997-05-06 02:42,1.186
1997-05-06 02:48,1.188
1997-05-06 02:54,1.190
1997-05-06 03:00,1.193
1997-05-06 03:06,1.196
1997-05-06 03:12,1.199
1997-05-06 03:18,1.203
1997-05-06 03:24,1.207
1997-05-06 03:30,1.211
1997-05-06 03:36,1.216
1997-05-06 03:42,1.221
1997-05-06 03:48,1.226
1997-05-06 03:54,1.232
1997-05-06 04:00,1.238
1997-05-06 04:06,1.244
1997-05-06 04:12,1.251
1997-05-06 04:18,1.258
1997-05-06 04:24,1.265
1997-05-06 04:30,1.272
1997-05-06 04:36,1.279
1997-05-06 04:42,1.287
1997-05-06 04:48,1.294
1997-05-06 04:54,1.302
1997-05-06 05:00,1.310
1997-05-06 05:06,1.318
1997-05-06 05:12,1.326
1997-05-06 05:18,1.335
1997-05-06 05:24,1.343
1997-05-06 05:30,1.351
1997-05-06 05:36,1.360
1997-05-06 05:42,1.368
1997-05-06 05:48,1.377
1997-05-06 05:54,1.386
1997-05-06 06:00,1.394
1997-05-06 06:06,1.403
1997-05-06 06:12,1.411
1997-05-06 06:18,1.420
1997-05-06 06:24,1.429
1997-05-06 06:30,1.437
1997-05-06 06:36,1.446
1997-05-06 06:42,1.454
1997-05-06 06:48,1.463
1997-05-06 06:54,1.471
1997-05-06 07:00,1.479
1997-05-06 07:06,1.487
1997-05-06 07:12,1.495
1997-05-06 07:18,1.503
1997-05-06 07:24,1.511
1997-05-06 07:30,1.519
1997-05-06 07:36,1.526
1997-05-06 07:42,1.534
1997-05-06 07:48,1.541
1997-05-06 07:54,1.547
1997-05-06 08:00,1.554
1997-05-06 08:06,1.560
1997-05-06 08:12,1.567
1997-05-06 08:18,1.572
1997-05-06 08:24,1.578
1997-05-06 08:30,1.583
1997-05-06 08:36,1.588
1997-05-06 08:42,1.593
1997-05-06 08:48,1.597
1997-05-06 08:54,1.601
1997-05-06 09:00,1.604
1997-05-06 09:06,1.608
1997-05-06 09:12,1.611
1997-05-06 09:18,1.613
1997-05-06 09:24,1.615
1997-05-06 09:30,1.617
1997-05-06 09:36,1.619
1997-05-06 09:42,1.620
1997-05-06 09:48,1.622
1997-05-06 09:54,1.622
1997-05-06 10:00,1.623
1997-05-06 10:06,1.623
1997-05-06 10:12,1.623
1997-05-06 10:18,1.623
1997-05-06 10:24,1.623
1997-05-06 10:30,1.622
1997-05-06 10:36,1.621
1997-05-06 10:42,1.621
1997-05-06 10:48,1.620
1997-05-06 10:54,1.618
1997-05-06 11:00,1.617
1997-05-06 11:06,1.616
1997-05-06 11:12,1.614
1997-05-06 11:18,1.613
1997-05-06 11:24,1.611
1997-05-06 11:30,1.609
1997-05-06 11:36,1.607
1997-05-06 11:42,1.605
1997-05-06 11:48,1.603
1997-05-06 11:54,1.601
1997-05-06 12:00,1.599
1997-05-06 12:06,1.596
1997-05-06 12:12,1.594
1997-05-06 12:18,1.591
1997-05-06 12:24,1.589
1997-05-06 12:30,1.586
1997-05-06 12:36,1.583
1997-05-06 12:42,1.580
1997-05-06 12:48,1.578
1997-05-06 12:54,1.575
1997-05-06 13:00,1.572
1997-05-06 13:06,1.568
1997-05-06 13:12,1.565
1997-05-06 13:18,1.562
1997-05-06 13:24,1.559
1997-05-06 13:30,1.556
1997-05-06 13:36,1.552
1997-05-06 13:42,1.549
1997-05-06 13:48,1.546
1997-05-06 13:54,1.542
1997-05-06 14:00,1.539
1997-05-06 14:06,1.536
1997-05-06 14:12,1.533
1997-05-06 14:18,1.530
1997-05-06 14:24,1.527
1997-05-06 14:30,1.524
1997-05-06 14:36,1.521
1997-05-06 14:42,1.518
1997-05-06 14:48,1.516
1997-05-06 14:54,1.513
1997-05-06 15:00,1.511
1997-05-06 15:06,1.509
1997-05-06 15:12,1.507
1997-05-06 15:18,1.505
1997-05-06 15:24,1.504
1997-05-06 15:30,1.502
1997-05-06 15:36,1.501
1997-05-06 15:42,1.500
1997-05-06 15:48,1.499
1997-05-06 15:54,1.498
1997-05-06 16:00,1.497
1997-05-06 16:06,1.497
1997-05-06 16:12,1.496
1997-05-06 16:18,1.496
1997-05-06 16:24,1.496
1997-05-06 16:30,1.496
1997-05-06 16:36,1.496
1997-05-06 16:42,1.496
1997-05-06 16:48,1.496
1997-05-06 16:54,1.496
1997-05-06 17:00,1.496
1997-05-06 17:06,1.496
1997-05-06 17:12,1.497
1997-05-06 17:18,1.497
1997-05-06 17:24,1.497
1997-05-06 17:30,1.498
1997-05-06 17:36,1.498
1997-05-06 17:42,1.499
1997-05-06 17:48,1.499
1997-05-06 17:54,1.499
1997-05-06 18:00,1.500
1997-05-06 18:06,1.500
1997-05-06 18:12,1.501
1997-05-06 18:18,1.501
1997-05-06 18:24,1.501
1997-05-06 18:30,1.502
1997-05-06 18:36,1.502
1997-05-06 18:42,1.502
1997-05-06 18:48,1.502
1997-05-06 18:54,1.503
1997-05-06 19:00,1.503
1997-05-06 19:06,1.503
1997-05-06 19:12,1.503
1997-05-06 19:18,1.502
1997-05-06 19:24,1.502
1997-05-06 19:30,1.502
1997-05-06 19:36,1.501
1997-05-06 19:42,1.501
1997-05-06 19:48,1.500
1997-05-06 19:54,1.499
1997-05-06 20:00,1.498
1997-05-06 20:06,1.496
1997-05-06 20:12,1.494
1997-05-06 20:18,1.493
1997-05-06 20:24,1.490
1997-05-06 20:30,1.488
1997-05-06 20:36,1.485
1997-05-06 20:42,1.482
1997-05-06 20:48,1.479
1997-05-06 20:54,1.476
1997-05-06 21:00,1.472
1997-05-06 21:06,1.468
1997-05-06 21:12,1.463
1997-05-06 21:18,1.458
1997-05-06 21:24,1.453
1997-05-06 21:30,1.448
1997-05-06 21:36,1.442
1997-05-06 21:42,1.436
1997-05-06 21:48,1.430
1997-05-06 21:54,1.424
1997-05-06 22:00,1.417
1997-05-06 22:06,1.410
1997-05-06 22:12,1.403
1997-05-06 22:18,1.396
1997-05-06 22:24,1.389
1997-05-06 22:30,1.381
1997-05-06 22:36,1.374
1997-05-06 22:42,1.366
1997-05-06 22:48,1.358
1997-05-06 22:54,1.351
1997-05-06 23:00,1.343
1997-05-06 23:06,1.335
1997-05-06 23:12,1.327
1997-05-06 23:18,1.319
1997-05-06 23:24,1.311
1997-05-06 23:30,1.304
1997-05-06 23:36,1.296
1997-05-06 23:42,1.289
1997-05-06 23:48,1.281
1997-05-06 23:54,1.274
1997-05-07 00:00,1.266
1997-05-07 00:06,1.259
1997-05-07 00:12,1.252
1997-05-07 00:18,1.245
1997-05-07 00:24,1.239
1997-05-07 00:30,1.232
1997-05-07 00:36,1.226
1997-05-07 00:42,1.219
1997-05-07 00:48,1.213
1997-05-07 00:54,1.207
1997-05-07 01:00,1.202
1997-05-07 01:06,1.196
1997-05-07 01:12,1.191
1997-05-07 01:18,1.186
1997-05-07 01:24,1.181
1997-05-07 01:30,1.176
1997-05-07 01:36,1.172
1997-05-07 01:42,1.167
1997-05-07 01:48,1.163
1997-05-07 01:54,1.160
1997-05-07 02:00,1.156
1997-05-07 02:06,1.153
1997-05-07 02:12,1.150
1997-05-07 02:18,1.148
1997-05-07 02:24,1.146
1997-05-07 02:30,1.144
1997-05-07 02:36,1.143
1997-05-07 02:42,1.142
1997-05-07 02:48,1.141
1997-05-07 02:54,1.141
1997-05-07 03:00,1.141
1997-05-07 03:06,1.142
1997-05-07 03:12,1.142
1997-05-07 03:18,1.144
1997-05-07 03:24,1.146
1997-05-07 03:30,1.148
1997-05-07 03:36,1.150
1997-05-07 03:42,1.153
1997-05-07 03:48,1.157
1997-05-07 03:54,1.160
1997-05-07 04:00,1.165
1997-05-07 04:06,1.169
1997-05-07 04:12,1.174
1997-05-07 04:18,1.179
1997-05-07 04:24,1.185
1997-05-07 04:30,1.190
1997-05-07 04:36,1.197
1997-05-07 04:42,1.203
1997-05-07 04:48,1.210
1997-05-07 04:54,1.217
1997-05-07 05:00,1.224
1997-05-07 05:06,1.231
1997-05-07 05:12,1.239
1997-05-07 05:18,1.247
1997-05-07 05:24,1.255
1997-05-07 05:30,1.263
1997-05-07 05:36,1.271
1997-05-07 05:42,1.280
1997-05-07 05:48,1.288
1997-05-07 05:54,1.297
1997-05-07 06:00,1.306
1997-05-07 06:06,1.315
1997-05-07 06:12,1.324
1997-05-07 06:18,1.333
1997-05-07 06:24,1.343
1997-05-07 06:30,1.352
1997-05-07 06:36,1.362
1997-05-07 06:42,1.371
1997-05-07 06:48,1.381
1997-05-07 06:54,1.390
1997-05-07 07:00,1.400
1997-05-07 07:06,1.410
1997-05-07 07:12,1.419
1997-05-07 07:18,1.429
1997-05-07 07:24,1.438
1997-05-07 07:30,1.448
1997-05-07 07:36,1.457
1997-05-07 07:42,1.467
1997-05-07 07:48,1.476
1997-05-07 07:54,1.485
1997-05-07 08:00,1.494
1997-05-07 08:06,1.503
1997-05-07 08:12,1.512
1997-05-07 08:18,1.520
1997-05-07 08:24,1.529
1997-05-07 08:30,1.537
1997-05-07 08:36,1.545
1997-05-07 08:42,1.552
1997-05-07 08:48,1.559
1997-05-07 08:54,1.566
1997-05-07 09:00,1.573
1997-05-07 09:06,1.580
1997-05-07 09:12,1.586
1997-05-07 09:18,1.591
1997-05-07 09:24,1.597
1997-05-07 09:30,1.602
1997-05-07 09:36,1.606
1997-05-07 09:42,1.611
1997-05-07 09:48,1.615
1997-05-07 09:54,1.619
1997-05-07 10:00,1.622
1997-05-07 10:06,1.625
1997-05-07 10:12,1.628
1997-05-07 10:18,1.630
1997-05-07 10:24,1.632
1997-05-07 10:30,1.634
1997-05-07 10:36,1.636
1997-05-07 10:42,1.637
1997-05-07 10:48,1.639
1997-05-07 10:54,1.639
1997-05-07 11:00,1.640
1997-05-07 11:06,1.641
1997-05-07 11:12,1.641
1997-05-07 11:18,1.641
1997-05-07 11:24,1.641
1997-05-07 11:30,1.641
1997-05-07 11:36,1.641
1997-05-07 11:42,1.640
1997-05-07 11:48,1.639
1997-05-07 11:54,1.639
1997-05-07 12:00,1.638
1997-05-07 12:06,1.637
1997-05-07 12:12,1.636
1997-05-07 12:18,1.634
1997-05-07 12:24,1.633
1997-05-07 12:30,1.632
1997-05-07 12:36,1.630
1997-05-07 12:42,1.628
1997-05-07 12:48,1.626
1997-05-07 12:54,1.624
1997-05-07 13:00,1.622
1997-05-07 13:06,1.620
1997-05-07 13:12,1.618
1997-05-07 13:18,1.616
1997-05-07 13:24,1.613
1997-05-07 13:30,1.611
1997-05-07 13:36,1.608
1997-05-07 13:42,1.605
1997-05-07 13:48,1.602
1997-05-07 13:54,1.599
1997-05-07 14:00,1.596
1997-05-07 14:06,1.593
1997-05-07 14:12,1.590
1997-05-07 14:18,1.587
1997-05-07 14:24,1.584
1997-05-07 14:30,1.581
1997-05-07 14:36,1.578
1997-05-07 14:42,1.575
1997-05-07 14:48,1.572
1997-05-07 14:54,1.569
1997-05-07 15:00,1.566
1997-05-07 15:06,1.563
1997-05-07 15:12,1.560
1997-05-07 15:18,1.557
1997-05-07 15:24,1.554
1997-05-07 15:30,1.552
1997-05-07 15:36,1.549
1997-05-07 15:42,1.547
1997-05-07 15:48,1.544
1997-05-07 15:54,1.542
1997-05-07 16:00,1.540
1997-05-07 16:06,1.538
1997-05-07 16:12,1.536
1997-05-07 16:18,1.534
1997-05-07 16:24,1.533
1997-05-07 16:30,1.531
1997-05-07 16:36,1.530
1997-05-07 16:42,1.528
1997-05-07 16:48,1.527
1997-05-07 16:54,1.526
1997-05-07 17:00,1.525
1997-05-07 17:06,1.524
1997-05-07 17:12,1.523
1997-05-07 17:18,1.522
1997-05-07 17:24,1.521
1997-05-07 17:30,1.520
1997-05-07 17:36,1.519
1997-05-07 17:42,1.518
1997-05-07 17:48,1.518
1997-05-07 17:54,1.517
1997-05-07 18:00,1.517
1997-05-07 18:06,1.516
1997-05-07 18:12,1.516
1997-05-07 18:18,1.515
1997-05-07 18:24,1.515
1997-05-07 18:30,1.514
1997-05-07 18:36,1.514
1997-05-07 18:42,1.513
1997-05-07 18:48,1.513
1997-05-07 18:54,1.513
1997-05-07 19:00,1.512
1997-05-07 19:06,1.512
1997-05-07 19:12,1.512
1997-05-07 19:18,1.511
1997-05-07 19:24,1.511
1997-05-07 19:30,1.511
1997-05-07 19:36,1.510
1997-05-07 19:42,1.510
1997-05-07 19:48,1.509
1997-05-07 19:54,1.508
1997-05-07 20:00,1.508
1997-05-07 20:06,1.507
1997-05-07 20:12,1.506
1997-05-07 20:18,1.505
1997-05-07 20:24,1.503
1997-05-07 20:30,1.502
1997-05-07 20:36,1.500
1997-05-07 20:42,1.498
1997-05-07 20:48,1.496
1997-05-07 20:54,1.494
1997-05-07 21:00,1.491
1997-05-07 21:06,1.488
1997-05-07 21:12,1.485
1997-05-07 21:18,1.482
1997-05-07 21:24,1.478
1997-05-07 21:30,1.474
1997-05-07 21:36,1.470
1997-05-07 21:42,1.465
1997-05-07 21:48,1.460
1997-05-07 21:54,1.455
1997-05-07 22:00,1.450
1997-05-07 22:06,1.444
1997-05-07 22:12,1.438
1997-05-07 22:18,1.432
1997-05-07 22:24,1.425
1997-05-07 22:30,1.419
1997-05-07 22:36,1.412
1997-05-07 22:42,1.405
1997-05-07 22:48,1.398
1997-05-07 22:54,1.390
1997-05-07 23:00,1.383
1997-05-07 23:06,1.375
1997-05-07 23:12,1.367
1997-05-07 23:18,1.359
1997-05-07 23:24,1.351
1997-05-07 23:30,1.343
1997-05-07 23:36,1.335
1997-05-07 23:42,1.327
1997-05-07 23:48,1.319
1997-05-07 23:54,1.311
1997-05-08 00:00,1.303
1997-05-08 00:06,1.295
1997-05-08 00:12,1.287
1997-05-08 00:18,1.279
1997-05-08 00:24,1.271
1997-05-08 00:30,1.263
1997-05-08 00:36,1.256
1997-05-08 00:42,1.248
1997-05-08 00:48,1.241
1997-05-08 00:54,1.233
1997-05-08 01:00,1.226
1997-05-08 01:06,1.219
1997-05-08 01:12,1.212
1997-05-08 01:18,1.205
1997-05-08 01:24,1.199
1997-05-08 01:30,1.192
1997-05-08 01:36,1.186
1997-05-08 01:42,1.180
1997-05-08 01:48,1.175
1997-05-08 01:54,1.169
1997-05-08 02:00,1.164
1997-05-08 02:06,1.159
1997-05-08 02:12,1.154
1997-05-08 02:18,1.149
1997-05-08 02:24,1.145
1997-05-08 02:30,1.141
1997-05-08 02:36,1.137
1997-05-08 02:42,1.134
1997-05-08 02:48,1.131
1997-05-08 02:54,1.128
1997-05-08 03:00,1.126
1997-05-08 03:06,1.124
1997-05-08 03:12,1.122
1997-05-08 03:18,1.121
1997-05-08 03:24,1.120
1997-05-08 03:30,1.120
1997-05-08 03:36,1.120
1997-05-08 03:42,1.120
1997-05-08 03:48,1.121
1997-05-08 03:54,1.122
1997-05-08 04:00,1.123
1997-05-08 04:06,1.125
1997-05-08 04:12,1.127
1997-05-08 04:18,1.130
1997-05-08 04:24,1.133
1997-05-08 04:30,1.136
1997-05-08 04:36,1.140
1997-05-08 04:42,1.144
1997-05-08 04:48,1.149
1997-05-08 04:54,1.153
1997-05-08 05:00,1.158
1997-05-08 05:06,1.164
1997-05-08 05:12,1.170
1997-05-08 05:18,1.176
1997-05-08 05:24,1.182
1997-05-08 05:30,1.189
1997-05-08 05:36,1.196
1997-05-08 05:42,1.203
1997-05-08 05:48,1.210
1997-05-08 05:54,1.218
1997-05-08 06:00,1.226
1997-05-08 06:06,1.234
1997-05-08 06:12,1.242
1997-05-08 06:18,1.251
1997-05-08 06:24,1.259
1997-05-08 06:30,1.268
1997-05-08 06:36,1.277
1997-05-08 06:42,1.286
1997-05-08 06:48,1.296
1997-05-08 06:54,1.305
1997-05-08 07:00,1.315
1997-05-08 07:06,1.325
1997-05-08 07:12,1.334
1997-05-08 07:18,1.344
1997-05-08 07:24,1.354
1997-05-08 07:30,1.364
1997-05-08 07:36,1.374
1997-05-08 07:42,1.384
1997-05-08 07:48,1.394
1997-05-08 07:54,1.405
1997-05-08 08:00,1.415
1997-05-08 08:06,1.425
1997-05-08 08:12,1.435
1997-05-08 08:18,1.444
1997-05-08 08:24,1.454
1997-05-08 08:30,1.464
1997-05-08 08:36,1.473
1997-05-08 08:42,1.483
1997-05-08 08:48,1.492
1997-05-08 08:54,1.501
1997-05-08 09:00,1.510
1997-05-08 09:06,1.518
1997-05-08 09:12,1.526
1997-05-08 09:18,1.535
1997-05-08 09:24,1.542
1997-05-08 09:30,1.550
1997-05-08 09:36,1.557
1997-05-08 09:42,1.564
1997-05-08 09:48,1.571
1997-05-08 09:54,1.577
1997-05-08 10:00,1.583
1997-05-08 10:06,1.589
1997-05-08 10:12,1.595
1997-05-08 10:18,1.600
1997-05-08 10:24,1.605
1997-05-08 10:30,1.609
1997-05-08 10:36,1.613
1997-05-08 10:42,1.617
1997-05-08 10:48,1.621
1997-05-08 10:54,1.625
1997-05-08 11:00,1.628
1997-05-08 11:06,1.631
1997-05-08 11:12,1.633
1997-05-08 11:18,1.636
1997-05-08 11:24,1.638
1997-05-08 11:30,1.640
1997-05-08 11:36,1.641
1997-05-08 11:42,1.643
1997-05-08 11:48,1.644
1997-05-08 11:54,1.645
1997-05-08 12:00,1.646
1997-05-08 12:06,1.647
1997-05-08 12:12,1.647
1997-05-08 12:18,1.647
1997-05-08 12:24,1.647
1997-05-08 12:30,1.648
1997-05-08 12:36,1.647
1997-05-08 12:42,1.647
1997-05-08 12:48,1.647
1997-05-08 12:54,1.646
1997-05-08 13:00,1.645
1997-05-08 13:06,1.644
1997-05-08 13:12,1.643
1997-05-08 13:18,1.642
1997-05-08 13:24,1.641
1997-05-08 13:30,1.640
1997-05-08 13:36,1.638
1997-05-08 13:42,1.637
1997-05-08 13:48,1.635
1997-05-08 13:54,1.633
1997-05-08 14:00,1.631
1997-05-08 14:06,1.629
1997-05-08 14:12,1.627
1997-05-08 14:18,1.625
1997-05-08 14:24,1.623
1997-05-08 14:30,1.620
1997-05-08 14:36,1.618
1997-05-08 14:42,1.615
1997-05-08 14:48,1.613
1997-05-08 14:54,1.610
1997-05-08 15:00,1.608
1997-05-08 15:06,1.605
1997-05-08 15:12,1.602
1997-05-08 15:18,1.600
1997-05-08 15:24,1.597
1997-05-08 15:30,1.594
1997-05-08 15:36,1.592
1997-05-08 15:42,1.589
1997-05-08 15:48,1.586
1997-05-08 15:54,1.584
1997-05-08 16:00,1.581
1997-05-08 16:06,1.578
1997-05-08 16:12,1.576
1997-05-08 16:18,1.573
1997-05-08 16:24,1.570
1997-05-08 16:30,1.568
1997-05-08 16:36,1.566
1997-05-08 16:42,1.563
1997-05-08 16:48,1.561
1997-05-08 16:54,1.558
1997-05-08 17:00,1.556
1997-05-08 17:06,1.554
1997-05-08 17:12,1.552
1997-05-08 17:18,1.550
1997-05-08 17:24,1.548
1997-05-08 17:30,1.546
1997-05-08 17:36,1.544
1997-05-08 17:42,1.542
1997-05-08 17:48,1.541
1997-05-08 17:54,1.539
1997-05-08 18:00,1.538
1997-05-08 18:06,1.536
1997-05-08 18:12,1.535
1997-05-08 18:18,1.533
1997-05-08 18:24,1.532
1997-05-08 18:30,1.531
1997-05-08 18:36,1.530
1997-05-08 18:42,1.529
1997-05-08 18:48,1.528
1997-05-08 18:54,1.527
1997-05-08 19:00,1.526
1997-05-08 19:06,1.525
1997-05-08 19:12,1.524
1997-05-08 19:18,1.523
1997-05-08 19:24,1.522
1997-05-08 19:30,1.521
1997-05-08 19:36,1.521
1997-05-08 19:42,1.520
1997-05-08 19:48,1.519
1997-05-08 19:54,1.518
1997-05-08 20:00,1.518
1997-05-08 20:06,1.517
1997-05-08 20:12,1.516
1997-05-08 20:18,1.515
1997-05-08 20:24,1.514
1997-05-08 20:30,1.512
1997-05-08 20:36,1.511
1997-05-08 20:42,1.510
1997-05-08 20:48,1.508
1997-05-08 20:54,1.507
1997-05-08 21:00,1.505
1997-05-08 21:06,1.503
1997-05-08 21:12,1.501
1997-05-08 21:18,1.498
1997-05-08 21:24,1.496
1997-05-08 21:30,1.493
1997-05-08 21:36,1.490
1997-05-08 21:42,1.487
1997-05-08 21:48,1.484
1997-05-08 21:54,1.480
1997-05-08 22:00,1.476
1997-05-08 22:06,1.472
1997-05-08 22:12,1.468
1997-05-08 22:18,1.463
1997-05-08 22:24,1.458
1997-05-08 22:30,1.453
1997-05-08 22:36,1.448
1997-05-08 22:42,1.442
1997-05-08 22:48,1.437
1997-05-08 22:54,1.431
1997-05-08 23:00,1.425
1997-05-08 23:06,1.418
1997-05-08 23:12,1.412
1997-05-08 23:18,1.405
1997-05-08 23:24,1.398
1997-05-08 23:30,1.391
1997-05-08 23:36,1.384
1997-05-08 23:42,1.376
1997-05-08 23:48,1.369
1997-05-08 23:54,1.361
1997-05-09 00:00,1.353
1997-05-09 00:06,1.346
1997-05-09 00:12,1.338
1997-05-09 00:18,1.330
1997-05-09 00:24,1.322
1997-05-09 00:30,1.314
1997-05-09 00:36,1.306
1997-05-09 00:42,1.298
1997-05-09 00:48,1.290
1997-05-09 00:54,1.282
1997-05-09 01:00,1.274
1997-05-09 01:06,1.266
1997-05-09 01:12,1.258
1997-05-09 01:18,1.251
1997-05-09 01:24,1.243
1997-05-09 01:30,1.236
1997-05-09 01:36,1.228
1997-05-09 01:42,1.221
1997-05-09 01:48,1.214
1997-05-09 01:54,1.207
1997-05-09 02:00,1.201
1997-05-09 02:06,1.194
1997-05-09 02:12,1.188
1997-05-09 02:18,1.182
1997-05-09 02:24,1.176
1997-05-09 02:30,1.170
1997-05-09 02:36,1.165
1997-05-09 02:42,1.160
1997-05-09 02:48,1.155
1997-05-09 02:54,1.150
1997-05-09 03:00,1.146
1997-05-09 03:06,1.142
1997-05-09 03:12,1.138
1997-05-09 03:18,1.135
1997-05-09 03:24,1.132
1997-05-09 03:30,1.129
1997-05-09 03:36,1.126
1997-05-09 03:42,1.124
1997-05-09 03:48,1.123
1997-05-09 03:54,1.121
1997-05-09 04:00,1.120
1997-05-09 04:06,1.119
1997-05-09 04:12,1.119
1997-05-09 04:18,1.118
1997-05-09 04:24,1.119
1997-05-09 04:30,1.119
1997-05-09 04:36,1.120
1997-05-09 04:42,1.121
1997-05-09 04:48,1.123
1997-05-09 04:54,1.125
1997-05-09 05:00,1.127
1997-05-09 05:06,1.130
1997-05-09 05:12,1.133
1997-05-09 05:18,1.136
1997-05-09 05:24,1.140
1997-05-09 05:30,1.144
1997-05-09 05:36,1.149
1997-05-09 05:42,1.153
1997-05-09 05:48,1.158
1997-05-09 05:54,1.164
1997-05-09 06:00,1.170
1997-05-09 06:06,1.176
1997-05-09 06:12,1.182
1997-05-09 06:18,1.189
1997-05-09 06:24,1.195
1997-05-09 06:30,1.203
1997-05-09 06:36,1.210
1997-05-09 06:42,1.218
1997-05-09 06:48,1.226
1997-05-09 06:54,1.234
1997-05-09 07:00,1.242
1997-05-09 07:06,1.251
1997-05-09 07:12,1.260
1997-05-09 07:18,1.269
1997-05-09 07:24,1.278
1997-05-09 07:30,1.287
1997-05-09 07:36,1.297
1997-05-09 07:42,1.306
1997-05-09 07:48,1.316
1997-05-09 07:54,1.325
1997-05-09 08:00,1.335
1997-05-09 08:06,1.345
1997-05-09 08:12,1.355
1997-05-09 08:18,1.365
1997-05-09 08:24,1.375
1997-05-09 08:30,1.384
1997-05-09 08:36,1.394
1997-05-09 08:42,1.404
1997-05-09 08:48,1.414
1997-05-09 08:54,1.423
1997-05-09 09:00,1.433
1997-05-09 09:06,1.442
1997-05-09 09:12,1.451
1997-05-09 09:18,1.460
1997-05-09 09:24,1.469
1997-05-09 09:30,1.478
1997-05-09 09:36,1.487
1997-05-09 09:42,1.495
1997-05-09 09:48,1.503
1997-05-09 09:54,1.511
1997-05-09 10:00,1.519
1997-05-09 10:06,1.527
1997-05-09 10:12,1.534
1997-05-09 10:18,1.541
1997-05-09 10:24,1.548
1997-05-09 10:30,1.555
1997-05-09 10:36,1.561
1997-05-09 10:42,1.568
1997-05-09 10:48,1.573
1997-05-09 10:54,1.579
1997-05-09 11:00,1.585
1997-05-09 11:06,1.590
1997-05-09 11:12,1.595
1997-05-09 11:18,1.599
1997-05-09 11:24,1.604
1997-05-09 11:30,1.608
1997-05-09 11:36,1.612
1997-05-09 11:42,1.615
1997-05-09 11:48,1.619
1997-05-09 11:54,1.622
1997-05-09 12:00,1.625
1997-05-09 12:06,1.627
1997-05-09 12:12,1.630
1997-05-09 12:18,1.632
1997-05-09 12:24,1.634
1997-05-09 12:30,1.635
1997-05-09 12:36,1.637
1997-05-09 12:42,1.638
1997-05-09 12:48,1.639
1997-05-09 12:54,1.640
1997-05-09 13:00,1.641
1997-05-09 13:06,1.642
1997-05-09 13:12,1.642
1997-05-09 13:18,1.642
1997-05-09 13:24,1.642
1997-05-09 13:30,1.642
1997-05-09 13:36,1.642
1997-05-09 13:42,1.642
1997-05-09 13:48,1.641
1997-05-09 13:54,1.641
1997-05-09 14:00,1.640
1997-05-09 14:06,1.639
1997-05-09 14:12,1.639
1997-05-09 14:18,1.638
1997-05-09 14:24,1.637
1997-05-09 14:30,1.635
1997-05-09 14:36,1.634
1997-05-09 14:42,1.633
1997-05-09 14:48,1.632
1997-05-09 14:54,1.630
1997-05-09 15:00,1.629
1997-05-09 15:06,1.627
1997-05-09 15:12,1.625
1997-05-09 15:18,1.623
1997-05-09 15:24,1.622
1997-05-09 15:30,1.620
1997-05-09 15:36,1.618
1997-05-09 15:42,1.616
1997-05-09 15:48,1.613
1997-05-09 15:54,1.611
1997-05-09 16:00,1.609
1997-05-09 16:06,1.607
1997-05-09 16:12,1.604
1997-05-09 16:18,1.602
1997-05-09 16:24,1.599
1997-05-09 16:30,1.597
1997-05-09 16:36,1.594
1997-05-09 16:42,1.592
1997-05-09 16:48,1.589
1997-05-09 16:54,1.586
1997-05-09 17:00,1.584
1997-05-09 17:06,1.581
1997-05-09 17:12,1.578
1997-05-09 17:18,1.576
1997-05-09 17:24,1.573
1997-05-09 17:30,1.570
1997-05-09 17:36,1.568
1997-05-09 17:42,1.565
1997-05-09 17:48,1.563
1997-05-09 17:54,1.560
1997-05-09 18:00,1.558
1997-05-09 18:06,1.556
1997-05-09 18:12,1.554
1997-05-09 18:18,1.551
1997-05-09 18:24,1.549
1997-05-09 18:30,1.547
1997-05-09 18:36,1.545
1997-05-09 18:42,1.544
1997-05-09 18:48,1.542
1997-05-09 18:54,1.540
1997-05-09 19:00,1.539
1997-05-09 19:06,1.537
1997-05-09 19:12,1.536
1997-05-09 19:18,1.534
1997-05-09 19:24,1.533
1997-05-09 19:30,1.532
1997-05-09 19:36,1.531
1997-05-09 19:42,1.530
1997-05-09 19:48,1.528
1997-05-09 19:54,1.527
1997-05-09 20:00,1.526
1997-05-09 20:06,1.525
1997-05-09 20:12,1.524
1997-05-09 20:18,1.523
1997-05-09 20:24,1.522
1997-05-09 20:30,1.520
1997-05-09 20:36,1.519
1997-05-09 20:42,1.518
1997-05-09 20:48,1.516
1997-05-09 20:54,1.515
1997-05-09 21:00,1.513
1997-05-09 21:06,1.512
1997-05-09 21:12,1.510
1997-05-09 21:18,1.508
1997-05-09 21:24,1.506
1997-05-09 21:30,1.504
1997-05-09 21:36,1.502
1997-05-09 21:42,1.500
1997-05-09 21:48,1.497
1997-05-09 21:54,1.494
1997-05-09 22:00,1.492
1997-05-09 22:06,1.489
1997-05-09 22:12,1.486
1997-05-09 22:18,1.483
1997-05-09 22:24,1.479
1997-05-09 22:30,1.476
1997-05-09 22:36,1.472
1997-05-09 22:42,1.468
1997-05-09 22:48,1.464
1997-05-09 22:54,1.460
1997-05-09 23:00,1.456
1997-05-09 23:06,1.451
1997-05-09 23:12,1.446
1997-05-09 23:18,1.441
1997-05-09 23:24,1.436
1997-05-09 23:30,1.431
1997-05-09 23:36,1.425
1997-05-09 23:42,1.420
1997-05-09 23:48,1.414
1997-05-09 23:54,1.408
1997-05-10 00:00,1.402
1997-05-10 00:06,1.395
1997-05-10 00:12,1.389
1997-05-10 00:18,1.382
1997-05-10 00:24,1.375
1997-05-10 00:30,1.368
1997-05-10 00:36,1.361
1997-05-10 00:42,1.354
1997-05-10 00:48,1.346
1997-05-10 00:54,1.339
1997-05-10 01:00,1.332
1997-05-10 01:06,1.324
1997-05-10 01:12,1.317
1997-05-10 01:18,1.309
1997-05-10 01:24,1.301
1997-05-10 01:30,1.294
1997-05-10 01:36,1.286
1997-05-10 01:42,1.279
1997-05-10 01:48,1.271
1997-05-10 01:54,1.264
1997-05-10 02:00,1.257
1997-05-10 02:06,1.249
1997-05-10 02:12,1.242
1997-05-10 02:18,1.235
1997-05-10 02:24,1.229
1997-05-10 02:30,1.222
1997-05-10 02:36,1.216
1997-05-10 02:42,1.210
1997-05-10 02:48,1.203
1997-05-10 02:54,1.198
1997-05-10 03:00,1.192
1997-05-10 03:06,1.187
1997-05-10 03:12,1.182
1997-05-10 03:18,1.177
1997-05-10 03:24,1.172
1997-05-10 03:30,1.168
1997-05-10 03:36,1.163
1997-05-10 03:42,1.160
1997-05-10 03:48,1.156
1997-05-10 03:54,1.152
1997-05-10 04:00,1.149
1997-05-10 04:06,1.146
1997-05-10 04:12,1.144
1997-05-10 04:18,1.141
1997-05-10 04:24,1.139
1997-05-10 04:30,1.138
1997-05-10 04:36,1.136
1997-05-10 04:42,1.135
1997-05-10 04:48,1.134
1997-05-10 04:54,1.133
1997-05-10 05:00,1.133
1997-05-10 05:06,1.133
1997-05-10 05:12,1.133
1997-05-10 05:18,1.134
1997-05-10 05:24,1.135
1997-05-10 05:30,1.136
1997-05-10 05:36,1.137
1997-05-10 05:42,1.139
1997-05-10 05:48,1.141
1997-05-10 05:54,1.144
1997-05-10 06:00,1.147
1997-05-10 06:06,1.150
1997-05-10 06:12,1.154
1997-05-10 06:18,1.158
1997-05-10 06:24,1.162
1997-05-10 06:30,1.167
1997-05-10 06:36,1.172
1997-05-10 06:42,1.177
1997-05-10 06:48,1.183
1997-05-10 06:54,1.189
1997-05-10 07:00,1.195
1997-05-10 07:06,1.202
1997-05-10 07:12,1.208
1997-05-10 07:18,1.215
1997-05-10 07:24,1.223
1997-05-10 07:30,1.230
1997-05-10 07:36,1.238
1997-05-10 07:42,1.246
1997-05-10 07:48,1.254
1997-05-10 07:54,1.263
1997-05-10 08:00,1.271
1997-05-10 08:06,1.280
1997-05-10 08:12,1.289
1997-05-10 08:18,1.297
1997-05-10 08:24,1.306
1997-05-10 08:30,1.315
1997-05-10 08:36,1.324
1997-05-10 08:42,1.333
1997-05-10 08:48,1.342
1997-05-10 08:54,1.351
1997-05-10 09:00,1.360
1997-05-10 09:06,1.369
1997-05-10 09:12,1.378
1997-05-10 09:18,1.387
1997-05-10 09:24,1.396
1997-05-10 09:30,1.405
1997-05-10 09:36,1.413
1997-05-10 09:42,1.422
1997-05-10 09:48,1.430
1997-05-10 09:54,1.439
1997-05-10 10:00,1.447
1997-05-10 10:06,1.455
1997-05-10 10:12,1.463
1997-05-10 10:18,1.471
1997-05-10 10:24,1.479
1997-05-10 10:30,1.487
1997-05-10 10:36,1.494
1997-05-10 10:42,1.501
1997-05-10 10:48,1.509
1997-05-10 10:54,1.516
1997-05-10 11:00,1.523
1997-05-10 11:06,1.529
1997-05-10 11:12,1.536
1997-05-10 11:18,1.542
1997-05-10 11:24,1.548
1997-05-10 11:30,1.554
1997-05-10 11:36,1.560
1997-05-10 11:42,1.565
1997-05-10 11:48,1.570
1997-05-10 11:54,1.575
1997-05-10 12:00,1.580
1997-05-10 12:06,1.585
1997-05-10 12:12,1.589
1997-05-10 12:18,1.593
1997-05-10 12:24,1.597
1997-05-10 12:30,1.600
1997-05-10 12:36,1.604
1997-05-10 12:42,1.607
1997-05-10 12:48,1.609
1997-05-10 12:54,1.612
1997-05-10 13:00,1.614
1997-05-10 13:06,1.617
1997-05-10 13:12,1.619
1997-05-10 13:18,1.620
1997-05-10 13:24,1.622
1997-05-10 13:30,1.623
1997-05-10 13:36,1.624
1997-05-10 13:42,1.625
1997-05-10 13:48,1.626
1997-05-10 13:54,1.627
1997-05-10 14:00,1.627
1997-05-10 14:06,1.628
1997-05-10 14:12,1.628
1997-05-10 14:18,1.628
1997-05-10 14:24,1.628
1997-05-10 14:30,1.628
1997-05-10 14:36,1.628
1997-05-10 14:42,1.628
1997-05-10 14:48,1.628
1997-05-10 14:54,1.628
1997-05-10 15:00,1.627
1997-05-10 15:06,1.627
1997-05-10 15:12,1.626
1997-05-10 15:18,1.626
1997-05-10 15:24,1.625
1997-05-10 15:30,1.624
1997-05-10 15:36,1.623
1997-05-10 15:42,1.622
1997-05-10 15:48,1.621
1997-05-10 15:54,1.620
1997-05-10 16:00,1.619
1997-05-10 16:06,1.617
1997-05-10 16:12,1.616
1997-05-10 16:18,1.614
1997-05-10 16:24,1.612
1997-05-10 16:30,1.611
1997-05-10 16:36,1.609
1997-05-10 16:42,1.607
1997-05-10 16:48,1.604
1997-05-10 16:54,1.602
1997-05-10 17:00,1.600
1997-05-10 17:06,1.598
1997-05-10 17:12,1.595
1997-05-10 17:18,1.593
1997-05-10 17:24,1.590
1997-05-10 17:30,1.587
1997-05-10 17:36,1.585
1997-05-10 17:42,1.582
1997-05-10 17:48,1.579
1997-05-10 17:54,1.576
1997-05-10 18:00,1.574
1997-05-10 18:06,1.571
1997-05-10 18:12,1.568
1997-05-10 18:18,1.566
1997-05-10 18:24,1.563
1997-05-10 18:30,1.561
1997-05-10 18:36,1.558
1997-05-10 18:42,1.556
1997-05-10 18:48,1.554
1997-05-10 18:54,1.551
1997-05-10 19:00,1.549
1997-05-10 19:06,1.547
1997-05-10 19:12,1.545
1997-05-10 19:18,1.543
1997-05-10 19:24,1.542
1997-05-10 19:30,1.540
1997-05-10 19:36,1.538
1997-05-10 19:42,1.537
1997-05-10 19:48,1.535
1997-05-10 19:54,1.534
1997-05-10 20:00,1.532
1997-05-10 20:06,1.531
1997-05-10 20:12,1.529
1997-05-10 20:18,1.528
1997-05-10 20:24,1.527
1997-05-10 20:30,1.525
1997-05-10 20:36,1.524
1997-05-10 20:42,1.522
1997-05-10 20:48,1.521
1997-05-10 20:54,1.519
1997-05-10 21:00,1.518
1997-05-10 21:06,1.516
1997-05-10 21:12,1.514
1997-05-10 21:18,1.513
1997-05-10 21:24,1.511
1997-05-10 21:30,1.509
1997-05-10 21:36,1.507
1997-05-10 21:42,1.505
1997-05-10 21:48,1.503
1997-05-10 21:54,1.501
1997-05-10 22:00,1.498
1997-05-10 22:06,1.496
1997-05-10 22:12,1.494
1997-05-10 22:18,1.491
1997-05-10 22:24,1.489
1997-05-10 22:30,1.486
1997-05-10 22:36,1.483
1997-05-10 22:42,1.481
1997-05-10 22:48,1.478
1997-05-10 22:54,1.475
1997-05-10 23:00,1.472
1997-05-10 23:06,1.469
1997-05-10 23:12,1.465
1997-05-10 23:18,1.462
1997-05-10 23:24,1.459
1997-05-10 23:30,1.455
1997-05-10 23:36,1.451
1997-05-10 23:42,1.448
1997-05-10 23:48,1.444
1997-05-10 23:54,1.439
1997-05-11 00:00,1.435
1997-05-11 00:06,1.431
1997-05-11 00:12,1.426
1997-05-11 00:18,1.421
1997-05-11 00:24,1.416
1997-05-11 00:30,1.411
1997-05-11 00:36,1.406
1997-05-11 00:42,1.400
1997-05-11 00:48,1.395
1997-05-11 00:54,1.389
1997-05-11 01:00,1.383
1997-05-11 01:06,1.377
1997-05-11 01:12,1.371
1997-05-11 01:18,1.365
1997-05-11 01:24,1.358
1997-05-11 01:30,1.352
1997-05-11 01:36,1.345
1997-05-11 01:42,1.338
1997-05-11 01:48,1.332
1997-05-11 01:54,1.325
1997-05-11 02:00,1.318
1997-05-11 02:06,1.311
1997-05-11 02:12,1.304
1997-05-11 02:18,1.298
1997-05-11 02:24,1.291
1997-05-11 02:30,1.284
1997-05-11 02:36,1.278
1997-05-11 02:42,1.271
1997-05-11 02:48,1.265
1997-05-11 02:54,1.259
1997-05-11 03:00,1.253
1997-05-11 03:06,1.247
1997-05-11 03:12,1.241
1997-05-11 03:18,1.235
1997-05-11 03:24,1.230
1997-05-11 03:30,1.225
1997-05-11 03:36,1.219
1997-05-11 03:42,1.215
1997-05-11 03:48,1.210
1997-05-11 03:54,1.205
1997-05-11 04:00,1.201
1997-05-11 04:06,1.197
1997-05-11 04:12,1.193
1997-05-11 04:18,1.189
1997-05-11 04:24,1.185
1997-05-11 04:30,1.182
1997-05-11 04:36,1.179
1997-05-11 04:42,1.176
1997-05-11 04:48,1.173
1997-05-11 04:54,1.171
1997-05-11 05:00,1.168
1997-05-11 05:06,1.166
1997-05-11 05:12,1.164
1997-05-11 05:18,1.162
1997-05-11 05:24,1.161
1997-05-11 05:30,1.160
1997-05-11 05:36,1.159
1997-05-11 05:42,1.158
1997-05-11 05:48,1.158
1997-05-11 05:54,1.158
1997-05-11 06:00,1.158
1997-05-11 06:06,1.159
1997-05-11 06:12,1.160
1997-05-11 06:18,1.161
1997-05-11 06:24,1.162
1997-05-11 06:30,1.164
1997-05-11 06:36,1.167
1997-05-11 06:42,1.169
1997-05-11 06:48,1.172
1997-05-11 06:54,1.175
1997-05-11 07:00,1.179
1997-05-11 07:06,1.183
1997-05-11 07:12,1.187
1997-05-11 07:18,1.192
1997-05-11 07:24,1.196
1997-05-11 07:30,1.202
1997-05-11 07:36,1.207
1997-05-11 07:42,1.213
1997-05-11 07:48,1.219
1997-05-11 07:54,1.225
1997-05-11 08:00,1.232
1997-05-11 08:06,1.238
1997-05-11 08:12,1.245
1997-05-11 08:18,1.252
1997-05-11 08:24,1.259
1997-05-11 08:30,1.267
1997-05-11 08:36,1.274
1997-05-11 08:42,1.282
1997-05-11 08:48,1.289
1997-05-11 08:54,1.297
1997-05-11 09:00,1.305
1997-05-11 09:06,1.313
1997-05-11 09:12,1.321
1997-05-11 09:18,1.328
1997-05-11 09:24,1.336
1997-05-11 09:30,1.344
1997-05-11 09:36,1.352
1997-05-11 09:42,1.360
1997-05-11 09:48,1.367
1997-05-11 09:54,1.375
1997-05-11 10:00,1.383
1997-05-11 10:06,1.390
1997-05-11 10:12,1.398
1997-05-11 10:18,1.406
1997-05-11 10:24,1.413
1997-05-11 10:30,1.421
1997-05-11 10:36,1.428
1997-05-11 10:42,1.435
1997-05-11 10:48,1.443
1997-05-11 10:54,1.450
1997-05-11 11:00,1.457
1997-05-11 11:06,1.464
1997-05-11 11:12,1.471
1997-05-11 11:18,1.478
1997-05-11 11:24,1.485
1997-05-11 11:30,1.491
1997-05-11 11:36,1.498
1997-05-11 11:42,1.504
1997-05-11 11:48,1.510
1997-05-11 11:54,1.516
1997-05-11 12:00,1.522
1997-05-11 12:06,1.528
1997-05-11 12:12,1.534
1997-05-11 12:18,1.539
1997-05-11 12:24,1.544
1997-05-11 12:30,1.549
1997-05-11 12:36,1.554
1997-05-11 12:42,1.559
1997-05-11 12:48,1.563
1997-05-11 12:54,1.567
1997-05-11 13:00,1.571
1997-05-11 13:06,1.575
1997-05-11 13:12,1.578
1997-05-11 13:18,1.582
1997-05-11 13:24,1.585
1997-05-11 13:30,1.587
1997-05-11 13:36,1.590
1997-05-11 13:42,1.592
1997-05-11 13:48,1.595
1997-05-11 13:54,1.597
1997-05-11 14:00,1.598
1997-05-11 14:06,1.600
1997-05-11 14:12,1.602
1997-05-11 14:18,1.603
1997-05-11 14:24,1.604
1997-05-11 14:30,1.605
1997-05-11 14:36,1.606
1997-05-11 14:42,1.607
1997-05-11 14:48,1.608
1997-05-11 14:54,1.608
1997-05-11 15:00,1.609
1997-05-11 15:06,1.610
1997-05-11 15:12,1.610
1997-05-11 15:18,1.610
1997-05-11 15:24,1.611
1997-05-11 15:30,1.611
1997-05-11 15:36,1.611
1997-05-11 15:42,1.611
1997-05-11 15:48,1.611
1997-05-11 15:54,1.610
1997-05-11 16:00,1.610
1997-05-11 16:06,1.610
1997-05-11 16:12,1.609
1997-05-11 16:18,1.609
1997-05-11 16:24,1.608
1997-05-11 16:30,1.607
1997-05-11 16:36,1.606
1997-05-11 16:42,1.605
1997-05-11 16:48,1.604
1997-05-11 16:54,1.602
1997-05-11 17:00,1.601
1997-05-11 17:06,1.599
1997-05-11 17:12,1.598
1997-05-11 17:18,1.596
1997-05-11 17:24,1.594
1997-05-11 17:30,1.592
1997-05-11 17:36,1.590
1997-05-11 17:42,1.587
1997-05-11 17:48,1.585
1997-05-11 17:54,1.582
1997-05-11 18:00,1.580
1997-05-11 18:06,1.577
1997-05-11 18:12,1.575
1997-05-11 18:18,1.572
1997-05-11 18:24,1.570
1997-05-11 18:30,1.567
1997-05-11 18:36,1.565
1997-05-11 18:42,1.562
1997-05-11 18:48,1.559
1997-05-11 18:54,1.557
1997-05-11 19:00,1.555
1997-05-11 19:06,1.552
1997-05-11 19:12,1.550
1997-05-11 19:18,1.548
1997-05-11 19:24,1.545
1997-05-11 19:30,1.543
1997-05-11 19:36,1.541
1997-05-11 19:42,1.539
1997-05-11 19:48,1.537
1997-05-11 19:54,1.536
1997-05-11 20:00,1.534
1997-05-11 20:06,1.532
1997-05-11 20:12,1.530
1997-05-11 20:18,1.529
1997-05-11 20:24,1.527
1997-05-11 20:30,1.525
1997-05-11 20:36,1.524
1997-05-11 20:42,1.522
1997-05-11 20:48,1.520
1997-05-11 20:54,1.519
1997-05-11 21:00,1.517
1997-05-11 21:06,1.515
1997-05-11 21:12,1.514
1997-05-11 21:18,1.512
1997-05-11 21:24,1.510
1997-05-11 21:30,1.508
1997-05-11 21:36,1.506
1997-05-11 21:42,1.505
1997-05-11 21:48,1.503
1997-05-11 21:54,1.501
1997-05-11 22:00,1.498
1997-05-11 22:06,1.496
1997-05-11 22:12,1.494
1997-05-11 22:18,1.492
1997-05-11 22:24,1.490
1997-05-11 22:30,1.488
1997-05-11 22:36,1.485
1997-05-11 22:42,1.483
1997-05-11 22:48,1.481
1997-05-11 22:54,1.479
1997-05-11 23:00,1.476
1997-05-11 23:06,1.474
1997-05-11 23:12,1.472
1997-05-11 23:18,1.469
1997-05-11 23:24,1.467
1997-05-11 23:30,1.464
1997-05-11 23:36,1.462
1997-05-11 23:42,1.459
1997-05-11 23:48,1.456
1997-05-11 23:54,1.454
1997-05-12 00:00,1.451
1997-05-12 00:06,1.448
1997-05-12 00:12,1.445
1997-05-12 00:18,1.442
1997-05-12 00:24,1.439
1997-05-12 00:30,1.436
1997-05-12 00:36,1.432
1997-05-12 00:42,1.429
1997-05-12 00:48,1.425
1997-05-12 00:54,1.422
1997-05-12 01:00,1.418
1997-05-12 01:06,1.414
1997-05-12 01:12,1.409
1997-05-12 01:18,1.405
1997-05-12 01:24,1.401
1997-05-12 01:30,1.396
1997-05-12 01:36,1.391
1997-05-12 01:42,1.386
1997-05-12 01:48,1.381
1997-05-12 01:54,1.376
1997-05-12 02:00,1.371
1997-05-12 02:06,1.365
1997-05-12 02:12,1.360
1997-05-12 02:18,1.354
1997-05-12 02:24,1.349
1997-05-12 02:30,1.343
1997-05-12 02:36,1.338
1997-05-12 02:42,1.332
1997-05-12 02:48,1.326
1997-05-12 02:54,1.321
1997-05-12 03:00,1.315
1997-05-12 03:06,1.310
1997-05-12 03:12,1.304
1997-05-12 03:18,1.299
1997-05-12 03:24,1.293
1997-05-12 03:30,1.288
1997-05-12 03:36,1.283
1997-05-12 03:42,1.278
1997-05-12 03:48,1.273
1997-05-12 03:54,1.268
1997-05-12 04:00,1.263
1997-05-12 04:06,1.259
1997-05-12 04:12,1.254
1997-05-12 04:18,1.250
1997-05-12 04:24,1.245
1997-05-12 04:30,1.241
1997-05-12 04:36,1.237
1997-05-12 04:42,1.233
1997-05-12 04:48,1.229
1997-05-12 04:54,1.226
1997-05-12 05:00,1.222
1997-05-12 05:06,1.219
1997-05-12 05:12,1.216
1997-05-12 05:18,1.213
1997-05-12 05:24,1.210
1997-05-12 05:30,1.207
1997-05-12 05:36,1.205
1997-05-12 05:42,1.202
1997-05-12 05:48,1.200
1997-05-12 05:54,1.198
1997-05-12 06:00,1.196
1997-05-12 06:06,1.195
1997-05-12 06:12,1.194
1997-05-12 06:18,1.193
1997-05-12 06:24,1.192
1997-05-12 06:30,1.191
1997-05-12 06:36,1.191
1997-05-12 06:42,1.191
1997-05-12 06:48,1.192
1997-05-12 06:54,1.192
1997-05-12 07:00,1.193
1997-05-12 07:06,1.195
1997-05-12 07:12,1.196
1997-05-12 07:18,1.198
1997-05-12 07:24,1.201
1997-05-12 07:30,1.203
1997-05-12 07:36,1.206
1997-05-12 07:42,1.209
1997-05-12 07:48,1.213
1997-05-12 07:54,1.216
1997-05-12 08:00,1.220
1997-05-12 08:06,1.225
1997-05-12 08:12,1.229
1997-05-12 08:18,1.234
1997-05-12 08:24,1.239
1997-05-12 08:30,1.244
1997-05-12 08:36,1.249
1997-05-12 08:42,1.255
1997-05-12 08:48,1.261
1997-05-12 08:54,1.266
1997-05-12 09:00,1.272
1997-05-12 09:06,1.278
1997-05-12 09:12,1.284
1997-05-12 09:18,1.291
1997-05-12 09:24,1.297
1997-05-12 09:30,1.303
1997-05-12 09:36,1.310
1997-05-12 09:42,1.316
1997-05-12 09:48,1.323
1997-05-12 09:54,1.329
1997-05-12 10:00,1.336
1997-05-12 10:06,1.342
1997-05-12 10:12,1.349
1997-05-12 10:18,1.355
1997-05-12 10:24,1.362
1997-05-12 10:30,1.369
1997-05-12 10:36,1.375
1997-05-12 10:42,1.382
1997-05-12 10:48,1.388
1997-05-12 10:54,1.395
1997-05-12 11:00,1.401
1997-05-12 11:06,1.408
1997-05-12 11:12,1.414
1997-05-12 11:18,1.421
1997-05-12 11:24,1.427
1997-05-12 11:30,1.433
1997-05-12 11:36,1.440
1997-05-12 11:42,1.446
1997-05-12 11:48,1.452
1997-05-12 11:54,1.458
1997-05-12 12:00,1.464
1997-05-12 12:06,1.470
1997-05-12 12:12,1.476
1997-05-12 12:18,1.482
1997-05-12 12:24,1.488
1997-05-12 12:30,1.494
1997-05-12 12:36,1.499
1997-05-12 12:42,1.504
1997-05-12 12:48,1.510
1997-05-12 12:54,1.515
1997-05-12 13:00,1.520
1997-05-12 13:06,1.524
1997-05-12 13:12,1.529
1997-05-12 13:18,1.533
1997-05-12 13:24,1.537
1997-05-12 13:30,1.541
1997-05-12 13:36,1.545
1997-05-12 13:42,1.549
1997-05-12 13:48,1.552
1997-05-12 13:54,1.555
1997-05-12 14:00,1.559
1997-05-12 14:06,1.561
1997-05-12 14:12,1.564
1997-05-12 14:18,1.567
1997-05-12 14:24,1.569
1997-05-12 14:30,1.571
1997-05-12 14:36,1.573
1997-05-12 14:42,1.575
1997-05-12 14:48,1.577
1997-05-12 14:54,1.579
1997-05-12 15:00,1.580
1997-05-12 15:06,1.582
1997-05-12 15:12,1.583
1997-05-12 15:18,1.584
1997-05-12 15:24,1.585
1997-05-12 15:30,1.586
1997-05-12 15:36,1.587
1997-05-12 15:42,1.588
1997-05-12 15:48,1.588
1997-05-12 15:54,1.589
1997-05-12 16:00,1.589
1997-05-12 16:06,1.590
1997-05-12 16:12,1.590
1997-05-12 16:18,1.590
1997-05-12 16:24,1.590
1997-05-12 16:30,1.590
1997-05-12 16:36,1.590
1997-05-12 16:42,1.589
1997-05-12 16:48,1.589
1997-05-12 16:54,1.588
1997-05-12 17:00,1.588
1997-05-12 17:06,1.587
1997-05-12 17:12,1.586
1997-05-12 17:18,1.585
1997-05-12 17:24,1.584
1997-05-12 17:30,1.582
1997-05-12 17:36,1.581
1997-05-12 17:42,1.579
1997-05-12 17:48,1.578
1997-05-12 17:54,1.576
1997-05-12 18:00,1.574
1997-05-12 18:06,1.572
1997-05-12 18:12,1.570
1997-05-12 18:18,1.568
1997-05-12 18:24,1.566
1997-05-12 18:30,1.564
1997-05-12 18:36,1.561
1997-05-12 18:42,1.559
1997-05-12 18:48,1.557
1997-05-12 18:54,1.554
1997-05-12 19:00,1.552
1997-05-12 19:06,1.550
1997-05-12 19:12,1.547
1997-05-12 19:18,1.545
1997-05-12 19:24,1.543
1997-05-12 19:30,1.540
1997-05-12 19:36,1.538
1997-05-12 19:42,1.536
1997-05-12 19:48,1.534
1997-05-12 19:54,1.532
1997-05-12 20:00,1.530
1997-05-12 20:06,1.528
1997-05-12 20:12,1.526
1997-05-12 20:18,1.524
1997-05-12 20:24,1.522
1997-05-12 20:30,1.520
1997-05-12 20:36,1.518
1997-05-12 20:42,1.516
1997-05-12 20:48,1.514
1997-05-12 20:54,1.512
1997-05-12 21:00,1.510
1997-05-12 21:06,1.509
1997-05-12 21:12,1.507
1997-05-12 21:18,1.505
1997-05-12 21:24,1.503
1997-05-12 21:30,1.501
1997-05-12 21:36,1.499
1997-05-12 21:42,1.498
1997-05-12 21:48,1.496
1997-05-12 21:54,1.494
1997-05-12 22:00,1.492
1997-05-12 22:06,1.490
1997-05-12 22:12,1.488
1997-05-12 22:18,1.486
1997-05-12 22:24,1.484
1997-05-12 22:30,1.482
1997-05-12 22:36,1.480
1997-05-12 22:42,1.478
1997-05-12 22:48,1.476
1997-05-12 22:54,1.474
1997-05-12 23:00,1.472
1997-05-12 23:06,1.470
1997-05-12 23:12,1.468
1997-05-12 23:18,1.466
1997-05-12 23:24,1.464
1997-05-12 23:30,1.462
1997-05-12 23:36,1.460
1997-05-12 23:42,1.458
1997-05-12 23:48,1.456
1997-05-12 23:54,1.455
1997-05-13 00:00,1.453
1997-05-13 00:06,1.451
1997-05-13 00:12,1.449
1997-05-13 00:18,1.447
1997-05-13 00:24,1.445
1997-05-13 00:30,1.443
1997-05-13 00:36,1.441
1997-05-13 00:42,1.439
1997-05-13 00:48,1.437
1997-05-13 00:54,1.435
1997-05-13 01:00,1.432
1997-05-13 01:06,1.430
1997-05-13 01:12,1.428
1997-05-13 01:18,1.425
1997-05-13 01:24,1.423
1997-05-13 01:30,1.420
1997-05-13 01:36,1.417
1997-05-13 01:42,1.414
1997-05-13 01:48,1.411
1997-05-13 01:54,1.408
1997-05-13 02:00,1.405
1997-05-13 02:06,1.402
1997-05-13 02:12,1.398
1997-05-13 02:18,1.395
1997-05-13 02:24,1.391
1997-05-13 02:30,1.387
1997-05-13 02:36,1.384
1997-05-13 02:42,1.380
1997-05-13 02:48,1.376
1997-05-13 02:54,1.372
1997-05-13 03:00,1.368
1997-05-13 03:06,1.364
1997-05-13 03:12,1.360
1997-05-13 03:18,1.355
1997-05-13 03:24,1.351
1997-05-13 03:30,1.347
1997-05-13 03:36,1.343
1997-05-13 03:42,1.338
1997-05-13 03:48,1.334
1997-05-13 03:54,1.330
1997-05-13 04:00,1.325
1997-05-13 04:06,1.321
1997-05-13 04:12,1.317
1997-05-13 04:18,1.313
1997-05-13 04:24,1.308
1997-05-13 04:30,1.304
1997-05-13 04:36,1.300
1997-05-13 04:42,1.296
1997-05-13 04:48,1.292
1997-05-13 04:54,1.288
1997-05-13 05:00,1.284
1997-05-13 05:06,1.281
1997-05-13 05:12,1.277
1997-05-13 05:18,1.273
1997-05-13 05:24,1.270
1997-05-13 05:30,1.266
1997-05-13 05:36,1.263
1997-05-13 05:42,1.260
1997-05-13 05:48,1.257
1997-05-13 05:54,1.254
1997-05-13 06:00,1.251
1997-05-13 06:06,1.248
1997-05-13 06:12,1.246
1997-05-13 06:18,1.244
1997-05-13 06:24,1.241
1997-05-13 06:30,1.239
1997-05-13 06:36,1.238
1997-05-13 06:42,1.236
1997-05-13 06:48,1.235
1997-05-13 06:54,1.234
1997-05-13 07:00,1.233
1997-05-13 07:06,1.232
1997-05-13 07:12,1.231
1997-05-13 07:18,1.231
1997-05-13 07:24,1.231
1997-05-13 07:30,1.232
1997-05-13 07:36,1.232
1997-05-13 07:42,1.233
1997-05-13 07:48,1.234
1997-05-13 07:54,1.235
1997-05-13 08:00,1.237
1997-05-13 08:06,1.239
1997-05-13 08:12,1.241
1997-05-13 08:18,1.243
1997-05-13 08:24,1.246
1997-05-13 08:30,1.248
1997-05-13 08:36,1.251
1997-05-13 08:42,1.255
1997-05-13 08:48,1.258
1997-05-13 08:54,1.261
1997-05-13 09:00,1.265
1997-05-13 09:06,1.269
1997-05-13 09:12,1.273
1997-05-13 09:18,1.277
1997-05-13 09:24,1.282
1997-05-13 09:30,1.286
1997-05-13 09:36,1.291
1997-05-13 09:42,1.295
1997-05-13 09:48,1.300
1997-05-13 09:54,1.305
1997-05-13 10:00,1.310
1997-05-13 10:06,1.315
1997-05-13 10:12,1.320
1997-05-13 10:18,1.325
1997-05-13 10:24,1.331
1997-05-13 10:30,1.336
1997-05-13 10:36,1.341
1997-05-13 10:42,1.347
1997-05-13 10:48,1.352
1997-05-13 10:54,1.357
1997-05-13 11:00,1.363
1997-05-13 11:06,1.368
1997-05-13 11:12,1.374
1997-05-13 11:18,1.379
1997-05-13 11:24,1.385
1997-05-13 11:30,1.390
1997-05-13 11:36,1.396
1997-05-13 11:42,1.401
1997-05-13 11:48,1.407
1997-05-13 11:54,1.412
1997-05-13 12:00,1.418
1997-05-13 12:06,1.423
1997-05-13 12:12,1.429
1997-05-13 12:18,1.434
1997-05-13 12:24,1.439
1997-05-13 12:30,1.445
1997-05-13 12:36,1.450
1997-05-13 12:42,1.455
1997-05-13 12:48,1.460
1997-05-13 12:54,1.465
1997-05-13 13:00,1.470
1997-05-13 13:06,1.475
1997-05-13 13:12,1.480
1997-05-13 13:18,1.484
1997-05-13 13:24,1.489
1997-05-13 13:30,1.494
1997-05-13 13:36,1.498
1997-05-13 13:42,1.502
1997-05-13 13:48,1.506
1997-05-13 13:54,1.510
1997-05-13 14:00,1.514
1997-05-13 14:06,1.518
1997-05-13 14:12,1.522
1997-05-13 14:18,1.525
1997-05-13 14:24,1.528
1997-05-13 14:30,1.531
1997-05-13 14:36,1.535
1997-05-13 14:42,1.537
1997-05-13 14:48,1.540
1997-05-13 14:54,1.543
1997-05-13 15:00,1.545
1997-05-13 15:06,1.548
1997-05-13 15:12,1.550
1997-05-13 15:18,1.552
1997-05-13 15:24,1.554
1997-05-13 15:30,1.555
1997-05-13 15:36,1.557
1997-05-13 15:42,1.559
1997-05-13 15:48,1.560
1997-05-13 15:54,1.561
1997-05-13 16:00,1.562
1997-05-13 16:06,1.563
1997-05-13 16:12,1.564
1997-05-13 16:18,1.565
1997-05-13 16:24,1.565
1997-05-13 16:30,1.566
1997-05-13 16:36,1.566
1997-05-13 16:42,1.566
1997-05-13 16:48,1.566
1997-05-13 16:54,1.566
1997-05-13 17:00,1.566
1997-05-13 17:06,1.565
1997-05-13 17:12,1.565
1997-05-13 17:18,1.564
1997-05-13 17:24,1.564
1997-05-13 17:30,1.563
1997-05-13 17:36,1.562
1997-05-13 17:42,1.561
1997-05-13 17:48,1.560
1997-05-13 17:54,1.559
1997-05-13 18:00,1.557
1997-05-13 18:06,1.556
1997-05-13 18:12,1.554
1997-05-13 18:18,1.553
1997-05-13 18:24,1.551
1997-05-13 18:30,1.549
1997-05-13 18:36,1.548
1997-05-13 18:42,1.546
1997-05-13 18:48,1.544
1997-05-13 18:54,1.542
1997-05-13 19:00,1.540
1997-05-13 19:06,1.538
1997-05-13 19:12,1.536
1997-05-13 19:18,1.534
1997-05-13 19:24,1.532
1997-05-13 19:30,1.529
1997-05-13 19:36,1.527
1997-05-13 19:42,1.525
1997-05-13 19:48,1.523
1997-05-13 19:54,1.521
1997-05-13 20:00,1.519
1997-05-13 20:06,1.516
1997-05-13 20:12,1.514
1997-05-13 20:18,1.512
1997-05-13 20:24,1.510
1997-05-13 20:30,1.508
1997-05-13 20:36,1.506
1997-05-13 20:42,1.504
1997-05-13 20:48,1.501
1997-05-13 20:54,1.499
1997-05-13 21:00,1.497
1997-05-13 21:06,1.495
1997-05-13 21:12,1.493
1997-05-13 21:18,1.491
1997-05-13 21:24,1.489
1997-05-13 21:30,1.487
1997-05-13 21:36,1.485
1997-05-13 21:42,1.483
1997-05-13 21:48,1.481
1997-05-13 21:54,1.479
1997-05-13 22:00,1.477
1997-05-13 22:06,1.475
1997-05-13 22:12,1.473
1997-05-13 22:18,1.471
1997-05-13 22:24,1.470
1997-05-13 22:30,1.468
1997-05-13 22:36,1.466
1997-05-13 22:42,1.464
1997-05-13 22:48,1.462
1997-05-13 22:54,1.461
1997-05-13 23:00,1.459
1997-05-13 23:06,1.457
1997-05-13 23:12,1.456
1997-05-13 23:18,1.454
1997-05-13 23:24,1.452
1997-05-13 23:30,1.451
1997-05-13 23:36,1.449
1997-05-13 23:42,1.448
1997-05-13 23:48,1.446
1997-05-13 23:54,1.445
1997-05-14 00:00,1.444
1997-05-14 00:06,1.442
1997-05-14 00:12,1.441
1997-05-14 00:18,1.440
1997-05-14 00:24,1.438
1997-05-14 00:30,1.437
1997-05-14 00:36,1.436
1997-05-14 00:42,1.435
1997-05-14 00:48,1.433
1997-05-14 00:54,1.432
1997-05-14 01:00,1.431
1997-05-14 01:06,1.430
1997-05-14 01:12,1.428
1997-05-14 01:18,1.427
1997-05-14 01:24,1.426
1997-05-14 01:30,1.425
1997-05-14 01:36,1.424
1997-05-14 01:42,1.422
1997-05-14 01:48,1.421
1997-05-14 01:54,1.420
1997-05-14 02:00,1.418
1997-05-14 02:06,1.417
1997-05-14 02:12,1.415
1997-05-14 02:18,1.414
1997-05-14 02:24,1.412
1997-05-14 02:30,1.410
1997-05-14 02:36,1.409
1997-05-14 02:42,1.407
1997-05-14 02:48,1.405
1997-05-14 02:54,1.403
1997-05-14 03:00,1.401
1997-05-14 03:06,1.399
1997-05-14 03:12,1.397
1997-05-14 03:18,1.395
1997-05-14 03:24,1.393
1997-05-14 03:30,1.390
1997-05-14 03:36,1.388
1997-05-14 03:42,1.385
1997-05-14 03:48,1.382
1997-05-14 03:54,1.380
1997-05-14 04:00,1.377
1997-05-14 04:06,1.374
1997-05-14 04:12,1.371
1997-05-14 04:18,1.368
1997-05-14 04:24,1.365
1997-05-14 04:30,1.362
1997-05-14 04:36,1.359
1997-05-14 04:42,1.355
1997-05-14 04:48,1.352
1997-05-14 04:54,1.349
1997-05-14 05:00,1.345
1997-05-14 05:06,1.342
1997-05-14 05:12,1.338
1997-05-14 05:18,1.335
1997-05-14 05:24,1.332
1997-05-14 05:30,1.328
1997-05-14 05:36,1.325
1997-05-14 05:42,1.322
1997-05-14 05:48,1.318
1997-05-14 05:54,1.315
1997-05-14 06:00,1.312
1997-05-14 06:06,1.309
1997-05-14 06:12,1.306
1997-05-14 06:18,1.303
1997-05-14 06:24,1.301
1997-05-14 06:30,1.298
1997-05-14 06:36,1.295
1997-05-14 06:42,1.293
1997-05-14 06:48,1.291
1997-05-14 06:54,1.289
1997-05-14 07:00,1.287
1997-05-14 07:06,1.285
1997-05-14 07:12,1.283
1997-05-14 07:18,1.282
1997-05-14 07:24,1.280
1997-05-14 07:30,1.279
1997-05-14 07:36,1.278
1997-05-14 07:42,1.278
1997-05-14 07:48,1.277
1997-05-14 07:54,1.276
1997-05-14 08:00,1.276
1997-05-14 08:06,1.276
1997-05-14 08:12,1.276
1997-05-14 08:18,1.277
1997-05-14 08:24,1.277
1997-05-14 08:30,1.278
1997-05-14 08:36,1.278
1997-05-14 08:42,1.279
1997-05-14 08:48,1.281
1997-05-14 08:54,1.282
1997-05-14 09:00,1.283
1997-05-14 09:06,1.285
1997-05-14 09:12,1.287
1997-05-14 09:18,1.289
1997-05-14 09:24,1.291
1997-05-14 09:30,1.294
1997-05-14 09:36,1.296
1997-05-14 09:42,1.299
1997-05-14 09:48,1.301
1997-05-14 09:54,1.304
1997-05-14 10:00,1.307
1997-05-14 10:06,1.311
1997-05-14 10:12,1.314
1997-05-14 10:18,1.317
1997-05-14 10:24,1.321
1997-05-14 10:30,1.325
1997-05-14 10:36,1.328
1997-05-14 10:42,1.332
1997-05-14 10:48,1.336
1997-05-14 10:54,1.340
1997-05-14 11:00,1.344
1997-05-14 11:06,1.348
1997-05-14 11:12,1.353
1997-05-14 11:18,1.357
1997-05-14 11:24,1.361
1997-05-14 11:30,1.366
1997-05-14 11:36,1.370
1997-05-14 11:42,1.375
1997-05-14 11:48,1.379
1997-05-14 11:54,1.384
1997-05-14 12:00,1.388
1997-05-14 12:06,1.393
1997-05-14 12:12,1.397
1997-05-14 12:18,1.402
1997-05-14 12:24,1.406
1997-05-14 12:30,1.411
1997-05-14 12:36,1.415
1997-05-14 12:42,1.419
1997-05-14 12:48,1.424
1997-05-14 12:54,1.428
1997-05-14 13:00,1.433
1997-05-14 13:06,1.437
1997-05-14 13:12,1.441
1997-05-14 13:18,1.445
1997-05-14 13:24,1.450
1997-05-14 13:30,1.454
1997-05-14 13:36,1.458
1997-05-14 13:42,1.462
1997-05-14 13:48,1.466
1997-05-14 13:54,1.470
1997-05-14 14:00,1.474
1997-05-14 14:06,1.478
1997-05-14 14:12,1.482
1997-05-14 14:18,1.485
1997-05-14 14:24,1.489
1997-05-14 14:30,1.492
1997-05-14 14:36,1.496
1997-05-14 14:42,1.499
1997-05-14 14:48,1.503
1997-05-14 14:54,1.506
1997-05-14 15:00,1.509
1997-05-14 15:06,1.512
1997-05-14 15:12,1.515
1997-05-14 15:18,1.518
1997-05-14 15:24,1.520
1997-05-14 15:30,1.523
1997-05-14 15:36,1.525
1997-05-14 15:42,1.527
1997-05-14 15:48,1.529
1997-05-14 15:54,1.531
1997-05-14 16:00,1.533
1997-05-14 16:06,1.535
1997-05-14 16:12,1.536
1997-05-14 16:18,1.537
1997-05-14 16:24,1.538
1997-05-14 16:30,1.539
1997-05-14 16:36,1.540
1997-05-14 16:42,1.541
1997-05-14 16:48,1.541
1997-05-14 16:54,1.541
1997-05-14 17:00,1.541
1997-05-14 17:06,1.541
1997-05-14 17:12,1.541
1997-05-14 17:18,1.541
1997-05-14 17:24,1.540
1997-05-14 17:30,1.540
1997-05-14 17:36,1.539
1997-05-14 17:42,1.538
1997-05-14 17:48,1.537
1997-05-14 17:54,1.536
1997-05-14 18:00,1.535
1997-05-14 18:06,1.534
1997-05-14 18:12,1.532
1997-05-14 18:18,1.531
1997-05-14 18:24,1.530
1997-05-14 18:30,1.528
1997-05-14 18:36,1.527
1997-05-14 18:42,1.525
1997-05-14 18:48,1.523
1997-05-14 18:54,1.522
1997-05-14 19:00,1.520
1997-05-14 19:06,1.518
1997-05-14 19:12,1.516
1997-05-14 19:18,1.514
1997-05-14 19:24,1.513
1997-05-14 19:30,1.511
1997-05-14 19:36,1.509
1997-05-14 19:42,1.507
1997-05-14 19:48,1.505
1997-05-14 19:54,1.503
1997-05-14 20:00,1.500
1997-05-14 20:06,1.498
1997-05-14 20:12,1.496
1997-05-14 20:18,1.494
1997-05-14 20:24,1.492
1997-05-14 20:30,1.489
1997-05-14 20:36,1.487
1997-05-14 20:42,1.485
1997-05-14 20:48,1.482
1997-05-14 20:54,1.480
1997-05-14 21:00,1.478
1997-05-14 21:06,1.475
1997-05-14 21:12,1.473
1997-05-14 21:18,1.470
1997-05-14 21:24,1.468
1997-05-14 21:30,1.466
1997-05-14 21:36,1.463
1997-05-14 21:42,1.461
1997-05-14 21:48,1.459
1997-05-14 21:54,1.457
1997-05-14 22:00,1.454
1997-05-14 22:06,1.452
1997-05-14 22:12,1.450
1997-05-14 22:18,1.448
1997-05-14 22:24,1.446
1997-05-14 22:30,1.444
1997-05-14 22:36,1.443
1997-05-14 22:42,1.441
1997-05-14 22:48,1.439
1997-05-14 22:54,1.438
1997-05-14 23:00,1.436
1997-05-14 23:06,1.435
1997-05-14 23:12,1.433
1997-05-14 23:18,1.432
1997-05-14 23:24,1.430
1997-05-14 23:30,1.429
1997-05-14 23:36,1.428
1997-05-14 23:42,1.427
1997-05-14 23:48,1.426
1997-05-14 23:54,1.425
1997-05-15 00:00,1.424
1997-05-15 00:06,1.423
1997-05-15 00:12,1.422
1997-05-15 00:18,1.421
1997-05-15 00:24,1.421
1997-05-15 00:30,1.420
1997-05-15 00:36,1.419
1997-05-15 00:42,1.419
1997-05-15 00:48,1.418
1997-05-15 00:54,1.417
1997-05-15 01:00,1.417
1997-05-15 01:06,1.416
1997-05-15 01:12,1.416
1997-05-15 01:18,1.415
1997-05-15 01:24,1.415
1997-05-15 01:30,1.414
1997-05-15 01:36,1.414
1997-05-15 01:42,1.414
1997-05-15 01:48,1.414
1997-05-15 01:54,1.413
1997-05-15 02:00,1.413
1997-05-15 02:06,1.413
1997-05-15 02:12,1.413
1997-05-15 02:18,1.413
1997-05-15 02:24,1.413
1997-05-15 02:30,1.413
1997-05-15 02:36,1.413
1997-05-15 02:42,1.413
1997-05-15 02:48,1.413
1997-05-15 02:54,1.413
1997-05-15 03:00,1.413
1997-05-15 03:06,1.413
1997-05-15 03:12,1.413
1997-05-15 03:18,1.412
1997-05-15 03:24,1.412
1997-05-15 03:30,1.412
1997-05-15 03:36,1.412
1997-05-15 03:42,1.411
1997-05-15 03:48,1.411
1997-05-15 03:54,1.410
1997-05-15 04:00,1.409
1997-05-15 04:06,1.408
1997-05-15 04:12,1.408
1997-05-15 04:18,1.406
1997-05-15 04:24,1.405
1997-05-15 04:30,1.404
1997-05-15 04:36,1.402
1997-05-15 04:42,1.401
1997-05-15 04:48,1.399
1997-05-15 04:54,1.397
1997-05-15 05:00,1.395
1997-05-15 05:06,1.393
1997-05-15 05:12,1.391
1997-05-15 05:18,1.389
1997-05-15 05:24,1.387
1997-05-15 05:30,1.384
1997-05-15 05:36,1.382
1997-05-15 05:42,1.379
1997-05-15 05:48,1.376
1997-05-15 05:54,1.374
1997-05-15 06:00,1.371
1997-05-15 06:06,1.369
1997-05-15 06:12,1.366
1997-05-15 06:18,1.363
1997-05-15 06:24,1.361
1997-05-15 06:30,1.358
1997-05-15 06:36,1.356
1997-05-15 06:42,1.353
1997-05-15 06:48,1.351
1997-05-15 06:54,1.349
1997-05-15 07:00,1.346
1997-05-15 07:06,1.344
1997-05-15 07:12,1.342
1997-05-15 07:18,1.340
1997-05-15 07:24,1.338
1997-05-15 07:30,1.337
1997-05-15 07:36,1.335
1997-05-15 07:42,1.333
1997-05-15 07:48,1.332
1997-05-15 07:54,1.331
1997-05-15 08:00,1.329
1997-05-15 08:06,1.328
1997-05-15 08:12,1.327
1997-05-15 08:18,1.326
1997-05-15 08:24,1.326
1997-05-15 08:30,1.325
1997-05-15 08:36,1.324
1997-05-15 08:42,1.324
1997-05-15 08:48,1.323
1997-05-15 08:54,1.323
1997-05-15 09:00,1.323
1997-05-15 09:06,1.323
1997-05-15 09:12,1.323
1997-05-15 09:18,1.323
1997-05-15 09:24,1.323
1997-05-15 09:30,1.323
1997-05-15 09:36,1.324
1997-05-15 09:42,1.325
1997-05-15 09:48,1.325
1997-05-15 09:54,1.326
1997-05-15 10:00,1.327
1997-05-15 10:06,1.329
1997-05-15 10:12,1.330
1997-05-15 10:18,1.331
1997-05-15 10:24,1.333
1997-05-15 10:30,1.335
1997-05-15 10:36,1.337
1997-05-15 10:42,1.339
1997-05-15 10:48,1.341
1997-05-15 10:54,1.344
1997-05-15 11:00,1.346
1997-05-15 11:06,1.349
1997-05-15 11:12,1.351
1997-05-15 11:18,1.354
1997-05-15 11:24,1.357
1997-05-15 11:30,1.360
1997-05-15 11:36,1.363
1997-05-15 11:42,1.367
1997-05-15 11:48,1.370
1997-05-15 11:54,1.373
1997-05-15 12:00,1.377
1997-05-15 12:06,1.380
1997-05-15 12:12,1.384
1997-05-15 12:18,1.387
1997-05-15 12:24,1.391
1997-05-15 12:30,1.394
1997-05-15 12:36,1.398
1997-05-15 12:42,1.401
1997-05-15 12:48,1.405
1997-05-15 12:54,1.408
1997-05-15 13:00,1.412
1997-05-15 13:06,1.415
1997-05-15 13:12,1.419
1997-05-15 13:18,1.422
1997-05-15 13:24,1.425
1997-05-15 13:30,1.429
1997-05-15 13:36,1.432
1997-05-15 13:42,1.436
1997-05-15 13:48,1.439
1997-05-15 13:54,1.442
1997-05-15 14:00,1.446
1997-05-15 14:06,1.449
1997-05-15 14:12,1.452
1997-05-15 14:18,1.455
1997-05-15 14:24,1.459
1997-05-15 14:30,1.462
1997-05-15 14:36,1.465
1997-05-15 14:42,1.468
1997-05-15 14:48,1.472
1997-05-15 14:54,1.475
1997-05-15 15:00,1.478
1997-05-15 15:06,1.481
1997-05-15 15:12,1.484
1997-05-15 15:18,1.487
1997-05-15 15:24,1.490
1997-05-15 15:30,1.493
1997-05-15 15:36,1.496
1997-05-15 15:42,1.498
1997-05-15 15:48,1.501
1997-05-15 15:54,1.503
1997-05-15 16:00,1.505
1997-05-15 16:06,1.507
1997-05-15 16:12,1.509
1997-05-15 16:18,1.511
1997-05-15 16:24,1.513
1997-05-15 16:30,1.514
1997-05-15 16:36,1.515
1997-05-15 16:42,1.516
1997-05-15 16:48,1.517
1997-05-15 16:54,1.518
1997-05-15 17:00,1.518
1997-05-15 17:06,1.519
1997-05-15 17:12,1.519
1997-05-15 17:18,1.519
1997-05-15 17:24,1.518
1997-05-15 17:30,1.518
1997-05-15 17:36,1.517
1997-05-15 17:42,1.517
1997-05-15 17:48,1.516
1997-05-15 17:54,1.515
1997-05-15 18:00,1.514
1997-05-15 18:06,1.512
1997-05-15 18:12,1.511
1997-05-15 18:18,1.510
1997-05-15 18:24,1.508
1997-05-15 18:30,1.506
1997-05-15 18:36,1.505
1997-05-15 18:42,1.503
1997-05-15 18:48,1.501
1997-05-15 18:54,1.499
1997-05-15 19:00,1.498
1997-05-15 19:06,1.496
1997-05-15 19:12,1.494
1997-05-15 19:18,1.492
1997-05-15 19:24,1.490
1997-05-15 19:30,1.488
1997-05-15 19:36,1.486
1997-05-15 19:42,1.484
1997-05-15 19:48,1.482
1997-05-15 19:54,1.479
1997-05-15 20:00,1.477
1997-05-15 20:06,1.475
1997-05-15 20:12,1.473
1997-05-15 20:18,1.471
1997-05-15 20:24,1.468
1997-05-15 20:30,1.466
1997-05-15 20:36,1.463
1997-05-15 20:42,1.461
1997-05-15 20:48,1.458
1997-05-15 20:54,1.456
1997-05-15 21:00,1.453
1997-05-15 21:06,1.451
1997-05-15 21:12,1.448
1997-05-15 21:18,1.445
1997-05-15 21:24,1.442
1997-05-15 21:30,1.440
1997-05-15 21:36,1.437
1997-05-15 21:42,1.434
1997-05-15 21:48,1.432
1997-05-15 21:54,1.429
1997-05-15 22:00,1.426
1997-05-15 22:06,1.424
1997-05-15 22:12,1.421
1997-05-15 22:18,1.419
1997-05-15 22:24,1.416
1997-05-15 22:30,1.414
1997-05-15 22:36,1.412
1997-05-15 22:42,1.410
1997-05-15 22:48,1.408
1997-05-15 22:54,1.406
1997-05-15 23:00,1.404
1997-05-15 23:06,1.403
1997-05-15 23:12,1.401
1997-05-15 23:18,1.400
1997-05-15 23:24,1.398
1997-05-15 23:30,1.397
1997-05-15 23:36,1.396
1997-05-15 23:42,1.395
1997-05-15 23:48,1.394
1997-05-15 23:54,1.394
1997-05-16 00:00,1.393
1997-05-16 00:06,1.392
1997-05-16 00:12,1.392
1997-05-16 00:18,1.391
1997-05-16 00:24,1.391
1997-05-16 00:30,1.391
1997-05-16 00:36,1.391
1997-05-16 00:42,1.391
1997-05-16 00:48,1.390
1997-05-16 00:54,1.390
1997-05-16 01:00,1.390
1997-05-16 01:06,1.390
1997-05-16 01:12,1.391
1997-05-16 01:18,1.391
1997-05-16 01:24,1.391
1997-05-16 01:30,1.391
1997-05-16 01:36,1.392
1997-05-16 01:42,1.392
1997-05-16 01:48,1.393
1997-05-16 01:54,1.393
1997-05-16 02:00,1.394
1997-05-16 02:06,1.395
1997-05-16 02:12,1.395
1997-05-16 02:18,1.396
1997-05-16 02:24,1.397
1997-05-16 02:30,1.398
1997-05-16 02:36,1.399
1997-05-16 02:42,1.401
1997-05-16 02:48,1.402
1997-05-16 02:54,1.403
1997-05-16 03:00,1.404
1997-05-16 03:06,1.406
1997-05-16 03:12,1.407
1997-05-16 03:18,1.409
1997-05-16 03:24,1.410
1997-05-16 03:30,1.412
1997-05-16 03:36,1.413
1997-05-16 03:42,1.415
1997-05-16 03:48,1.416
1997-05-16 03:54,1.418
1997-05-16 04:00,1.419
1997-05-16 04:06,1.421
1997-05-16 04:12,1.422
1997-05-16 04:18,1.423
1997-05-16 04:24,1.424
1997-05-16 04:30,1.425
1997-05-16 04:36,1.426
1997-05-16 04:42,1.426
1997-05-16 04:48,1.427
1997-05-16 04:54,1.427
1997-05-16 05:00,1.427
1997-05-16 05:06,1.427
1997-05-16 05:12,1.427
1997-05-16 05:18,1.426
1997-05-16 05:24,1.426
1997-05-16 05:30,1.425
1997-05-16 05:36,1.424
1997-05-16 05:42,1.424
1997-05-16 05:48,1.422
1997-05-16 05:54,1.421
1997-05-16 06:00,1.420
1997-05-16 06:06,1.419
1997-05-16 06:12,1.417
1997-05-16 06:18,1.415
1997-05-16 06:24,1.414
1997-05-16 06:30,1.412
1997-05-16 06:36,1.410
1997-05-16 06:42,1.409
1997-05-16 06:48,1.407
1997-05-16 06:54,1.405
1997-05-16 07:00,1.403
1997-05-16 07:06,1.402
1997-05-16 07:12,1.400
1997-05-16 07:18,1.398
1997-05-16 07:24,1.397
1997-05-16 07:30,1.395
1997-05-16 07:36,1.393
1997-05-16 07:42,1.392
1997-05-16 07:48,1.390
1997-05-16 07:54,1.389
1997-05-16 08:00,1.387
1997-05-16 08:06,1.386
1997-05-16 08:12,1.385
1997-05-16 08:18,1.383
1997-05-16 08:24,1.382
1997-05-16 08:30,1.381
1997-05-16 08:36,1.379
1997-05-16 08:42,1.378
1997-05-16 08:48,1.377
1997-05-16 08:54,1.376
1997-05-16 09:00,1.375
1997-05-16 09:06,1.374
1997-05-16 09:12,1.373
1997-05-16 09:18,1.372
1997-05-16 09:24,1.371
1997-05-16 09:30,1.370
1997-05-16 09:36,1.369
1997-05-16 09:42,1.368
1997-05-16 09:48,1.367
1997-05-16 09:54,1.367
1997-05-16 10:00,1.366
1997-05-16 10:06,1.366
1997-05-16 10:12,1.366
1997-05-16 10:18,1.365
1997-05-16 10:24,1.365
1997-05-16 10:30,1.365
1997-05-16 10:36,1.365
1997-05-16 10:42,1.366
1997-05-16 10:48,1.366
1997-05-16 10:54,1.367
1997-05-16 11:00,1.368
1997-05-16 11:06,1.368
1997-05-16 11:12,1.370
1997-05-16 11:18,1.371
1997-05-16 11:24,1.372
1997-05-16 11:30,1.374
1997-05-16 11:36,1.375
1997-05-16 11:42,1.377
1997-05-16 11:48,1.379
1997-05-16 11:54,1.381
1997-05-16 12:00,1.383
1997-05-16 12:06,1.385
1997-05-16 12:12,1.387
1997-05-16 12:18,1.390
1997-05-16 12:24,1.392
1997-05-16 12:30,1.394
1997-05-16 12:36,1.397
1997-05-16 12:42,1.399
1997-05-16 12:48,1.402
1997-05-16 12:54,1.404
1997-05-16 13:00,1.407
1997-05-16 13:06,1.410
1997-05-16 13:12,1.412
1997-05-16 13:18,1.415
1997-05-16 13:24,1.417
1997-05-16 13:30,1.420
1997-05-16 13:36,1.422
1997-05-16 13:42,1.425
1997-05-16 13:48,1.428
1997-05-16 13:54,1.430
1997-05-16 14:00,1.433
1997-05-16 14:06,1.435
1997-05-16 14:12,1.438
1997-05-16 14:18,1.440
1997-05-16 14:24,1.443
1997-05-16 14:30,1.445
1997-05-16 14:36,1.448
1997-05-16 14:42,1.451
1997-05-16 14:48,1.453
1997-05-16 14:54,1.456
1997-05-16 15:00,1.458
1997-05-16 15:06,1.461
1997-05-16 15:12,1.464
1997-05-16 15:18,1.466
1997-05-16 15:24,1.469
1997-05-16 15:30,1.471
1997-05-16 15:36,1.474
1997-05-16 15:42,1.476
1997-05-16 15:48,1.479
1997-05-16 15:54,1.481
1997-05-16 16:00,1.483
1997-05-16 16:06,1.486
1997-05-16 16:12,1.488
1997-05-16 16:18,1.490
1997-05-16 16:24,1.491
1997-05-16 16:30,1.493
1997-05-16 16:36,1.495
1997-05-16 16:42,1.496
1997-05-16 16:48,1.497
1997-05-16 16:54,1.498
1997-05-16 17:00,1.499
1997-05-16 17:06,1.500
1997-05-16 17:12,1.500
1997-05-16 17:18,1.500
1997-05-16 17:24,1.501
1997-05-16 17:30,1.500
1997-05-16 17:36,1.500
1997-05-16 17:42,1.500
1997-05-16 17:48,1.499
1997-05-16 17:54,1.498
1997-05-16 18:00,1.497
1997-05-16 18:06,1.496
1997-05-16 18:12,1.494
1997-05-16 18:18,1.493
1997-05-16 18:24,1.491
1997-05-16 18:30,1.489
1997-05-16 18:36,1.488
1997-05-16 18:42,1.486
1997-05-16 18:48,1.484
1997-05-16 18:54,1.482
1997-05-16 19:00,1.479
1997-05-16 19:06,1.477
1997-05-16 19:12,1.475
1997-05-16 19:18,1.472
1997-05-16 19:24,1.470
1997-05-16 19:30,1.468
1997-05-16 19:36,1.465
1997-05-16 19:42,1.463
1997-05-16 19:48,1.460
1997-05-16 19:54,1.458
1997-05-16 20:00,1.455
1997-05-16 20:06,1.452
1997-05-16 20:12,1.450
1997-05-16 20:18,1.447
1997-05-16 20:24,1.444
1997-05-16 20:30,1.442
1997-05-16 20:36,1.439
1997-05-16 20:42,1.436
1997-05-16 20:48,1.433
1997-05-16 20:54,1.430
1997-05-16 21:00,1.427
1997-05-16 21:06,1.424
1997-05-16 21:12,1.421
1997-05-16 21:18,1.418
1997-05-16 21:24,1.415
1997-05-16 21:30,1.412
1997-05-16 21:36,1.409
1997-05-16 21:42,1.406
1997-05-16 21:48,1.402
1997-05-16 21:54,1.399
1997-05-16 22:00,1.396
1997-05-16 22:06,1.393
1997-05-16 22:12,1.390
1997-05-16 22:18,1.387
1997-05-16 22:24,1.384
1997-05-16 22:30,1.381
1997-05-16 22:36,1.378
1997-05-16 22:42,1.375
1997-05-16 22:48,1.373
1997-05-16 22:54,1.370
1997-05-16 23:00,1.368
1997-05-16 23:06,1.366
1997-05-16 23:12,1.364
1997-05-16 23:18,1.362
1997-05-16 23:24,1.360
1997-05-16 23:30,1.358
1997-05-16 23:36,1.357
1997-05-16 23:42,1.356
1997-05-16 23:48,1.355
1997-05-16 23:54,1.354
1997-05-17 00:00,1.353
1997-05-17 00:06,1.352
1997-05-17 00:12,1.352
1997-05-17 00:18,1.351
1997-05-17 00:24,1.351
1997-05-17 00:30,1.351
1997-05-17 00:36,1.351
1997-05-17 00:42,1.351
1997-05-17 00:48,1.351
1997-05-17 00:54,1.351
1997-05-17 01:00,1.352
1997-05-17 01:06,1.352
1997-05-17 01:12,1.353
1997-05-17 01:18,1.354
1997-05-17 01:24,1.355
1997-05-17 01:30,1.355
1997-05-17 01:36,1.356
1997-05-17 01:42,1.358
1997-05-17 01:48,1.359
1997-05-17 01:54,1.360
1997-05-17 02:00,1.361
1997-05-17 02:06,1.363
1997-05-17 02:12,1.364
1997-05-17 02:18,1.366
1997-05-17 02:24,1.368
1997-05-17 02:30,1.370
1997-05-17 02:36,1.372
1997-05-17 02:42,1.374
1997-05-17 02:48,1.376
1997-05-17 02:54,1.378
1997-05-17 03:00,1.381
1997-05-17 03:06,1.383
1997-05-17 03:12,1.386
1997-05-17 03:18,1.388
1997-05-17 03:24,1.391
1997-05-17 03:30,1.394
1997-05-17 03:36,1.397
1997-05-17 03:42,1.400
1997-05-17 03:48,1.403
1997-05-17 03:54,1.406
1997-05-17 04:00,1.409
1997-05-17 04:06,1.412
1997-05-17 04:12,1.414
1997-05-17 04:18,1.417
1997-05-17 04:24,1.420
1997-05-17 04:30,1.423
1997-05-17 04:36,1.426
1997-05-17 04:42,1.429
1997-05-17 04:48,1.431
1997-05-17 04:54,1.434
1997-05-17 05:00,1.436
1997-05-17 05:06,1.438
1997-05-17 05:12,1.440
1997-05-17 05:18,1.442
1997-05-17 05:24,1.444
1997-05-17 05:30,1.445
1997-05-17 05:36,1.447
1997-05-17 05:42,1.448
1997-05-17 05:48,1.449
1997-05-17 05:54,1.450
1997-05-17 06:00,1.451
1997-05-17 06:06,1.451
1997-05-17 06:12,1.452
1997-05-17 06:18,1.452
1997-05-17 06:24,1.452
1997-05-17 06:30,1.452
1997-05-17 06:36,1.452
1997-05-17 06:42,1.452
1997-05-17 06:48,1.452
1997-05-17 06:54,1.451
1997-05-17 07:00,1.451
1997-05-17 07:06,1.450
1997-05-17 07:12,1.449
1997-05-17 07:18,1.449
1997-05-17 07:24,1.448
1997-05-17 07:30,1.447
1997-05-17 07:36,1.446
1997-05-17 07:42,1.445
1997-05-17 07:48,1.444
1997-05-17 07:54,1.443
1997-05-17 08:00,1.442
1997-05-17 08:06,1.441
1997-05-17 08:12,1.440
1997-05-17 08:18,1.439
1997-05-17 08:24,1.438
1997-05-17 08:30,1.437
1997-05-17 08:36,1.435
1997-05-17 08:42,1.434
1997-05-17 08:48,1.433
1997-05-17 08:54,1.432
1997-05-17 09:00,1.430
1997-05-17 09:06,1.429
1997-05-17 09:12,1.428
1997-05-17 09:18,1.426
1997-05-17 09:24,1.425
1997-05-17 09:30,1.424
1997-05-17 09:36,1.422
1997-05-17 09:42,1.421
1997-05-17 09:48,1.419
1997-05-17 09:54,1.418
1997-05-17 10:00,1.417
1997-05-17 10:06,1.415
1997-05-17 10:12,1.414
1997-05-17 10:18,1.413
1997-05-17 10:24,1.411
1997-05-17 10:30,1.410
1997-05-17 10:36,1.409
1997-05-17 10:42,1.408
1997-05-17 10:48,1.407
1997-05-17 10:54,1.406
1997-05-17 11:00,1.406
1997-05-17 11:06,1.405
1997-05-17 11:12,1.405
1997-05-17 11:18,1.404
1997-05-17 11:24,1.404
1997-05-17 11:30,1.404
1997-05-17 11:36,1.404
1997-05-17 11:42,1.404
1997-05-17 11:48,1.404
1997-05-17 11:54,1.405
1997-05-17 12:00,1.405
1997-05-17 12:06,1.406
1997-05-17 12:12,1.407
1997-05-17 12:18,1.408
1997-05-17 12:24,1.409
1997-05-17 12:30,1.410
1997-05-17 12:36,1.411
1997-05-17 12:42,1.412
1997-05-17 12:48,1.414
1997-05-17 12:54,1.415
1997-05-17 13:00,1.417
1997-05-17 13:06,1.418
1997-05-17 13:12,1.420
1997-05-17 13:18,1.421
1997-05-17 13:24,1.423
1997-05-17 13:30,1.425
1997-05-17 13:36,1.426
1997-05-17 13:42,1.428
1997-05-17 13:48,1.430
1997-05-17 13:54,1.432
1997-05-17 14:00,1.434
1997-05-17 14:06,1.435
1997-05-17 14:12,1.437
1997-05-17 14:18,1.439
1997-05-17 14:24,1.441
1997-05-17 14:30,1.443
1997-05-17 14:36,1.445
1997-05-17 14:42,1.446
1997-05-17 14:48,1.448
1997-05-17 14:54,1.450
1997-05-17 15:00,1.452
1997-05-17 15:06,1.454
1997-05-17 15:12,1.456
1997-05-17 15:18,1.458
1997-05-17 15:24,1.460
1997-05-17 15:30,1.462
1997-05-17 15:36,1.464
1997-05-17 15:42,1.466
1997-05-17 15:48,1.468
1997-05-17 15:54,1.470
1997-05-17 16:00,1.472
1997-05-17 16:06,1.473
1997-05-17 16:12,1.475
1997-05-17 16:18,1.477
1997-05-17 16:24,1.478
1997-05-17 16:30,1.480
1997-05-17 16:36,1.481
1997-05-17 16:42,1.483
1997-05-17 16:48,1.484
1997-05-17 16:54,1.485
1997-05-17 17:00,1.486
1997-05-17 17:06,1.487
1997-05-17 17:12,1.487
1997-05-17 17:18,1.488
1997-05-17 17:24,1.488
1997-05-17 17:30,1.488
1997-05-17 17:36,1.488
1997-05-17 17:42,1.488
1997-05-17 17:48,1.487
1997-05-17 17:54,1.487
1997-05-17 18:00,1.486
1997-05-17 18:06,1.485
1997-05-17 18:12,1.484
1997-05-17 18:18,1.482
1997-05-17 18:24,1.481
1997-05-17 18:30,1.479
1997-05-17 18:36,1.477
1997-05-17 18:42,1.475
1997-05-17 18:48,1.473
1997-05-17 18:54,1.471
1997-05-17 19:00,1.469
1997-05-17 19:06,1.466
1997-05-17 19:12,1.464
1997-05-17 19:18,1.461
1997-05-17 19:24,1.458
1997-05-17 19:30,1.455
1997-05-17 19:36,1.453
1997-05-17 19:42,1.450
1997-05-17 19:48,1.446
1997-05-17 19:54,1.443
1997-05-17 20:00,1.440
1997-05-17 20:06,1.437
1997-05-17 20:12,1.434
1997-05-17 20:18,1.430
1997-05-17 20:24,1.427
1997-05-17 20:30,1.423
1997-05-17 20:36,1.420
1997-05-17 20:42,1.417
1997-05-17 20:48,1.413
1997-05-17 20:54,1.409
1997-05-17 21:00,1.406
1997-05-17 21:06,1.402
1997-05-17 21:12,1.398
1997-05-17 21:18,1.395
1997-05-17 21:24,1.391
1997-05-17 21:30,1.387
1997-05-17 21:36,1.383
1997-05-17 21:42,1.379
1997-05-17 21:48,1.376
1997-05-17 21:54,1.372
1997-05-17 22:00,1.368
1997-05-17 22:06,1.364
1997-05-17 22:12,1.361
1997-05-17 22:18,1.357
1997-05-17 22:24,1.353
1997-05-17 22:30,1.350
1997-05-17 22:36,1.346
1997-05-17 22:42,1.343
1997-05-17 22:48,1.339
1997-05-17 22:54,1.336
1997-05-17 23:00,1.333
1997-05-17 23:06,1.330
1997-05-17 23:12,1.327
1997-05-17 23:18,1.324
1997-05-17 23:24,1.322
1997-05-17 23:30,1.319
1997-05-17 23:36,1.317
1997-05-17 23:42,1.315
1997-05-17 23:48,1.313
1997-05-17 23:54,1.311
1997-05-18 00:00,1.310
1997-05-18 00:06,1.308
1997-05-18 00:12,1.307
1997-05-18 00:18,1.306
1997-05-18 00:24,1.305
1997-05-18 00:30,1.305
1997-05-18 00:36,1.304
1997-05-18 00:42,1.304
1997-05-18 00:48,1.304
1997-05-18 00:54,1.304
1997-05-18 01:00,1.304
1997-05-18 01:06,1.305
1997-05-18 01:12,1.305
1997-05-18 01:18,1.306
1997-05-18 01:24,1.307
1997-05-18 01:30,1.308
1997-05-18 01:36,1.310
1997-05-18 01:42,1.311
1997-05-18 01:48,1.313
1997-05-18 01:54,1.314
1997-05-18 02:00,1.316
1997-05-18 02:06,1.318
1997-05-18 02:12,1.320
1997-05-18 02:18,1.323
1997-05-18 02:24,1.325
1997-05-18 02:30,1.328
1997-05-18 02:36,1.330
1997-05-18 02:42,1.333
1997-05-18 02:48,1.336
1997-05-18 02:54,1.339
1997-05-18 03:00,1.343
1997-05-18 03:06,1.346
1997-05-18 03:12,1.350
1997-05-18 03:18,1.353
1997-05-18 03:24,1.357
1997-05-18 03:30,1.361
1997-05-18 03:36,1.365
1997-05-18 03:42,1.368
1997-05-18 03:48,1.373
1997-05-18 03:54,1.377
1997-05-18 04:00,1.381
1997-05-18 04:06,1.385
1997-05-18 04:12,1.389
1997-05-18 04:18,1.394
1997-05-18 04:24,1.398
1997-05-18 04:30,1.402
1997-05-18 04:36,1.407
1997-05-18 04:42,1.411
1997-05-18 04:48,1.415
1997-05-18 04:54,1.420
1997-05-18 05:00,1.424
1997-05-18 05:06,1.428
1997-05-18 05:12,1.432
1997-05-18 05:18,1.436
1997-05-18 05:24,1.439
1997-05-18 05:30,1.443
1997-05-18 05:36,1.447
1997-05-18 05:42,1.450
1997-05-18 05:48,1.453
1997-05-18 05:54,1.457
1997-05-18 06:00,1.460
1997-05-18 06:06,1.462
1997-05-18 06:12,1.465
1997-05-18 06:18,1.468
1997-05-18 06:24,1.470
1997-05-18 06:30,1.472
1997-05-18 06:36,1.474
1997-05-18 06:42,1.476
1997-05-18 06:48,1.478
1997-05-18 06:54,1.479
1997-05-18 07:00,1.481
1997-05-18 07:06,1.482
1997-05-18 07:12,1.483
1997-05-18 07:18,1.484
1997-05-18 07:24,1.485
1997-05-18 07:30,1.486
1997-05-18 07:36,1.486
1997-05-18 07:42,1.487
1997-05-18 07:48,1.487
1997-05-18 07:54,1.487
1997-05-18 08:00,1.487
1997-05-18 08:06,1.487
1997-05-18 08:12,1.487
1997-05-18 08:18,1.487
1997-05-18 08:24,1.487
1997-05-18 08:30,1.486
1997-05-18 08:36,1.486
1997-05-18 08:42,1.485
1997-05-18 08:48,1.484
1997-05-18 08:54,1.483
1997-05-18 09:00,1.483
1997-05-18 09:06,1.482
1997-05-18 09:12,1.480
1997-05-18 09:18,1.479
1997-05-18 09:24,1.478
1997-05-18 09:30,1.477
1997-05-18 09:36,1.475
1997-05-18 09:42,1.474
1997-05-18 09:48,1.473
1997-05-18 09:54,1.471
1997-05-18 10:00,1.470
1997-05-18 10:06,1.468
1997-05-18 10:12,1.466
1997-05-18 10:18,1.465
1997-05-18 10:24,1.463
1997-05-18 10:30,1.462
1997-05-18 10:36,1.460
1997-05-18 10:42,1.458
1997-05-18 10:48,1.457
1997-05-18 10:54,1.455
1997-05-18 11:00,1.454
1997-05-18 11:06,1.452
1997-05-18 11:12,1.451
1997-05-18 11:18,1.449
1997-05-18 11:24,1.448
1997-05-18 11:30,1.447
1997-05-18 11:36,1.446
1997-05-18 11:42,1.445
1997-05-18 11:48,1.444
1997-05-18 11:54,1.443
1997-05-18 12:00,1.442
1997-05-18 12:06,1.441
1997-05-18 12:12,1.441
1997-05-18 12:18,1.440
1997-05-18 12:24,1.440
1997-05-18 12:30,1.439
1997-05-18 12:36,1.439
1997-05-18 12:42,1.439
1997-05-18 12:48,1.439
1997-05-18 12:54,1.439
1997-05-18 13:00,1.439
1997-05-18 13:06,1.440
1997-05-18 13:12,1.440
1997-05-18 13:18,1.440
1997-05-18 13:24,1.441
1997-05-18 13:30,1.441
1997-05-18 13:36,1.442
1997-05-18 13:42,1.443
1997-05-18 13:48,1.444
1997-05-18 13:54,1.444
1997-05-18 14:00,1.445
1997-05-18 14:06,1.446
1997-05-18 14:12,1.447
1997-05-18 14:18,1.449
1997-05-18 14:24,1.450
1997-05-18 14:30,1.451
1997-05-18 14:36,1.452
1997-05-18 14:42,1.453
1997-05-18 14:48,1.455
1997-05-18 14:54,1.456
1997-05-18 15:00,1.457
1997-05-18 15:06,1.459
1997-05-18 15:12,1.460
1997-05-18 15:18,1.461
1997-05-18 15:24,1.463
1997-05-18 15:30,1.464
1997-05-18 15:36,1.465
1997-05-18 15:42,1.467
1997-05-18 15:48,1.468
1997-05-18 15:54,1.470
1997-05-18 16:00,1.471
1997-05-18 16:06,1.472
1997-05-18 16:12,1.473
1997-05-18 16:18,1.475
1997-05-18 16:24,1.476
1997-05-18 16:30,1.477
1997-05-18 16:36,1.478
1997-05-18 16:42,1.479
1997-05-18 16:48,1.480
1997-05-18 16:54,1.480
1997-05-18 17:00,1.481
1997-05-18 17:06,1.481
1997-05-18 17:12,1.482
1997-05-18 17:18,1.482
1997-05-18 17:24,1.482
1997-05-18 17:30,1.482
1997-05-18 17:36,1.482
1997-05-18 17:42,1.482
1997-05-18 17:48,1.482
1997-05-18 17:54,1.481
1997-05-18 18:00,1.481
1997-05-18 18:06,1.480
1997-05-18 18:12,1.479
1997-05-18 18:18,1.478
1997-05-18 18:24,1.477
1997-05-18 18:30,1.475
1997-05-18 18:36,1.474
1997-05-18 18:42,1.472
1997-05-18 18:48,1.470
1997-05-18 18:54,1.468
1997-05-18 19:00,1.466
1997-05-18 19:06,1.463
1997-05-18 19:12,1.461
1997-05-18 19:18,1.458
1997-05-18 19:24,1.455
1997-05-18 19:30,1.452
1997-05-18 19:36,1.449
1997-05-18 19:42,1.446
1997-05-18 19:48,1.443
1997-05-18 19:54,1.439
1997-05-18 20:00,1.436
1997-05-18 20:06,1.432
1997-05-18 20:12,1.428
1997-05-18 20:18,1.424
1997-05-18 20:24,1.420
1997-05-18 20:30,1.416
1997-05-18 20:36,1.412
1997-05-18 20:42,1.408
1997-05-18 20:48,1.403
1997-05-18 20:54,1.399
1997-05-18 21:00,1.394
1997-05-18 21:06,1.390
1997-05-18 21:12,1.385
1997-05-18 21:18,1.381
1997-05-18 21:24,1.376
1997-05-18 21:30,1.371
1997-05-18 21:36,1.367
1997-05-18 21:42,1.362
1997-05-18 21:48,1.357
1997-05-18 21:54,1.352
1997-05-18 22:00,1.348
1997-05-18 22:06,1.343
1997-05-18 22:12,1.338
1997-05-18 22:18,1.334
1997-05-18 22:24,1.329
1997-05-18 22:30,1.325
1997-05-18 22:36,1.320
1997-05-18 22:42,1.316
1997-05-18 22:48,1.312
1997-05-18 22:54,1.308
1997-05-18 23:00,1.304
1997-05-18 23:06,1.300
1997-05-18 23:12,1.296
1997-05-18 23:18,1.292
1997-05-18 23:24,1.289
1997-05-18 23:30,1.285
1997-05-18 23:36,1.282
1997-05-18 23:42,1.279
1997-05-18 23:48,1.276
1997-05-18 23:54,1.273
1997-05-19 00:00,1.271
1997-05-19 00:06,1.268
1997-05-19 00:12,1.266
1997-05-19 00:18,1.264
1997-05-19 00:24,1.262
1997-05-19 00:30,1.260
1997-05-19 00:36,1.259
1997-05-19 00:42,1.258
1997-05-19 00:48,1.257
1997-05-19 00:54,1.256
1997-05-19 01:00,1.255
1997-05-19 01:06,1.255
1997-05-19 01:12,1.255
1997-05-19 01:18,1.255
1997-05-19 01:24,1.256
1997-05-19 01:30,1.256
1997-05-19 01:36,1.257
1997-05-19 01:42,1.258
1997-05-19 01:48,1.259
1997-05-19 01:54,1.261
1997-05-19 02:00,1.263
1997-05-19 02:06,1.265
1997-05-19 02:12,1.267
1997-05-19 02:18,1.269
1997-05-19 02:24,1.272
1997-05-19 02:30,1.275
1997-05-19 02:36,1.278
1997-05-19 02:42,1.281
1997-05-19 02:48,1.285
1997-05-19 02:54,1.288
1997-05-19 03:00,1.292
1997-05-19 03:06,1.296
1997-05-19 03:12,1.300
1997-05-19 03:18,1.305
1997-05-19 03:24,1.309
1997-05-19 03:30,1.314
1997-05-19 03:36,1.319
1997-05-19 03:42,1.323
1997-05-19 03:48,1.328
1997-05-19 03:54,1.334
1997-05-19 04:00,1.339
1997-05-19 04:06,1.344
1997-05-19 04:12,1.349
1997-05-19 04:18,1.355
1997-05-19 04:24,1.360
1997-05-19 04:30,1.366
1997-05-19 04:36,1.371
1997-05-19 04:42,1.377
1997-05-19 04:48,1.382
1997-05-19 04:54,1.388
1997-05-19 05:00,1.393
1997-05-19 05:06,1.399
1997-05-19 05:12,1.404
1997-05-19 05:18,1.410
1997-05-19 05:24,1.415
1997-05-19 05:30,1.421
1997-05-19 05:36,1.426
1997-05-19 05:42,1.431
1997-05-19 05:48,1.436
1997-05-19 05:54,1.442
1997-05-19 06:00,1.447
1997-05-19 06:06,1.451
1997-05-19 06:12,1.456
1997-05-19 06:18,1.461
1997-05-19 06:24,1.465
1997-05-19 06:30,1.470
1997-05-19 06:36,1.474
1997-05-19 06:42,1.478
1997-05-19 06:48,1.482
1997-05-19 06:54,1.486
1997-05-19 07:00,1.490
1997-05-19 07:06,1.493
1997-05-19 07:12,1.497
1997-05-19 07:18,1.500
1997-05-19 07:24,1.503
1997-05-19 07:30,1.506
1997-05-19 07:36,1.508
1997-05-19 07:42,1.511
1997-05-19 07:48,1.513
1997-05-19 07:54,1.515
1997-05-19 08:00,1.517
1997-05-19 08:06,1.519
1997-05-19 08:12,1.520
1997-05-19 08:18,1.521
1997-05-19 08:24,1.523
1997-05-19 08:30,1.524
1997-05-19 08:36,1.524
1997-05-19 08:42,1.525
1997-05-19 08:48,1.525
1997-05-19 08:54,1.525
1997-05-19 09:00,1.525
1997-05-19 09:06,1.525
1997-05-19 09:12,1.525
1997-05-19 09:18,1.525
1997-05-19 09:24,1.524
1997-05-19 09:30,1.523
1997-05-19 09:36,1.523
1997-05-19 09:42,1.522
1997-05-19 09:48,1.521
1997-05-19 09:54,1.520
1997-05-19 10:00,1.519
1997-05-19 10:06,1.517
1997-05-19 10:12,1.516
1997-05-19 10:18,1.514
1997-05-19 10:24,1.513
1997-05-19 10:30,1.512
1997-05-19 10:36,1.510
1997-05-19 10:42,1.508
1997-05-19 10:48,1.507
1997-05-19 10:54,1.505
1997-05-19 11:00,1.503
1997-05-19 11:06,1.502
1997-05-19 11:12,1.500
1997-05-19 11:18,1.498
1997-05-19 11:24,1.497
1997-05-19 11:30,1.495
1997-05-19 11:36,1.493
1997-05-19 11:42,1.492
1997-05-19 11:48,1.490
1997-05-19 11:54,1.489
1997-05-19 12:00,1.487
1997-05-19 12:06,1.485
1997-05-19 12:12,1.484
1997-05-19 12:18,1.482
1997-05-19 12:24,1.481
1997-05-19 12:30,1.480
1997-05-19 12:36,1.478
1997-05-19 12:42,1.477
1997-05-19 12:48,1.476
1997-05-19 12:54,1.474
1997-05-19 13:00,1.473
1997-05-19 13:06,1.472
1997-05-19 13:12,1.471
1997-05-19 13:18,1.471
1997-05-19 13:24,1.470
1997-05-19 13:30,1.469
1997-05-19 13:36,1.469
1997-05-19 13:42,1.468
1997-05-19 13:48,1.468
1997-05-19 13:54,1.467
1997-05-19 14:00,1.467
1997-05-19 14:06,1.467
1997-05-19 14:12,1.467
1997-05-19 14:18,1.467
1997-05-19 14:24,1.467
1997-05-19 14:30,1.468
1997-05-19 14:36,1.468
1997-05-19 14:42,1.468
1997-05-19 14:48,1.469
1997-05-19 14:54,1.470
1997-05-19 15:00,1.470
1997-05-19 15:06,1.471
1997-05-19 15:12,1.472
1997-05-19 15:18,1.473
1997-05-19 15:24,1.473
1997-05-19 15:30,1.474
1997-05-19 15:36,1.475
1997-05-19 15:42,1.476
1997-05-19 15:48,1.477
1997-05-19 15:54,1.478
1997-05-19 16:00,1.479
1997-05-19 16:06,1.480
1997-05-19 16:12,1.480
1997-05-19 16:18,1.481
1997-05-19 16:24,1.482
1997-05-19 16:30,1.483
1997-05-19 16:36,1.483
1997-05-19 16:42,1.484
1997-05-19 16:48,1.484
1997-05-19 16:54,1.484
1997-05-19 17:00,1.485
1997-05-19 17:06,1.485
1997-05-19 17:12,1.485
1997-05-19 17:18,1.485
1997-05-19 17:24,1.485
1997-05-19 17:30,1.485
1997-05-19 17:36,1.484
1997-05-19 17:42,1.484
1997-05-19 17:48,1.483
1997-05-19 17:54,1.483
1997-05-19 18:00,1.482
1997-05-19 18:06,1.481
1997-05-19 18:12,1.480
1997-05-19 18:18,1.479
1997-05-19 18:24,1.478
1997-05-19 18:30,1.477
1997-05-19 18:36,1.475
1997-05-19 18:42,1.474
1997-05-19 18:48,1.472
1997-05-19 18:54,1.470
1997-05-19 19:00,1.468
1997-05-19 19:06,1.466
1997-05-19 19:12,1.464
1997-05-19 19:18,1.461
1997-05-19 19:24,1.459
1997-05-19 19:30,1.456
1997-05-19 19:36,1.453
1997-05-19 19:42,1.450
1997-05-19 19:48,1.447
1997-05-19 19:54,1.444
1997-05-19 20:00,1.440
1997-05-19 20:06,1.436
1997-05-19 20:12,1.432
1997-05-19 20:18,1.428
1997-05-19 20:24,1.424
1997-05-19 20:30,1.420
1997-05-19 20:36,1.415
1997-05-19 20:42,1.410
1997-05-19 20:48,1.406
1997-05-19 20:54,1.401
1997-05-19 21:00,1.396
1997-05-19 21:06,1.390
1997-05-19 21:12,1.385
1997-05-19 21:18,1.380
1997-05-19 21:24,1.374
1997-05-19 21:30,1.369
1997-05-19 21:36,1.363
1997-05-19 21:42,1.357
1997-05-19 21:48,1.352
1997-05-19 21:54,1.346
1997-05-19 22:00,1.340
1997-05-19 22:06,1.334
1997-05-19 22:12,1.329
1997-05-19 22:18,1.323
1997-05-19 22:24,1.317
1997-05-19 22:30,1.312
1997-05-19 22:36,1.306
1997-05-19 22:42,1.301
1997-05-19 22:48,1.296
1997-05-19 22:54,1.290
1997-05-19 23:00,1.285
1997-05-19 23:06,1.280
1997-05-19 23:12,1.275
1997-05-19 23:18,1.271
1997-05-19 23:24,1.266
1997-05-19 23:30,1.261
1997-05-19 23:36,1.257
1997-05-19 23:42,1.253
1997-05-19 23:48,1.249
1997-05-19 23:54,1.245
1997-05-20 00:00,1.241
1997-05-20 00:06,1.237
1997-05-20 00:12,1.234
1997-05-20 00:18,1.231
1997-05-20 00:24,1.228
1997-05-20 00:30,1.225
1997-05-20 00:36,1.222
1997-05-20 00:42,1.220
1997-05-20 00:48,1.217
1997-05-20 00:54,1.215
1997-05-20 01:00,1.213
1997-05-20 01:06,1.212
1997-05-20 01:12,1.210
1997-05-20 01:18,1.209
1997-05-20 01:24,1.208
1997-05-20 01:30,1.208
1997-05-20 01:36,1.208
1997-05-20 01:42,1.207
1997-05-20 01:48,1.208
1997-05-20 01:54,1.208
1997-05-20 02:00,1.209
1997-05-20 02:06,1.210
1997-05-20 02:12,1.212
1997-05-20 02:18,1.213
1997-05-20 02:24,1.215
1997-05-20 02:30,1.218
1997-05-20 02:36,1.220
1997-05-20 02:42,1.223
1997-05-20 02:48,1.226
1997-05-20 02:54,1.230
1997-05-20 03:00,1.233
1997-05-20 03:06,1.237
1997-05-20 03:12,1.242
1997-05-20 03:18,1.246
1997-05-20 03:24,1.251
1997-05-20 03:30,1.256
1997-05-20 03:36,1.261
1997-05-20 03:42,1.266
1997-05-20 03:48,1.272
1997-05-20 03:54,1.278
1997-05-20 04:00,1.284
1997-05-20 04:06,1.290
1997-05-20 04:12,1.296
1997-05-20 04:18,1.302
1997-05-20 04:24,1.308
1997-05-20 04:30,1.315
1997-05-20 04:36,1.321
1997-05-20 04:42,1.328
1997-05-20 04:48,1.334
1997-05-20 04:54,1.341
1997-05-20 05:00,1.348
1997-05-20 05:06,1.354
1997-05-20 05:12,1.361
1997-05-20 05:18,1.368
1997-05-20 05:24,1.374
1997-05-20 05:30,1.381
1997-05-20 05:36,1.388
1997-05-20 05:42,1.394
1997-05-20 05:48,1.401
1997-05-20 05:54,1.408
1997-05-20 06:00,1.414
1997-05-20 06:06,1.421
1997-05-20 06:12,1.427
1997-05-20 06:18,1.434
1997-05-20 06:24,1.440
1997-05-20 06:30,1.446
1997-05-20 06:36,1.453
1997-05-20 06:42,1.459
1997-05-20 06:48,1.465
1997-05-20 06:54,1.471
1997-05-20 07:00,1.476
1997-05-20 07:06,1.482
1997-05-20 07:12,1.488
1997-05-20 07:18,1.493
1997-05-20 07:24,1.498
1997-05-20 07:30,1.503
1997-05-20 07:36,1.508
1997-05-20 07:42,1.513
1997-05-20 07:48,1.518
1997-05-20 07:54,1.522
1997-05-20 08:00,1.526
1997-05-20 08:06,1.530
1997-05-20 08:12,1.534
1997-05-20 08:18,1.537
1997-05-20 08:24,1.540
1997-05-20 08:30,1.543
1997-05-20 08:36,1.546
1997-05-20 08:42,1.548
1997-05-20 08:48,1.550
1997-05-20 08:54,1.552
1997-05-20 09:00,1.554
1997-05-20 09:06,1.555
1997-05-20 09:12,1.557
1997-05-20 09:18,1.557
1997-05-20 09:24,1.558
1997-05-20 09:30,1.559
1997-05-20 09:36,1.559
1997-05-20 09:42,1.559
1997-05-20 09:48,1.559
1997-05-20 09:54,1.559
1997-05-20 10:00,1.559
1997-05-20 10:06,1.558
1997-05-20 10:12,1.557
1997-05-20 10:18,1.557
1997-05-20 10:24,1.556
1997-05-20 10:30,1.555
1997-05-20 10:36,1.554
1997-05-20 10:42,1.553
1997-05-20 10:48,1.551
1997-05-20 10:54,1.550
1997-05-20 11:00,1.549
1997-05-20 11:06,1.547
1997-05-20 11:12,1.546
1997-05-20 11:18,1.545
1997-05-20 11:24,1.543
1997-05-20 11:30,1.541
1997-05-20 11:36,1.540
1997-05-20 11:42,1.538
1997-05-20 11:48,1.537
1997-05-20 11:54,1.535
1997-05-20 12:00,1.533
1997-05-20 12:06,1.531
1997-05-20 12:12,1.530
1997-05-20 12:18,1.528
1997-05-20 12:24,1.526
1997-05-20 12:30,1.524
1997-05-20 12:36,1.522
1997-05-20 12:42,1.521
1997-05-20 12:48,1.519
1997-05-20 12:54,1.517
1997-05-20 13:00,1.515
1997-05-20 13:06,1.513
1997-05-20 13:12,1.511
1997-05-20 13:18,1.510
1997-05-20 13:24,1.508
1997-05-20 13:30,1.506
1997-05-20 13:36,1.504
1997-05-20 13:42,1.503
1997-05-20 13:48,1.501
1997-05-20 13:54,1.500
1997-05-20 14:00,1.498
1997-05-20 14:06,1.497
1997-05-20 14:12,1.496
1997-05-20 14:18,1.495
1997-05-20 14:24,1.494
1997-05-20 14:30,1.493
1997-05-20 14:36,1.492
1997-05-20 14:42,1.492
1997-05-20 14:48,1.491
1997-05-20 14:54,1.491
1997-05-20 15:00,1.490
1997-05-20 15:06,1.490
1997-05-20 15:12,1.490
1997-05-20 15:18,1.490
1997-05-20 15:24,1.490
1997-05-20 15:30,1.490
1997-05-20 15:36,1.491
1997-05-20 15:42,1.491
1997-05-20 15:48,1.491
1997-05-20 15:54,1.492
1997-05-20 16:00,1.492
1997-05-20 16:06,1.493
1997-05-20 16:12,1.493
1997-05-20 16:18,1.493
1997-05-20 16:24,1.494
1997-05-20 16:30,1.494
1997-05-20 16:36,1.494
1997-05-20 16:42,1.495
1997-05-20 16:48,1.495
1997-05-20 16:54,1.495
1997-05-20 17:00,1.495
1997-05-20 17:06,1.495
1997-05-20 17:12,1.495
1997-05-20 17:18,1.494
1997-05-20 17:24,1.494
1997-05-20 17:30,1.494
1997-05-20 17:36,1.493
1997-05-20 17:42,1.493
1997-05-20 17:48,1.492
1997-05-20 17:54,1.491
1997-05-20 18:00,1.490
1997-05-20 18:06,1.489
1997-05-20 18:12,1.488
1997-05-20 18:18,1.487
1997-05-20 18:24,1.486
1997-05-20 18:30,1.484
1997-05-20 18:36,1.483
1997-05-20 18:42,1.481
1997-05-20 18:48,1.480
1997-05-20 18:54,1.478
1997-05-20 19:00,1.476
1997-05-20 19:06,1.474
1997-05-20 19:12,1.472
1997-05-20 19:18,1.470
1997-05-20 19:24,1.468
1997-05-20 19:30,1.465
1997-05-20 19:36,1.463
1997-05-20 19:42,1.460
1997-05-20 19:48,1.457
1997-05-20 19:54,1.454
1997-05-20 20:00,1.451
1997-05-20 20:06,1.447
1997-05-20 20:12,1.444
1997-05-20 20:18,1.440
1997-05-20 20:24,1.436
1997-05-20 20:30,1.432
1997-05-20 20:36,1.427
1997-05-20 20:42,1.423
1997-05-20 20:48,1.418
1997-05-20 20:54,1.413
1997-05-20 21:00,1.408
1997-05-20 21:06,1.402
1997-05-20 21:12,1.397
1997-05-20 21:18,1.391
1997-05-20 21:24,1.385
1997-05-20 21:30,1.379
1997-05-20 21:36,1.373
1997-05-20 21:42,1.367
1997-05-20 21:48,1.360
1997-05-20 21:54,1.354
1997-05-20 22:00,1.347
1997-05-20 22:06,1.341
1997-05-20 22:12,1.334
1997-05-20 22:18,1.328
1997-05-20 22:24,1.321
1997-05-20 22:30,1.314
1997-05-20 22:36,1.308
1997-05-20 22:42,1.301
1997-05-20 22:48,1.295
1997-05-20 22:54,1.288
1997-05-20 23:00,1.282
1997-05-20 23:06,1.276
1997-05-20 23:12,1.269
1997-05-20 23:18,1.263
1997-05-20 23:24,1.258
1997-05-20 23:30,1.252
1997-05-20 23:36,1.246
1997-05-20 23:42,1.241
1997-05-20 23:48,1.235
1997-05-20 23:54,1.230
1997-05-21 00:00,1.225
1997-05-21 00:06,1.220
1997-05-21 00:12,1.215
1997-05-21 00:18,1.211
1997-05-21 00:24,1.207
1997-05-21 00:30,1.202
1997-05-21 00:36,1.198
1997-05-21 00:42,1.194
1997-05-21 00:48,1.191
1997-05-21 00:54,1.187
1997-05-21 01:00,1.184
1997-05-21 01:06,1.181
1997-05-21 01:12,1.178
1997-05-21 01:18,1.176
1997-05-21 01:24,1.173
1997-05-21 01:30,1.171
1997-05-21 01:36,1.169
1997-05-21 01:42,1.168
1997-05-21 01:48,1.166
1997-05-21 01:54,1.165
1997-05-21 02:00,1.164
1997-05-21 02:06,1.164
1997-05-21 02:12,1.164
1997-05-21 02:18,1.164
1997-05-21 02:24,1.165
1997-05-21 02:30,1.166
1997-05-21 02:36,1.167
1997-05-21 02:42,1.168
1997-05-21 02:48,1.170
1997-05-21 02:54,1.173
1997-05-21 03:00,1.175
1997-05-21 03:06,1.178
1997-05-21 03:12,1.182
1997-05-21 03:18,1.185
1997-05-21 03:24,1.189
1997-05-21 03:30,1.194
1997-05-21 03:36,1.198
1997-05-21 03:42,1.203
1997-05-21 03:48,1.209
1997-05-21 03:54,1.214
1997-05-21 04:00,1.220
1997-05-21 04:06,1.226
1997-05-21 04:12,1.232
1997-05-21 04:18,1.238
1997-05-21 04:24,1.245
1997-05-21 04:30,1.252
1997-05-21 04:36,1.259
1997-05-21 04:42,1.266
1997-05-21 04:48,1.273
1997-05-21 04:54,1.280
1997-05-21 05:00,1.288
1997-05-21 05:06,1.295
1997-05-21 05:12,1.303
1997-05-21 05:18,1.310
1997-05-21 05:24,1.318
1997-05-21 05:30,1.326
1997-05-21 05:36,1.334
1997-05-21 05:42,1.341
1997-05-21 05:48,1.349
1997-05-21 05:54,1.357
1997-05-21 06:00,1.365
1997-05-21 06:06,1.373
1997-05-21 06:12,1.380
1997-05-21 06:18,1.388
1997-05-21 06:24,1.396
1997-05-21 06:30,1.404
1997-05-21 06:36,1.412
1997-05-21 06:42,1.419
1997-05-21 06:48,1.427
1997-05-21 06:54,1.435
1997-05-21 07:00,1.442
1997-05-21 07:06,1.450
1997-05-21 07:12,1.457
1997-05-21 07:18,1.464
1997-05-21 07:24,1.472
1997-05-21 07:30,1.479
1997-05-21 07:36,1.486
1997-05-21 07:42,1.493
1997-05-21 07:48,1.499
1997-05-21 07:54,1.506
1997-05-21 08:00,1.512
1997-05-21 08:06,1.518
1997-05-21 08:12,1.524
1997-05-21 08:18,1.530
1997-05-21 08:24,1.535
1997-05-21 08:30,1.540
1997-05-21 08:36,1.545
1997-05-21 08:42,1.550
1997-05-21 08:48,1.554
1997-05-21 08:54,1.559
1997-05-21 09:00,1.562
1997-05-21 09:06,1.566
1997-05-21 09:12,1.569
1997-05-21 09:18,1.572
1997-05-21 09:24,1.575
1997-05-21 09:30,1.577
1997-05-21 09:36,1.579
1997-05-21 09:42,1.581
1997-05-21 09:48,1.583
1997-05-21 09:54,1.584
1997-05-21 10:00,1.585
1997-05-21 10:06,1.586
1997-05-21 10:12,1.586
1997-05-21 10:18,1.587
1997-05-21 10:24,1.587
1997-05-21 10:30,1.587
1997-05-21 10:36,1.587
1997-05-21 10:42,1.587
1997-05-21 10:48,1.587
1997-05-21 10:54,1.586
1997-05-21 11:00,1.585
1997-05-21 11:06,1.585
1997-05-21 11:12,1.584
1997-05-21 11:18,1.583
1997-05-21 11:24,1.582
1997-05-21 11:30,1.581
1997-05-21 11:36,1.580
1997-05-21 11:42,1.579
1997-05-21 11:48,1.577
1997-05-21 11:54,1.576
1997-05-21 12:00,1.575
1997-05-21 12:06,1.573
1997-05-21 12:12,1.572
1997-05-21 12:18,1.570
1997-05-21 12:24,1.569
1997-05-21 12:30,1.567
1997-05-21 12:36,1.565
1997-05-21 12:42,1.563
1997-05-21 12:48,1.561
1997-05-21 12:54,1.560
1997-05-21 13:00,1.558
1997-05-21 13:06,1.556
1997-05-21 13:12,1.554
1997-05-21 13:18,1.551
1997-05-21 13:24,1.549
1997-05-21 13:30,1.547
1997-05-21 13:36,1.545
1997-05-21 13:42,1.543
1997-05-21 13:48,1.541
1997-05-21 13:54,1.539
1997-05-21 14:00,1.536
1997-05-21 14:06,1.534
1997-05-21 14:12,1.532
1997-05-21 14:18,1.530
1997-05-21 14:24,1.528
1997-05-21 14:30,1.527
1997-05-21 14:36,1.525
1997-05-21 14:42,1.523
1997-05-21 14:48,1.522
1997-05-21 14:54,1.520
1997-05-21 15:00,1.519
1997-05-21 15:06,1.517
1997-05-21 15:12,1.516
1997-05-21 15:18,1.515
1997-05-21 15:24,1.514
1997-05-21 15:30,1.514
1997-05-21 15:36,1.513
1997-05-21 15:42,1.512
1997-05-21 15:48,1.512
1997-05-21 15:54,1.511
1997-05-21 16:00,1.511
1997-05-21 16:06,1.511
1997-05-21 16:12,1.510
1997-05-21 16:18,1.510
1997-05-21 16:24,1.510
1997-05-21 16:30,1.510
1997-05-21 16:36,1.510
1997-05-21 16:42,1.510
1997-05-21 16:48,1.509
1997-05-21 16:54,1.509
1997-05-21 17:00,1.509
1997-05-21 17:06,1.509
1997-05-21 17:12,1.508
1997-05-21 17:18,1.508
1997-05-21 17:24,1.507
1997-05-21 17:30,1.507
1997-05-21 17:36,1.506
1997-05-21 17:42,1.506
1997-05-21 17:48,1.505
1997-05-21 17:54,1.504
1997-05-21 18:00,1.503
1997-05-21 18:06,1.502
1997-05-21 18:12,1.501
1997-05-21 18:18,1.500
1997-05-21 18:24,1.498
1997-05-21 18:30,1.497
1997-05-21 18:36,1.496
1997-05-21 18:42,1.494
1997-05-21 18:48,1.492
1997-05-21 18:54,1.491
1997-05-21 19:00,1.489
1997-05-21 19:06,1.487
1997-05-21 19:12,1.485
1997-05-21 19:18,1.483
1997-05-21 19:24,1.481
1997-05-21 19:30,1.479
1997-05-21 19:36,1.476
1997-05-21 19:42,1.474
1997-05-21 19:48,1.471
1997-05-21 19:54,1.469
1997-05-21 20:00,1.466
1997-05-21 20:06,1.463
1997-05-21 20:12,1.459
1997-05-21 20:18,1.456
1997-05-21 20:24,1.452
1997-05-21 20:30,1.449
1997-05-21 20:36,1.445
1997-05-21 20:42,1.441
1997-05-21 20:48,1.436
1997-05-21 20:54,1.432
1997-05-21 21:00,1.427
1997-05-21 21:06,1.422
1997-05-21 21:12,1.417
1997-05-21 21:18,1.411
1997-05-21 21:24,1.405
1997-05-21 21:30,1.400
1997-05-21 21:36,1.393
1997-05-21 21:42,1.387
1997-05-21 21:48,1.381
1997-05-21 21:54,1.374
1997-05-21 22:00,1.368
1997-05-21 22:06,1.361
1997-05-21 22:12,1.354
1997-05-21 22:18,1.347
1997-05-21 22:24,1.339
1997-05-21 22:30,1.332
1997-05-21 22:36,1.325
1997-05-21 22:42,1.318
1997-05-21 22:48,1.310
1997-05-21 22:54,1.303
1997-05-21 23:00,1.296
1997-05-21 23:06,1.288
1997-05-21 23:12,1.281
1997-05-21 23:18,1.274
1997-05-21 23:24,1.267
1997-05-21 23:30,1.260
1997-05-21 23:36,1.253
1997-05-21 23:42,1.246
1997-05-21 23:48,1.239
1997-05-21 23:54,1.233
1997-05-22 00:00,1.226
1997-05-22 00:06,1.220
1997-05-22 00:12,1.214
1997-05-22 00:18,1.208
1997-05-22 00:24,1.202
1997-05-22 00:30,1.197
1997-05-22 00:36,1.191
1997-05-22 00:42,1.186
1997-05-22 00:48,1.181
1997-05-22 00:54,1.176
1997-05-22 01:00,1.171
1997-05-22 01:06,1.167
1997-05-22 01:12,1.162
1997-05-22 01:18,1.158
1997-05-22 01:24,1.154
1997-05-22 01:30,1.150
1997-05-22 01:36,1.147
1997-05-22 01:42,1.144
1997-05-22 01:48,1.141
1997-05-22 01:54,1.138
1997-05-22 02:00,1.136
1997-05-22 02:06,1.133
1997-05-22 02:12,1.132
1997-05-22 02:18,1.130
1997-05-22 02:24,1.129
1997-05-22 02:30,1.128
1997-05-22 02:36,1.127
1997-05-22 02:42,1.127
1997-05-22 02:48,1.127
1997-05-22 02:54,1.127
1997-05-22 03:00,1.128
1997-05-22 03:06,1.130
1997-05-22 03:12,1.131
1997-05-22 03:18,1.133
1997-05-22 03:24,1.135
1997-05-22 03:30,1.138
1997-05-22 03:36,1.141
1997-05-22 03:42,1.145
1997-05-22 03:48,1.149
1997-05-22 03:54,1.153
1997-05-22 04:00,1.157
1997-05-22 04:06,1.162
1997-05-22 04:12,1.167
1997-05-22 04:18,1.173
1997-05-22 04:24,1.179
1997-05-22 04:30,1.185
1997-05-22 04:36,1.191
1997-05-22 04:42,1.198
1997-05-22 04:48,1.205
1997-05-22 04:54,1.212
1997-05-22 05:00,1.219
1997-05-22 05:06,1.226
1997-05-22 05:12,1.234
1997-05-22 05:18,1.242
1997-05-22 05:24,1.250
1997-05-22 05:30,1.258
1997-05-22 05:36,1.266
1997-05-22 05:42,1.274
1997-05-22 05:48,1.283
1997-05-22 05:54,1.291
1997-05-22 06:00,1.300
1997-05-22 06:06,1.309
1997-05-22 06:12,1.317
1997-05-22 06:18,1.326
1997-05-22 06:24,1.335
1997-05-22 06:30,1.344
1997-05-22 06:36,1.353
1997-05-22 06:42,1.362
1997-05-22 06:48,1.371
1997-05-22 06:54,1.379
1997-05-22 07:00,1.388
1997-05-22 07:06,1.397
1997-05-22 07:12,1.406
1997-05-22 07:18,1.415
1997-05-22 07:24,1.424
1997-05-22 07:30,1.433
1997-05-22 07:36,1.441
1997-05-22 07:42,1.450
1997-05-22 07:48,1.458
1997-05-22 07:54,1.467
1997-05-22 08:00,1.475
1997-05-22 08:06,1.483
1997-05-22 08:12,1.491
1997-05-22 08:18,1.499
1997-05-22 08:24,1.506
1997-05-22 08:30,1.514
1997-05-22 08:36,1.521
1997-05-22 08:42,1.528
1997-05-22 08:48,1.534
1997-05-22 08:54,1.541
1997-05-22 09:00,1.547
1997-05-22 09:06,1.552
1997-05-22 09:12,1.558
1997-05-22 09:18,1.563
1997-05-22 09:24,1.568
1997-05-22 09:30,1.573
1997-05-22 09:36,1.577
1997-05-22 09:42,1.581
1997-05-22 09:48,1.585
1997-05-22 09:54,1.588
1997-05-22 10:00,1.591
1997-05-22 10:06,1.594
1997-05-22 10:12,1.597
1997-05-22 10:18,1.599
1997-05-22 10:24,1.601
1997-05-22 10:30,1.603
1997-05-22 10:36,1.605
1997-05-22 10:42,1.606
1997-05-22 10:48,1.607
1997-05-22 10:54,1.608
1997-05-22 11:00,1.609
1997-05-22 11:06,1.609
1997-05-22 11:12,1.609
1997-05-22 11:18,1.610
1997-05-22 11:24,1.610
1997-05-22 11:30,1.609
1997-05-22 11:36,1.609
1997-05-22 11:42,1.609
1997-05-22 11:48,1.608
1997-05-22 11:54,1.608
1997-05-22 12:00,1.607
1997-05-22 12:06,1.606
1997-05-22 12:12,1.605
1997-05-22 12:18,1.604
1997-05-22 12:24,1.603
1997-05-22 12:30,1.602
1997-05-22 12:36,1.601
1997-05-22 12:42,1.599
1997-05-22 12:48,1.598
1997-05-22 12:54,1.596
1997-05-22 13:00,1.595
1997-05-22 13:06,1.593
1997-05-22 13:12,1.591
1997-05-22 13:18,1.590
1997-05-22 13:24,1.588
1997-05-22 13:30,1.586
1997-05-22 13:36,1.584
1997-05-22 13:42,1.582
1997-05-22 13:48,1.580
1997-05-22 13:54,1.577
1997-05-22 14:00,1.575
1997-05-22 14:06,1.573
1997-05-22 14:12,1.571
1997-05-22 14:18,1.568
1997-05-22 14:24,1.566
1997-05-22 14:30,1.564
1997-05-22 14:36,1.562
1997-05-22 14:42,1.559
1997-05-22 14:48,1.557
1997-05-22 14:54,1.555
1997-05-22 15:00,1.553
1997-05-22 15:06,1.551
1997-05-22 15:12,1.549
1997-05-22 15:18,1.547
1997-05-22 15:24,1.545
1997-05-22 15:30,1.544
1997-05-22 15:36,1.542
1997-05-22 15:42,1.540
1997-05-22 15:48,1.539
1997-05-22 15:54,1.537
1997-05-22 16:00,1.536
1997-05-22 16:06,1.535
1997-05-22 16:12,1.534
1997-05-22 16:18,1.533
1997-05-22 16:24,1.532
1997-05-22 16:30,1.531
1997-05-22 16:36,1.530
1997-05-22 16:42,1.529
1997-05-22 16:48,1.528
1997-05-22 16:54,1.527
1997-05-22 17:00,1.526
1997-05-22 17:06,1.526
1997-05-22 17:12,1.525
1997-05-22 17:18,1.524
1997-05-22 17:24,1.523
1997-05-22 17:30,1.522
1997-05-22 17:36,1.522
1997-05-22 17:42,1.521
1997-05-22 17:48,1.520
1997-05-22 17:54,1.519
1997-05-22 18:00,1.518
1997-05-22 18:06,1.517
1997-05-22 18:12,1.516
1997-05-22 18:18,1.515
1997-05-22 18:24,1.514
1997-05-22 18:30,1.512
1997-05-22 18:36,1.511
1997-05-22 18:42,1.510
1997-05-22 18:48,1.508
1997-05-22 18:54,1.507
1997-05-22 19:00,1.505
1997-05-22 19:06,1.504
1997-05-22 19:12,1.502
1997-05-22 19:18,1.500
1997-05-22 19:24,1.498
1997-05-22 19:30,1.496
1997-05-22 19:36,1.494
1997-05-22 19:42,1.492
1997-05-22 19:48,1.490
1997-05-22 19:54,1.487
1997-05-22 20:00,1.485
1997-05-22 20:06,1.482
1997-05-22 20:12,1.479
1997-05-22 20:18,1.476
1997-05-22 20:24,1.473
1997-05-22 20:30,1.470
1997-05-22 20:36,1.466
1997-05-22 20:42,1.462
1997-05-22 20:48,1.459
1997-05-22 20:54,1.455
1997-05-22 21:00,1.450
1997-05-22 21:06,1.446
1997-05-22 21:12,1.441
1997-05-22 21:18,1.436
1997-05-22 21:24,1.431
1997-05-22 21:30,1.426
1997-05-22 21:36,1.420
1997-05-22 21:42,1.415
1997-05-22 21:48,1.409
1997-05-22 21:54,1.403
1997-05-22 22:00,1.396
1997-05-22 22:06,1.390
1997-05-22 22:12,1.383
1997-05-22 22:18,1.376
1997-05-22 22:24,1.369
1997-05-22 22:30,1.362
1997-05-22 22:36,1.355
1997-05-22 22:42,1.347
1997-05-22 22:48,1.340
1997-05-22 22:54,1.332
1997-05-22 23:00,1.325
1997-05-22 23:06,1.317
1997-05-22 23:12,1.309
1997-05-22 23:18,1.301
1997-05-22 23:24,1.294
1997-05-22 23:30,1.286
1997-05-22 23:36,1.278
1997-05-22 23:42,1.270
1997-05-22 23:48,1.263
1997-05-22 23:54,1.255
1997-05-23 00:00,1.248
1997-05-23 00:06,1.240
1997-05-23 00:12,1.233
1997-05-23 00:18,1.226
1997-05-23 00:24,1.218
1997-05-23 00:30,1.211
1997-05-23 00:36,1.204
1997-05-23 00:42,1.198
1997-05-23 00:48,1.191
1997-05-23 00:54,1.185
1997-05-23 01:00,1.179
1997-05-23 01:06,1.172
1997-05-23 01:12,1.167
1997-05-23 01:18,1.161
1997-05-23 01:24,1.155
1997-05-23 01:30,1.150
1997-05-23 01:36,1.145
1997-05-23 01:42,1.140
1997-05-23 01:48,1.135
1997-05-23 01:54,1.131
1997-05-23 02:00,1.127
1997-05-23 02:06,1.123
1997-05-23 02:12,1.119
1997-05-23 02:18,1.116
1997-05-23 02:24,1.113
1997-05-23 02:30,1.110
1997-05-23 02:36,1.107
1997-05-23 02:42,1.105
1997-05-23 02:48,1.103
1997-05-23 02:54,1.102
1997-05-23 03:00,1.101
1997-05-23 03:06,1.100
1997-05-23 03:12,1.099
1997-05-23 03:18,1.099
1997-05-23 03:24,1.099
1997-05-23 03:30,1.100
1997-05-23 03:36,1.101
1997-05-23 03:42,1.102
1997-05-23 03:48,1.104
1997-05-23 03:54,1.106
1997-05-23 04:00,1.108
1997-05-23 04:06,1.111
1997-05-23 04:12,1.114
1997-05-23 04:18,1.118
1997-05-23 04:24,1.121
1997-05-23 04:30,1.126
1997-05-23 04:36,1.130
1997-05-23 04:42,1.135
1997-05-23 04:48,1.141
1997-05-23 04:54,1.146
1997-05-23 05:00,1.152
1997-05-23 05:06,1.158
1997-05-23 05:12,1.165
1997-05-23 05:18,1.172
1997-05-23 05:24,1.179
1997-05-23 05:30,1.186
1997-05-23 05:36,1.193
1997-05-23 05:42,1.201
1997-05-23 05:48,1.209
1997-05-23 05:54,1.217
1997-05-23 06:00,1.226
1997-05-23 06:06,1.235
1997-05-23 06:12,1.243
1997-05-23 06:18,1.252
1997-05-23 06:24,1.261
1997-05-23 06:30,1.271
1997-05-23 06:36,1.280
1997-05-23 06:42,1.289
1997-05-23 06:48,1.299
1997-05-23 06:54,1.309
1997-05-23 07:00,1.318
1997-05-23 07:06,1.328
1997-05-23 07:12,1.338
1997-05-23 07:18,1.348
1997-05-23 07:24,1.358
1997-05-23 07:30,1.368
1997-05-23 07:36,1.377
1997-05-23 07:42,1.387
1997-05-23 07:48,1.397
1997-05-23 07:54,1.407
1997-05-23 08:00,1.416
1997-05-23 08:06,1.426
1997-05-23 08:12,1.435
1997-05-23 08:18,1.445
1997-05-23 08:24,1.454
1997-05-23 08:30,1.463
1997-05-23 08:36,1.472
1997-05-23 08:42,1.481
1997-05-23 08:48,1.489
1997-05-23 08:54,1.498
1997-05-23 09:00,1.506
1997-05-23 09:06,1.514
1997-05-23 09:12,1.521
1997-05-23 09:18,1.529
1997-05-23 09:24,1.536
1997-05-23 09:30,1.543
1997-05-23 09:36,1.549
1997-05-23 09:42,1.556
1997-05-23 09:48,1.562
1997-05-23 09:54,1.567
1997-05-23 10:00,1.573
1997-05-23 10:06,1.578
1997-05-23 10:12,1.583
1997-05-23 10:18,1.587
1997-05-23 10:24,1.592
1997-05-23 10:30,1.596
1997-05-23 10:36,1.599
1997-05-23 10:42,1.603
1997-05-23 10:48,1.606
1997-05-23 10:54,1.609
1997-05-23 11:00,1.611
1997-05-23 11:06,1.614
1997-05-23 11:12,1.616
1997-05-23 11:18,1.618
1997-05-23 11:24,1.619
1997-05-23 11:30,1.621
1997-05-23 11:36,1.622
1997-05-23 11:42,1.623
1997-05-23 11:48,1.624
1997-05-23 11:54,1.625
1997-05-23 12:00,1.625
1997-05-23 12:06,1.626
1997-05-23 12:12,1.626
1997-05-23 12:18,1.626
1997-05-23 12:24,1.625
1997-05-23 12:30,1.625
1997-05-23 12:36,1.625
1997-05-23 12:42,1.624
1997-05-23 12:48,1.623
1997-05-23 12:54,1.623
1997-05-23 13:00,1.622
1997-05-23 13:06,1.621
1997-05-23 13:12,1.620
1997-05-23 13:18,1.618
1997-05-23 13:24,1.617
1997-05-23 13:30,1.616
1997-05-23 13:36,1.614
1997-05-23 13:42,1.612
1997-05-23 13:48,1.611
1997-05-23 13:54,1.609
1997-05-23 14:00,1.607
1997-05-23 14:06,1.605
1997-05-23 14:12,1.603
1997-05-23 14:18,1.602
1997-05-23 14:24,1.600
1997-05-23 14:30,1.597
1997-05-23 14:36,1.595
1997-05-23 14:42,1.593
1997-05-23 14:48,1.591
1997-05-23 14:54,1.589
1997-05-23 15:00,1.587
1997-05-23 15:06,1.585
1997-05-23 15:12,1.583
1997-05-23 15:18,1.580
1997-05-23 15:24,1.578
1997-05-23 15:30,1.576
1997-05-23 15:36,1.574
1997-05-23 15:42,1.572
1997-05-23 15:48,1.570
1997-05-23 15:54,1.568
1997-05-23 16:00,1.566
1997-05-23 16:06,1.564
1997-05-23 16:12,1.562
1997-05-23 16:18,1.560
1997-05-23 16:24,1.558
1997-05-23 16:30,1.556
1997-05-23 16:36,1.554
1997-05-23 16:42,1.553
1997-05-23 16:48,1.551
1997-05-23 16:54,1.549
1997-05-23 17:00,1.548
1997-05-23 17:06,1.546
1997-05-23 17:12,1.545
1997-05-23 17:18,1.543
1997-05-23 17:24,1.542
1997-05-23 17:30,1.540
1997-05-23 17:36,1.539
1997-05-23 17:42,1.538
1997-05-23 17:48,1.536
1997-05-23 17:54,1.535
1997-05-23 18:00,1.534
1997-05-23 18:06,1.533
1997-05-23 18:12,1.531
1997-05-23 18:18,1.530
1997-05-23 18:24,1.529
1997-05-23 18:30,1.528
1997-05-23 18:36,1.527
1997-05-23 18:42,1.525
1997-05-23 18:48,1.524
1997-05-23 18:54,1.523
1997-05-23 19:00,1.521
1997-05-23 19:06,1.520
1997-05-23 19:12,1.519
1997-05-23 19:18,1.517
1997-05-23 19:24,1.516
1997-05-23 19:30,1.514
1997-05-23 19:36,1.512
1997-05-23 19:42,1.511
1997-05-23 19:48,1.509
1997-05-23 19:54,1.507
1997-05-23 20:00,1.505
1997-05-23 20:06,1.502
1997-05-23 20:12,1.500
1997-05-23 20:18,1.498
1997-05-23 20:24,1.495
1997-05-23 20:30,1.492
1997-05-23 20:36,1.489
1997-05-23 20:42,1.486
1997-05-23 20:48,1.483
1997-05-23 20:54,1.479
1997-05-23 21:00,1.476
1997-05-23 21:06,1.472
1997-05-23 21:12,1.468
1997-05-23 21:18,1.464
1997-05-23 21:24,1.459
1997-05-23 21:30,1.455
1997-05-23 21:36,1.450
1997-05-23 21:42,1.445
1997-05-23 21:48,1.440
1997-05-23 21:54,1.435
1997-05-23 22:00,1.429
1997-05-23 22:06,1.423
1997-05-23 22:12,1.417
1997-05-23 22:18,1.411
1997-05-23 22:24,1.405
1997-05-23 22:30,1.399
1997-05-23 22:36,1.392
1997-05-23 22:42,1.385
1997-05-23 22:48,1.378
1997-05-23 22:54,1.371
1997-05-23 23:00,1.364
1997-05-23 23:06,1.357
1997-05-23 23:12,1.349
1997-05-23 23:18,1.342
1997-05-23 23:24,1.334
1997-05-23 23:30,1.326
1997-05-23 23:36,1.318
1997-05-23 23:42,1.311
1997-05-23 23:48,1.303
1997-05-23 23:54,1.295
1997-05-24 00:00,1.287
1997-05-24 00:06,1.279
1997-05-24 00:12,1.271
1997-05-24 00:18,1.263
1997-05-24 00:24,1.255
1997-05-24 00:30,1.247
1997-05-24 00:36,1.239
1997-05-24 00:42,1.231
1997-05-24 00:48,1.224
1997-05-24 00:54,1.216
1997-05-24 01:00,1.208
1997-05-24 01:06,1.201
1997-05-24 01:12,1.194
1997-05-24 01:18,1.187
1997-05-24 01:24,1.180
1997-05-24 01:30,1.173
1997-05-24 01:36,1.166
1997-05-24 01:42,1.160
1997-05-24 01:48,1.154
1997-05-24 01:54,1.148
1997-05-24 02:00,1.142
1997-05-24 02:06,1.136
1997-05-24 02:12,1.131
1997-05-24 02:18,1.126
1997-05-24 02:24,1.121
1997-05-24 02:30,1.116
1997-05-24 02:36,1.112
1997-05-24 02:42,1.108
1997-05-24 02:48,1.104
1997-05-24 02:54,1.100
1997-05-24 03:00,1.097
1997-05-24 03:06,1.094
1997-05-24 03:12,1.092
1997-05-24 03:18,1.090
1997-05-24 03:24,1.088
1997-05-24 03:30,1.086
1997-05-24 03:36,1.085
1997-05-24 03:42,1.084
1997-05-24 03:48,1.083
1997-05-24 03:54,1.083
1997-05-24 04:00,1.083
1997-05-24 04:06,1.083
1997-05-24 04:12,1.084
1997-05-24 04:18,1.085
1997-05-24 04:24,1.086
1997-05-24 04:30,1.088
1997-05-24 04:36,1.090
1997-05-24 04:42,1.093
1997-05-24 04:48,1.095
1997-05-24 04:54,1.098
1997-05-24 05:00,1.102
1997-05-24 05:06,1.106
1997-05-24 05:12,1.110
1997-05-24 05:18,1.115
1997-05-24 05:24,1.119
1997-05-24 05:30,1.125
1997-05-24 05:36,1.130
1997-05-24 05:42,1.136
1997-05-24 05:48,1.142
1997-05-24 05:54,1.149
1997-05-24 06:00,1.156
1997-05-24 06:06,1.163
1997-05-24 06:12,1.171
1997-05-24 06:18,1.178
1997-05-24 06:24,1.186
1997-05-24 06:30,1.195
1997-05-24 06:36,1.203
1997-05-24 06:42,1.212
1997-05-24 06:48,1.221
1997-05-24 06:54,1.231
1997-05-24 07:00,1.240
1997-05-24 07:06,1.250
1997-05-24 07:12,1.260
1997-05-24 07:18,1.269
1997-05-24 07:24,1.280
1997-05-24 07:30,1.290
1997-05-24 07:36,1.300
1997-05-24 07:42,1.310
1997-05-24 07:48,1.321
1997-05-24 07:54,1.331
1997-05-24 08:00,1.342
1997-05-24 08:06,1.352
1997-05-24 08:12,1.362
1997-05-24 08:18,1.373
1997-05-24 08:24,1.383
1997-05-24 08:30,1.393
1997-05-24 08:36,1.403
1997-05-24 08:42,1.413
1997-05-24 08:48,1.423
1997-05-24 08:54,1.433
1997-05-24 09:00,1.442
1997-05-24 09:06,1.452
1997-05-24 09:12,1.461
1997-05-24 09:18,1.470
1997-05-24 09:24,1.479
1997-05-24 09:30,1.488
1997-05-24 09:36,1.496
1997-05-24 09:42,1.504
1997-05-24 09:48,1.512
1997-05-24 09:54,1.520
1997-05-24 10:00,1.527
1997-05-24 10:06,1.535
1997-05-24 10:12,1.542
1997-05-24 10:18,1.548
1997-05-24 10:24,1.555
1997-05-24 10:30,1.561
1997-05-24 10:36,1.567
1997-05-24 10:42,1.573
1997-05-24 10:48,1.578
1997-05-24 10:54,1.583
1997-05-24 11:00,1.588
1997-05-24 11:06,1.593
1997-05-24 11:12,1.597
1997-05-24 11:18,1.601
1997-05-24 11:24,1.605
1997-05-24 11:30,1.609
1997-05-24 11:36,1.612
1997-05-24 11:42,1.615
1997-05-24 11:48,1.618
1997-05-24 11:54,1.620
1997-05-24 12:00,1.623
1997-05-24 12:06,1.625
1997-05-24 12:12,1.627
1997-05-24 12:18,1.628
1997-05-24 12:24,1.629
1997-05-24 12:30,1.631
1997-05-24 12:36,1.632
1997-05-24 12:42,1.632
1997-05-24 12:48,1.633
1997-05-24 12:54,1.633
1997-05-24 13:00,1.633
1997-05-24 13:06,1.633
1997-05-24 13:12,1.633
1997-05-24 13:18,1.633
1997-05-24 13:24,1.632
1997-05-24 13:30,1.632
1997-05-24 13:36,1.631
1997-05-24 13:42,1.630
1997-05-24 13:48,1.629
1997-05-24 13:54,1.628
1997-05-24 14:00,1.627
1997-05-24 14:06,1.626
1997-05-24 14:12,1.624
1997-05-24 14:18,1.623
1997-05-24 14:24,1.622
1997-05-24 14:30,1.620
1997-05-24 14:36,1.619
1997-05-24 14:42,1.617
1997-05-24 14:48,1.615
1997-05-24 14:54,1.614
1997-05-24 15:00,1.612
1997-05-24 15:06,1.610
1997-05-24 15:12,1.609
1997-05-24 15:18,1.607
1997-05-24 15:24,1.605
1997-05-24 15:30,1.603
1997-05-24 15:36,1.601
1997-05-24 15:42,1.599
1997-05-24 15:48,1.597
1997-05-24 15:54,1.595
1997-05-24 16:00,1.593
1997-05-24 16:06,1.591
1997-05-24 16:12,1.589
1997-05-24 16:18,1.586
1997-05-24 16:24,1.584
1997-05-24 16:30,1.582
1997-05-24 16:36,1.580
1997-05-24 16:42,1.578
1997-05-24 16:48,1.575
1997-05-24 16:54,1.573
1997-05-24 17:00,1.571
1997-05-24 17:06,1.569
1997-05-24 17:12,1.566
1997-05-24 17:18,1.564
1997-05-24 17:24,1.562
1997-05-24 17:30,1.560
1997-05-24 17:36,1.558
1997-05-24 17:42,1.556
1997-05-24 17:48,1.554
1997-05-24 17:54,1.552
1997-05-24 18:00,1.550
1997-05-24 18:06,1.548
1997-05-24 18:12,1.546
1997-05-24 18:18,1.545
1997-05-24 18:24,1.543
1997-05-24 18:30,1.541
1997-05-24 18:36,1.540
1997-05-24 18:42,1.539
1997-05-24 18:48,1.537
1997-05-24 18:54,1.536
1997-05-24 19:00,1.534
1997-05-24 19:06,1.533
1997-05-24 19:12,1.532
1997-05-24 19:18,1.531
1997-05-24 19:24,1.529
1997-05-24 19:30,1.528
1997-05-24 19:36,1.527
1997-05-24 19:42,1.525
1997-05-24 19:48,1.524
1997-05-24 19:54,1.523
1997-05-24 20:00,1.521
1997-05-24 20:06,1.519
1997-05-24 20:12,1.518
1997-05-24 20:18,1.516
1997-05-24 20:24,1.514
1997-05-24 20:30,1.512
1997-05-24 20:36,1.510
1997-05-24 20:42,1.507
1997-05-24 20:48,1.505
1997-05-24 20:54,1.502
1997-05-24 21:00,1.499
1997-05-24 21:06,1.496
1997-05-24 21:12,1.493
1997-05-24 21:18,1.490
1997-05-24 21:24,1.486
1997-05-24 21:30,1.483
1997-05-24 21:36,1.479
1997-05-24 21:42,1.475
1997-05-24 21:48,1.470
1997-05-24 21:54,1.466
1997-05-24 22:00,1.461
1997-05-24 22:06,1.457
1997-05-24 22:12,1.452
1997-05-24 22:18,1.447
1997-05-24 22:24,1.441
1997-05-24 22:30,1.436
1997-05-24 22:36,1.430
1997-05-24 22:42,1.424
1997-05-24 22:48,1.419
1997-05-24 22:54,1.413
1997-05-24 23:00,1.406
1997-05-24 23:06,1.400
1997-05-24 23:12,1.393
1997-05-24 23:18,1.387
1997-05-24 23:24,1.380
1997-05-24 23:30,1.373
1997-05-24 23:36,1.366
1997-05-24 23:42,1.359
1997-05-24 23:48,1.352
1997-05-24 23:54,1.345
1997-05-25 00:00,1.337
1997-05-25 00:06,1.330
1997-05-25 00:12,1.322
1997-05-25 00:18,1.314
1997-05-25 00:24,1.306
1997-05-25 00:30,1.299
1997-05-25 00:36,1.291
1997-05-25 00:42,1.283
1997-05-25 00:48,1.275
1997-05-25 00:54,1.267
1997-05-25 01:00,1.259
1997-05-25 01:06,1.251
1997-05-25 01:12,1.243
1997-05-25 01:18,1.235
1997-05-25 01:24,1.227
1997-05-25 01:30,1.219
1997-05-25 01:36,1.212
1997-05-25 01:42,1.204
1997-05-25 01:48,1.197
1997-05-25 01:54,1.189
1997-05-25 02:00,1.182
1997-05-25 02:06,1.175
1997-05-25 02:12,1.168
1997-05-25 02:18,1.162
1997-05-25 02:24,1.155
1997-05-25 02:30,1.149
1997-05-25 02:36,1.143
1997-05-25 02:42,1.138
1997-05-25 02:48,1.132
1997-05-25 02:54,1.127
1997-05-25 03:00,1.122
1997-05-25 03:06,1.117
1997-05-25 03:12,1.113
1997-05-25 03:18,1.109
1997-05-25 03:24,1.105
1997-05-25 03:30,1.101
1997-05-25 03:36,1.098
1997-05-25 03:42,1.095
1997-05-25 03:48,1.092
1997-05-25 03:54,1.090
1997-05-25 04:00,1.088
1997-05-25 04:06,1.086
1997-05-25 04:12,1.084
1997-05-25 04:18,1.083
1997-05-25 04:24,1.082
1997-05-25 04:30,1.081
1997-05-25 04:36,1.080
1997-05-25 04:42,1.080
1997-05-25 04:48,1.080
1997-05-25 04:54,1.081
1997-05-25 05:00,1.082
1997-05-25 05:06,1.083
1997-05-25 05:12,1.084
1997-05-25 05:18,1.086
1997-05-25 05:24,1.088
1997-05-25 05:30,1.090
1997-05-25 05:36,1.093
1997-05-25 05:42,1.096
1997-05-25 05:48,1.100
1997-05-25 05:54,1.103
1997-05-25 06:00,1.108
1997-05-25 06:06,1.112
1997-05-25 06:12,1.117
1997-05-25 06:18,1.122
1997-05-25 06:24,1.128
1997-05-25 06:30,1.134
1997-05-25 06:36,1.141
1997-05-25 06:42,1.147
1997-05-25 06:48,1.155
1997-05-25 06:54,1.162
1997-05-25 07:00,1.170
1997-05-25 07:06,1.178
1997-05-25 07:12,1.186
1997-05-25 07:18,1.195
1997-05-25 07:24,1.204
1997-05-25 07:30,1.213
1997-05-25 07:36,1.222
1997-05-25 07:42,1.232
1997-05-25 07:48,1.242
1997-05-25 07:54,1.252
1997-05-25 08:00,1.262
1997-05-25 08:06,1.272
1997-05-25 08:12,1.282
1997-05-25 08:18,1.292
1997-05-25 08:24,1.303
1997-05-25 08:30,1.313
1997-05-25 08:36,1.323
1997-05-25 08:42,1.334
1997-05-25 08:48,1.344
1997-05-25 08:54,1.354
1997-05-25 09:00,1.365
1997-05-25 09:06,1.375
1997-05-25 09:12,1.385
1997-05-25 09:18,1.395
1997-05-25 09:24,1.405
1997-05-25 09:30,1.414
1997-05-25 09:36,1.424
1997-05-25 09:42,1.433
1997-05-25 09:48,1.442
1997-05-25 09:54,1.451
1997-05-25 10:00,1.460
1997-05-25 10:06,1.469
1997-05-25 10:12,1.478
1997-05-25 10:18,1.486
1997-05-25 10:24,1.494
1997-05-25 10:30,1.502
1997-05-25 10:36,1.510
1997-05-25 10:42,1.517
1997-05-25 10:48,1.525
1997-05-25 10:54,1.532
1997-05-25 11:00,1.539
1997-05-25 11:06,1.545
1997-05-25 11:12,1.552
1997-05-25 11:18,1.558
1997-05-25 11:24,1.564
1997-05-25 11:30,1.570
1997-05-25 11:36,1.575
1997-05-25 11:42,1.581
1997-05-25 11:48,1.585
1997-05-25 11:54,1.590
1997-05-25 12:00,1.595
1997-05-25 12:06,1.599
1997-05-25 12:12,1.603
1997-05-25 12:18,1.606
1997-05-25 12:24,1.610
1997-05-25 12:30,1.613
1997-05-25 12:36,1.616
1997-05-25 12:42,1.618
1997-05-25 12:48,1.620
1997-05-25 12:54,1.622
1997-05-25 13:00,1.624
1997-05-25 13:06,1.626
1997-05-25 13:12,1.627
1997-05-25 13:18,1.628
1997-05-25 13:24,1.629
1997-05-25 13:30,1.630
1997-05-25 13:36,1.630
1997-05-25 13:42,1.630
1997-05-25 13:48,1.630
1997-05-25 13:54,1.630
1997-05-25 14:00,1.630
1997-05-25 14:06,1.630
1997-05-25 14:12,1.629
1997-05-25 14:18,1.629
1997-05-25 14:24,1.628
1997-05-25 14:30,1.627
1997-05-25 14:36,1.627
1997-05-25 14:42,1.626
1997-05-25 14:48,1.625
1997-05-25 14:54,1.624
1997-05-25 15:00,1.623
1997-05-25 15:06,1.622
1997-05-25 15:12,1.620
1997-05-25 15:18,1.619
1997-05-25 15:24,1.618
1997-05-25 15:30,1.616
1997-05-25 15:36,1.615
1997-05-25 15:42,1.614
1997-05-25 15:48,1.612
1997-05-25 15:54,1.610
1997-05-25 16:00,1.609
1997-05-25 16:06,1.607
1997-05-25 16:12,1.605
1997-05-25 16:18,1.603
1997-05-25 16:24,1.601
1997-05-25 16:30,1.599
1997-05-25 16:36,1.597
1997-05-25 16:42,1.595
1997-05-25 16:48,1.593
1997-05-25 16:54,1.590
1997-05-25 17:00,1.588
1997-05-25 17:06,1.586
1997-05-25 17:12,1.583
1997-05-25 17:18,1.581
1997-05-25 17:24,1.578
1997-05-25 17:30,1.576
1997-05-25 17:36,1.573
1997-05-25 17:42,1.571
1997-05-25 17:48,1.568
1997-05-25 17:54,1.566
1997-05-25 18:00,1.563
1997-05-25 18:06,1.561
1997-05-25 18:12,1.558
1997-05-25 18:18,1.556
1997-05-25 18:24,1.554
1997-05-25 18:30,1.552
1997-05-25 18:36,1.549
1997-05-25 18:42,1.547
1997-05-25 18:48,1.546
1997-05-25 18:54,1.544
1997-05-25 19:00,1.542
1997-05-25 19:06,1.540
1997-05-25 19:12,1.539
1997-05-25 19:18,1.537
1997-05-25 19:24,1.536
1997-05-25 19:30,1.535
1997-05-25 19:36,1.533
1997-05-25 19:42,1.532
1997-05-25 19:48,1.531
1997-05-25 19:54,1.530
1997-05-25 20:00,1.529
1997-05-25 20:06,1.527
1997-05-25 20:12,1.526
1997-05-25 20:18,1.525
1997-05-25 20:24,1.524
1997-05-25 20:30,1.522
1997-05-25 20:36,1.521
1997-05-25 20:42,1.519
1997-05-25 20:48,1.517
1997-05-25 20:54,1.516
1997-05-25 21:00,1.514
1997-05-25 21:06,1.512
1997-05-25 21:12,1.509
1997-05-25 21:18,1.507
1997-05-25 21:24,1.505
1997-05-25 21:30,1.502
1997-05-25 21:36,1.499
1997-05-25 21:42,1.496
1997-05-25 21:48,1.493
1997-05-25 21:54,1.490
1997-05-25 22:00,1.486
1997-05-25 22:06,1.483
1997-05-25 22:12,1.479
1997-05-25 22:18,1.475
1997-05-25 22:24,1.471
1997-05-25 22:30,1.467
1997-05-25 22:36,1.462
1997-05-25 22:42,1.458
1997-05-25 22:48,1.453
1997-05-25 22:54,1.449
1997-05-25 23:00,1.444
1997-05-25 23:06,1.439
1997-05-25 23:12,1.434
1997-05-25 23:18,1.428
1997-05-25 23:24,1.423
1997-05-25 23:30,1.418
1997-05-25 23:36,1.412
1997-05-25 23:42,1.406
1997-05-25 23:48,1.400
1997-05-25 23:54,1.394
1997-05-26 00:00,1.388
1997-05-26 00:06,1.382
1997-05-26 00:12,1.376
1997-05-26 00:18,1.369
1997-05-26 00:24,1.362
1997-05-26 00:30,1.356
1997-05-26 00:36,1.349
1997-05-26 00:42,1.342
1997-05-26 00:48,1.335
1997-05-26 00:54,1.327
1997-05-26 01:00,1.320
1997-05-26 01:06,1.313
1997-05-26 01:12,1.305
1997-05-26 01:18,1.298
1997-05-26 01:24,1.290
1997-05-26 01:30,1.282
1997-05-26 01:36,1.275
1997-05-26 01:42,1.267
1997-05-26 01:48,1.259
1997-05-26 01:54,1.252
1997-05-26 02:00,1.244
1997-05-26 02:06,1.237
1997-05-26 02:12,1.229
1997-05-26 02:18,1.222
1997-05-26 02:24,1.215
1997-05-26 02:30,1.208
1997-05-26 02:36,1.201
1997-05-26 02:42,1.194
1997-05-26 02:48,1.187
1997-05-26 02:54,1.181
1997-05-26 03:00,1.175
1997-05-26 03:06,1.169
1997-05-26 03:12,1.163
1997-05-26 03:18,1.157
1997-05-26 03:24,1.152
1997-05-26 03:30,1.147
1997-05-26 03:36,1.142
1997-05-26 03:42,1.137
1997-05-26 03:48,1.133
1997-05-26 03:54,1.128
1997-05-26 04:00,1.124
1997-05-26 04:06,1.121
1997-05-26 04:12,1.117
1997-05-26 04:18,1.114
1997-05-26 04:24,1.111
1997-05-26 04:30,1.108
1997-05-26 04:36,1.105
1997-05-26 04:42,1.103
1997-05-26 04:48,1.101
1997-05-26 04:54,1.099
1997-05-26 05:00,1.097
1997-05-26 05:06,1.096
1997-05-26 05:12,1.095
1997-05-26 05:18,1.094
1997-05-26 05:24,1.093
1997-05-26 05:30,1.093
1997-05-26 05:36,1.093
1997-05-26 05:42,1.093
1997-05-26 05:48,1.093
1997-05-26 05:54,1.094
1997-05-26 06:00,1.095
1997-05-26 06:06,1.097
1997-05-26 06:12,1.099
1997-05-26 06:18,1.101
1997-05-26 06:24,1.104
1997-05-26 06:30,1.107
1997-05-26 06:36,1.110
1997-05-26 06:42,1.114
1997-05-26 06:48,1.118
1997-05-26 06:54,1.122
1997-05-26 07:00,1.127
1997-05-26 07:06,1.132
1997-05-26 07:12,1.138
1997-05-26 07:18,1.144
1997-05-26 07:24,1.150
1997-05-26 07:30,1.157
1997-05-26 07:36,1.164
1997-05-26 07:42,1.171
1997-05-26 07:48,1.179
1997-05-26 07:54,1.187
1997-05-26 08:00,1.195
1997-05-26 08:06,1.204
1997-05-26 08:12,1.212
1997-05-26 08:18,1.221
1997-05-26 08:24,1.230
1997-05-26 08:30,1.239
1997-05-26 08:36,1.249
1997-05-26 08:42,1.258
1997-05-26 08:48,1.268
1997-05-26 08:54,1.277
1997-05-26 09:00,1.287
1997-05-26 09:06,1.297
1997-05-26 09:12,1.306
1997-05-26 09:18,1.316
1997-05-26 09:24,1.326
1997-05-26 09:30,1.336
1997-05-26 09:36,1.345
1997-05-26 09:42,1.355
1997-05-26 09:48,1.364
1997-05-26 09:54,1.374
1997-05-26 10:00,1.383
1997-05-26 10:06,1.392
1997-05-26 10:12,1.401
1997-05-26 10:18,1.411
1997-05-26 10:24,1.419
1997-05-26 10:30,1.428
1997-05-26 10:36,1.437
1997-05-26 10:42,1.446
1997-05-26 10:48,1.454
1997-05-26 10:54,1.462
1997-05-26 11:00,1.470
1997-05-26 11:06,1.478
1997-05-26 11:12,1.486
1997-05-26 11:18,1.494
1997-05-26 11:24,1.501
1997-05-26 11:30,1.509
1997-05-26 11:36,1.516
1997-05-26 11:42,1.523
1997-05-26 11:48,1.530
1997-05-26 11:54,1.536
1997-05-26 12:00,1.542
1997-05-26 12:06,1.548
1997-05-26 12:12,1.554
1997-05-26 12:18,1.560
1997-05-26 12:24,1.565
1997-05-26 12:30,1.570
1997-05-26 12:36,1.575
1997-05-26 12:42,1.580
1997-05-26 12:48,1.584
1997-05-26 12:54,1.588
1997-05-26 13:00,1.591
1997-05-26 13:06,1.595
1997-05-26 13:12,1.598
1997-05-26 13:18,1.601
1997-05-26 13:24,1.604
1997-05-26 13:30,1.606
1997-05-26 13:36,1.608
1997-05-26 13:42,1.610
1997-05-26 13:48,1.611
1997-05-26 13:54,1.613
1997-05-26 14:00,1.614
1997-05-26 14:06,1.615
1997-05-26 14:12,1.616
1997-05-26 14:18,1.616
1997-05-26 14:24,1.617
1997-05-26 14:30,1.617
1997-05-26 14:36,1.617
1997-05-26 14:42,1.617
1997-05-26 14:48,1.617
1997-05-26 14:54,1.617
1997-05-26 15:00,1.617
1997-05-26 15:06,1.616
1997-05-26 15:12,1.616
1997-05-26 15:18,1.615
1997-05-26 15:24,1.614
1997-05-26 15:30,1.613
1997-05-26 15:36,1.613
1997-05-26 15:42,1.612
1997-05-26 15:48,1.611
1997-05-26 15:54,1.610
1997-05-26 16:00,1.608
1997-05-26 16:06,1.607
1997-05-26 16:12,1.606
1997-05-26 16:18,1.604
1997-05-26 16:24,1.603
1997-05-26 16:30,1.601
1997-05-26 16:36,1.600
1997-05-26 16:42,1.598
1997-05-26 16:48,1.596
1997-05-26 16:54,1.594
1997-05-26 17:00,1.592
1997-05-26 17:06,1.590
1997-05-26 17:12,1.587
1997-05-26 17:18,1.585
1997-05-26 17:24,1.583
1997-05-26 17:30,1.580
1997-05-26 17:36,1.578
1997-05-26 17:42,1.575
1997-05-26 17:48,1.572
1997-05-26 17:54,1.570
1997-05-26 18:00,1.567
1997-05-26 18:06,1.564
1997-05-26 18:12,1.562
1997-05-26 18:18,1.559
1997-05-26 18:24,1.556
1997-05-26 18:30,1.554
1997-05-26 18:36,1.551
1997-05-26 18:42,1.549
1997-05-26 18:48,1.546
1997-05-26 18:54,1.544
1997-05-26 19:00,1.541
1997-05-26 19:06,1.539
1997-05-26 19:12,1.537
1997-05-26 19:18,1.535
1997-05-26 19:24,1.533
1997-05-26 19:30,1.532
1997-05-26 19:36,1.530
1997-05-26 19:42,1.528
1997-05-26 19:48,1.527
1997-05-26 19:54,1.525
1997-05-26 20:00,1.524
1997-05-26 20:06,1.523
1997-05-26 20:12,1.521
1997-05-26 20:18,1.520
1997-05-26 20:24,1.519
1997-05-26 20:30,1.518
1997-05-26 20:36,1.517
1997-05-26 20:42,1.516
1997-05-26 20:48,1.514
1997-05-26 20:54,1.513
1997-05-26 21:00,1.512
1997-05-26 21:06,1.511
1997-05-26 21:12,1.509
1997-05-26 21:18,1.508
1997-05-26 21:24,1.506
1997-05-26 21:30,1.505
1997-05-26 21:36,1.503
1997-05-26 21:42,1.501
1997-05-26 21:48,1.499
1997-05-26 21:54,1.497
1997-05-26 22:00,1.495
1997-05-26 22:06,1.493
1997-05-26 22:12,1.490
1997-05-26 22:18,1.488
1997-05-26 22:24,1.485
1997-05-26 22:30,1.482
1997-05-26 22:36,1.479
1997-05-26 22:42,1.476
1997-05-26 22:48,1.473
1997-05-26 22:54,1.470
1997-05-26 23:00,1.467
1997-05-26 23:06,1.463
1997-05-26 23:12,1.460
1997-05-26 23:18,1.456
1997-05-26 23:24,1.453
1997-05-26 23:30,1.449
1997-05-26 23:36,1.445
1997-05-26 23:42,1.441
1997-05-26 23:48,1.437
1997-05-26 23:54,1.432
1997-05-27 00:00,1.428
1997-05-27 00:06,1.424
1997-05-27 00:12,1.419
1997-05-27 00:18,1.414
1997-05-27 00:24,1.409
1997-05-27 00:30,1.404
1997-05-27 00:36,1.399
1997-05-27 00:42,1.394
1997-05-27 00:48,1.389
1997-05-27 00:54,1.383
1997-05-27 01:00,1.378
1997-05-27 01:06,1.372
1997-05-27 01:12,1.366
1997-05-27 01:18,1.360
1997-05-27 01:24,1.354
1997-05-27 01:30,1.348
1997-05-27 01:36,1.341
1997-05-27 01:42,1.335
1997-05-27 01:48,1.328
1997-05-27 01:54,1.322
1997-05-27 02:00,1.315
1997-05-27 02:06,1.308
1997-05-27 02:12,1.302
1997-05-27 02:18,1.295
1997-05-27 02:24,1.288
1997-05-27 02:30,1.281
1997-05-27 02:36,1.275
1997-05-27 02:42,1.268
1997-05-27 02:48,1.261
1997-05-27 02:54,1.255
1997-05-27 03:00,1.248
1997-05-27 03:06,1.242
1997-05-27 03:12,1.236
1997-05-27 03:18,1.229
1997-05-27 03:24,1.223
1997-05-27 03:30,1.217
1997-05-27 03:36,1.212
1997-05-27 03:42,1.206
1997-05-27 03:48,1.201
1997-05-27 03:54,1.195
1997-05-27 04:00,1.190
1997-05-27 04:06,1.185
1997-05-27 04:12,1.180
1997-05-27 04:18,1.176
1997-05-27 04:24,1.171
1997-05-27 04:30,1.167
1997-05-27 04:36,1.163
1997-05-27 04:42,1.159
1997-05-27 04:48,1.155
1997-05-27 04:54,1.151
1997-05-27 05:00,1.148
1997-05-27 05:06,1.145
1997-05-27 05:12,1.142
1997-05-27 05:18,1.139
1997-05-27 05:24,1.136
1997-05-27 05:30,1.134
1997-05-27 05:36,1.131
1997-05-27 05:42,1.129
1997-05-27 05:48,1.127
1997-05-27 05:54,1.126
1997-05-27 06:00,1.125
1997-05-27 06:06,1.123
1997-05-27 06:12,1.123
1997-05-27 06:18,1.122
1997-05-27 06:24,1.122
1997-05-27 06:30,1.122
1997-05-27 06:36,1.122
1997-05-27 06:42,1.123
1997-05-27 06:48,1.124
1997-05-27 06:54,1.125
1997-05-27 07:00,1.127
1997-05-27 07:06,1.129
1997-05-27 07:12,1.131
1997-05-27 07:18,1.134
1997-05-27 07:24,1.137
1997-05-27 07:30,1.140
1997-05-27 07:36,1.144
1997-05-27 07:42,1.148
1997-05-27 07:48,1.153
1997-05-27 07:54,1.158
1997-05-27 08:00,1.163
1997-05-27 08:06,1.168
1997-05-27 08:12,1.174
1997-05-27 08:18,1.180
1997-05-27 08:24,1.186
1997-05-27 08:30,1.193
1997-05-27 08:36,1.200
1997-05-27 08:42,1.207
1997-05-27 08:48,1.214
1997-05-27 08:54,1.222
1997-05-27 09:00,1.229
1997-05-27 09:06,1.237
1997-05-27 09:12,1.245
1997-05-27 09:18,1.253
1997-05-27 09:24,1.262
1997-05-27 09:30,1.270
1997-05-27 09:36,1.278
1997-05-27 09:42,1.287
1997-05-27 09:48,1.295
1997-05-27 09:54,1.304
1997-05-27 10:00,1.312
1997-05-27 10:06,1.321
1997-05-27 10:12,1.330
1997-05-27 10:18,1.338
1997-05-27 10:24,1.347
1997-05-27 10:30,1.355
1997-05-27 10:36,1.364
1997-05-27 10:42,1.373
1997-05-27 10:48,1.381
1997-05-27 10:54,1.389
1997-05-27 11:00,1.398
1997-05-27 11:06,1.406
1997-05-27 11:12,1.414
1997-05-27 11:18,1.422
1997-05-27 11:24,1.430
1997-05-27 11:30,1.438
1997-05-27 11:36,1.446
1997-05-27 11:42,1.454
1997-05-27 11:48,1.461
1997-05-27 11:54,1.469
1997-05-27 12:00,1.476
1997-05-27 12:06,1.483
1997-05-27 12:12,1.490
1997-05-27 12:18,1.497
1997-05-27 12:24,1.504
1997-05-27 12:30,1.510
1997-05-27 12:36,1.516
1997-05-27 12:42,1.522
1997-05-27 12:48,1.528
1997-05-27 12:54,1.534
1997-05-27 13:00,1.539
1997-05-27 13:06,1.544
1997-05-27 13:12,1.549
1997-05-27 13:18,1.554
1997-05-27 13:24,1.558
1997-05-27 13:30,1.562
1997-05-27 13:36,1.566
1997-05-27 13:42,1.569
1997-05-27 13:48,1.573
1997-05-27 13:54,1.576
1997-05-27 14:00,1.579
1997-05-27 14:06,1.581
1997-05-27 14:12,1.584
1997-05-27 14:18,1.586
1997-05-27 14:24,1.587
1997-05-27 14:30,1.589
1997-05-27 14:36,1.591
1997-05-27 14:42,1.592
1997-05-27 14:48,1.593
1997-05-27 14:54,1.594
1997-05-27 15:00,1.594
1997-05-27 15:06,1.595
1997-05-27 15:12,1.595
1997-05-27 15:18,1.595
1997-05-27 15:24,1.595
1997-05-27 15:30,1.595
1997-05-27 15:36,1.595
1997-05-27 15:42,1.595
1997-05-27 15:48,1.594
1997-05-27 15:54,1.594
1997-05-27 16:00,1.593
1997-05-27 16:06,1.592
1997-05-27 16:12,1.591
1997-05-27 16:18,1.590
1997-05-27 16:24,1.589
1997-05-27 16:30,1.588
1997-05-27 16:36,1.586
1997-05-27 16:42,1.585
1997-05-27 16:48,1.583
1997-05-27 16:54,1.582
1997-05-27 17:00,1.580
1997-05-27 17:06,1.578
1997-05-27 17:12,1.576
1997-05-27 17:18,1.574
1997-05-27 17:24,1.572
1997-05-27 17:30,1.569
1997-05-27 17:36,1.567
1997-05-27 17:42,1.564
1997-05-27 17:48,1.562
1997-05-27 17:54,1.559
1997-05-27 18:00,1.557
1997-05-27 18:06,1.554
1997-05-27 18:12,1.551
1997-05-27 18:18,1.549
1997-05-27 18:24,1.546
1997-05-27 18:30,1.543
1997-05-27 18:36,1.540
1997-05-27 18:42,1.537
1997-05-27 18:48,1.535
1997-05-27 18:54,1.532
1997-05-27 19:00,1.529
1997-05-27 19:06,1.527
1997-05-27 19:12,1.524
1997-05-27 19:18,1.522
1997-05-27 19:24,1.519
1997-05-27 19:30,1.517
1997-05-27 19:36,1.515
1997-05-27 19:42,1.512
1997-05-27 19:48,1.510
1997-05-27 19:54,1.508
1997-05-27 20:00,1.506
1997-05-27 20:06,1.505
1997-05-27 20:12,1.503
1997-05-27 20:18,1.501
1997-05-27 20:24,1.500
1997-05-27 20:30,1.498
1997-05-27 20:36,1.497
1997-05-27 20:42,1.495
1997-05-27 20:48,1.494
1997-05-27 20:54,1.493
1997-05-27 21:00,1.492
1997-05-27 21:06,1.491
1997-05-27 21:12,1.489
1997-05-27 21:18,1.488
1997-05-27 21:24,1.487
1997-05-27 21:30,1.486
1997-05-27 21:36,1.485
1997-05-27 21:42,1.484
1997-05-27 21:48,1.483
1997-05-27 21:54,1.481
1997-05-27 22:00,1.480
1997-05-27 22:06,1.479
1997-05-27 22:12,1.478
1997-05-27 22:18,1.476
1997-05-27 22:24,1.475
1997-05-27 22:30,1.474
1997-05-27 22:36,1.472
1997-05-27 22:42,1.471
1997-05-27 22:48,1.469
1997-05-27 22:54,1.467
1997-05-27 23:00,1.466
1997-05-27 23:06,1.464
1997-05-27 23:12,1.462
1997-05-27 23:18,1.460
1997-05-27 23:24,1.458
1997-05-27 23:30,1.456
1997-05-27 23:36,1.454
1997-05-27 23:42,1.452
1997-05-27 23:48,1.450
1997-05-27 23:54,1.447
1997-05-28 00:00,1.445
1997-05-28 00:06,1.443
1997-05-28 00:12,1.440
1997-05-28 00:18,1.437
1997-05-28 00:24,1.435
1997-05-28 00:30,1.432
1997-05-28 00:36,1.429
1997-05-28 00:42,1.426
1997-05-28 00:48,1.423
1997-05-28 00:54,1.419
1997-05-28 01:00,1.416
1997-05-28 01:06,1.413
1997-05-28 01:12,1.409
1997-05-28 01:18,1.405
1997-05-28 01:24,1.401
1997-05-28 01:30,1.397
1997-05-28 01:36,1.393
1997-05-28 01:42,1.389
1997-05-28 01:48,1.385
1997-05-28 01:54,1.380
1997-05-28 02:00,1.376
1997-05-28 02:06,1.371
1997-05-28 02:12,1.366
1997-05-28 02:18,1.362
1997-05-28 02:24,1.357
1997-05-28 02:30,1.352
1997-05-28 02:36,1.347
1997-05-28 02:42,1.341
1997-05-28 02:48,1.336
1997-05-28 02:54,1.331
1997-05-28 03:00,1.326
1997-05-28 03:06,1.320
1997-05-28 03:12,1.315
1997-05-28 03:18,1.310
1997-05-28 03:24,1.305
1997-05-28 03:30,1.299
1997-05-28 03:36,1.294
1997-05-28 03:42,1.289
1997-05-28 03:48,1.284
1997-05-28 03:54,1.278
1997-05-28 04:00,1.273
1997-05-28 04:06,1.268
1997-05-28 04:12,1.263
1997-05-28 04:18,1.258
1997-05-28 04:24,1.253
1997-05-28 04:30,1.249
1997-05-28 04:36,1.244
1997-05-28 04:42,1.239
1997-05-28 04:48,1.235
1997-05-28 04:54,1.230
1997-05-28 05:00,1.226
1997-05-28 05:06,1.222
1997-05-28 05:12,1.218
1997-05-28 05:18,1.214
1997-05-28 05:24,1.210
1997-05-28 05:30,1.206
1997-05-28 05:36,1.202
1997-05-28 05:42,1.199
1997-05-28 05:48,1.196
1997-05-28 05:54,1.193
1997-05-28 06:00,1.190
1997-05-28 06:06,1.187
1997-05-28 06:12,1.184
1997-05-28 06:18,1.182
1997-05-28 06:24,1.180
1997-05-28 06:30,1.177
1997-05-28 06:36,1.176
1997-05-28 06:42,1.174
1997-05-28 06:48,1.173
1997-05-28 06:54,1.172
1997-05-28 07:00,1.171
1997-05-28 07:06,1.170
1997-05-28 07:12,1.170
1997-05-28 07:18,1.170
1997-05-28 07:24,1.170
1997-05-28 07:30,1.170
1997-05-28 07:36,1.171
1997-05-28 07:42,1.172
1997-05-28 07:48,1.173
1997-05-28 07:54,1.175
1997-05-28 08:00,1.177
1997-05-28 08:06,1.179
1997-05-28 08:12,1.181
1997-05-28 08:18,1.184
1997-05-28 08:24,1.187
1997-05-28 08:30,1.191
1997-05-28 08:36,1.194
1997-05-28 08:42,1.198
1997-05-28 08:48,1.202
1997-05-28 08:54,1.206
1997-05-28 09:00,1.211
1997-05-28 09:06,1.216
1997-05-28 09:12,1.221
1997-05-28 09:18,1.226
1997-05-28 09:24,1.232
1997-05-28 09:30,1.237
1997-05-28 09:36,1.243
1997-05-28 09:42,1.249
1997-05-28 09:48,1.255
1997-05-28 09:54,1.262
1997-05-28 10:00,1.268
1997-05-28 10:06,1.275
1997-05-28 10:12,1.282
1997-05-28 10:18,1.288
1997-05-28 10:24,1.295
1997-05-28 10:30,1.303
1997-05-28 10:36,1.310
1997-05-28 10:42,1.317
1997-05-28 10:48,1.324
1997-05-28 10:54,1.332
1997-05-28 11:00,1.339
1997-05-28 11:06,1.346
1997-05-28 11:12,1.354
1997-05-28 11:18,1.361
1997-05-28 11:24,1.369
1997-05-28 11:30,1.376
1997-05-28 11:36,1.383
1997-05-28 11:42,1.391
1997-05-28 11:48,1.398
1997-05-28 11:54,1.405
1997-05-28 12:00,1.413
1997-05-28 12:06,1.420
1997-05-28 12:12,1.427
1997-05-28 12:18,1.434
1997-05-28 12:24,1.441
1997-05-28 12:30,1.447
1997-05-28 12:36,1.454
1997-05-28 12:42,1.461
1997-05-28 12:48,1.467
1997-05-28 12:54,1.473
1997-05-28 13:00,1.479
1997-05-28 13:06,1.485
1997-05-28 13:12,1.491
1997-05-28 13:18,1.496
1997-05-28 13:24,1.502
1997-05-28 13:30,1.507
1997-05-28 13:36,1.512
1997-05-28 13:42,1.517
1997-05-28 13:48,1.521
1997-05-28 13:54,1.526
1997-05-28 14:00,1.530
1997-05-28 14:06,1.534
1997-05-28 14:12,1.538
1997-05-28 14:18,1.541
1997-05-28 14:24,1.544
1997-05-28 14:30,1.547
1997-05-28 14:36,1.550
1997-05-28 14:42,1.553
1997-05-28 14:48,1.555
1997-05-28 14:54,1.557
1997-05-28 15:00,1.559
1997-05-28 15:06,1.561
1997-05-28 15:12,1.562
1997-05-28 15:18,1.564
1997-05-28 15:24,1.565
1997-05-28 15:30,1.566
1997-05-28 15:36,1.566
1997-05-28 15:42,1.567
1997-05-28 15:48,1.567
1997-05-28 15:54,1.567
1997-05-28 16:00,1.567
1997-05-28 16:06,1.567
1997-05-28 16:12,1.566
1997-05-28 16:18,1.565
1997-05-28 16:24,1.565
1997-05-28 16:30,1.564
1997-05-28 16:36,1.562
1997-05-28 16:42,1.561
1997-05-28 16:48,1.560
1997-05-28 16:54,1.558
1997-05-28 17:00,1.556
1997-05-28 17:06,1.555
1997-05-28 17:12,1.553
1997-05-28 17:18,1.551
1997-05-28 17:24,1.548
1997-05-28 17:30,1.546
1997-05-28 17:36,1.544
1997-05-28 17:42,1.541
1997-05-28 17:48,1.539
1997-05-28 17:54,1.536
1997-05-28 18:00,1.533
1997-05-28 18:06,1.531
1997-05-28 18:12,1.528
1997-05-28 18:18,1.525
1997-05-28 18:24,1.522
1997-05-28 18:30,1.519
1997-05-28 18:36,1.516
1997-05-28 18:42,1.513
1997-05-28 18:48,1.510
1997-05-28 18:54,1.508
1997-05-28 19:00,1.505
1997-05-28 19:06,1.502
1997-05-28 19:12,1.499
1997-05-28 19:18,1.496
1997-05-28 19:24,1.493
1997-05-28 19:30,1.490
1997-05-28 19:36,1.487
1997-05-28 19:42,1.485
1997-05-28 19:48,1.482
1997-05-28 19:54,1.479
1997-05-28 20:00,1.477
1997-05-28 20:06,1.474
1997-05-28 20:12,1.472
1997-05-28 20:18,1.470
1997-05-28 20:24,1.467
1997-05-28 20:30,1.465
1997-05-28 20:36,1.463
1997-05-28 20:42,1.461
1997-05-28 20:48,1.459
1997-05-28 20:54,1.457
1997-05-28 21:00,1.455
1997-05-28 21:06,1.454
1997-05-28 21:12,1.452
1997-05-28 21:18,1.451
1997-05-28 21:24,1.449
1997-05-28 21:30,1.448
1997-05-28 21:36,1.446
1997-05-28 21:42,1.445
1997-05-28 21:48,1.444
1997-05-28 21:54,1.443
1997-05-28 22:00,1.442
1997-05-28 22:06,1.441
1997-05-28 22:12,1.440
1997-05-28 22:18,1.439
1997-05-28 22:24,1.439
1997-05-28 22:30,1.438
1997-05-28 22:36,1.437
1997-05-28 22:42,1.437
1997-05-28 22:48,1.436
1997-05-28 22:54,1.436
1997-05-28 23:00,1.435
1997-05-28 23:06,1.435
1997-05-28 23:12,1.434
1997-05-28 23:18,1.434
1997-05-28 23:24,1.433
1997-05-28 23:30,1.433
1997-05-28 23:36,1.433
1997-05-28 23:42,1.432
1997-05-28 23:48,1.432
1997-05-28 23:54,1.431
1997-05-29 00:00,1.431
1997-05-29 00:06,1.430
1997-05-29 00:12,1.430
1997-05-29 00:18,1.429
1997-05-29 00:24,1.428
1997-05-29 00:30,1.428
1997-05-29 00:36,1.427
1997-05-29 00:42,1.426
1997-05-29 00:48,1.425
1997-05-29 00:54,1.424
1997-05-29 01:00,1.423
1997-05-29 01:06,1.422
1997-05-29 01:12,1.421
1997-05-29 01:18,1.420
1997-05-29 01:24,1.418
1997-05-29 01:30,1.417
1997-05-29 01:36,1.415
1997-05-29 01:42,1.414
1997-05-29 01:48,1.412
1997-05-29 01:54,1.410
1997-05-29 02:00,1.409
1997-05-29 02:06,1.407
1997-05-29 02:12,1.405
1997-05-29 02:18,1.403
1997-05-29 02:24,1.400
1997-05-29 02:30,1.398
1997-05-29 02:36,1.396
1997-05-29 02:42,1.393
1997-05-29 02:48,1.391
1997-05-29 02:54,1.388
1997-05-29 03:00,1.385
1997-05-29 03:06,1.383
1997-05-29 03:12,1.380
1997-05-29 03:18,1.377
1997-05-29 03:24,1.374
1997-05-29 03:30,1.371
1997-05-29 03:36,1.367
1997-05-29 03:42,1.364
1997-05-29 03:48,1.361
1997-05-29 03:54,1.357
1997-05-29 04:00,1.354
1997-05-29 04:06,1.350
1997-05-29 04:12,1.346
1997-05-29 04:18,1.342
1997-05-29 04:24,1.339
1997-05-29 04:30,1.335
1997-05-29 04:36,1.331
1997-05-29 04:42,1.327
1997-05-29 04:48,1.323
1997-05-29 04:54,1.319
1997-05-29 05:00,1.315
1997-05-29 05:06,1.311
1997-05-29 05:12,1.307
1997-05-29 05:18,1.303
1997-05-29 05:24,1.299
1997-05-29 05:30,1.296
1997-05-29 05:36,1.292
1997-05-29 05:42,1.288
1997-05-29 05:48,1.284
1997-05-29 05:54,1.281
1997-05-29 06:00,1.277
1997-05-29 06:06,1.274
1997-05-29 06:12,1.270
1997-05-29 06:18,1.267
1997-05-29 06:24,1.264
1997-05-29 06:30,1.261
1997-05-29 06:36,1.258
1997-05-29 06:42,1.255
1997-05-29 06:48,1.253
1997-05-29 06:54,1.250
1997-05-29 07:00,1.248
1997-05-29 07:06,1.246
1997-05-29 07:12,1.244
1997-05-29 07:18,1.242
1997-05-29 07:24,1.241
1997-05-29 07:30,1.239
1997-05-29 07:36,1.238
1997-05-29 07:42,1.237
1997-05-29 07:48,1.236
1997-05-29 07:54,1.235
1997-05-29 08:00,1.235
1997-05-29 08:06,1.235
1997-05-29 08:12,1.234
1997-05-29 08:18,1.234
1997-05-29 08:24,1.235
1997-05-29 08:30,1.235
1997-05-29 08:36,1.236
1997-05-29 08:42,1.237
1997-05-29 08:48,1.238
1997-05-29 08:54,1.239
1997-05-29 09:00,1.240
1997-05-29 09:06,1.242
1997-05-29 09:12,1.244
1997-05-29 09:18,1.246
1997-05-29 09:24,1.248
1997-05-29 09:30,1.250
1997-05-29 09:36,1.253
1997-05-29 09:42,1.256
1997-05-29 09:48,1.259
1997-05-29 09:54,1.262
1997-05-29 10:00,1.266
1997-05-29 10:06,1.269
1997-05-29 10:12,1.273
1997-05-29 10:18,1.277
1997-05-29 10:24,1.282
1997-05-29 10:30,1.286
1997-05-29 10:36,1.291
1997-05-29 10:42,1.295
1997-05-29 10:48,1.300
1997-05-29 10:54,1.305
1997-05-29 11:00,1.311
1997-05-29 11:06,1.316
1997-05-29 11:12,1.322
1997-05-29 11:18,1.327
1997-05-29 11:24,1.333
1997-05-29 11:30,1.339
1997-05-29 11:36,1.345
1997-05-29 11:42,1.350
1997-05-29 11:48,1.356
1997-05-29 11:54,1.362
1997-05-29 12:00,1.369
1997-05-29 12:06,1.375
1997-05-29 12:12,1.381
1997-05-29 12:18,1.387
1997-05-29 12:24,1.393
1997-05-29 12:30,1.399
1997-05-29 12:36,1.405
1997-05-29 12:42,1.411
1997-05-29 12:48,1.417
1997-05-29 12:54,1.422
1997-05-29 13:00,1.428
1997-05-29 13:06,1.434
1997-05-29 13:12,1.439
1997-05-29 13:18,1.445
1997-05-29 13:24,1.450
1997-05-29 13:30,1.455
1997-05-29 13:36,1.461
1997-05-29 13:42,1.466
1997-05-29 13:48,1.471
1997-05-29 13:54,1.475
1997-05-29 14:00,1.480
1997-05-29 14:06,1.484
1997-05-29 14:12,1.489
1997-05-29 14:18,1.493
1997-05-29 14:24,1.497
1997-05-29 14:30,1.501
1997-05-29 14:36,1.505
1997-05-29 14:42,1.508
1997-05-29 14:48,1.512
1997-05-29 14:54,1.515
1997-05-29 15:00,1.518
1997-05-29 15:06,1.521
1997-05-29 15:12,1.523
1997-05-29 15:18,1.526
1997-05-29 15:24,1.528
1997-05-29 15:30,1.530
1997-05-29 15:36,1.531
1997-05-29 15:42,1.533
1997-05-29 15:48,1.534
1997-05-29 15:54,1.535
1997-05-29 16:00,1.536
1997-05-29 16:06,1.536
1997-05-29 16:12,1.537
1997-05-29 16:18,1.537
1997-05-29 16:24,1.536
1997-05-29 16:30,1.536
1997-05-29 16:36,1.535
1997-05-29 16:42,1.534
1997-05-29 16:48,1.533
1997-05-29 16:54,1.532
1997-05-29 17:00,1.530
1997-05-29 17:06,1.528
1997-05-29 17:12,1.527
1997-05-29 17:18,1.524
1997-05-29 17:24,1.522
1997-05-29 17:30,1.520
1997-05-29 17:36,1.517
1997-05-29 17:42,1.514
1997-05-29 17:48,1.512
1997-05-29 17:54,1.509
1997-05-29 18:00,1.506
1997-05-29 18:06,1.503
1997-05-29 18:12,1.499
1997-05-29 18:18,1.496
1997-05-29 18:24,1.493
1997-05-29 18:30,1.490
1997-05-29 18:36,1.486
1997-05-29 18:42,1.483
1997-05-29 18:48,1.480
1997-05-29 18:54,1.476
1997-05-29 19:00,1.473
1997-05-29 19:06,1.469
1997-05-29 19:12,1.466
1997-05-29 19:18,1.463
1997-05-29 19:24,1.459
1997-05-29 19:30,1.456
1997-05-29 19:36,1.453
1997-05-29 19:42,1.449
1997-05-29 19:48,1.446
1997-05-29 19:54,1.443
1997-05-29 20:00,1.440
1997-05-29 20:06,1.437
1997-05-29 20:12,1.433
1997-05-29 20:18,1.430
1997-05-29 20:24,1.427
1997-05-29 20:30,1.424
1997-05-29 20:36,1.421
1997-05-29 20:42,1.418
1997-05-29 20:48,1.416
1997-05-29 20:54,1.413
1997-05-29 21:00,1.410
1997-05-29 21:06,1.407
1997-05-29 21:12,1.405
1997-05-29 21:18,1.402
1997-05-29 21:24,1.400
1997-05-29 21:30,1.398
1997-05-29 21:36,1.396
1997-05-29 21:42,1.394
1997-05-29 21:48,1.392
1997-05-29 21:54,1.390
1997-05-29 22:00,1.388
1997-05-29 22:06,1.387
1997-05-29 22:12,1.385
1997-05-29 22:18,1.384
1997-05-29 22:24,1.383
1997-05-29 22:30,1.382
1997-05-29 22:36,1.381
1997-05-29 22:42,1.380
1997-05-29 22:48,1.380
1997-05-29 22:54,1.380
1997-05-29 23:00,1.379
1997-05-29 23:06,1.379
1997-05-29 23:12,1.379
1997-05-29 23:18,1.380
1997-05-29 23:24,1.380
1997-05-29 23:30,1.380
1997-05-29 23:36,1.381
1997-05-29 23:42,1.381
1997-05-29 23:48,1.382
1997-05-29 23:54,1.383
1997-05-30 00:00,1.383
1997-05-30 00:06,1.384
1997-05-30 00:12,1.385
1997-05-30 00:18,1.386
1997-05-30 00:24,1.387
1997-05-30 00:30,1.388
1997-05-30 00:36,1.389
1997-05-30 00:42,1.390
1997-05-30 00:48,1.391
1997-05-30 00:54,1.392
1997-05-30 01:00,1.393
1997-05-30 01:06,1.394
1997-05-30 01:12,1.395
1997-05-30 01:18,1.396
1997-05-30 01:24,1.397
1997-05-30 01:30,1.398
1997-05-30 01:36,1.399
1997-05-30 01:42,1.400
1997-05-30 01:48,1.401
1997-05-30 01:54,1.402
1997-05-30 02:00,1.403
1997-05-30 02:06,1.404
1997-05-30 02:12,1.404
1997-05-30 02:18,1.405
1997-05-30 02:24,1.406
1997-05-30 02:30,1.406
1997-05-30 02:36,1.407
1997-05-30 02:42,1.408
1997-05-30 02:48,1.408
1997-05-30 02:54,1.409
1997-05-30 03:00,1.409
1997-05-30 03:06,1.409
1997-05-30 03:12,1.410
1997-05-30 03:18,1.410
1997-05-30 03:24,1.410
1997-05-30 03:30,1.410
1997-05-30 03:36,1.410
1997-05-30 03:42,1.409
1997-05-30 03:48,1.409
1997-05-30 03:54,1.408
1997-05-30 04:00,1.408
1997-05-30 04:06,1.407
1997-05-30 04:12,1.406
1997-05-30 04:18,1.405
1997-05-30 04:24,1.404
1997-05-30 04:30,1.402
1997-05-30 04:36,1.401
1997-05-30 04:42,1.399
1997-05-30 04:48,1.397
1997-05-30 04:54,1.395
1997-05-30 05:00,1.393
1997-05-30 05:06,1.391
1997-05-30 05:12,1.389
1997-05-30 05:18,1.386
1997-05-30 05:24,1.384
1997-05-30 05:30,1.381
1997-05-30 05:36,1.379
1997-05-30 05:42,1.376
1997-05-30 05:48,1.373
1997-05-30 05:54,1.370
1997-05-30 06:00,1.368
1997-05-30 06:06,1.365
1997-05-30 06:12,1.362
1997-05-30 06:18,1.359
1997-05-30 06:24,1.356
1997-05-30 06:30,1.353
1997-05-30 06:36,1.351
1997-05-30 06:42,1.348
1997-05-30 06:48,1.345
1997-05-30 06:54,1.343
1997-05-30 07:00,1.341
1997-05-30 07:06,1.338
1997-05-30 07:12,1.336
1997-05-30 07:18,1.334
1997-05-30 07:24,1.332
1997-05-30 07:30,1.329
1997-05-30 07:36,1.328
1997-05-30 07:42,1.326
1997-05-30 07:48,1.324
1997-05-30 07:54,1.322
1997-05-30 08:00,1.321
1997-05-30 08:06,1.319
1997-05-30 08:12,1.318
1997-05-30 08:18,1.316
1997-05-30 08:24,1.315
1997-05-30 08:30,1.314
1997-05-30 08:36,1.313
1997-05-30 08:42,1.312
1997-05-30 08:48,1.311
1997-05-30 08:54,1.310
1997-05-30 09:00,1.309
1997-05-30 09:06,1.308
1997-05-30 09:12,1.308
1997-05-30 09:18,1.307
1997-05-30 09:24,1.307
1997-05-30 09:30,1.307
1997-05-30 09:36,1.307
1997-05-30 09:42,1.307
1997-05-30 09:48,1.307
1997-05-30 09:54,1.307
1997-05-30 10:00,1.308
1997-05-30 10:06,1.309
1997-05-30 10:12,1.309
1997-05-30 10:18,1.311
1997-05-30 10:24,1.312
1997-05-30 10:30,1.313
1997-05-30 10:36,1.315
1997-05-30 10:42,1.317
1997-05-30 10:48,1.319
1997-05-30 10:54,1.321
1997-05-30 11:00,1.323
1997-05-30 11:06,1.326
1997-05-30 11:12,1.329
1997-05-30 11:18,1.332
1997-05-30 11:24,1.335
1997-05-30 11:30,1.338
1997-05-30 11:36,1.341
1997-05-30 11:42,1.345
1997-05-30 11:48,1.349
1997-05-30 11:54,1.353
1997-05-30 12:00,1.357
1997-05-30 12:06,1.361
1997-05-30 12:12,1.365
1997-05-30 12:18,1.369
1997-05-30 12:24,1.373
1997-05-30 12:30,1.378
1997-05-30 12:36,1.382
1997-05-30 12:42,1.386
1997-05-30 12:48,1.391
1997-05-30 12:54,1.395
1997-05-30 13:00,1.400
1997-05-30 13:06,1.404
1997-05-30 13:12,1.409
1997-05-30 13:18,1.413
1997-05-30 13:24,1.417
1997-05-30 13:30,1.422
1997-05-30 13:36,1.426
1997-05-30 13:42,1.430
1997-05-30 13:48,1.435
1997-05-30 13:54,1.439
1997-05-30 14:00,1.443
1997-05-30 14:06,1.447
1997-05-30 14:12,1.451
1997-05-30 14:18,1.455
1997-05-30 14:24,1.459
1997-05-30 14:30,1.463
1997-05-30 14:36,1.467
1997-05-30 14:42,1.470
1997-05-30 14:48,1.474
1997-05-30 14:54,1.477
1997-05-30 15:00,1.481
1997-05-30 15:06,1.484
1997-05-30 15:12,1.487
1997-05-30 15:18,1.490
1997-05-30 15:24,1.493
1997-05-30 15:30,1.495
1997-05-30 15:36,1.498
1997-05-30 15:42,1.500
1997-05-30 15:48,1.502
1997-05-30 15:54,1.504
1997-05-30 16:00,1.506
1997-05-30 16:06,1.507
1997-05-30 16:12,1.508
1997-05-30 16:18,1.509
1997-05-30 16:24,1.510
1997-05-30 16:30,1.510
1997-05-30 16:36,1.510
1997-05-30 16:42,1.510
1997-05-30 16:48,1.509
1997-05-30 16:54,1.508
1997-05-30 17:00,1.507
1997-05-30 17:06,1.506
1997-05-30 17:12,1.504
1997-05-30 17:18,1.503
1997-05-30 17:24,1.501
1997-05-30 17:30,1.498
1997-05-30 17:36,1.496
1997-05-30 17:42,1.493
1997-05-30 17:48,1.490
1997-05-30 17:54,1.487
1997-05-30 18:00,1.484
1997-05-30 18:06,1.480
1997-05-30 18:12,1.477
1997-05-30 18:18,1.473
1997-05-30 18:24,1.469
1997-05-30 18:30,1.465
1997-05-30 18:36,1.461
1997-05-30 18:42,1.457
1997-05-30 18:48,1.453
1997-05-30 18:54,1.449
1997-05-30 19:00,1.445
1997-05-30 19:06,1.441
1997-05-30 19:12,1.437
1997-05-30 19:18,1.433
1997-05-30 19:24,1.429
1997-05-30 19:30,1.424
1997-05-30 19:36,1.420
1997-05-30 19:42,1.416
1997-05-30 19:48,1.412
1997-05-30 19:54,1.408
1997-05-30 20:00,1.404
1997-05-30 20:06,1.400
1997-05-30 20:12,1.396
1997-05-30 20:18,1.392
1997-05-30 20:24,1.388
1997-05-30 20:30,1.384
1997-05-30 20:36,1.380
1997-05-30 20:42,1.376
1997-05-30 20:48,1.372
1997-05-30 20:54,1.369
1997-05-30 21:00,1.365
1997-05-30 21:06,1.361
1997-05-30 21:12,1.357
1997-05-30 21:18,1.354
1997-05-30 21:24,1.350
1997-05-30 21:30,1.347
1997-05-30 21:36,1.343
1997-05-30 21:42,1.340
1997-05-30 21:48,1.337
1997-05-30 21:54,1.334
1997-05-30 22:00,1.331
1997-05-30 22:06,1.328
1997-05-30 22:12,1.326
1997-05-30 22:18,1.323
1997-05-30 22:24,1.321
1997-05-30 22:30,1.319
1997-05-30 22:36,1.317
1997-05-30 22:42,1.315
1997-05-30 22:48,1.314
1997-05-30 22:54,1.312
1997-05-30 23:00,1.311
1997-05-30 23:06,1.310
1997-05-30 23:12,1.310
1997-05-30 23:18,1.310
1997-05-30 23:24,1.309
1997-05-30 23:30,1.309
1997-05-30 23:36,1.310
1997-05-30 23:42,1.310
1997-05-30 23:48,1.311
1997-05-30 23:54,1.312
1997-05-31 00:00,1.313
1997-05-31 00:06,1.314
1997-05-31 00:12,1.315
1997-05-31 00:18,1.317
1997-05-31 00:24,1.318
1997-05-31 00:30,1.320
1997-05-31 00:36,1.322
1997-05-31 00:42,1.324
1997-05-31 00:48,1.326
1997-05-31 00:54,1.329
1997-05-31 01:00,1.331
1997-05-31 01:06,1.333
1997-05-31 01:12,1.336
1997-05-31 01:18,1.338
1997-05-31 01:24,1.341
1997-05-31 01:30,1.344
1997-05-31 01:36,1.346
1997-05-31 01:42,1.349
1997-05-31 01:48,1.352
1997-05-31 01:54,1.355
1997-05-31 02:00,1.358
1997-05-31 02:06,1.361
1997-05-31 02:12,1.364
1997-05-31 02:18,1.367
1997-05-31 02:24,1.370
1997-05-31 02:30,1.373
1997-05-31 02:36,1.376
1997-05-31 02:42,1.379
1997-05-31 02:48,1.383
1997-05-31 02:54,1.386
1997-05-31 03:00,1.389
1997-05-31 03:06,1.392
1997-05-31 03:12,1.396
1997-05-31 03:18,1.399
1997-05-31 03:24,1.402
1997-05-31 03:30,1.405
1997-05-31 03:36,1.408
1997-05-31 03:42,1.411
1997-05-31 03:48,1.414
1997-05-31 03:54,1.417
1997-05-31 04:00,1.420
1997-05-31 04:06,1.422
1997-05-31 04:12,1.425
1997-05-31 04:18,1.427
1997-05-31 04:24,1.429
1997-05-31 04:30,1.431
1997-05-31 04:36,1.433
1997-05-31 04:42,1.435
1997-05-31 04:48,1.436
1997-05-31 04:54,1.437
1997-05-31 05:00,1.438
1997-05-31 05:06,1.439
1997-05-31 05:12,1.440
1997-05-31 05:18,1.440
1997-05-31 05:24,1.441
1997-05-31 05:30,1.441
1997-05-31 05:36,1.441
1997-05-31 05:42,1.440
1997-05-31 05:48,1.440
1997-05-31 05:54,1.439
1997-05-31 06:00,1.439
1997-05-31 06:06,1.438
1997-05-31 06:12,1.437
1997-05-31 06:18,1.436
1997-05-31 06:24,1.435
1997-05-31 06:30,1.433
1997-05-31 06:36,1.432
1997-05-31 06:42,1.431
1997-05-31 06:48,1.429
1997-05-31 06:54,1.428
1997-05-31 07:00,1.426
1997-05-31 07:06,1.425
1997-05-31 07:12,1.423
1997-05-31 07:18,1.422
1997-05-31 07:24,1.420
1997-05-31 07:30,1.419
1997-05-31 07:36,1.417
1997-05-31 07:42,1.416
1997-05-31 07:48,1.415
1997-05-31 07:54,1.413
1997-05-31 08:00,1.412
1997-05-31 08:06,1.410
1997-05-31 08:12,1.409
1997-05-31 08:18,1.407
1997-05-31 08:24,1.406
1997-05-31 08:30,1.404
1997-05-31 08:36,1.403
1997-05-31 08:42,1.402
1997-05-31 08:48,1.400
1997-05-31 08:54,1.399
1997-05-31 09:00,1.397
1997-05-31 09:06,1.396
1997-05-31 09:12,1.394
1997-05-31 09:18,1.393
1997-05-31 09:24,1.391
1997-05-31 09:30,1.390
1997-05-31 09:36,1.388
1997-05-31 09:42,1.387
1997-05-31 09:48,1.385
1997-05-31 09:54,1.384
1997-05-31 10:00,1.382
1997-05-31 10:06,1.381
1997-05-31 10:12,1.380
1997-05-31 10:18,1.379
1997-05-31 10:24,1.378
1997-05-31 10:30,1.377
1997-05-31 10:36,1.376
1997-05-31 10:42,1.375
1997-05-31 10:48,1.375
1997-05-31 10:54,1.374
1997-05-31 11:00,1.374
1997-05-31 11:06,1.374
1997-05-31 11:12,1.374
1997-05-31 11:18,1.374
1997-05-31 11:24,1.375
1997-05-31 11:30,1.375
1997-05-31 11:36,1.376
1997-05-31 11:42,1.377
1997-05-31 11:48,1.378
1997-05-31 11:54,1.380
1997-05-31 12:00,1.381
1997-05-31 12:06,1.382
1997-05-31 12:12,1.384
1997-05-31 12:18,1.386
1997-05-31 12:24,1.388
1997-05-31 12:30,1.390
1997-05-31 12:36,1.392
1997-05-31 12:42,1.394
1997-05-31 12:48,1.397
1997-05-31 12:54,1.399
1997-05-31 13:00,1.402
1997-05-31 13:06,1.404
1997-05-31 13:12,1.407
1997-05-31 13:18,1.410
1997-05-31 13:24,1.412
1997-05-31 13:30,1.415
1997-05-31 13:36,1.418
1997-05-31 13:42,1.421
1997-05-31 13:48,1.424
1997-05-31 13:54,1.426
1997-05-31 14:00,1.429
1997-05-31 14:06,1.432
1997-05-31 14:12,1.435
1997-05-31 14:18,1.438
1997-05-31 14:24,1.441
1997-05-31 14:30,1.444
1997-05-31 14:36,1.447
1997-05-31 14:42,1.450
1997-05-31 14:48,1.453
1997-05-31 14:54,1.455
1997-05-31 15:00,1.458
1997-05-31 15:06,1.461
1997-05-31 15:12,1.464
1997-05-31 15:18,1.467
1997-05-31 15:24,1.469
1997-05-31 15:30,1.472
1997-05-31 15:36,1.474
1997-05-31 15:42,1.477
1997-05-31 15:48,1.479
1997-05-31 15:54,1.481
1997-05-31 16:00,1.483
1997-05-31 16:06,1.485
1997-05-31 16:12,1.486
1997-05-31 16:18,1.488
1997-05-31 16:24,1.489
1997-05-31 16:30,1.490
1997-05-31 16:36,1.491
1997-05-31 16:42,1.491
1997-05-31 16:48,1.491
1997-05-31 16:54,1.491
1997-05-31 17:00,1.491
1997-05-31 17:06,1.490
1997-05-31 17:12,1.490
1997-05-31 17:18,1.488
1997-05-31 17:24,1.487
1997-05-31 17:30,1.485
1997-05-31 17:36,1.483
1997-05-31 17:42,1.481
1997-05-31 17:48,1.478
1997-05-31 17:54,1.476
1997-05-31 18:00,1.473
1997-05-31 18:06,1.469
1997-05-31 18:12,1.466
1997-05-31 18:18,1.462
1997-05-31 18:24,1.458
1997-05-31 18:30,1.454
1997-05-31 18:36,1.450
1997-05-31 18:42,1.446
1997-05-31 18:48,1.441
1997-05-31 18:54,1.436
1997-05-31 19:00,1.432
1997-05-31 19:06,1.427
1997-05-31 19:12,1.422
1997-05-31 19:18,1.417
1997-05-31 19:24,1.412
1997-05-31 19:30,1.407
1997-05-31 19:36,1.402
1997-05-31 19:42,1.397
1997-05-31 19:48,1.392
1997-05-31 19:54,1.387
1997-05-31 20:00,1.382
1997-05-31 20:06,1.377
1997-05-31 20:12,1.371
1997-05-31 20:18,1.366
1997-05-31 20:24,1.361
1997-05-31 20:30,1.356
1997-05-31 20:36,1.351
1997-05-31 20:42,1.346
1997-05-31 20:48,1.341
1997-05-31 20:54,1.336
1997-05-31 21:00,1.331
1997-05-31 21:06,1.326
1997-05-31 21:12,1.321
1997-05-31 21:18,1.316
1997-05-31 21:24,1.311
1997-05-31 21:30,1.306
1997-05-31 21:36,1.302
1997-05-31 21:42,1.297
1997-05-31 21:48,1.292
1997-05-31 21:54,1.288
1997-05-31 22:00,1.283
1997-05-31 22:06,1.279
1997-05-31 22:12,1.275
1997-05-31 22:18,1.271
1997-05-31 22:24,1.267
1997-05-31 22:30,1.264
1997-05-31 22:36,1.260
1997-05-31 22:42,1.257
1997-05-31 22:48,1.254
1997-05-31 22:54,1.251
1997-05-31 23:00,1.248
1997-05-31 23:06,1.246
1997-05-31 23:12,1.244
1997-05-31 23:18,1.242
1997-05-31 23:24,1.240
1997-05-31 23:30,1.239
1997-05-31 23:36,1.238
1997-05-31 23:42,1.237
1997-05-31 23:48,1.236
1997-05-31 23:54,1.236
1997-06-01 00:00,1.236
1997-06-01 00:06,1.236
1997-06-01 00:12,1.237
1997-06-01 00:18,1.238
1997-06-01 00:24,1.239
1997-06-01 00:30,1.240
1997-06-01 00:36,1.242
1997-06-01 00:42,1.243
1997-06-01 00:48,1.245
1997-06-01 00:54,1.247
1997-06-01 01:00,1.250
1997-06-01 01:06,1.252
1997-06-01 01:12,1.255
1997-06-01 01:18,1.258
1997-06-01 01:24,1.261
1997-06-01 01:30,1.265
1997-06-01 01:36,1.268
1997-06-01 01:42,1.272
1997-06-01 01:48,1.275
1997-06-01 01:54,1.279
1997-06-01 02:00,1.283
1997-06-01 02:06,1.288
1997-06-01 02:12,1.292
1997-06-01 02:18,1.296
1997-06-01 02:24,1.301
1997-06-01 02:30,1.306
1997-06-01 02:36,1.311
1997-06-01 02:42,1.315
1997-06-01 02:48,1.321
1997-06-01 02:54,1.326
1997-06-01 03:00,1.331
1997-06-01 03:06,1.336
1997-06-01 03:12,1.342
1997-06-01 03:18,1.347
1997-06-01 03:24,1.353
1997-06-01 03:30,1.358
1997-06-01 03:36,1.364
1997-06-01 03:42,1.369
1997-06-01 03:48,1.375
1997-06-01 03:54,1.381
1997-06-01 04:00,1.386
1997-06-01 04:06,1.392
1997-06-01 04:12,1.397
1997-06-01 04:18,1.403
1997-06-01 04:24,1.408
1997-06-01 04:30,1.413
1997-06-01 04:36,1.418
1997-06-01 04:42,1.423
1997-06-01 04:48,1.428
1997-06-01 04:54,1.433
1997-06-01 05:00,1.437
1997-06-01 05:06,1.442
1997-06-01 05:12,1.446
1997-06-01 05:18,1.450
1997-06-01 05:24,1.454
1997-06-01 05:30,1.457
1997-06-01 05:36,1.460
1997-06-01 05:42,1.463
1997-06-01 05:48,1.466
1997-06-01 05:54,1.469
1997-06-01 06:00,1.471
1997-06-01 06:06,1.474
1997-06-01 06:12,1.476
1997-06-01 06:18,1.478
1997-06-01 06:24,1.479
1997-06-01 06:30,1.481
1997-06-01 06:36,1.482
1997-06-01 06:42,1.483
1997-06-01 06:48,1.484
1997-06-01 06:54,1.485
1997-06-01 07:00,1.486
1997-06-01 07:06,1.486
1997-06-01 07:12,1.487
1997-06-01 07:18,1.487
1997-06-01 07:24,1.487
1997-06-01 07:30,1.488
1997-06-01 07:36,1.488
1997-06-01 07:42,1.488
1997-06-01 07:48,1.488
1997-06-01 07:54,1.487
1997-06-01 08:00,1.487
1997-06-01 08:06,1.487
1997-06-01 08:12,1.486
1997-06-01 08:18,1.486
1997-06-01 08:24,1.485
1997-06-01 08:30,1.485
1997-06-01 08:36,1.484
1997-06-01 08:42,1.483
1997-06-01 08:48,1.483
1997-06-01 08:54,1.482
1997-06-01 09:00,1.481
1997-06-01 09:06,1.479
1997-06-01 09:12,1.478
1997-06-01 09:18,1.477
1997-06-01 09:24,1.476
1997-06-01 09:30,1.474
1997-06-01 09:36,1.473
1997-06-01 09:42,1.471
1997-06-01 09:48,1.470
1997-06-01 09:54,1.468
1997-06-01 10:00,1.466
1997-06-01 10:06,1.464
1997-06-01 10:12,1.462
1997-06-01 10:18,1.461
1997-06-01 10:24,1.459
1997-06-01 10:30,1.457
1997-06-01 10:36,1.455
1997-06-01 10:42,1.453
1997-06-01 10:48,1.451
1997-06-01 10:54,1.450
1997-06-01 11:00,1.448
1997-06-01 11:06,1.446
1997-06-01 11:12,1.444
1997-06-01 11:18,1.443
1997-06-01 11:24,1.441
1997-06-01 11:30,1.440
1997-06-01 11:36,1.439
1997-06-01 11:42,1.438
1997-06-01 11:48,1.436
1997-06-01 11:54,1.436
1997-06-01 12:00,1.435
1997-06-01 12:06,1.434
1997-06-01 12:12,1.433
1997-06-01 12:18,1.433
1997-06-01 12:24,1.433
1997-06-01 12:30,1.432
1997-06-01 12:36,1.432
1997-06-01 12:42,1.432
1997-06-01 12:48,1.432
1997-06-01 12:54,1.432
1997-06-01 13:00,1.433
1997-06-01 13:06,1.433
1997-06-01 13:12,1.434
1997-06-01 13:18,1.434
1997-06-01 13:24,1.435
1997-06-01 13:30,1.436
1997-06-01 13:36,1.437
1997-06-01 13:42,1.438
1997-06-01 13:48,1.439
1997-06-01 13:54,1.440
1997-06-01 14:00,1.441
1997-06-01 14:06,1.442
1997-06-01 14:12,1.443
1997-06-01 14:18,1.445
1997-06-01 14:24,1.446
1997-06-01 14:30,1.448
1997-06-01 14:36,1.449
1997-06-01 14:42,1.451
1997-06-01 14:48,1.453
1997-06-01 14:54,1.454
1997-06-01 15:00,1.456
1997-06-01 15:06,1.458
1997-06-01 15:12,1.459
1997-06-01 15:18,1.461
1997-06-01 15:24,1.463
1997-06-01 15:30,1.465
1997-06-01 15:36,1.467
1997-06-01 15:42,1.468
1997-06-01 15:48,1.470
1997-06-01 15:54,1.472
1997-06-01 16:00,1.473
1997-06-01 16:06,1.475
1997-06-01 16:12,1.476
1997-06-01 16:18,1.478
1997-06-01 16:24,1.479
1997-06-01 16:30,1.480
1997-06-01 16:36,1.481
1997-06-01 16:42,1.482
1997-06-01 16:48,1.482
1997-06-01 16:54,1.483
1997-06-01 17:00,1.483
1997-06-01 17:06,1.483
1997-06-01 17:12,1.483
1997-06-01 17:18,1.482
1997-06-01 17:24,1.481
1997-06-01 17:30,1.480
1997-06-01 17:36,1.479
1997-06-01 17:42,1.478
1997-06-01 17:48,1.476
1997-06-01 17:54,1.474
1997-06-01 18:00,1.472
1997-06-01 18:06,1.469
1997-06-01 18:12,1.466
1997-06-01 18:18,1.463
1997-06-01 18:24,1.460
1997-06-01 18:30,1.456
1997-06-01 18:36,1.452
1997-06-01 18:42,1.448
1997-06-01 18:48,1.444
1997-06-01 18:54,1.440
1997-06-01 19:00,1.435
1997-06-01 19:06,1.430
1997-06-01 19:12,1.425
1997-06-01 19:18,1.420
1997-06-01 19:24,1.415
1997-06-01 19:30,1.409
1997-06-01 19:36,1.404
1997-06-01 19:42,1.398
1997-06-01 19:48,1.392
1997-06-01 19:54,1.387
1997-06-01 20:00,1.381
1997-06-01 20:06,1.375
1997-06-01 20:12,1.368
1997-06-01 20:18,1.362
1997-06-01 20:24,1.356
1997-06-01 20:30,1.350
1997-06-01 20:36,1.344
1997-06-01 20:42,1.337
1997-06-01 20:48,1.331
1997-06-01 20:54,1.325
1997-06-01 21:00,1.318
1997-06-01 21:06,1.312
1997-06-01 21:12,1.306
1997-06-01 21:18,1.299
1997-06-01 21:24,1.293
1997-06-01 21:30,1.287
1997-06-01 21:36,1.281
1997-06-01 21:42,1.275
1997-06-01 21:48,1.269
1997-06-01 21:54,1.263
1997-06-01 22:00,1.257
1997-06-01 22:06,1.251
1997-06-01 22:12,1.245
1997-06-01 22:18,1.239
1997-06-01 22:24,1.234
1997-06-01 22:30,1.229
1997-06-01 22:36,1.224
1997-06-01 22:42,1.218
1997-06-01 22:48,1.214
1997-06-01 22:54,1.209
1997-06-01 23:00,1.205
1997-06-01 23:06,1.200
1997-06-01 23:12,1.196
1997-06-01 23:18,1.193
1997-06-01 23:24,1.189
1997-06-01 23:30,1.186
1997-06-01 23:36,1.183
1997-06-01 23:42,1.180
1997-06-01 23:48,1.178
1997-06-01 23:54,1.175
1997-06-02 00:00,1.173
1997-06-02 00:06,1.172
1997-06-02 00:12,1.171
1997-06-02 00:18,1.170
1997-06-02 00:24,1.169
1997-06-02 00:30,1.168
1997-06-02 00:36,1.168
1997-06-02 00:42,1.169
1997-06-02 00:48,1.169
1997-06-02 00:54,1.170
1997-06-02 01:00,1.171
1997-06-02 01:06,1.173
1997-06-02 01:12,1.174
1997-06-02 01:18,1.176
1997-06-02 01:24,1.178
1997-06-02 01:30,1.181
1997-06-02 01:36,1.184
1997-06-02 01:42,1.187
1997-06-02 01:48,1.190
1997-06-02 01:54,1.194
1997-06-02 02:00,1.198
1997-06-02 02:06,1.202
1997-06-02 02:12,1.206
1997-06-02 02:18,1.211
1997-06-02 02:24,1.216
1997-06-02 02:30,1.221
1997-06-02 02:36,1.226
1997-06-02 02:42,1.232
1997-06-02 02:48,1.237
1997-06-02 02:54,1.243
1997-06-02 03:00,1.249
1997-06-02 03:06,1.256
1997-06-02 03:12,1.262
1997-06-02 03:18,1.269
1997-06-02 03:24,1.275
1997-06-02 03:30,1.282
1997-06-02 03:36,1.289
1997-06-02 03:42,1.296
1997-06-02 03:48,1.304
1997-06-02 03:54,1.311
1997-06-02 04:00,1.318
1997-06-02 04:06,1.326
1997-06-02 04:12,1.333
1997-06-02 04:18,1.341
1997-06-02 04:24,1.348
1997-06-02 04:30,1.356
1997-06-02 04:36,1.363
1997-06-02 04:42,1.371
1997-06-02 04:48,1.378
1997-06-02 04:54,1.385
1997-06-02 05:00,1.393
1997-06-02 05:06,1.400
1997-06-02 05:12,1.407
1997-06-02 05:18,1.414
1997-06-02 05:24,1.421
1997-06-02 05:30,1.427
1997-06-02 05:36,1.434
1997-06-02 05:42,1.440
1997-06-02 05:48,1.446
1997-06-02 05:54,1.452
1997-06-02 06:00,1.458
1997-06-02 06:06,1.464
1997-06-02 06:12,1.469
1997-06-02 06:18,1.474
1997-06-02 06:24,1.479
1997-06-02 06:30,1.484
1997-06-02 06:36,1.489
1997-06-02 06:42,1.493
1997-06-02 06:48,1.497
1997-06-02 06:54,1.501
1997-06-02 07:00,1.505
1997-06-02 07:06,1.508
1997-06-02 07:12,1.512
1997-06-02 07:18,1.515
1997-06-02 07:24,1.518
1997-06-02 07:30,1.521
1997-06-02 07:36,1.523
1997-06-02 07:42,1.526
1997-06-02 07:48,1.528
1997-06-02 07:54,1.530
1997-06-02 08:00,1.532
1997-06-02 08:06,1.533
1997-06-02 08:12,1.535
1997-06-02 08:18,1.536
1997-06-02 08:24,1.537
1997-06-02 08:30,1.539
1997-06-02 08:36,1.539
1997-06-02 08:42,1.540
1997-06-02 08:48,1.541
1997-06-02 08:54,1.541
1997-06-02 09:00,1.541
1997-06-02 09:06,1.542
1997-06-02 09:12,1.542
1997-06-02 09:18,1.541
1997-06-02 09:24,1.541
1997-06-02 09:30,1.541
1997-06-02 09:36,1.540
1997-06-02 09:42,1.539
1997-06-02 09:48,1.539
1997-06-02 09:54,1.538
1997-06-02 10:00,1.537
1997-06-02 10:06,1.536
1997-06-02 10:12,1.534
1997-06-02 10:18,1.533
1997-06-02 10:24,1.532
1997-06-02 10:30,1.530
1997-06-02 10:36,1.528
1997-06-02 10:42,1.527
1997-06-02 10:48,1.525
1997-06-02 10:54,1.523
1997-06-02 11:00,1.521
1997-06-02 11:06,1.520
1997-06-02 11:12,1.518
1997-06-02 11:18,1.516
1997-06-02 11:24,1.514
1997-06-02 11:30,1.512
1997-06-02 11:36,1.510
1997-06-02 11:42,1.507
1997-06-02 11:48,1.505
1997-06-02 11:54,1.503
1997-06-02 12:00,1.501
1997-06-02 12:06,1.499
1997-06-02 12:12,1.497
1997-06-02 12:18,1.496
1997-06-02 12:24,1.494
1997-06-02 12:30,1.492
1997-06-02 12:36,1.490
1997-06-02 12:42,1.488
1997-06-02 12:48,1.487
1997-06-02 12:54,1.485
1997-06-02 13:00,1.484
1997-06-02 13:06,1.482
1997-06-02 13:12,1.481
1997-06-02 13:18,1.479
1997-06-02 13:24,1.478
1997-06-02 13:30,1.477
1997-06-02 13:36,1.476
1997-06-02 13:42,1.475
1997-06-02 13:48,1.474
1997-06-02 13:54,1.474
1997-06-02 14:00,1.473
1997-06-02 14:06,1.473
1997-06-02 14:12,1.472
1997-06-02 14:18,1.472
1997-06-02 14:24,1.472
1997-06-02 14:30,1.472
1997-06-02 14:36,1.472
1997-06-02 14:42,1.472
1997-06-02 14:48,1.472
1997-06-02 14:54,1.472
1997-06-02 15:00,1.472
1997-06-02 15:06,1.473
1997-06-02 15:12,1.473
1997-06-02 15:18,1.474
1997-06-02 15:24,1.474
1997-06-02 15:30,1.475
1997-06-02 15:36,1.476
1997-06-02 15:42,1.476
1997-06-02 15:48,1.477
1997-06-02 15:54,1.478
1997-06-02 16:00,1.479
1997-06-02 16:06,1.479
1997-06-02 16:12,1.480
1997-06-02 16:18,1.481
1997-06-02 16:24,1.481
1997-06-02 16:30,1.482
1997-06-02 16:36,1.483
1997-06-02 16:42,1.483
1997-06-02 16:48,1.483
1997-06-02 16:54,1.484
1997-06-02 17:00,1.484
1997-06-02 17:06,1.484
1997-06-02 17:12,1.484
1997-06-02 17:18,1.483
1997-06-02 17:24,1.483
1997-06-02 17:30,1.482
1997-06-02 17:36,1.482
1997-06-02 17:42,1.481
1997-06-02 17:48,1.480
1997-06-02 17:54,1.478
1997-06-02 18:00,1.477
1997-06-02 18:06,1.475
1997-06-02 18:12,1.473
1997-06-02 18:18,1.471
1997-06-02 18:24,1.469
1997-06-02 18:30,1.466
1997-06-02 18:36,1.463
1997-06-02 18:42,1.460
1997-06-02 18:48,1.457
1997-06-02 18:54,1.453
1997-06-02 19:00,1.449
1997-06-02 19:06,1.445
1997-06-02 19:12,1.441
1997-06-02 19:18,1.437
1997-06-02 19:24,1.432
1997-06-02 19:30,1.427
1997-06-02 19:36,1.422
1997-06-02 19:42,1.416
1997-06-02 19:48,1.411
1997-06-02 19:54,1.405
1997-06-02 20:00,1.399
1997-06-02 20:06,1.393
1997-06-02 20:12,1.387
1997-06-02 20:18,1.380
1997-06-02 20:24,1.374
1997-06-02 20:30,1.367
1997-06-02 20:36,1.360
1997-06-02 20:42,1.353
1997-06-02 20:48,1.346
1997-06-02 20:54,1.339
1997-06-02 21:00,1.332
1997-06-02 21:06,1.324
1997-06-02 21:12,1.317
1997-06-02 21:18,1.309
1997-06-02 21:24,1.302
1997-06-02 21:30,1.294
1997-06-02 21:36,1.287
1997-06-02 21:42,1.279
1997-06-02 21:48,1.272
1997-06-02 21:54,1.265
1997-06-02 22:00,1.257
1997-06-02 22:06,1.250
1997-06-02 22:12,1.243
1997-06-02 22:18,1.236
1997-06-02 22:24,1.228
1997-06-02 22:30,1.222
1997-06-02 22:36,1.215
1997-06-02 22:42,1.208
1997-06-02 22:48,1.202
1997-06-02 22:54,1.195
1997-06-02 23:00,1.189
1997-06-02 23:06,1.183
1997-06-02 23:12,1.177
1997-06-02 23:18,1.172
1997-06-02 23:24,1.166
1997-06-02 23:30,1.161
1997-06-02 23:36,1.156
1997-06-02 23:42,1.151
1997-06-02 23:48,1.147
1997-06-02 23:54,1.142
1997-06-03 00:00,1.138
1997-06-03 00:06,1.135
1997-06-03 00:12,1.131
1997-06-03 00:18,1.128
1997-06-03 00:24,1.125
1997-06-03 00:30,1.123
1997-06-03 00:36,1.120
1997-06-03 00:42,1.118
1997-06-03 00:48,1.117
1997-06-03 00:54,1.115
1997-06-03 01:00,1.114
1997-06-03 01:06,1.113
1997-06-03 01:12,1.113
1997-06-03 01:18,1.113
1997-06-03 01:24,1.113
1997-06-03 01:30,1.114
1997-06-03 01:36,1.115
1997-06-03 01:42,1.116
1997-06-03 01:48,1.118
1997-06-03 01:54,1.120
1997-06-03 02:00,1.122
1997-06-03 02:06,1.125
1997-06-03 02:12,1.128
1997-06-03 02:18,1.132
1997-06-03 02:24,1.135
1997-06-03 02:30,1.139
1997-06-03 02:36,1.144
1997-06-03 02:42,1.148
1997-06-03 02:48,1.153
1997-06-03 02:54,1.159
1997-06-03 03:00,1.164
1997-06-03 03:06,1.170
1997-06-03 03:12,1.177
1997-06-03 03:18,1.183
1997-06-03 03:24,1.190
1997-06-03 03:30,1.197
1997-06-03 03:36,1.204
1997-06-03 03:42,1.211
1997-06-03 03:48,1.219
1997-06-03 03:54,1.226
1997-06-03 04:00,1.234
1997-06-03 04:06,1.242
1997-06-03 04:12,1.250
1997-06-03 04:18,1.259
1997-06-03 04:24,1.267
1997-06-03 04:30,1.276
1997-06-03 04:36,1.284
1997-06-03 04:42,1.293
1997-06-03 04:48,1.302
1997-06-03 04:54,1.310
1997-06-03 05:00,1.319
1997-06-03 05:06,1.328
1997-06-03 05:12,1.337
1997-06-03 05:18,1.345
1997-06-03 05:24,1.354
1997-06-03 05:30,1.363
1997-06-03 05:36,1.371
1997-06-03 05:42,1.380
1997-06-03 05:48,1.388
1997-06-03 05:54,1.397
1997-06-03 06:00,1.405
1997-06-03 06:06,1.413
1997-06-03 06:12,1.421
1997-06-03 06:18,1.429
1997-06-03 06:24,1.437
1997-06-03 06:30,1.445
1997-06-03 06:36,1.452
1997-06-03 06:42,1.460
1997-06-03 06:48,1.467
1997-06-03 06:54,1.474
1997-06-03 07:00,1.481
1997-06-03 07:06,1.488
1997-06-03 07:12,1.494
1997-06-03 07:18,1.500
1997-06-03 07:24,1.506
1997-06-03 07:30,1.512
1997-06-03 07:36,1.518
1997-06-03 07:42,1.523
1997-06-03 07:48,1.528
1997-06-03 07:54,1.533
1997-06-03 08:00,1.537
1997-06-03 08:06,1.542
1997-06-03 08:12,1.546
1997-06-03 08:18,1.550
1997-06-03 08:24,1.553
1997-06-03 08:30,1.557
1997-06-03 08:36,1.560
1997-06-03 08:42,1.563
1997-06-03 08:48,1.565
1997-06-03 08:54,1.568
1997-06-03 09:00,1.570
1997-06-03 09:06,1.572
1997-06-03 09:12,1.574
1997-06-03 09:18,1.575
1997-06-03 09:24,1.576
1997-06-03 09:30,1.578
1997-06-03 09:36,1.579
1997-06-03 09:42,1.579
1997-06-03 09:48,1.580
1997-06-03 09:54,1.580
1997-06-03 10:00,1.581
1997-06-03 10:06,1.581
1997-06-03 10:12,1.581
1997-06-03 10:18,1.581
1997-06-03 10:24,1.580
1997-06-03 10:30,1.580
1997-06-03 10:36,1.579
1997-06-03 10:42,1.579
1997-06-03 10:48,1.578
1997-06-03 10:54,1.577
1997-06-03 11:00,1.576
1997-06-03 11:06,1.575
1997-06-03 11:12,1.574
1997-06-03 11:18,1.573
1997-06-03 11:24,1.571
1997-06-03 11:30,1.570
1997-06-03 11:36,1.568
1997-06-03 11:42,1.567
1997-06-03 11:48,1.565
1997-06-03 11:54,1.563
1997-06-03 12:00,1.561
1997-06-03 12:06,1.559
1997-06-03 12:12,1.557
1997-06-03 12:18,1.555
1997-06-03 12:24,1.553
1997-06-03 12:30,1.551
1997-06-03 12:36,1.548
1997-06-03 12:42,1.546
1997-06-03 12:48,1.544
1997-06-03 12:54,1.541
1997-06-03 13:00,1.539
1997-06-03 13:06,1.537
1997-06-03 13:12,1.534
1997-06-03 13:18,1.532
1997-06-03 13:24,1.529
1997-06-03 13:30,1.527
1997-06-03 13:36,1.525
1997-06-03 13:42,1.523
1997-06-03 13:48,1.520
1997-06-03 13:54,1.518
1997-06-03 14:00,1.516
1997-06-03 14:06,1.514
1997-06-03 14:12,1.512
1997-06-03 14:18,1.511
1997-06-03 14:24,1.509
1997-06-03 14:30,1.507
1997-06-03 14:36,1.506
1997-06-03 14:42,1.504
1997-06-03 14:48,1.503
1997-06-03 14:54,1.502
1997-06-03 15:00,1.501
1997-06-03 15:06,1.500
1997-06-03 15:12,1.499
1997-06-03 15:18,1.499
1997-06-03 15:24,1.498
1997-06-03 15:30,1.497
1997-06-03 15:36,1.497
1997-06-03 15:42,1.496
1997-06-03 15:48,1.496
1997-06-03 15:54,1.496
1997-06-03 16:00,1.495
1997-06-03 16:06,1.495
1997-06-03 16:12,1.495
1997-06-03 16:18,1.495
1997-06-03 16:24,1.495
1997-06-03 16:30,1.494
1997-06-03 16:36,1.494
1997-06-03 16:42,1.494
1997-06-03 16:48,1.494
1997-06-03 16:54,1.493
1997-06-03 17:00,1.493
1997-06-03 17:06,1.493
1997-06-03 17:12,1.492
1997-06-03 17:18,1.492
1997-06-03 17:24,1.491
1997-06-03 17:30,1.490
1997-06-03 17:36,1.490
1997-06-03 17:42,1.489
1997-06-03 17:48,1.488
1997-06-03 17:54,1.487
1997-06-03 18:00,1.486
1997-06-03 18:06,1.484
1997-06-03 18:12,1.483
1997-06-03 18:18,1.481
1997-06-03 18:24,1.480
1997-06-03 18:30,1.478
1997-06-03 18:36,1.476
1997-06-03 18:42,1.474
1997-06-03 18:48,1.471
1997-06-03 18:54,1.469
1997-06-03 19:00,1.466
1997-06-03 19:06,1.463
1997-06-03 19:12,1.460
1997-06-03 19:18,1.457
1997-06-03 19:24,1.453
1997-06-03 19:30,1.450
1997-06-03 19:36,1.446
1997-06-03 19:42,1.441
1997-06-03 19:48,1.437
1997-06-03 19:54,1.432
1997-06-03 20:00,1.427
1997-06-03 20:06,1.422
1997-06-03 20:12,1.417
1997-06-03 20:18,1.411
1997-06-03 20:24,1.405
1997-06-03 20:30,1.399
1997-06-03 20:36,1.392
1997-06-03 20:42,1.386
1997-06-03 20:48,1.379
1997-06-03 20:54,1.372
1997-06-03 21:00,1.365
1997-06-03 21:06,1.357
1997-06-03 21:12,1.350
1997-06-03 21:18,1.342
1997-06-03 21:24,1.334
1997-06-03 21:30,1.326
1997-06-03 21:36,1.318
1997-06-03 21:42,1.310
1997-06-03 21:48,1.301
1997-06-03 21:54,1.293
1997-06-03 22:00,1.285
1997-06-03 22:06,1.276
1997-06-03 22:12,1.268
1997-06-03 22:18,1.260
1997-06-03 22:24,1.251
1997-06-03 22:30,1.243
1997-06-03 22:36,1.235
1997-06-03 22:42,1.227
1997-06-03 22:48,1.219
1997-06-03 22:54,1.211
1997-06-03 23:00,1.204
1997-06-03 23:06,1.196
1997-06-03 23:12,1.189
1997-06-03 23:18,1.181
1997-06-03 23:24,1.174
1997-06-03 23:30,1.167
1997-06-03 23:36,1.161
1997-06-03 23:42,1.154
1997-06-03 23:48,1.148
1997-06-03 23:54,1.142
1997-06-04 00:00,1.136
1997-06-04 00:06,1.130
1997-06-04 00:12,1.125
1997-06-04 00:18,1.120
1997-06-04 00:24,1.115
1997-06-04 00:30,1.110
1997-06-04 00:36,1.106
1997-06-04 00:42,1.101
1997-06-04 00:48,1.097
1997-06-04 00:54,1.094
1997-06-04 01:00,1.090
1997-06-04 01:06,1.087
1997-06-04 01:12,1.084
1997-06-04 01:18,1.082
1997-06-04 01:24,1.080
1997-06-04 01:30,1.078
1997-06-04 01:36,1.077
1997-06-04 01:42,1.075
1997-06-04 01:48,1.075
1997-06-04 01:54,1.074
1997-06-04 02:00,1.074
1997-06-04 02:06,1.075
1997-06-04 02:12,1.075
1997-06-04 02:18,1.077
1997-06-04 02:24,1.078
1997-06-04 02:30,1.080
1997-06-04 02:36,1.082
1997-06-04 02:42,1.085
1997-06-04 02:48,1.088
1997-06-04 02:54,1.092
1997-06-04 03:00,1.096
1997-06-04 03:06,1.100
1997-06-04 03:12,1.105
1997-06-04 03:18,1.110
1997-06-04 03:24,1.115
1997-06-04 03:30,1.121
1997-06-04 03:36,1.127
1997-06-04 03:42,1.133
1997-06-04 03:48,1.140
1997-06-04 03:54,1.147
1997-06-04 04:00,1.154
1997-06-04 04:06,1.161
1997-06-04 04:12,1.169
1997-06-04 04:18,1.177
1997-06-04 04:24,1.185
1997-06-04 04:30,1.193
1997-06-04 04:36,1.202
1997-06-04 04:42,1.210
1997-06-04 04:48,1.219
1997-06-04 04:54,1.228
1997-06-04 05:00,1.237
1997-06-04 05:06,1.246
1997-06-04 05:12,1.255
1997-06-04 05:18,1.264
1997-06-04 05:24,1.273
1997-06-04 05:30,1.283
1997-06-04 05:36,1.292
1997-06-04 05:42,1.301
1997-06-04 05:48,1.311
1997-06-04 05:54,1.320
1997-06-04 06:00,1.330
1997-06-04 06:06,1.339
1997-06-04 06:12,1.349
1997-06-04 06:18,1.358
1997-06-04 06:24,1.368
1997-06-04 06:30,1.377
1997-06-04 06:36,1.386
1997-06-04 06:42,1.396
1997-06-04 06:48,1.405
1997-06-04 06:54,1.414
1997-06-04 07:00,1.423
1997-06-04 07:06,1.432
1997-06-04 07:12,1.441
1997-06-04 07:18,1.450
1997-06-04 07:24,1.458
1997-06-04 07:30,1.467
1997-06-04 07:36,1.475
1997-06-04 07:42,1.483
1997-06-04 07:48,1.490
1997-06-04 07:54,1.498
1997-06-04 08:00,1.505
1997-06-04 08:06,1.512
1997-06-04 08:12,1.519
1997-06-04 08:18,1.526
1997-06-04 08:24,1.532
1997-06-04 08:30,1.538
1997-06-04 08:36,1.544
1997-06-04 08:42,1.549
1997-06-04 08:48,1.554
1997-06-04 08:54,1.559
1997-06-04 09:00,1.564
1997-06-04 09:06,1.568
1997-06-04 09:12,1.572
1997-06-04 09:18,1.575
1997-06-04 09:24,1.579
1997-06-04 09:30,1.582
1997-06-04 09:36,1.585
1997-06-04 09:42,1.587
1997-06-04 09:48,1.590
1997-06-04 09:54,1.592
1997-06-04 10:00,1.594
1997-06-04 10:06,1.595
1997-06-04 10:12,1.597
1997-06-04 10:18,1.598
1997-06-04 10:24,1.599
1997-06-04 10:30,1.600
1997-06-04 10:36,1.601
1997-06-04 10:42,1.602
1997-06-04 10:48,1.602
1997-06-04 10:54,1.603
1997-06-04 11:00,1.603
1997-06-04 11:06,1.603
1997-06-04 11:12,1.603
1997-06-04 11:18,1.603
1997-06-04 11:24,1.603
1997-06-04 11:30,1.603
1997-06-04 11:36,1.602
1997-06-04 11:42,1.602
1997-06-04 11:48,1.601
1997-06-04 11:54,1.600
1997-06-04 12:00,1.599
1997-06-04 12:06,1.598
1997-06-04 12:12,1.597
1997-06-04 12:18,1.596
1997-06-04 12:24,1.594
1997-06-04 12:30,1.593
1997-06-04 12:36,1.591
1997-06-04 12:42,1.589
1997-06-04 12:48,1.587
1997-06-04 12:54,1.585
1997-06-04 13:00,1.583
1997-06-04 13:06,1.581
1997-06-04 13:12,1.579
1997-06-04 13:18,1.576
1997-06-04 13:24,1.574
1997-06-04 13:30,1.571
1997-06-04 13:36,1.569
1997-06-04 13:42,1.566
1997-06-04 13:48,1.564
1997-06-04 13:54,1.561
1997-06-04 14:00,1.558
1997-06-04 14:06,1.556
1997-06-04 14:12,1.553
1997-06-04 14:18,1.550
1997-06-04 14:24,1.548
1997-06-04 14:30,1.545
1997-06-04 14:36,1.543
1997-06-04 14:42,1.540
1997-06-04 14:48,1.538
1997-06-04 14:54,1.536
1997-06-04 15:00,1.534
1997-06-04 15:06,1.532
1997-06-04 15:12,1.530
1997-06-04 15:18,1.528
1997-06-04 15:24,1.526
1997-06-04 15:30,1.525
1997-06-04 15:36,1.523
1997-06-04 15:42,1.522
1997-06-04 15:48,1.520
1997-06-04 15:54,1.519
1997-06-04 16:00,1.518
1997-06-04 16:06,1.517
1997-06-04 16:12,1.515
1997-06-04 16:18,1.514
1997-06-04 16:24,1.513
1997-06-04 16:30,1.512
1997-06-04 16:36,1.511
1997-06-04 16:42,1.510
1997-06-04 16:48,1.509
1997-06-04 16:54,1.508
1997-06-04 17:00,1.507
1997-06-04 17:06,1.506
1997-06-04 17:12,1.505
1997-06-04 17:18,1.504
1997-06-04 17:24,1.503
1997-06-04 17:30,1.502
1997-06-04 17:36,1.501
1997-06-04 17:42,1.500
1997-06-04 17:48,1.499
1997-06-04 17:54,1.497
1997-06-04 18:00,1.496
1997-06-04 18:06,1.495
1997-06-04 18:12,1.493
1997-06-04 18:18,1.492
1997-06-04 18:24,1.490
1997-06-04 18:30,1.489
1997-06-04 18:36,1.487
1997-06-04 18:42,1.486
1997-06-04 18:48,1.484
1997-06-04 18:54,1.482
1997-06-04 19:00,1.480
1997-06-04 19:06,1.478
1997-06-04 19:12,1.476
1997-06-04 19:18,1.474
1997-06-04 19:24,1.471
1997-06-04 19:30,1.469
1997-06-04 19:36,1.466
1997-06-04 19:42,1.463
1997-06-04 19:48,1.460
1997-06-04 19:54,1.457
1997-06-04 20:00,1.453
1997-06-04 20:06,1.449
1997-06-04 20:12,1.445
1997-06-04 20:18,1.441
1997-06-04 20:24,1.437
1997-06-04 20:30,1.432
1997-06-04 20:36,1.427
1997-06-04 20:42,1.421
1997-06-04 20:48,1.416
1997-06-04 20:54,1.410
1997-06-04 21:00,1.404
1997-06-04 21:06,1.398
1997-06-04 21:12,1.391
1997-06-04 21:18,1.384
1997-06-04 21:24,1.377
1997-06-04 21:30,1.370
1997-06-04 21:36,1.362
1997-06-04 21:42,1.354
1997-06-04 21:48,1.346
1997-06-04 21:54,1.338
1997-06-04 22:00,1.330
1997-06-04 22:06,1.321
1997-06-04 22:12,1.313
1997-06-04 22:18,1.304
1997-06-04 22:24,1.296
1997-06-04 22:30,1.287
1997-06-04 22:36,1.278
1997-06-04 22:42,1.270
1997-06-04 22:48,1.261
1997-06-04 22:54,1.252
1997-06-04 23:00,1.244
1997-06-04 23:06,1.235
1997-06-04 23:12,1.227
1997-06-04 23:18,1.218
1997-06-04 23:24,1.210
1997-06-04 23:30,1.202
1997-06-04 23:36,1.194
1997-06-04 23:42,1.186
1997-06-04 23:48,1.178
1997-06-04 23:54,1.171
1997-06-05 00:00,1.163
1997-06-05 00:06,1.156
1997-06-05 00:12,1.149
1997-06-05 00:18,1.142
1997-06-05 00:24,1.136
1997-06-05 00:30,1.129
1997-06-05 00:36,1.123
1997-06-05 00:42,1.117
1997-06-05 00:48,1.111
1997-06-05 00:54,1.106
1997-06-05 01:00,1.100
1997-06-05 01:06,1.095
1997-06-05 01:12,1.090
1997-06-05 01:18,1.086
1997-06-05 01:24,1.081
1997-06-05 01:30,1.077
1997-06-05 01:36,1.074
1997-06-05 01:42,1.070
1997-06-05 01:48,1.067
1997-06-05 01:54,1.064
1997-06-05 02:00,1.062
1997-06-05 02:06,1.059
1997-06-05 02:12,1.058
1997-06-05 02:18,1.056
1997-06-05 02:24,1.055
1997-06-05 02:30,1.055
1997-06-05 02:36,1.054
1997-06-05 02:42,1.054
1997-06-05 02:48,1.055
1997-06-05 02:54,1.056
1997-06-05 03:00,1.057
1997-06-05 03:06,1.059
1997-06-05 03:12,1.062
1997-06-05 03:18,1.064
1997-06-05 03:24,1.067
1997-06-05 03:30,1.071
1997-06-05 03:36,1.075
1997-06-05 03:42,1.079
1997-06-05 03:48,1.083
1997-06-05 03:54,1.088
1997-06-05 04:00,1.094
1997-06-05 04:06,1.099
1997-06-05 04:12,1.105
1997-06-05 04:18,1.112
1997-06-05 04:24,1.118
1997-06-05 04:30,1.125
1997-06-05 04:36,1.132
1997-06-05 04:42,1.140
1997-06-05 04:48,1.147
1997-06-05 04:54,1.155
1997-06-05 05:00,1.163
1997-06-05 05:06,1.171
1997-06-05 05:12,1.180
1997-06-05 05:18,1.188
1997-06-05 05:24,1.197
1997-06-05 05:30,1.206
1997-06-05 05:36,1.215
1997-06-05 05:42,1.224
1997-06-05 05:48,1.233
1997-06-05 05:54,1.242
1997-06-05 06:00,1.252
1997-06-05 06:06,1.261
1997-06-05 06:12,1.271
1997-06-05 06:18,1.280
1997-06-05 06:24,1.290
1997-06-05 06:30,1.300
1997-06-05 06:36,1.310
1997-06-05 06:42,1.320
1997-06-05 06:48,1.330
1997-06-05 06:54,1.340
1997-06-05 07:00,1.349
1997-06-05 07:06,1.359
1997-06-05 07:12,1.369
1997-06-05 07:18,1.379
1997-06-05 07:24,1.389
1997-06-05 07:30,1.399
1997-06-05 07:36,1.409
1997-06-05 07:42,1.418
1997-06-05 07:48,1.428
1997-06-05 07:54,1.437
1997-06-05 08:00,1.446
1997-06-05 08:06,1.455
1997-06-05 08:12,1.464
1997-06-05 08:18,1.473
1997-06-05 08:24,1.481
1997-06-05 08:30,1.490
1997-06-05 08:36,1.497
1997-06-05 08:42,1.505
1997-06-05 08:48,1.513
1997-06-05 08:54,1.520
1997-06-05 09:00,1.527
1997-06-05 09:06,1.533
1997-06-05 09:12,1.539
1997-06-05 09:18,1.545
1997-06-05 09:24,1.551
1997-06-05 09:30,1.556
1997-06-05 09:36,1.561
1997-06-05 09:42,1.566
1997-06-05 09:48,1.570
1997-06-05 09:54,1.574
1997-06-05 10:00,1.578
1997-06-05 10:06,1.582
1997-06-05 10:12,1.585
1997-06-05 10:18,1.588
1997-06-05 10:24,1.591
1997-06-05 10:30,1.593
1997-06-05 10:36,1.596
1997-06-05 10:42,1.598
1997-06-05 10:48,1.600
1997-06-05 10:54,1.602
1997-06-05 11:00,1.603
1997-06-05 11:06,1.605
1997-06-05 11:12,1.606
1997-06-05 11:18,1.607
1997-06-05 11:24,1.608
1997-06-05 11:30,1.609
1997-06-05 11:36,1.610
1997-06-05 11:42,1.611
1997-06-05 11:48,1.611
1997-06-05 11:54,1.612
1997-06-05 12:00,1.612
1997-06-05 12:06,1.612
1997-06-05 12:12,1.612
1997-06-05 12:18,1.612
1997-06-05 12:24,1.611
1997-06-05 12:30,1.611
1997-06-05 12:36,1.610
1997-06-05 12:42,1.610
1997-06-05 12:48,1.609
1997-06-05 12:54,1.608
1997-06-05 13:00,1.607
1997-06-05 13:06,1.605
1997-06-05 13:12,1.604
1997-06-05 13:18,1.602
1997-06-05 13:24,1.601
1997-06-05 13:30,1.599
1997-06-05 13:36,1.597
1997-06-05 13:42,1.595
1997-06-05 13:48,1.593
1997-06-05 13:54,1.590
1997-06-05 14:00,1.588
1997-06-05 14:06,1.586
1997-06-05 14:12,1.583
1997-06-05 14:18,1.581
1997-06-05 14:24,1.578
1997-06-05 14:30,1.576
1997-06-05 14:36,1.573
1997-06-05 14:42,1.570
1997-06-05 14:48,1.568
1997-06-05 14:54,1.565
1997-06-05 15:00,1.563
1997-06-05 15:06,1.560
1997-06-05 15:12,1.558
1997-06-05 15:18,1.555
1997-06-05 15:24,1.553
1997-06-05 15:30,1.550
1997-06-05 15:36,1.548
1997-06-05 15:42,1.546
1997-06-05 15:48,1.544
1997-06-05 15:54,1.542
1997-06-05 16:00,1.540
1997-06-05 16:06,1.538
1997-06-05 16:12,1.536
1997-06-05 16:18,1.534
1997-06-05 16:24,1.532
1997-06-05 16:30,1.530
1997-06-05 16:36,1.529
1997-06-05 16:42,1.527
1997-06-05 16:48,1.525
1997-06-05 16:54,1.524
1997-06-05 17:00,1.522
1997-06-05 17:06,1.521
1997-06-05 17:12,1.519
1997-06-05 17:18,1.517
1997-06-05 17:24,1.516
1997-06-05 17:30,1.514
1997-06-05 17:36,1.513
1997-06-05 17:42,1.511
1997-06-05 17:48,1.510
1997-06-05 17:54,1.508
1997-06-05 18:00,1.506
1997-06-05 18:06,1.505
1997-06-05 18:12,1.503
1997-06-05 18:18,1.502
1997-06-05 18:24,1.500
1997-06-05 18:30,1.498
1997-06-05 18:36,1.497
1997-06-05 18:42,1.495
1997-06-05 18:48,1.494
1997-06-05 18:54,1.492
1997-06-05 19:00,1.490
1997-06-05 19:06,1.488
1997-06-05 19:12,1.487
1997-06-05 19:18,1.485
1997-06-05 19:24,1.483
1997-06-05 19:30,1.481
1997-06-05 19:36,1.479
1997-06-05 19:42,1.477
1997-06-05 19:48,1.475
1997-06-05 19:54,1.473
1997-06-05 20:00,1.470
1997-06-05 20:06,1.468
1997-06-05 20:12,1.465
1997-06-05 20:18,1.462
1997-06-05 20:24,1.459
1997-06-05 20:30,1.456
1997-06-05 20:36,1.453
1997-06-05 20:42,1.449
1997-06-05 20:48,1.445
1997-06-05 20:54,1.441
1997-06-05 21:00,1.436
1997-06-05 21:06,1.432
1997-06-05 21:12,1.427
1997-06-05 21:18,1.421
1997-06-05 21:24,1.416
1997-06-05 21:30,1.410
1997-06-05 21:36,1.404
1997-06-05 21:42,1.398
1997-06-05 21:48,1.391
1997-06-05 21:54,1.384
1997-06-05 22:00,1.377
1997-06-05 22:06,1.370
1997-06-05 22:12,1.363
1997-06-05 22:18,1.355
1997-06-05 22:24,1.347
1997-06-05 22:30,1.339
1997-06-05 22:36,1.331
1997-06-05 22:42,1.323
1997-06-05 22:48,1.314
1997-06-05 22:54,1.306
1997-06-05 23:00,1.297
1997-06-05 23:06,1.289
1997-06-05 23:12,1.280
1997-06-05 23:18,1.272
1997-06-05 23:24,1.263
1997-06-05 23:30,1.254
1997-06-05 23:36,1.246
1997-06-05 23:42,1.237
1997-06-05 23:48,1.229
1997-06-05 23:54,1.221
1997-06-06 00:00,1.213
1997-06-06 00:06,1.204
1997-06-06 00:12,1.196
1997-06-06 00:18,1.189
1997-06-06 00:24,1.181
1997-06-06 00:30,1.173
1997-06-06 00:36,1.166
1997-06-06 00:42,1.158
1997-06-06 00:48,1.151
1997-06-06 00:54,1.144
1997-06-06 01:00,1.138
1997-06-06 01:06,1.131
1997-06-06 01:12,1.125
1997-06-06 01:18,1.118
1997-06-06 01:24,1.112
1997-06-06 01:30,1.107
1997-06-06 01:36,1.101
1997-06-06 01:42,1.096
1997-06-06 01:48,1.091
1997-06-06 01:54,1.086
1997-06-06 02:00,1.081
1997-06-06 02:06,1.077
1997-06-06 02:12,1.073
1997-06-06 02:18,1.070
1997-06-06 02:24,1.066
1997-06-06 02:30,1.063
1997-06-06 02:36,1.061
1997-06-06 02:42,1.058
1997-06-06 02:48,1.056
1997-06-06 02:54,1.055
1997-06-06 03:00,1.054
1997-06-06 03:06,1.053
1997-06-06 03:12,1.053
1997-06-06 03:18,1.053
1997-06-06 03:24,1.053
1997-06-06 03:30,1.054
1997-06-06 03:36,1.055
1997-06-06 03:42,1.057
1997-06-06 03:48,1.059
1997-06-06 03:54,1.061
1997-06-06 04:00,1.064
1997-06-06 04:06,1.067
1997-06-06 04:12,1.070
1997-06-06 04:18,1.074
1997-06-06 04:24,1.079
1997-06-06 04:30,1.083
1997-06-06 04:36,1.088
1997-06-06 04:42,1.093
1997-06-06 04:48,1.099
1997-06-06 04:54,1.105
1997-06-06 05:00,1.111
1997-06-06 05:06,1.117
1997-06-06 05:12,1.124
1997-06-06 05:18,1.131
1997-06-06 05:24,1.138
1997-06-06 05:30,1.146
1997-06-06 05:36,1.153
1997-06-06 05:42,1.161
1997-06-06 05:48,1.169
1997-06-06 05:54,1.177
1997-06-06 06:00,1.186
1997-06-06 06:06,1.194
1997-06-06 06:12,1.203
1997-06-06 06:18,1.212
1997-06-06 06:24,1.221
1997-06-06 06:30,1.230
1997-06-06 06:36,1.239
1997-06-06 06:42,1.248
1997-06-06 06:48,1.258
1997-06-06 06:54,1.268
1997-06-06 07:00,1.277
1997-06-06 07:06,1.287
1997-06-06 07:12,1.297
1997-06-06 07:18,1.307
1997-06-06 07:24,1.317
1997-06-06 07:30,1.327
1997-06-06 07:36,1.337
1997-06-06 07:42,1.347
1997-06-06 07:48,1.357
1997-06-06 07:54,1.367
1997-06-06 08:00,1.377
1997-06-06 08:06,1.386
1997-06-06 08:12,1.396
1997-06-06 08:18,1.406
1997-06-06 08:24,1.415
1997-06-06 08:30,1.425
1997-06-06 08:36,1.434
1997-06-06 08:42,1.443
1997-06-06 08:48,1.452
1997-06-06 08:54,1.461
1997-06-06 09:00,1.469
1997-06-06 09:06,1.477
1997-06-06 09:12,1.485
1997-06-06 09:18,1.493
1997-06-06 09:24,1.500
1997-06-06 09:30,1.508
1997-06-06 09:36,1.514
1997-06-06 09:42,1.521
1997-06-06 09:48,1.527
1997-06-06 09:54,1.533
1997-06-06 10:00,1.539
1997-06-06 10:06,1.545
1997-06-06 10:12,1.550
1997-06-06 10:18,1.555
1997-06-06 10:24,1.559
1997-06-06 10:30,1.564
1997-06-06 10:36,1.568
1997-06-06 10:42,1.572
1997-06-06 10:48,1.575
1997-06-06 10:54,1.579
1997-06-06 11:00,1.582
1997-06-06 11:06,1.585
1997-06-06 11:12,1.587
1997-06-06 11:18,1.590
1997-06-06 11:24,1.592
1997-06-06 11:30,1.594
1997-06-06 11:36,1.596
1997-06-06 11:42,1.598
1997-06-06 11:48,1.600
1997-06-06 11:54,1.601
1997-06-06 12:00,1.603
1997-06-06 12:06,1.604
1997-06-06 12:12,1.605
1997-06-06 12:18,1.606
1997-06-06 12:24,1.606
1997-06-06 12:30,1.607
1997-06-06 12:36,1.608
1997-06-06 12:42,1.608
1997-06-06 12:48,1.608
1997-06-06 12:54,1.608
1997-06-06 13:00,1.608
1997-06-06 13:06,1.608
1997-06-06 13:12,1.607
1997-06-06 13:18,1.607
1997-06-06 13:24,1.606
1997-06-06 13:30,1.606
1997-06-06 13:36,1.605
1997-06-06 13:42,1.604
1997-06-06 13:48,1.602
1997-06-06 13:54,1.601
1997-06-06 14:00,1.600
1997-06-06 14:06,1.598
1997-06-06 14:12,1.596
1997-06-06 14:18,1.595
1997-06-06 14:24,1.593
1997-06-06 14:30,1.591
1997-06-06 14:36,1.589
1997-06-06 14:42,1.587
1997-06-06 14:48,1.585
1997-06-06 14:54,1.582
1997-06-06 15:00,1.580
1997-06-06 15:06,1.578
1997-06-06 15:12,1.576
1997-06-06 15:18,1.573
1997-06-06 15:24,1.571
1997-06-06 15:30,1.568
1997-06-06 15:36,1.566
1997-06-06 15:42,1.564
1997-06-06 15:48,1.561
1997-06-06 15:54,1.559
1997-06-06 16:00,1.557
1997-06-06 16:06,1.554
1997-06-06 16:12,1.552
1997-06-06 16:18,1.550
1997-06-06 16:24,1.547
1997-06-06 16:30,1.545
1997-06-06 16:36,1.543
1997-06-06 16:42,1.541
1997-06-06 16:48,1.538
1997-06-06 16:54,1.536
1997-06-06 17:00,1.534
1997-06-06 17:06,1.532
1997-06-06 17:12,1.530
1997-06-06 17:18,1.528
1997-06-06 17:24,1.526
1997-06-06 17:30,1.524
1997-06-06 17:36,1.522
1997-06-06 17:42,1.520
1997-06-06 17:48,1.518
1997-06-06 17:54,1.516
1997-06-06 18:00,1.514
1997-06-06 18:06,1.512
1997-06-06 18:12,1.510
1997-06-06 18:18,1.508
1997-06-06 18:24,1.507
1997-06-06 18:30,1.505
1997-06-06 18:36,1.503
1997-06-06 18:42,1.501
1997-06-06 18:48,1.500
1997-06-06 18:54,1.498
1997-06-06 19:00,1.496
1997-06-06 19:06,1.495
1997-06-06 19:12,1.493
1997-06-06 19:18,1.491
1997-06-06 19:24,1.490
1997-06-06 19:30,1.488
1997-06-06 19:36,1.486
1997-06-06 19:42,1.485
1997-06-06 19:48,1.483
1997-06-06 19:54,1.481
1997-06-06 20:00,1.479
1997-06-06 20:06,1.477
1997-06-06 20:12,1.475
1997-06-06 20:18,1.473
1997-06-06 20:24,1.471
1997-06-06 20:30,1.469
1997-06-06 20:36,1.467
1997-06-06 20:42,1.464
1997-06-06 20:48,1.461
1997-06-06 20:54,1.459
1997-06-06 21:00,1.456
1997-06-06 21:06,1.452
1997-06-06 21:12,1.449
1997-06-06 21:18,1.445
1997-06-06 21:24,1.442
1997-06-06 21:30,1.437
1997-06-06 21:36,1.433
1997-06-06 21:42,1.429
1997-06-06 21:48,1.424
1997-06-06 21:54,1.419
1997-06-06 22:00,1.414
1997-06-06 22:06,1.408
1997-06-06 22:12,1.403
1997-06-06 22:18,1.397
1997-06-06 22:24,1.391
1997-06-06 22:30,1.384
1997-06-06 22:36,1.378
1997-06-06 22:42,1.371
1997-06-06 22:48,1.364
1997-06-06 22:54,1.357
1997-06-06 23:00,1.350
1997-06-06 23:06,1.343
1997-06-06 23:12,1.335
1997-06-06 23:18,1.327
1997-06-06 23:24,1.320
1997-06-06 23:30,1.312
1997-06-06 23:36,1.304
1997-06-06 23:42,1.296
1997-06-06 23:48,1.288
1997-06-06 23:54,1.280
1997-06-07 00:00,1.272
1997-06-07 00:06,1.264
1997-06-07 00:12,1.255
1997-06-07 00:18,1.247
1997-06-07 00:24,1.239
1997-06-07 00:30,1.231
1997-06-07 00:36,1.223
1997-06-07 00:42,1.216
1997-06-07 00:48,1.208
1997-06-07 00:54,1.200
1997-06-07 01:00,1.193
1997-06-07 01:06,1.185
1997-06-07 01:12,1.178
1997-06-07 01:18,1.171
1997-06-07 01:24,1.164
1997-06-07 01:30,1.157
1997-06-07 01:36,1.150
1997-06-07 01:42,1.144
1997-06-07 01:48,1.137
1997-06-07 01:54,1.131
1997-06-07 02:00,1.125
1997-06-07 02:06,1.120
1997-06-07 02:12,1.114
1997-06-07 02:18,1.109
1997-06-07 02:24,1.104
1997-06-07 02:30,1.099
1997-06-07 02:36,1.095
1997-06-07 02:42,1.091
1997-06-07 02:48,1.087
1997-06-07 02:54,1.083
1997-06-07 03:00,1.080
1997-06-07 03:06,1.077
1997-06-07 03:12,1.075
1997-06-07 03:18,1.072
1997-06-07 03:24,1.070
1997-06-07 03:30,1.069
1997-06-07 03:36,1.068
1997-06-07 03:42,1.067
1997-06-07 03:48,1.066
1997-06-07 03:54,1.066
1997-06-07 04:00,1.066
1997-06-07 04:06,1.067
1997-06-07 04:12,1.068
1997-06-07 04:18,1.069
1997-06-07 04:24,1.070
1997-06-07 04:30,1.072
1997-06-07 04:36,1.075
1997-06-07 04:42,1.077
1997-06-07 04:48,1.080
1997-06-07 04:54,1.084
1997-06-07 05:00,1.087
1997-06-07 05:06,1.091
1997-06-07 05:12,1.096
1997-06-07 05:18,1.100
1997-06-07 05:24,1.105
1997-06-07 05:30,1.110
1997-06-07 05:36,1.116
1997-06-07 05:42,1.122
1997-06-07 05:48,1.128
1997-06-07 05:54,1.134
1997-06-07 06:00,1.141
1997-06-07 06:06,1.147
1997-06-07 06:12,1.154
1997-06-07 06:18,1.162
1997-06-07 06:24,1.169
1997-06-07 06:30,1.177
1997-06-07 06:36,1.185
1997-06-07 06:42,1.193
1997-06-07 06:48,1.201
1997-06-07 06:54,1.210
1997-06-07 07:00,1.219
1997-06-07 07:06,1.227
1997-06-07 07:12,1.236
1997-06-07 07:18,1.245
1997-06-07 07:24,1.254
1997-06-07 07:30,1.264
1997-06-07 07:36,1.273
1997-06-07 07:42,1.283
1997-06-07 07:48,1.292
1997-06-07 07:54,1.302
1997-06-07 08:00,1.311
1997-06-07 08:06,1.321
1997-06-07 08:12,1.330
1997-06-07 08:18,1.340
1997-06-07 08:24,1.349
1997-06-07 08:30,1.359
1997-06-07 08:36,1.368
1997-06-07 08:42,1.377
1997-06-07 08:48,1.387
1997-06-07 08:54,1.396
1997-06-07 09:00,1.405
1997-06-07 09:06,1.414
1997-06-07 09:12,1.422
1997-06-07 09:18,1.431
1997-06-07 09:24,1.439
1997-06-07 09:30,1.447
1997-06-07 09:36,1.455
1997-06-07 09:42,1.463
1997-06-07 09:48,1.471
1997-06-07 09:54,1.478
1997-06-07 10:00,1.485
1997-06-07 10:06,1.492
1997-06-07 10:12,1.499
1997-06-07 10:18,1.505
1997-06-07 10:24,1.511
1997-06-07 10:30,1.517
1997-06-07 10:36,1.523
1997-06-07 10:42,1.528
1997-06-07 10:48,1.534
1997-06-07 10:54,1.539
1997-06-07 11:00,1.543
1997-06-07 11:06,1.548
1997-06-07 11:12,1.552
1997-06-07 11:18,1.556
1997-06-07 11:24,1.560
1997-06-07 11:30,1.563
1997-06-07 11:36,1.567
1997-06-07 11:42,1.570
1997-06-07 11:48,1.573
1997-06-07 11:54,1.575
1997-06-07 12:00,1.578
1997-06-07 12:06,1.580
1997-06-07 12:12,1.582
1997-06-07 12:18,1.584
1997-06-07 12:24,1.586
1997-06-07 12:30,1.587
1997-06-07 12:36,1.589
1997-06-07 12:42,1.590
1997-06-07 12:48,1.591
1997-06-07 12:54,1.592
1997-06-07 13:00,1.593
1997-06-07 13:06,1.594
1997-06-07 13:12,1.594
1997-06-07 13:18,1.594
1997-06-07 13:24,1.595
1997-06-07 13:30,1.595
1997-06-07 13:36,1.595
1997-06-07 13:42,1.595
1997-06-07 13:48,1.594
1997-06-07 13:54,1.594
1997-06-07 14:00,1.593
1997-06-07 14:06,1.593
1997-06-07 14:12,1.592
1997-06-07 14:18,1.591
1997-06-07 14:24,1.590
1997-06-07 14:30,1.589
1997-06-07 14:36,1.588
1997-06-07 14:42,1.587
1997-06-07 14:48,1.586
1997-06-07 14:54,1.584
1997-06-07 15:00,1.583
1997-06-07 15:06,1.581
1997-06-07 15:12,1.580
1997-06-07 15:18,1.578
1997-06-07 15:24,1.576
1997-06-07 15:30,1.574
1997-06-07 15:36,1.573
1997-06-07 15:42,1.571
1997-06-07 15:48,1.569
1997-06-07 15:54,1.566
1997-06-07 16:00,1.564
1997-06-07 16:06,1.562
1997-06-07 16:12,1.560
1997-06-07 16:18,1.558
1997-06-07 16:24,1.555
1997-06-07 16:30,1.553
1997-06-07 16:36,1.551
1997-06-07 16:42,1.548
1997-06-07 16:48,1.546
1997-06-07 16:54,1.543
1997-06-07 17:00,1.541
1997-06-07 17:06,1.538
1997-06-07 17:12,1.536
1997-06-07 17:18,1.534
1997-06-07 17:24,1.531
1997-06-07 17:30,1.529
1997-06-07 17:36,1.526
1997-06-07 17:42,1.524
1997-06-07 17:48,1.522
1997-06-07 17:54,1.519
1997-06-07 18:00,1.517
1997-06-07 18:06,1.515
1997-06-07 18:12,1.513
1997-06-07 18:18,1.511
1997-06-07 18:24,1.509
1997-06-07 18:30,1.507
1997-06-07 18:36,1.505
1997-06-07 18:42,1.503
1997-06-07 18:48,1.501
1997-06-07 18:54,1.499
1997-06-07 19:00,1.498
1997-06-07 19:06,1.496
1997-06-07 19:12,1.494
1997-06-07 19:18,1.492
1997-06-07 19:24,1.491
1997-06-07 19:30,1.489
1997-06-07 19:36,1.488
1997-06-07 19:42,1.486
1997-06-07 19:48,1.485
1997-06-07 19:54,1.483
1997-06-07 20:00,1.481
1997-06-07 20:06,1.480
1997-06-07 20:12,1.478
1997-06-07 20:18,1.476
1997-06-07 20:24,1.475
1997-06-07 20:30,1.473
1997-06-07 20:36,1.471
1997-06-07 20:42,1.469
1997-06-07 20:48,1.467
1997-06-07 20:54,1.465
1997-06-07 21:00,1.463
1997-06-07 21:06,1.461
1997-06-07 21:12,1.458
1997-06-07 21:18,1.456
1997-06-07 21:24,1.453
1997-06-07 21:30,1.450
1997-06-07 21:36,1.447
1997-06-07 21:42,1.444
1997-06-07 21:48,1.441
1997-06-07 21:54,1.437
1997-06-07 22:00,1.434
1997-06-07 22:06,1.430
1997-06-07 22:12,1.426
1997-06-07 22:18,1.422
1997-06-07 22:24,1.418
1997-06-07 22:30,1.413
1997-06-07 22:36,1.409
1997-06-07 22:42,1.404
1997-06-07 22:48,1.399
1997-06-07 22:54,1.394
1997-06-07 23:00,1.389
1997-06-07 23:06,1.383
1997-06-07 23:12,1.378
1997-06-07 23:18,1.372
1997-06-07 23:24,1.366
1997-06-07 23:30,1.360
1997-06-07 23:36,1.353
1997-06-07 23:42,1.347
1997-06-07 23:48,1.340
1997-06-07 23:54,1.333
1997-06-08 00:00,1.327
1997-06-08 00:06,1.320
1997-06-08 00:12,1.313
1997-06-08 00:18,1.305
1997-06-08 00:24,1.298
1997-06-08 00:30,1.291
1997-06-08 00:36,1.284
1997-06-08 00:42,1.276
1997-06-08 00:48,1.269
1997-06-08 00:54,1.261
1997-06-08 01:00,1.254
1997-06-08 01:06,1.247
1997-06-08 01:12,1.239
1997-06-08 01:18,1.232
1997-06-08 01:24,1.225
1997-06-08 01:30,1.217
1997-06-08 01:36,1.210
1997-06-08 01:42,1.203
1997-06-08 01:48,1.196
1997-06-08 01:54,1.190
1997-06-08 02:00,1.183
1997-06-08 02:06,1.177
1997-06-08 02:12,1.170
1997-06-08 02:18,1.164
1997-06-08 02:24,1.158
1997-06-08 02:30,1.153
1997-06-08 02:36,1.147
1997-06-08 02:42,1.142
1997-06-08 02:48,1.137
1997-06-08 02:54,1.132
1997-06-08 03:00,1.127
1997-06-08 03:06,1.123
1997-06-08 03:12,1.119
1997-06-08 03:18,1.115
1997-06-08 03:24,1.112
1997-06-08 03:30,1.108
1997-06-08 03:36,1.105
1997-06-08 03:42,1.103
1997-06-08 03:48,1.100
1997-06-08 03:54,1.098
1997-06-08 04:00,1.096
1997-06-08 04:06,1.095
1997-06-08 04:12,1.093
1997-06-08 04:18,1.092
1997-06-08 04:24,1.091
1997-06-08 04:30,1.091
1997-06-08 04:36,1.091
1997-06-08 04:42,1.091
1997-06-08 04:48,1.091
1997-06-08 04:54,1.092
1997-06-08 05:00,1.093
1997-06-08 05:06,1.095
1997-06-08 05:12,1.096
1997-06-08 05:18,1.098
1997-06-08 05:24,1.101
1997-06-08 05:30,1.103
1997-06-08 05:36,1.106
1997-06-08 05:42,1.110
1997-06-08 05:48,1.113
1997-06-08 05:54,1.117
1997-06-08 06:00,1.121
1997-06-08 06:06,1.126
1997-06-08 06:12,1.131
1997-06-08 06:18,1.136
1997-06-08 06:24,1.141
1997-06-08 06:30,1.147
1997-06-08 06:36,1.153
1997-06-08 06:42,1.159
1997-06-08 06:48,1.166
1997-06-08 06:54,1.173
1997-06-08 07:00,1.180
1997-06-08 07:06,1.187
1997-06-08 07:12,1.194
1997-06-08 07:18,1.202
1997-06-08 07:24,1.210
1997-06-08 07:30,1.218
1997-06-08 07:36,1.226
1997-06-08 07:42,1.234
1997-06-08 07:48,1.242
1997-06-08 07:54,1.251
1997-06-08 08:00,1.259
1997-06-08 08:06,1.268
1997-06-08 08:12,1.277
1997-06-08 08:18,1.286
1997-06-08 08:24,1.294
1997-06-08 08:30,1.303
1997-06-08 08:36,1.312
1997-06-08 08:42,1.321
1997-06-08 08:48,1.329
1997-06-08 08:54,1.338
1997-06-08 09:00,1.347
1997-06-08 09:06,1.355
1997-06-08 09:12,1.364
1997-06-08 09:18,1.372
1997-06-08 09:24,1.380
1997-06-08 09:30,1.389
1997-06-08 09:36,1.397
1997-06-08 09:42,1.405
1997-06-08 09:48,1.412
1997-06-08 09:54,1.420
1997-06-08 10:00,1.428
1997-06-08 10:06,1.435
1997-06-08 10:12,1.442
1997-06-08 10:18,1.450
1997-06-08 10:24,1.457
1997-06-08 10:30,1.463
1997-06-08 10:36,1.470
1997-06-08 10:42,1.476
1997-06-08 10:48,1.483
1997-06-08 10:54,1.489
1997-06-08 11:00,1.495
1997-06-08 11:06,1.500
1997-06-08 11:12,1.506
1997-06-08 11:18,1.511
1997-06-08 11:24,1.516
1997-06-08 11:30,1.521
1997-06-08 11:36,1.526
1997-06-08 11:42,1.530
1997-06-08 11:48,1.534
1997-06-08 11:54,1.538
1997-06-08 12:00,1.542
1997-06-08 12:06,1.545
1997-06-08 12:12,1.549
1997-06-08 12:18,1.552
1997-06-08 12:24,1.555
1997-06-08 12:30,1.557
1997-06-08 12:36,1.560
1997-06-08 12:42,1.562
1997-06-08 12:48,1.564
1997-06-08 12:54,1.566
1997-06-08 13:00,1.567
1997-06-08 13:06,1.569
1997-06-08 13:12,1.570
1997-06-08 13:18,1.571
1997-06-08 13:24,1.572
1997-06-08 13:30,1.573
1997-06-08 13:36,1.574
1997-06-08 13:42,1.574
1997-06-08 13:48,1.575
1997-06-08 13:54,1.575
1997-06-08 14:00,1.575
1997-06-08 14:06,1.575
1997-06-08 14:12,1.575
1997-06-08 14:18,1.575
1997-06-08 14:24,1.575
1997-06-08 14:30,1.575
1997-06-08 14:36,1.574
1997-06-08 14:42,1.574
1997-06-08 14:48,1.573
1997-06-08 14:54,1.573
1997-06-08 15:00,1.572
1997-06-08 15:06,1.571
1997-06-08 15:12,1.570
1997-06-08 15:18,1.570
1997-06-08 15:24,1.569
1997-06-08 15:30,1.567
1997-06-08 15:36,1.566
1997-06-08 15:42,1.565
1997-06-08 15:48,1.564
1997-06-08 15:54,1.562
1997-06-08 16:00,1.561
1997-06-08 16:06,1.559
1997-06-08 16:12,1.557
1997-06-08 16:18,1.555
1997-06-08 16:24,1.554
1997-06-08 16:30,1.552
1997-06-08 16:36,1.549
1997-06-08 16:42,1.547
1997-06-08 16:48,1.545
1997-06-08 16:54,1.543
1997-06-08 17:00,1.540
1997-06-08 17:06,1.538
1997-06-08 17:12,1.535
1997-06-08 17:18,1.533
1997-06-08 17:24,1.530
1997-06-08 17:30,1.528
1997-06-08 17:36,1.525
1997-06-08 17:42,1.523
1997-06-08 17:48,1.520
1997-06-08 17:54,1.518
1997-06-08 18:00,1.515
1997-06-08 18:06,1.513
1997-06-08 18:12,1.510
1997-06-08 18:18,1.508
1997-06-08 18:24,1.506
1997-06-08 18:30,1.503
1997-06-08 18:36,1.501
1997-06-08 18:42,1.499
1997-06-08 18:48,1.497
1997-06-08 18:54,1.495
1997-06-08 19:00,1.493
1997-06-08 19:06,1.491
1997-06-08 19:12,1.489
1997-06-08 19:18,1.488
1997-06-08 19:24,1.486
1997-06-08 19:30,1.484
1997-06-08 19:36,1.483
1997-06-08 19:42,1.481
1997-06-08 19:48,1.480
1997-06-08 19:54,1.478
1997-06-08 20:00,1.477
1997-06-08 20:06,1.475
1997-06-08 20:12,1.474
1997-06-08 20:18,1.473
1997-06-08 20:24,1.471
1997-06-08 20:30,1.469
1997-06-08 20:36,1.468
1997-06-08 20:42,1.466
1997-06-08 20:48,1.465
1997-06-08 20:54,1.463
1997-06-08 21:00,1.461
1997-06-08 21:06,1.459
1997-06-08 21:12,1.457
1997-06-08 21:18,1.455
1997-06-08 21:24,1.453
1997-06-08 21:30,1.451
1997-06-08 21:36,1.449
1997-06-08 21:42,1.447
1997-06-08 21:48,1.444
1997-06-08 21:54,1.442
1997-06-08 22:00,1.439
1997-06-08 22:06,1.437
1997-06-08 22:12,1.434
1997-06-08 22:18,1.431
1997-06-08 22:24,1.428
1997-06-08 22:30,1.425
1997-06-08 22:36,1.422
1997-06-08 22:42,1.419
1997-06-08 22:48,1.416
1997-06-08 22:54,1.412
1997-06-08 23:00,1.409
1997-06-08 23:06,1.405
1997-06-08 23:12,1.401
1997-06-08 23:18,1.397
1997-06-08 23:24,1.393
1997-06-08 23:30,1.389
1997-06-08 23:36,1.385
1997-06-08 23:42,1.380
1997-06-08 23:48,1.376
1997-06-08 23:54,1.371
1997-06-09 00:00,1.366
1997-06-09 00:06,1.361
1997-06-09 00:12,1.356
1997-06-09 00:18,1.351
1997-06-09 00:24,1.345
1997-06-09 00:30,1.339
1997-06-09 00:36,1.334
1997-06-09 00:42,1.328
1997-06-09 00:48,1.322
1997-06-09 00:54,1.316
1997-06-09 01:00,1.309
1997-06-09 01:06,1.303
1997-06-09 01:12,1.297
1997-06-09 01:18,1.290
1997-06-09 01:24,1.284
1997-06-09 01:30,1.277
1997-06-09 01:36,1.271
1997-06-09 01:42,1.264
1997-06-09 01:48,1.258
1997-06-09 01:54,1.251
1997-06-09 02:00,1.245
1997-06-09 02:06,1.238
1997-06-09 02:12,1.232
1997-06-09 02:18,1.226
1997-06-09 02:24,1.220
1997-06-09 02:30,1.214
1997-06-09 02:36,1.208
1997-06-09 02:42,1.202
1997-06-09 02:48,1.196
1997-06-09 02:54,1.191
1997-06-09 03:00,1.186
1997-06-09 03:06,1.181
1997-06-09 03:12,1.176
1997-06-09 03:18,1.171
1997-06-09 03:24,1.167
1997-06-09 03:30,1.163
1997-06-09 03:36,1.159
1997-06-09 03:42,1.155
1997-06-09 03:48,1.151
1997-06-09 03:54,1.148
1997-06-09 04:00,1.145
1997-06-09 04:06,1.142
1997-06-09 04:12,1.139
1997-06-09 04:18,1.136
1997-06-09 04:24,1.134
1997-06-09 04:30,1.132
1997-06-09 04:36,1.130
1997-06-09 04:42,1.128
1997-06-09 04:48,1.127
1997-06-09 04:54,1.126
1997-06-09 05:00,1.125
1997-06-09 05:06,1.124
1997-06-09 05:12,1.123
1997-06-09 05:18,1.123
1997-06-09 05:24,1.123
1997-06-09 05:30,1.124
1997-06-09 05:36,1.124
1997-06-09 05:42,1.125
1997-06-09 05:48,1.126
1997-06-09 05:54,1.128
1997-06-09 06:00,1.129
1997-06-09 06:06,1.131
1997-06-09 06:12,1.134
1997-06-09 06:18,1.136
1997-06-09 06:24,1.139
1997-06-09 06:30,1.143
1997-06-09 06:36,1.146
1997-06-09 06:42,1.150
1997-06-09 06:48,1.155
1997-06-09 06:54,1.159
1997-06-09 07:00,1.164
1997-06-09 07:06,1.169
1997-06-09 07:12,1.175
1997-06-09 07:18,1.180
1997-06-09 07:24,1.186
1997-06-09 07:30,1.192
1997-06-09 07:36,1.199
1997-06-09 07:42,1.205
1997-06-09 07:48,1.212
1997-06-09 07:54,1.219
1997-06-09 08:00,1.226
1997-06-09 08:06,1.233
1997-06-09 08:12,1.241
1997-06-09 08:18,1.248
1997-06-09 08:24,1.256
1997-06-09 08:30,1.263
1997-06-09 08:36,1.271
1997-06-09 08:42,1.279
1997-06-09 08:48,1.287
1997-06-09 08:54,1.294
1997-06-09 09:00,1.302
1997-06-09 09:06,1.310
1997-06-09 09:12,1.317
1997-06-09 09:18,1.325
1997-06-09 09:24,1.333
1997-06-09 09:30,1.340
1997-06-09 09:36,1.348
1997-06-09 09:42,1.355
1997-06-09 09:48,1.363
1997-06-09 09:54,1.370
1997-06-09 10:00,1.377
1997-06-09 10:06,1.384
1997-06-09 10:12,1.391
1997-06-09 10:18,1.398
1997-06-09 10:24,1.405
1997-06-09 10:30,1.412
1997-06-09 10:36,1.419
1997-06-09 10:42,1.425
1997-06-09 10:48,1.432
1997-06-09 10:54,1.438
1997-06-09 11:00,1.444
1997-06-09 11:06,1.451
1997-06-09 11:12,1.457
1997-06-09 11:18,1.463
1997-06-09 11:24,1.468
1997-06-09 11:30,1.474
1997-06-09 11:36,1.479
1997-06-09 11:42,1.485
1997-06-09 11:48,1.490
1997-06-09 11:54,1.495
1997-06-09 12:00,1.499
1997-06-09 12:06,1.504
1997-06-09 12:12,1.508
1997-06-09 12:18,1.512
1997-06-09 12:24,1.516
1997-06-09 12:30,1.520
1997-06-09 12:36,1.524
1997-06-09 12:42,1.527
1997-06-09 12:48,1.530
1997-06-09 12:54,1.533
1997-06-09 13:00,1.535
1997-06-09 13:06,1.538
1997-06-09 13:12,1.540
1997-06-09 13:18,1.542
1997-06-09 13:24,1.544
1997-06-09 13:30,1.545
1997-06-09 13:36,1.547
1997-06-09 13:42,1.548
1997-06-09 13:48,1.549
1997-06-09 13:54,1.550
1997-06-09 14:00,1.551
1997-06-09 14:06,1.551
1997-06-09 14:12,1.552
1997-06-09 14:18,1.552
1997-06-09 14:24,1.552
1997-06-09 14:30,1.553
1997-06-09 14:36,1.553
1997-06-09 14:42,1.553
1997-06-09 14:48,1.553
1997-06-09 14:54,1.553
1997-06-09 15:00,1.552
1997-06-09 15:06,1.552
1997-06-09 15:12,1.552
1997-06-09 15:18,1.551
1997-06-09 15:24,1.551
1997-06-09 15:30,1.550
1997-06-09 15:36,1.550
1997-06-09 15:42,1.549
1997-06-09 15:48,1.548
1997-06-09 15:54,1.547
1997-06-09 16:00,1.546
1997-06-09 16:06,1.545
1997-06-09 16:12,1.544
1997-06-09 16:18,1.543
1997-06-09 16:24,1.542
1997-06-09 16:30,1.540
1997-06-09 16:36,1.539
1997-06-09 16:42,1.537
1997-06-09 16:48,1.535
1997-06-09 16:54,1.533
1997-06-09 17:00,1.531
1997-06-09 17:06,1.529
1997-06-09 17:12,1.527
1997-06-09 17:18,1.525
1997-06-09 17:24,1.522
1997-06-09 17:30,1.520
1997-06-09 17:36,1.517
1997-06-09 17:42,1.515
1997-06-09 17:48,1.512
1997-06-09 17:54,1.510
1997-06-09 18:00,1.507
1997-06-09 18:06,1.504
1997-06-09 18:12,1.502
1997-06-09 18:18,1.499
1997-06-09 18:24,1.497
1997-06-09 18:30,1.494
1997-06-09 18:36,1.492
1997-06-09 18:42,1.489
1997-06-09 18:48,1.487
1997-06-09 18:54,1.485
1997-06-09 19:00,1.483
1997-06-09 19:06,1.480
1997-06-09 19:12,1.478
1997-06-09 19:18,1.477
1997-06-09 19:24,1.475
1997-06-09 19:30,1.473
1997-06-09 19:36,1.471
1997-06-09 19:42,1.470
1997-06-09 19:48,1.468
1997-06-09 19:54,1.467
1997-06-09 20:00,1.465
1997-06-09 20:06,1.464
1997-06-09 20:12,1.462
1997-06-09 20:18,1.461
1997-06-09 20:24,1.460
1997-06-09 20:30,1.458
1997-06-09 20:36,1.457
1997-06-09 20:42,1.456
1997-06-09 20:48,1.454
1997-06-09 20:54,1.453
1997-06-09 21:00,1.451
1997-06-09 21:06,1.450
1997-06-09 21:12,1.448
1997-06-09 21:18,1.447
1997-06-09 21:24,1.445
1997-06-09 21:30,1.443
1997-06-09 21:36,1.442
1997-06-09 21:42,1.440
1997-06-09 21:48,1.438
1997-06-09 21:54,1.436
1997-06-09 22:00,1.434
1997-06-09 22:06,1.432
1997-06-09 22:12,1.430
1997-06-09 22:18,1.428
1997-06-09 22:24,1.426
1997-06-09 22:30,1.424
1997-06-09 22:36,1.421
1997-06-09 22:42,1.419
1997-06-09 22:48,1.417
1997-06-09 22:54,1.415
1997-06-09 23:00,1.412
1997-06-09 23:06,1.410
1997-06-09 23:12,1.407
1997-06-09 23:18,1.405
1997-06-09 23:24,1.402
1997-06-09 23:30,1.400
1997-06-09 23:36,1.397
1997-06-09 23:42,1.394
1997-06-09 23:48,1.392
1997-06-09 23:54,1.389
1997-06-10 00:00,1.386
1997-06-10 00:06,1.383
1997-06-10 00:12,1.379
1997-06-10 00:18,1.376
1997-06-10 00:24,1.373
1997-06-10 00:30,1.369
1997-06-10 00:36,1.365
1997-06-10 00:42,1.361
1997-06-10 00:48,1.357
1997-06-10 00:54,1.353
1997-06-10 01:00,1.349
1997-06-10 01:06,1.345
1997-06-10 01:12,1.340
1997-06-10 01:18,1.335
1997-06-10 01:24,1.331
1997-06-10 01:30,1.326
1997-06-10 01:36,1.321
1997-06-10 01:42,1.316
1997-06-10 01:48,1.310
1997-06-10 01:54,1.305
1997-06-10 02:00,1.300
1997-06-10 02:06,1.294
1997-06-10 02:12,1.289
1997-06-10 02:18,1.284
1997-06-10 02:24,1.278
1997-06-10 02:30,1.273
1997-06-10 02:36,1.268
1997-06-10 02:42,1.262
1997-06-10 02:48,1.257
1997-06-10 02:54,1.252
1997-06-10 03:00,1.247
1997-06-10 03:06,1.242
1997-06-10 03:12,1.237
1997-06-10 03:18,1.232
1997-06-10 03:24,1.228
1997-06-10 03:30,1.223
1997-06-10 03:36,1.219
1997-06-10 03:42,1.215
1997-06-10 03:48,1.211
1997-06-10 03:54,1.207
1997-06-10 04:00,1.203
1997-06-10 04:06,1.199
1997-06-10 04:12,1.196
1997-06-10 04:18,1.193
1997-06-10 04:24,1.189
1997-06-10 04:30,1.186
1997-06-10 04:36,1.183
1997-06-10 04:42,1.181
1997-06-10 04:48,1.178
1997-06-10 04:54,1.176
1997-06-10 05:00,1.174
1997-06-10 05:06,1.171
1997-06-10 05:12,1.170
1997-06-10 05:18,1.168
1997-06-10 05:24,1.166
1997-06-10 05:30,1.165
1997-06-10 05:36,1.164
1997-06-10 05:42,1.163
1997-06-10 05:48,1.162
1997-06-10 05:54,1.161
1997-06-10 06:00,1.161
1997-06-10 06:06,1.161
1997-06-10 06:12,1.161
1997-06-10 06:18,1.162
1997-06-10 06:24,1.163
1997-06-10 06:30,1.164
1997-06-10 06:36,1.165
1997-06-10 06:42,1.167
1997-06-10 06:48,1.169
1997-06-10 06:54,1.171
1997-06-10 07:00,1.173
1997-06-10 07:06,1.176
1997-06-10 07:12,1.179
1997-06-10 07:18,1.183
1997-06-10 07:24,1.186
1997-06-10 07:30,1.190
1997-06-10 07:36,1.195
1997-06-10 07:42,1.199
1997-06-10 07:48,1.204
1997-06-10 07:54,1.209
1997-06-10 08:00,1.214
1997-06-10 08:06,1.220
1997-06-10 08:12,1.225
1997-06-10 08:18,1.231
1997-06-10 08:24,1.237
1997-06-10 08:30,1.243
1997-06-10 08:36,1.249
1997-06-10 08:42,1.256
1997-06-10 08:48,1.262
1997-06-10 08:54,1.268
1997-06-10 09:00,1.275
1997-06-10 09:06,1.281
1997-06-10 09:12,1.288
1997-06-10 09:18,1.295
1997-06-10 09:24,1.301
1997-06-10 09:30,1.308
1997-06-10 09:36,1.314
1997-06-10 09:42,1.321
1997-06-10 09:48,1.327
1997-06-10 09:54,1.334
1997-06-10 10:00,1.340
1997-06-10 10:06,1.347
1997-06-10 10:12,1.353
1997-06-10 10:18,1.359
1997-06-10 10:24,1.365
1997-06-10 10:30,1.372
1997-06-10 10:36,1.378
1997-06-10 10:42,1.384
1997-06-10 10:48,1.390
1997-06-10 10:54,1.396
1997-06-10 11:00,1.402
1997-06-10 11:06,1.408
1997-06-10 11:12,1.414
1997-06-10 11:18,1.419
1997-06-10 11:24,1.425
1997-06-10 11:30,1.431
1997-06-10 11:36,1.436
1997-06-10 11:42,1.441
1997-06-10 11:48,1.447
1997-06-10 11:54,1.452
1997-06-10 12:00,1.457
1997-06-10 12:06,1.462
1997-06-10 12:12,1.467
1997-06-10 12:18,1.472
1997-06-10 12:24,1.476
1997-06-10 12:30,1.480
1997-06-10 12:36,1.485
1997-06-10 12:42,1.489
1997-06-10 12:48,1.492
1997-06-10 12:54,1.496
1997-06-10 13:00,1.500
1997-06-10 13:06,1.503
1997-06-10 13:12,1.506
1997-06-10 13:18,1.509
1997-06-10 13:24,1.511
1997-06-10 13:30,1.514
1997-06-10 13:36,1.516
1997-06-10 13:42,1.518
1997-06-10 13:48,1.520
1997-06-10 13:54,1.521
1997-06-10 14:00,1.523
1997-06-10 14:06,1.524
1997-06-10 14:12,1.525
1997-06-10 14:18,1.526
1997-06-10 14:24,1.527
1997-06-10 14:30,1.528
1997-06-10 14:36,1.528
1997-06-10 14:42,1.529
1997-06-10 14:48,1.529
1997-06-10 14:54,1.529
1997-06-10 15:00,1.529
1997-06-10 15:06,1.529
1997-06-10 15:12,1.529
1997-06-10 15:18,1.529
1997-06-10 15:24,1.529
1997-06-10 15:30,1.529
1997-06-10 15:36,1.528
1997-06-10 15:42,1.528
1997-06-10 15:48,1.527
1997-06-10 15:54,1.527
1997-06-10 16:00,1.526
1997-06-10 16:06,1.525
1997-06-10 16:12,1.524
1997-06-10 16:18,1.523
1997-06-10 16:24,1.522
1997-06-10 16:30,1.521
1997-06-10 16:36,1.520
1997-06-10 16:42,1.519
1997-06-10 16:48,1.517
1997-06-10 16:54,1.516
1997-06-10 17:00,1.514
1997-06-10 17:06,1.512
1997-06-10 17:12,1.510
1997-06-10 17:18,1.508
1997-06-10 17:24,1.506
1997-06-10 17:30,1.504
1997-06-10 17:36,1.502
1997-06-10 17:42,1.500
1997-06-10 17:48,1.497
1997-06-10 17:54,1.495
1997-06-10 18:00,1.492
1997-06-10 18:06,1.490
1997-06-10 18:12,1.487
1997-06-10 18:18,1.484
1997-06-10 18:24,1.482
1997-06-10 18:30,1.479
1997-06-10 18:36,1.477
1997-06-10 18:42,1.474
1997-06-10 18:48,1.471
1997-06-10 18:54,1.469
1997-06-10 19:00,1.466
1997-06-10 19:06,1.464
1997-06-10 19:12,1.462
1997-06-10 19:18,1.460
1997-06-10 19:24,1.457
1997-06-10 19:30,1.455
1997-06-10 19:36,1.453
1997-06-10 19:42,1.451
1997-06-10 19:48,1.450
1997-06-10 19:54,1.448
1997-06-10 20:00,1.446
1997-06-10 20:06,1.445
1997-06-10 20:12,1.443
1997-06-10 20:18,1.441
1997-06-10 20:24,1.440
1997-06-10 20:30,1.439
1997-06-10 20:36,1.437
1997-06-10 20:42,1.436
1997-06-10 20:48,1.435
1997-06-10 20:54,1.433
1997-06-10 21:00,1.432
1997-06-10 21:06,1.431
1997-06-10 21:12,1.430
1997-06-10 21:18,1.428
1997-06-10 21:24,1.427
1997-06-10 21:30,1.426
1997-06-10 21:36,1.424
1997-06-10 21:42,1.423
1997-06-10 21:48,1.421
1997-06-10 21:54,1.420
1997-06-10 22:00,1.418
1997-06-10 22:06,1.417
1997-06-10 22:12,1.415
1997-06-10 22:18,1.414
1997-06-10 22:24,1.412
1997-06-10 22:30,1.411
1997-06-10 22:36,1.409
1997-06-10 22:42,1.408
1997-06-10 22:48,1.406
1997-06-10 22:54,1.404
1997-06-10 23:00,1.403
1997-06-10 23:06,1.401
1997-06-10 23:12,1.400
1997-06-10 23:18,1.398
1997-06-10 23:24,1.397
1997-06-10 23:30,1.395
1997-06-10 23:36,1.393
1997-06-10 23:42,1.392
1997-06-10 23:48,1.390
1997-06-10 23:54,1.389
1997-06-11 00:00,1.387
1997-06-11 00:06,1.385
1997-06-11 00:12,1.384
1997-06-11 00:18,1.382
1997-06-11 00:24,1.380
1997-06-11 00:30,1.378
1997-06-11 00:36,1.376
1997-06-11 00:42,1.374
1997-06-11 00:48,1.372
1997-06-11 00:54,1.370
1997-06-11 01:00,1.368
1997-06-11 01:06,1.365
1997-06-11 01:12,1.363
1997-06-11 01:18,1.360
1997-06-11 01:24,1.357
1997-06-11 01:30,1.355
1997-06-11 01:36,1.352
1997-06-11 01:42,1.349
1997-06-11 01:48,1.345
1997-06-11 01:54,1.342
1997-06-11 02:00,1.339
1997-06-11 02:06,1.335
1997-06-11 02:12,1.332
1997-06-11 02:18,1.328
1997-06-11 02:24,1.324
1997-06-11 02:30,1.321
1997-06-11 02:36,1.317
1997-06-11 02:42,1.313
1997-06-11 02:48,1.309
1997-06-11 02:54,1.305
1997-06-11 03:00,1.301
1997-06-11 03:06,1.297
1997-06-11 03:12,1.293
1997-06-11 03:18,1.289
1997-06-11 03:24,1.286
1997-06-11 03:30,1.282
1997-06-11 03:36,1.278
1997-06-11 03:42,1.274
1997-06-11 03:48,1.270
1997-06-11 03:54,1.267
1997-06-11 04:00,1.263
1997-06-11 04:06,1.260
1997-06-11 04:12,1.256
1997-06-11 04:18,1.253
1997-06-11 04:24,1.250
1997-06-11 04:30,1.246
1997-06-11 04:36,1.243
1997-06-11 04:42,1.240
1997-06-11 04:48,1.237
1997-06-11 04:54,1.234
1997-06-11 05:00,1.232
1997-06-11 05:06,1.229
1997-06-11 05:12,1.226
1997-06-11 05:18,1.224
1997-06-11 05:24,1.221
1997-06-11 05:30,1.219
1997-06-11 05:36,1.217
1997-06-11 05:42,1.215
1997-06-11 05:48,1.213
1997-06-11 05:54,1.212
1997-06-11 06:00,1.210
1997-06-11 06:06,1.209
1997-06-11 06:12,1.208
1997-06-11 06:18,1.207
1997-06-11 06:24,1.206
1997-06-11 06:30,1.205
1997-06-11 06:36,1.205
1997-06-11 06:42,1.205
1997-06-11 06:48,1.205
1997-06-11 06:54,1.205
1997-06-11 07:00,1.206
1997-06-11 07:06,1.207
1997-06-11 07:12,1.208
1997-06-11 07:18,1.209
1997-06-11 07:24,1.211
1997-06-11 07:30,1.212
1997-06-11 07:36,1.215
1997-06-11 07:42,1.217
1997-06-11 07:48,1.220
1997-06-11 07:54,1.222
1997-06-11 08:00,1.225
1997-06-11 08:06,1.229
1997-06-11 08:12,1.232
1997-06-11 08:18,1.236
1997-06-11 08:24,1.240
1997-06-11 08:30,1.244
1997-06-11 08:36,1.249
1997-06-11 08:42,1.253
1997-06-11 08:48,1.258
1997-06-11 08:54,1.262
1997-06-11 09:00,1.267
1997-06-11 09:06,1.272
1997-06-11 09:12,1.277
1997-06-11 09:18,1.282
1997-06-11 09:24,1.288
1997-06-11 09:30,1.293
1997-06-11 09:36,1.298
1997-06-11 09:42,1.304
1997-06-11 09:48,1.309
1997-06-11 09:54,1.314
1997-06-11 10:00,1.320
1997-06-11 10:06,1.325
1997-06-11 10:12,1.330
1997-06-11 10:18,1.336
1997-06-11 10:24,1.341
1997-06-11 10:30,1.346
1997-06-11 10:36,1.352
1997-06-11 10:42,1.357
1997-06-11 10:48,1.362
1997-06-11 10:54,1.368
1997-06-11 11:00,1.373
1997-06-11 11:06,1.378
1997-06-11 11:12,1.383
1997-06-11 11:18,1.388
1997-06-11 11:24,1.393
1997-06-11 11:30,1.398
1997-06-11 11:36,1.403
1997-06-11 11:42,1.408
1997-06-11 11:48,1.413
1997-06-11 11:54,1.418
1997-06-11 12:00,1.423
1997-06-11 12:06,1.427
1997-06-11 12:12,1.432
1997-06-11 12:18,1.436
1997-06-11 12:24,1.441
1997-06-11 12:30,1.445
1997-06-11 12:36,1.449
1997-06-11 12:42,1.454
1997-06-11 12:48,1.458
1997-06-11 12:54,1.461
1997-06-11 13:00,1.465
1997-06-11 13:06,1.469
1997-06-11 13:12,1.472
1997-06-11 13:18,1.475
1997-06-11 13:24,1.479
1997-06-11 13:30,1.482
1997-06-11 13:36,1.484
1997-06-11 13:42,1.487
1997-06-11 13:48,1.489
1997-06-11 13:54,1.492
1997-06-11 14:00,1.494
1997-06-11 14:06,1.496
1997-06-11 14:12,1.498
1997-06-11 14:18,1.499
1997-06-11 14:24,1.501
1997-06-11 14:30,1.502
1997-06-11 14:36,1.503
1997-06-11 14:42,1.504
1997-06-11 14:48,1.505
1997-06-11 14:54,1.506
1997-06-11 15:00,1.506
1997-06-11 15:06,1.507
1997-06-11 15:12,1.507
1997-06-11 15:18,1.507
1997-06-11 15:24,1.507
1997-06-11 15:30,1.507
1997-06-11 15:36,1.507
1997-06-11 15:42,1.506
1997-06-11 15:48,1.506
1997-06-11 15:54,1.505
1997-06-11 16:00,1.505
1997-06-11 16:06,1.504
1997-06-11 16:12,1.503
1997-06-11 16:18,1.502
1997-06-11 16:24,1.501
1997-06-11 16:30,1.500
1997-06-11 16:36,1.499
1997-06-11 16:42,1.498
1997-06-11 16:48,1.496
1997-06-11 16:54,1.495
1997-06-11 17:00,1.493
1997-06-11 17:06,1.491
1997-06-11 17:12,1.489
1997-06-11 17:18,1.487
1997-06-11 17:24,1.485
1997-06-11 17:30,1.483
1997-06-11 17:36,1.481
1997-06-11 17:42,1.479
1997-06-11 17:48,1.477
1997-06-11 17:54,1.474
1997-06-11 18:00,1.472
1997-06-11 18:06,1.469
1997-06-11 18:12,1.467
1997-06-11 18:18,1.464
1997-06-11 18:24,1.461
1997-06-11 18:30,1.459
1997-06-11 18:36,1.456
1997-06-11 18:42,1.453
1997-06-11 18:48,1.451
1997-06-11 18:54,1.448
1997-06-11 19:00,1.445
1997-06-11 19:06,1.443
1997-06-11 19:12,1.440
1997-06-11 19:18,1.438
1997-06-11 19:24,1.435
1997-06-11 19:30,1.433
1997-06-11 19:36,1.430
1997-06-11 19:42,1.428
1997-06-11 19:48,1.426
1997-06-11 19:54,1.424
1997-06-11 20:00,1.422
1997-06-11 20:06,1.420
1997-06-11 20:12,1.418
1997-06-11 20:18,1.416
1997-06-11 20:24,1.414
1997-06-11 20:30,1.412
1997-06-11 20:36,1.410
1997-06-11 20:42,1.409
1997-06-11 20:48,1.407
1997-06-11 20:54,1.406
1997-06-11 21:00,1.404
1997-06-11 21:06,1.403
1997-06-11 21:12,1.402
1997-06-11 21:18,1.400
1997-06-11 21:24,1.399
1997-06-11 21:30,1.398
1997-06-11 21:36,1.396
1997-06-11 21:42,1.395
1997-06-11 21:48,1.394
1997-06-11 21:54,1.393
1997-06-11 22:00,1.392
1997-06-11 22:06,1.391
1997-06-11 22:12,1.390
1997-06-11 22:18,1.389
1997-06-11 22:24,1.387
1997-06-11 22:30,1.386
1997-06-11 22:36,1.385
1997-06-11 22:42,1.384
1997-06-11 22:48,1.383
1997-06-11 22:54,1.382
1997-06-11 23:00,1.381
1997-06-11 23:06,1.381
1997-06-11 23:12,1.380
1997-06-11 23:18,1.379
1997-06-11 23:24,1.378
1997-06-11 23:30,1.377
1997-06-11 23:36,1.376
1997-06-11 23:42,1.376
1997-06-11 23:48,1.375
1997-06-11 23:54,1.374
1997-06-12 00:00,1.373
1997-06-12 00:06,1.373
1997-06-12 00:12,1.372
1997-06-12 00:18,1.371
1997-06-12 00:24,1.371
1997-06-12 00:30,1.370
1997-06-12 00:36,1.369
1997-06-12 00:42,1.369
1997-06-12 00:48,1.368
1997-06-12 00:54,1.367
1997-06-12 01:00,1.366
1997-06-12 01:06,1.366
1997-06-12 01:12,1.365
1997-06-12 01:18,1.364
1997-06-12 01:24,1.363
1997-06-12 01:30,1.362
1997-06-12 01:36,1.361
1997-06-12 01:42,1.360
1997-06-12 01:48,1.359
1997-06-12 01:54,1.358
1997-06-12 02:00,1.357
1997-06-12 02:06,1.355
1997-06-12 02:12,1.354
1997-06-12 02:18,1.352
1997-06-12 02:24,1.351
1997-06-12 02:30,1.349
1997-06-12 02:36,1.347
1997-06-12 02:42,1.346
1997-06-12 02:48,1.344
1997-06-12 02:54,1.342
1997-06-12 03:00,1.340
1997-06-12 03:06,1.338
1997-06-12 03:12,1.335
1997-06-12 03:18,1.333
1997-06-12 03:24,1.331
1997-06-12 03:30,1.329
1997-06-12 03:36,1.326
1997-06-12 03:42,1.324
1997-06-12 03:48,1.322
1997-06-12 03:54,1.319
1997-06-12 04:00,1.317
1997-06-12 04:06,1.314
1997-06-12 04:12,1.311
1997-06-12 04:18,1.309
1997-06-12 04:24,1.306
1997-06-12 04:30,1.304
1997-06-12 04:36,1.301
1997-06-12 04:42,1.298
1997-06-12 04:48,1.296
1997-06-12 04:54,1.293
1997-06-12 05:00,1.291
1997-06-12 05:06,1.288
1997-06-12 05:12,1.286
1997-06-12 05:18,1.283
1997-06-12 05:24,1.281
1997-06-12 05:30,1.278
1997-06-12 05:36,1.276
1997-06-12 05:42,1.274
1997-06-12 05:48,1.272
1997-06-12 05:54,1.270
1997-06-12 06:00,1.268
1997-06-12 06:06,1.266
1997-06-12 06:12,1.264
1997-06-12 06:18,1.262
1997-06-12 06:24,1.261
1997-06-12 06:30,1.260
1997-06-12 06:36,1.258
1997-06-12 06:42,1.257
1997-06-12 06:48,1.256
1997-06-12 06:54,1.255
1997-06-12 07:00,1.255
1997-06-12 07:06,1.254
1997-06-12 07:12,1.254
1997-06-12 07:18,1.254
1997-06-12 07:24,1.254
1997-06-12 07:30,1.254
1997-06-12 07:36,1.255
1997-06-12 07:42,1.255
1997-06-12 07:48,1.256
1997-06-12 07:54,1.257
1997-06-12 08:00,1.259
1997-06-12 08:06,1.260
1997-06-12 08:12,1.262
1997-06-12 08:18,1.263
1997-06-12 08:24,1.265
1997-06-12 08:30,1.268
1997-06-12 08:36,1.270
1997-06-12 08:42,1.272
1997-06-12 08:48,1.275
1997-06-12 08:54,1.278
1997-06-12 09:00,1.281
1997-06-12 09:06,1.284
1997-06-12 09:12,1.287
1997-06-12 09:18,1.291
1997-06-12 09:24,1.294
1997-06-12 09:30,1.298
1997-06-12 09:36,1.301
1997-06-12 09:42,1.305
1997-06-12 09:48,1.309
1997-06-12 09:54,1.313
1997-06-12 10:00,1.317
1997-06-12 10:06,1.321
1997-06-12 10:12,1.325
1997-06-12 10:18,1.329
1997-06-12 10:24,1.334
1997-06-12 10:30,1.338
1997-06-12 10:36,1.342
1997-06-12 10:42,1.346
1997-06-12 10:48,1.351
1997-06-12 10:54,1.355
1997-06-12 11:00,1.359
1997-06-12 11:06,1.364
1997-06-12 11:12,1.368
1997-06-12 11:18,1.372
1997-06-12 11:24,1.377
1997-06-12 11:30,1.381
1997-06-12 11:36,1.385
1997-06-12 11:42,1.389
1997-06-12 11:48,1.394
1997-06-12 11:54,1.398
1997-06-12 12:00,1.402
1997-06-12 12:06,1.406
1997-06-12 12:12,1.410
1997-06-12 12:18,1.414
1997-06-12 12:24,1.417
1997-06-12 12:30,1.421
1997-06-12 12:36,1.425
1997-06-12 12:42,1.429
1997-06-12 12:48,1.432
1997-06-12 12:54,1.436
1997-06-12 13:00,1.439
1997-06-12 13:06,1.442
1997-06-12 13:12,1.446
1997-06-12 13:18,1.449
1997-06-12 13:24,1.452
1997-06-12 13:30,1.455
1997-06-12 13:36,1.457
1997-06-12 13:42,1.460
1997-06-12 13:48,1.463
1997-06-12 13:54,1.465
1997-06-12 14:00,1.468
1997-06-12 14:06,1.470
1997-06-12 14:12,1.472
1997-06-12 14:18,1.474
1997-06-12 14:24,1.476
1997-06-12 14:30,1.478
1997-06-12 14:36,1.479
1997-06-12 14:42,1.481
1997-06-12 14:48,1.482
1997-06-12 14:54,1.483
1997-06-12 15:00,1.484
1997-06-12 15:06,1.485
1997-06-12 15:12,1.486
1997-06-12 15:18,1.486
1997-06-12 15:24,1.487
1997-06-12 15:30,1.487
1997-06-12 15:36,1.487
1997-06-12 15:42,1.487
1997-06-12 15:48,1.487
1997-06-12 15:54,1.487
1997-06-12 16:00,1.486
1997-06-12 16:06,1.485
1997-06-12 16:12,1.485
1997-06-12 16:18,1.484
1997-06-12 16:24,1.483
1997-06-12 16:30,1.482
1997-06-12 16:36,1.480
1997-06-12 16:42,1.479
1997-06-12 16:48,1.477
1997-06-12 16:54,1.475
1997-06-12 17:00,1.474
1997-06-12 17:06,1.472
1997-06-12 17:12,1.470
1997-06-12 17:18,1.467
1997-06-12 17:24,1.465
1997-06-12 17:30,1.463
1997-06-12 17:36,1.460
1997-06-12 17:42,1.458
1997-06-12 17:48,1.455
1997-06-12 17:54,1.453
1997-06-12 18:00,1.450
1997-06-12 18:06,1.447
1997-06-12 18:12,1.444
1997-06-12 18:18,1.442
1997-06-12 18:24,1.439
1997-06-12 18:30,1.436
1997-06-12 18:36,1.433
1997-06-12 18:42,1.430
1997-06-12 18:48,1.427
1997-06-12 18:54,1.424
1997-06-12 19:00,1.421
1997-06-12 19:06,1.419
1997-06-12 19:12,1.416
1997-06-12 19:18,1.413
1997-06-12 19:24,1.410
1997-06-12 19:30,1.407
1997-06-12 19:36,1.405
1997-06-12 19:42,1.402
1997-06-12 19:48,1.399
1997-06-12 19:54,1.397
1997-06-12 20:00,1.394
1997-06-12 20:06,1.391
1997-06-12 20:12,1.389
1997-06-12 20:18,1.386
1997-06-12 20:24,1.384
1997-06-12 20:30,1.382
1997-06-12 20:36,1.380
1997-06-12 20:42,1.377
1997-06-12 20:48,1.375
1997-06-12 20:54,1.373
1997-06-12 21:00,1.371
1997-06-12 21:06,1.369
1997-06-12 21:12,1.367
1997-06-12 21:18,1.366
1997-06-12 21:24,1.364
1997-06-12 21:30,1.362
1997-06-12 21:36,1.361
1997-06-12 21:42,1.359
1997-06-12 21:48,1.358
1997-06-12 21:54,1.357
1997-06-12 22:00,1.355
1997-06-12 22:06,1.354
1997-06-12 22:12,1.353
1997-06-12 22:18,1.352
1997-06-12 22:24,1.351
1997-06-12 22:30,1.351
1997-06-12 22:36,1.350
1997-06-12 22:42,1.349
1997-06-12 22:48,1.349
1997-06-12 22:54,1.348
1997-06-12 23:00,1.348
1997-06-12 23:06,1.347
1997-06-12 23:12,1.347
1997-06-12 23:18,1.347
1997-06-12 23:24,1.346
1997-06-12 23:30,1.346
1997-06-12 23:36,1.346
1997-06-12 23:42,1.346
1997-06-12 23:48,1.346
1997-06-12 23:54,1.346
1997-06-13 00:00,1.346
1997-06-13 00:06,1.346
1997-06-13 00:12,1.347
1997-06-13 00:18,1.347
1997-06-13 00:24,1.347
1997-06-13 00:30,1.347
1997-06-13 00:36,1.348
1997-06-13 00:42,1.348
1997-06-13 00:48,1.348
1997-06-13 00:54,1.348
1997-06-13 01:00,1.349
1997-06-13 01:06,1.349
1997-06-13 01:12,1.350
1997-06-13 01:18,1.350
1997-06-13 01:24,1.350
1997-06-13 01:30,1.351
1997-06-13 01:36,1.351
1997-06-13 01:42,1.352
1997-06-13 01:48,1.352
1997-06-13 01:54,1.353
1997-06-13 02:00,1.353
1997-06-13 02:06,1.354
1997-06-13 02:12,1.354
1997-06-13 02:18,1.354
1997-06-13 02:24,1.355
1997-06-13 02:30,1.355
1997-06-13 02:36,1.356
1997-06-13 02:42,1.356
1997-06-13 02:48,1.356
1997-06-13 02:54,1.356
1997-06-13 03:00,1.357
1997-06-13 03:06,1.357
1997-06-13 03:12,1.357
1997-06-13 03:18,1.357
1997-06-13 03:24,1.357
1997-06-13 03:30,1.357
1997-06-13 03:36,1.356
1997-06-13 03:42,1.356
1997-06-13 03:48,1.356
1997-06-13 03:54,1.355
1997-06-13 04:00,1.354
1997-06-13 04:06,1.354
1997-06-13 04:12,1.353
1997-06-13 04:18,1.352
1997-06-13 04:24,1.351
1997-06-13 04:30,1.350
1997-06-13 04:36,1.349
1997-06-13 04:42,1.347
1997-06-13 04:48,1.346
1997-06-13 04:54,1.345
1997-06-13 05:00,1.343
1997-06-13 05:06,1.341
1997-06-13 05:12,1.340
1997-06-13 05:18,1.338
1997-06-13 05:24,1.336
1997-06-13 05:30,1.335
1997-06-13 05:36,1.333
1997-06-13 05:42,1.331
1997-06-13 05:48,1.329
1997-06-13 05:54,1.327
1997-06-13 06:00,1.326
1997-06-13 06:06,1.324
1997-06-13 06:12,1.322
1997-06-13 06:18,1.321
1997-06-13 06:24,1.319
1997-06-13 06:30,1.318
1997-06-13 06:36,1.316
1997-06-13 06:42,1.315
1997-06-13 06:48,1.314
1997-06-13 06:54,1.313
1997-06-13 07:00,1.312
1997-06-13 07:06,1.311
1997-06-13 07:12,1.310
1997-06-13 07:18,1.309
1997-06-13 07:24,1.308
1997-06-13 07:30,1.308
1997-06-13 07:36,1.308
1997-06-13 07:42,1.307
1997-06-13 07:48,1.307
1997-06-13 07:54,1.307
1997-06-13 08:00,1.307
1997-06-13 08:06,1.307
1997-06-13 08:12,1.308
1997-06-13 08:18,1.308
1997-06-13 08:24,1.309
1997-06-13 08:30,1.309
1997-06-13 08:36,1.310
1997-06-13 08:42,1.311
1997-06-13 08:48,1.312
1997-06-13 08:54,1.313
1997-06-13 09:00,1.314
1997-06-13 09:06,1.316
1997-06-13 09:12,1.317
1997-06-13 09:18,1.319
1997-06-13 09:24,1.320
1997-06-13 09:30,1.322
1997-06-13 09:36,1.324
1997-06-13 09:42,1.326
1997-06-13 09:48,1.328
1997-06-13 09:54,1.330
1997-06-13 10:00,1.333
1997-06-13 10:06,1.335
1997-06-13 10:12,1.338
1997-06-13 10:18,1.341
1997-06-13 10:24,1.343
1997-06-13 10:30,1.346
1997-06-13 10:36,1.349
1997-06-13 10:42,1.352
1997-06-13 10:48,1.355
1997-06-13 10:54,1.358
1997-06-13 11:00,1.362
1997-06-13 11:06,1.365
1997-06-13 11:12,1.368
1997-06-13 11:18,1.371
1997-06-13 11:24,1.375
1997-06-13 11:30,1.378
1997-06-13 11:36,1.382
1997-06-13 11:42,1.385
1997-06-13 11:48,1.388
1997-06-13 11:54,1.392
1997-06-13 12:00,1.395
1997-06-13 12:06,1.398
1997-06-13 12:12,1.402
1997-06-13 12:18,1.405
1997-06-13 12:24,1.408
1997-06-13 12:30,1.411
1997-06-13 12:36,1.414
1997-06-13 12:42,1.417
1997-06-13 12:48,1.420
1997-06-13 12:54,1.423
1997-06-13 13:00,1.426
1997-06-13 13:06,1.428
1997-06-13 13:12,1.431
1997-06-13 13:18,1.434
1997-06-13 13:24,1.436
1997-06-13 13:30,1.439
1997-06-13 13:36,1.441
1997-06-13 13:42,1.443
1997-06-13 13:48,1.445
1997-06-13 13:54,1.448
1997-06-13 14:00,1.450
1997-06-13 14:06,1.452
1997-06-13 14:12,1.453
1997-06-13 14:18,1.455
1997-06-13 14:24,1.457
1997-06-13 14:30,1.459
1997-06-13 14:36,1.460
1997-06-13 14:42,1.462
1997-06-13 14:48,1.463
1997-06-13 14:54,1.465
1997-06-13 15:00,1.466
1997-06-13 15:06,1.467
1997-06-13 15:12,1.468
1997-06-13 15:18,1.469
1997-06-13 15:24,1.470
1997-06-13 15:30,1.470
1997-06-13 15:36,1.471
1997-06-13 15:42,1.471
1997-06-13 15:48,1.471
1997-06-13 15:54,1.471
1997-06-13 16:00,1.471
1997-06-13 16:06,1.471
1997-06-13 16:12,1.470
1997-06-13 16:18,1.470
1997-06-13 16:24,1.469
1997-06-13 16:30,1.468
1997-06-13 16:36,1.466
1997-06-13 16:42,1.465
1997-06-13 16:48,1.463
1997-06-13 16:54,1.462
1997-06-13 17:00,1.460
1997-06-13 17:06,1.457
1997-06-13 17:12,1.455
1997-06-13 17:18,1.453
1997-06-13 17:24,1.450
1997-06-13 17:30,1.448
1997-06-13 17:36,1.445
1997-06-13 17:42,1.442
1997-06-13 17:48,1.439
1997-06-13 17:54,1.436
1997-06-13 18:00,1.433
1997-06-13 18:06,1.429
1997-06-13 18:12,1.426
1997-06-13 18:18,1.423
1997-06-13 18:24,1.419
1997-06-13 18:30,1.416
1997-06-13 18:36,1.413
1997-06-13 18:42,1.409
1997-06-13 18:48,1.406
1997-06-13 18:54,1.402
1997-06-13 19:00,1.399
1997-06-13 19:06,1.396
1997-06-13 19:12,1.392
1997-06-13 19:18,1.389
1997-06-13 19:24,1.386
1997-06-13 19:30,1.382
1997-06-13 19:36,1.379
1997-06-13 19:42,1.376
1997-06-13 19:48,1.373
1997-06-13 19:54,1.370
1997-06-13 20:00,1.367
1997-06-13 20:06,1.363
1997-06-13 20:12,1.360
1997-06-13 20:18,1.357
1997-06-13 20:24,1.354
1997-06-13 20:30,1.351
1997-06-13 20:36,1.348
1997-06-13 20:42,1.346
1997-06-13 20:48,1.343
1997-06-13 20:54,1.340
1997-06-13 21:00,1.337
1997-06-13 21:06,1.335
1997-06-13 21:12,1.332
1997-06-13 21:18,1.329
1997-06-13 21:24,1.327
1997-06-13 21:30,1.325
1997-06-13 21:36,1.322
1997-06-13 21:42,1.320
1997-06-13 21:48,1.318
1997-06-13 21:54,1.316
1997-06-13 22:00,1.314
1997-06-13 22:06,1.313
1997-06-13 22:12,1.311
1997-06-13 22:18,1.309
1997-06-13 22:24,1.308
1997-06-13 22:30,1.307
1997-06-13 22:36,1.306
1997-06-13 22:42,1.305
1997-06-13 22:48,1.304
1997-06-13 22:54,1.304
1997-06-13 23:00,1.303
1997-06-13 23:06,1.303
1997-06-13 23:12,1.303
1997-06-13 23:18,1.303
1997-06-13 23:24,1.303
1997-06-13 23:30,1.303
1997-06-13 23:36,1.303
1997-06-13 23:42,1.304
1997-06-13 23:48,1.304
1997-06-13 23:54,1.305
1997-06-14 00:00,1.306
1997-06-14 00:06,1.307
1997-06-14 00:12,1.308
1997-06-14 00:18,1.308
1997-06-14 00:24,1.309
1997-06-14 00:30,1.311
1997-06-14 00:36,1.312
1997-06-14 00:42,1.313
1997-06-14 00:48,1.314
1997-06-14 00:54,1.315
1997-06-14 01:00,1.317
1997-06-14 01:06,1.318
1997-06-14 01:12,1.319
1997-06-14 01:18,1.321
1997-06-14 01:24,1.322
1997-06-14 01:30,1.324
1997-06-14 01:36,1.325
1997-06-14 01:42,1.327
1997-06-14 01:48,1.329
1997-06-14 01:54,1.330
1997-06-14 02:00,1.332
1997-06-14 02:06,1.334
1997-06-14 02:12,1.336
1997-06-14 02:18,1.337
1997-06-14 02:24,1.339
1997-06-14 02:30,1.341
1997-06-14 02:36,1.343
1997-06-14 02:42,1.345
1997-06-14 02:48,1.347
1997-06-14 02:54,1.349
1997-06-14 03:00,1.352
1997-06-14 03:06,1.354
1997-06-14 03:12,1.356
1997-06-14 03:18,1.358
1997-06-14 03:24,1.360
1997-06-14 03:30,1.362
1997-06-14 03:36,1.364
1997-06-14 03:42,1.366
1997-06-14 03:48,1.367
1997-06-14 03:54,1.369
1997-06-14 04:00,1.371
1997-06-14 04:06,1.372
1997-06-14 04:12,1.374
1997-06-14 04:18,1.375
1997-06-14 04:24,1.376
1997-06-14 04:30,1.377
1997-06-14 04:36,1.378
1997-06-14 04:42,1.379
1997-06-14 04:48,1.379
1997-06-14 04:54,1.380
1997-06-14 05:00,1.380
1997-06-14 05:06,1.380
1997-06-14 05:12,1.380
1997-06-14 05:18,1.380
1997-06-14 05:24,1.380
1997-06-14 05:30,1.380
1997-06-14 05:36,1.379
1997-06-14 05:42,1.379
1997-06-14 05:48,1.378
1997-06-14 05:54,1.377
1997-06-14 06:00,1.376
1997-06-14 06:06,1.376
1997-06-14 06:12,1.375
1997-06-14 06:18,1.374
1997-06-14 06:24,1.373
1997-06-14 06:30,1.372
1997-06-14 06:36,1.371
1997-06-14 06:42,1.370
1997-06-14 06:48,1.369
1997-06-14 06:54,1.369
1997-06-14 07:00,1.368
1997-06-14 07:06,1.367
1997-06-14 07:12,1.366
1997-06-14 07:18,1.366
1997-06-14 07:24,1.365
1997-06-14 07:30,1.364
1997-06-14 07:36,1.364
1997-06-14 07:42,1.363
1997-06-14 07:48,1.363
1997-06-14 07:54,1.363
1997-06-14 08:00,1.362
1997-06-14 08:06,1.362
1997-06-14 08:12,1.362
1997-06-14 08:18,1.362
1997-06-14 08:24,1.362
1997-06-14 08:30,1.362
1997-06-14 08:36,1.362
1997-06-14 08:42,1.362
1997-06-14 08:48,1.362
1997-06-14 08:54,1.362
1997-06-14 09:00,1.362
1997-06-14 09:06,1.362
1997-06-14 09:12,1.362
1997-06-14 09:18,1.362
1997-06-14 09:24,1.363
1997-06-14 09:30,1.363
1997-06-14 09:36,1.364
1997-06-14 09:42,1.364
1997-06-14 09:48,1.365
1997-06-14 09:54,1.365
1997-06-14 10:00,1.366
1997-06-14 10:06,1.367
1997-06-14 10:12,1.368
1997-06-14 10:18,1.369
1997-06-14 10:24,1.370
1997-06-14 10:30,1.371
1997-06-14 10:36,1.373
1997-06-14 10:42,1.374
1997-06-14 10:48,1.376
1997-06-14 10:54,1.378
1997-06-14 11:00,1.379
1997-06-14 11:06,1.381
1997-06-14 11:12,1.383
1997-06-14 11:18,1.385
1997-06-14 11:24,1.387
1997-06-14 11:30,1.390
1997-06-14 11:36,1.392
1997-06-14 11:42,1.394
1997-06-14 11:48,1.397
1997-06-14 11:54,1.399
1997-06-14 12:00,1.402
1997-06-14 12:06,1.404
1997-06-14 12:12,1.407
1997-06-14 12:18,1.409
1997-06-14 12:24,1.411
1997-06-14 12:30,1.414
1997-06-14 12:36,1.416
1997-06-14 12:42,1.419
1997-06-14 12:48,1.421
1997-06-14 12:54,1.423
1997-06-14 13:00,1.425
1997-06-14 13:06,1.427
1997-06-14 13:12,1.429
1997-06-14 13:18,1.431
1997-06-14 13:24,1.433
1997-06-14 13:30,1.435
1997-06-14 13:36,1.437
1997-06-14 13:42,1.438
1997-06-14 13:48,1.440
1997-06-14 13:54,1.442
1997-06-14 14:00,1.443
1997-06-14 14:06,1.445
1997-06-14 14:12,1.446
1997-06-14 14:18,1.447
1997-06-14 14:24,1.449
1997-06-14 14:30,1.450
1997-06-14 14:36,1.451
1997-06-14 14:42,1.452
1997-06-14 14:48,1.453
1997-06-14 14:54,1.454
1997-06-14 15:00,1.455
1997-06-14 15:06,1.456
1997-06-14 15:12,1.457
1997-06-14 15:18,1.458
1997-06-14 15:24,1.459
1997-06-14 15:30,1.459
1997-06-14 15:36,1.460
1997-06-14 15:42,1.460
1997-06-14 15:48,1.461
1997-06-14 15:54,1.461
1997-06-14 16:00,1.461
1997-06-14 16:06,1.461
1997-06-14 16:12,1.461
1997-06-14 16:18,1.460
1997-06-14 16:24,1.460
1997-06-14 16:30,1.459
1997-06-14 16:36,1.458
1997-06-14 16:42,1.457
1997-06-14 16:48,1.455
1997-06-14 16:54,1.454
1997-06-14 17:00,1.452
1997-06-14 17:06,1.450
1997-06-14 17:12,1.448
1997-06-14 17:18,1.445
1997-06-14 17:24,1.443
1997-06-14 17:30,1.440
1997-06-14 17:36,1.437
1997-06-14 17:42,1.434
1997-06-14 17:48,1.431
1997-06-14 17:54,1.427
1997-06-14 18:00,1.424
1997-06-14 18:06,1.420
1997-06-14 18:12,1.416
1997-06-14 18:18,1.412
1997-06-14 18:24,1.409
1997-06-14 18:30,1.405
1997-06-14 18:36,1.401
1997-06-14 18:42,1.397
1997-06-14 18:48,1.392
1997-06-14 18:54,1.388
1997-06-14 19:00,1.384
1997-06-14 19:06,1.380
1997-06-14 19:12,1.376
1997-06-14 19:18,1.372
1997-06-14 19:24,1.368
1997-06-14 19:30,1.364
1997-06-14 19:36,1.360
1997-06-14 19:42,1.356
1997-06-14 19:48,1.352
1997-06-14 19:54,1.348
1997-06-14 20:00,1.344
1997-06-14 20:06,1.340
1997-06-14 20:12,1.336
1997-06-14 20:18,1.333
1997-06-14 20:24,1.329
1997-06-14 20:30,1.325
1997-06-14 20:36,1.321
1997-06-14 20:42,1.318
1997-06-14 20:48,1.314
1997-06-14 20:54,1.311
1997-06-14 21:00,1.307
1997-06-14 21:06,1.303
1997-06-14 21:12,1.300
1997-06-14 21:18,1.297
1997-06-14 21:24,1.293
1997-06-14 21:30,1.290
1997-06-14 21:36,1.287
1997-06-14 21:42,1.283
1997-06-14 21:48,1.280
1997-06-14 21:54,1.278
1997-06-14 22:00,1.275
1997-06-14 22:06,1.272
1997-06-14 22:12,1.269
1997-06-14 22:18,1.267
1997-06-14 22:24,1.265
1997-06-14 22:30,1.263
1997-06-14 22:36,1.261
1997-06-14 22:42,1.259
1997-06-14 22:48,1.258
1997-06-14 22:54,1.256
1997-06-14 23:00,1.255
1997-06-14 23:06,1.254
1997-06-14 23:12,1.253
1997-06-14 23:18,1.253
1997-06-14 23:24,1.253
1997-06-14 23:30,1.253
1997-06-14 23:36,1.253
1997-06-14 23:42,1.253
1997-06-14 23:48,1.253
1997-06-14 23:54,1.254
1997-06-15 00:00,1.255
1997-06-15 00:06,1.256
1997-06-15 00:12,1.257
1997-06-15 00:18,1.258
1997-06-15 00:24,1.260
1997-06-15 00:30,1.261
1997-06-15 00:36,1.263
1997-06-15 00:42,1.265
1997-06-15 00:48,1.266
1997-06-15 00:54,1.268
1997-06-15 01:00,1.270
1997-06-15 01:06,1.273
1997-06-15 01:12,1.275
1997-06-15 01:18,1.277
1997-06-15 01:24,1.280
1997-06-15 01:30,1.282
1997-06-15 01:36,1.284
1997-06-15 01:42,1.287
1997-06-15 01:48,1.290
1997-06-15 01:54,1.292
1997-06-15 02:00,1.295
1997-06-15 02:06,1.298
1997-06-15 02:12,1.301
1997-06-15 02:18,1.304
1997-06-15 02:24,1.307
1997-06-15 02:30,1.310
1997-06-15 02:36,1.314
1997-06-15 02:42,1.317
1997-06-15 02:48,1.320
1997-06-15 02:54,1.324
1997-06-15 03:00,1.327
1997-06-15 03:06,1.331
1997-06-15 03:12,1.335
1997-06-15 03:18,1.338
1997-06-15 03:24,1.342
1997-06-15 03:30,1.346
1997-06-15 03:36,1.350
1997-06-15 03:42,1.353
1997-06-15 03:48,1.357
1997-06-15 03:54,1.361
1997-06-15 04:00,1.364
1997-06-15 04:06,1.368
1997-06-15 04:12,1.372
1997-06-15 04:18,1.375
1997-06-15 04:24,1.379
1997-06-15 04:30,1.382
1997-06-15 04:36,1.385
1997-06-15 04:42,1.388
1997-06-15 04:48,1.391
1997-06-15 04:54,1.394
1997-06-15 05:00,1.396
1997-06-15 05:06,1.399
1997-06-15 05:12,1.401
1997-06-15 05:18,1.403
1997-06-15 05:24,1.405
1997-06-15 05:30,1.406
1997-06-15 05:36,1.408
1997-06-15 05:42,1.409
1997-06-15 05:48,1.411
1997-06-15 05:54,1.412
1997-06-15 06:00,1.413
1997-06-15 06:06,1.413
1997-06-15 06:12,1.414
1997-06-15 06:18,1.415
1997-06-15 06:24,1.415
1997-06-15 06:30,1.415
1997-06-15 06:36,1.416
1997-06-15 06:42,1.416
1997-06-15 06:48,1.416
1997-06-15 06:54,1.416
1997-06-15 07:00,1.416
1997-06-15 07:06,1.416
1997-06-15 07:12,1.416
1997-06-15 07:18,1.416
1997-06-15 07:24,1.416
1997-06-15 07:30,1.416
1997-06-15 07:36,1.416
1997-06-15 07:42,1.416
1997-06-15 07:48,1.416
1997-06-15 07:54,1.416
1997-06-15 08:00,1.416
1997-06-15 08:06,1.416
1997-06-15 08:12,1.416
1997-06-15 08:18,1.416
1997-06-15 08:24,1.415
1997-06-15 08:30,1.415
1997-06-15 08:36,1.415
1997-06-15 08:42,1.415
1997-06-15 08:48,1.415
1997-06-15 08:54,1.415
1997-06-15 09:00,1.414
1997-06-15 09:06,1.414
1997-06-15 09:12,1.414
1997-06-15 09:18,1.414
1997-06-15 09:24,1.413
1997-06-15 09:30,1.413
1997-06-15 09:36,1.413
1997-06-15 09:42,1.412
1997-06-15 09:48,1.412
1997-06-15 09:54,1.412
1997-06-15 10:00,1.411
1997-06-15 10:06,1.411
1997-06-15 10:12,1.411
1997-06-15 10:18,1.411
1997-06-15 10:24,1.411
1997-06-15 10:30,1.411
1997-06-15 10:36,1.411
1997-06-15 10:42,1.411
1997-06-15 10:48,1.411
1997-06-15 10:54,1.411
1997-06-15 11:00,1.411
1997-06-15 11:06,1.412
1997-06-15 11:12,1.413
1997-06-15 11:18,1.413
1997-06-15 11:24,1.414
1997-06-15 11:30,1.415
1997-06-15 11:36,1.416
1997-06-15 11:42,1.417
1997-06-15 11:48,1.418
1997-06-15 11:54,1.419
1997-06-15 12:00,1.420
1997-06-15 12:06,1.422
1997-06-15 12:12,1.423
1997-06-15 12:18,1.425
1997-06-15 12:24,1.426
1997-06-15 12:30,1.428
1997-06-15 12:36,1.429
1997-06-15 12:42,1.431
1997-06-15 12:48,1.432
1997-06-15 12:54,1.434
1997-06-15 13:00,1.435
1997-06-15 13:06,1.437
1997-06-15 13:12,1.438
1997-06-15 13:18,1.439
1997-06-15 13:24,1.441
1997-06-15 13:30,1.442
1997-06-15 13:36,1.443
1997-06-15 13:42,1.444
1997-06-15 13:48,1.446
1997-06-15 13:54,1.447
1997-06-15 14:00,1.448
1997-06-15 14:06,1.449
1997-06-15 14:12,1.450
1997-06-15 14:18,1.450
1997-06-15 14:24,1.451
1997-06-15 14:30,1.452
1997-06-15 14:36,1.453
1997-06-15 14:42,1.453
1997-06-15 14:48,1.454
1997-06-15 14:54,1.455
1997-06-15 15:00,1.455
1997-06-15 15:06,1.456
1997-06-15 15:12,1.456
1997-06-15 15:18,1.457
1997-06-15 15:24,1.457
1997-06-15 15:30,1.457
1997-06-15 15:36,1.458
1997-06-15 15:42,1.458
1997-06-15 15:48,1.458
1997-06-15 15:54,1.458
1997-06-15 16:00,1.458
1997-06-15 16:06,1.458
1997-06-15 16:12,1.458
1997-06-15 16:18,1.457
1997-06-15 16:24,1.457
1997-06-15 16:30,1.456
1997-06-15 16:36,1.455
1997-06-15 16:42,1.454
1997-06-15 16:48,1.453
1997-06-15 16:54,1.451
1997-06-15 17:00,1.450
1997-06-15 17:06,1.448
1997-06-15 17:12,1.446
1997-06-15 17:18,1.444
1997-06-15 17:24,1.442
1997-06-15 17:30,1.439
1997-06-15 17:36,1.436
1997-06-15 17:42,1.433
1997-06-15 17:48,1.430
1997-06-15 17:54,1.427
1997-06-15 18:00,1.423
1997-06-15 18:06,1.420
1997-06-15 18:12,1.416
1997-06-15 18:18,1.412
1997-06-15 18:24,1.408
1997-06-15 18:30,1.403
1997-06-15 18:36,1.399
1997-06-15 18:42,1.395
1997-06-15 18:48,1.390
1997-06-15 18:54,1.385
1997-06-15 19:00,1.381
1997-06-15 19:06,1.376
1997-06-15 19:12,1.371
1997-06-15 19:18,1.366
1997-06-15 19:24,1.361
1997-06-15 19:30,1.357
1997-06-15 19:36,1.352
1997-06-15 19:42,1.347
1997-06-15 19:48,1.342
1997-06-15 19:54,1.337
1997-06-15 20:00,1.332
1997-06-15 20:06,1.328
1997-06-15 20:12,1.323
1997-06-15 20:18,1.318
1997-06-15 20:24,1.313
1997-06-15 20:30,1.308
1997-06-15 20:36,1.304
1997-06-15 20:42,1.299
1997-06-15 20:48,1.294
1997-06-15 20:54,1.290
1997-06-15 21:00,1.285
1997-06-15 21:06,1.281
1997-06-15 21:12,1.276
1997-06-15 21:18,1.272
1997-06-15 21:24,1.267
1997-06-15 21:30,1.263
1997-06-15 21:36,1.259
1997-06-15 21:42,1.255
1997-06-15 21:48,1.250
1997-06-15 21:54,1.246
1997-06-15 22:00,1.242
1997-06-15 22:06,1.239
1997-06-15 22:12,1.235
1997-06-15 22:18,1.231
1997-06-15 22:24,1.228
1997-06-15 22:30,1.225
1997-06-15 22:36,1.222
1997-06-15 22:42,1.219
1997-06-15 22:48,1.216
1997-06-15 22:54,1.213
1997-06-15 23:00,1.211
1997-06-15 23:06,1.209
1997-06-15 23:12,1.207
1997-06-15 23:18,1.205
1997-06-15 23:24,1.204
1997-06-15 23:30,1.203
1997-06-15 23:36,1.202
1997-06-15 23:42,1.201
1997-06-15 23:48,1.201
1997-06-15 23:54,1.201
1997-06-16 00:00,1.201
1997-06-16 00:06,1.201
1997-06-16 00:12,1.202
1997-06-16 00:18,1.202
1997-06-16 00:24,1.203
1997-06-16 00:30,1.205
1997-06-16 00:36,1.206
1997-06-16 00:42,1.208
1997-06-16 00:48,1.209
1997-06-16 00:54,1.211
1997-06-16 01:00,1.214
1997-06-16 01:06,1.216
1997-06-16 01:12,1.219
1997-06-16 01:18,1.221
1997-06-16 01:24,1.224
1997-06-16 01:30,1.227
1997-06-16 01:36,1.230
1997-06-16 01:42,1.234
1997-06-16 01:48,1.237
1997-06-16 01:54,1.240
1997-06-16 02:00,1.244
1997-06-16 02:06,1.248
1997-06-16 02:12,1.252
1997-06-16 02:18,1.256
1997-06-16 02:24,1.260
1997-06-16 02:30,1.264
1997-06-16 02:36,1.268
1997-06-16 02:42,1.273
1997-06-16 02:48,1.277
1997-06-16 02:54,1.282
1997-06-16 03:00,1.287
1997-06-16 03:06,1.292
1997-06-16 03:12,1.296
1997-06-16 03:18,1.301
1997-06-16 03:24,1.306
1997-06-16 03:30,1.312
1997-06-16 03:36,1.317
1997-06-16 03:42,1.322
1997-06-16 03:48,1.327
1997-06-16 03:54,1.333
1997-06-16 04:00,1.338
1997-06-16 04:06,1.343
1997-06-16 04:12,1.348
1997-06-16 04:18,1.354
1997-06-16 04:24,1.359
1997-06-16 04:30,1.364
1997-06-16 04:36,1.369
1997-06-16 04:42,1.374
1997-06-16 04:48,1.379
1997-06-16 04:54,1.384
1997-06-16 05:00,1.389
1997-06-16 05:06,1.394
1997-06-16 05:12,1.398
1997-06-16 05:18,1.402
1997-06-16 05:24,1.407
1997-06-16 05:30,1.411
1997-06-16 05:36,1.414
1997-06-16 05:42,1.418
1997-06-16 05:48,1.422
1997-06-16 05:54,1.425
1997-06-16 06:00,1.428
1997-06-16 06:06,1.431
1997-06-16 06:12,1.434
1997-06-16 06:18,1.436
1997-06-16 06:24,1.439
1997-06-16 06:30,1.441
1997-06-16 06:36,1.443
1997-06-16 06:42,1.445
1997-06-16 06:48,1.447
1997-06-16 06:54,1.449
1997-06-16 07:00,1.451
1997-06-16 07:06,1.452
1997-06-16 07:12,1.454
1997-06-16 07:18,1.455
1997-06-16 07:24,1.456
1997-06-16 07:30,1.457
1997-06-16 07:36,1.458
1997-06-16 07:42,1.459
1997-06-16 07:48,1.460
1997-06-16 07:54,1.461
1997-06-16 08:00,1.461
1997-06-16 08:06,1.462
1997-06-16 08:12,1.462
1997-06-16 08:18,1.463
1997-06-16 08:24,1.463
1997-06-16 08:30,1.464
1997-06-16 08:36,1.464
1997-06-16 08:42,1.464
1997-06-16 08:48,1.464
1997-06-16 08:54,1.464
1997-06-16 09:00,1.464
1997-06-16 09:06,1.464
1997-06-16 09:12,1.464
1997-06-16 09:18,1.464
1997-06-16 09:24,1.463
1997-06-16 09:30,1.463
1997-06-16 09:36,1.463
1997-06-16 09:42,1.462
1997-06-16 09:48,1.462
1997-06-16 09:54,1.461
1997-06-16 10:00,1.460
1997-06-16 10:06,1.460
1997-06-16 10:12,1.459
1997-06-16 10:18,1.458
1997-06-16 10:24,1.458
1997-06-16 10:30,1.457
1997-06-16 10:36,1.456
1997-06-16 10:42,1.456
1997-06-16 10:48,1.455
1997-06-16 10:54,1.454
1997-06-16 11:00,1.454
1997-06-16 11:06,1.453
1997-06-16 11:12,1.453
1997-06-16 11:18,1.452
1997-06-16 11:24,1.452
1997-06-16 11:30,1.451
1997-06-16 11:36,1.451
1997-06-16 11:42,1.451
1997-06-16 11:48,1.451
1997-06-16 11:54,1.451
1997-06-16 12:00,1.451
1997-06-16 12:06,1.451
1997-06-16 12:12,1.451
1997-06-16 12:18,1.451
1997-06-16 12:24,1.451
1997-06-16 12:30,1.452
1997-06-16 12:36,1.452
1997-06-16 12:42,1.453
1997-06-16 12:48,1.453
1997-06-16 12:54,1.454
1997-06-16 13:00,1.454
1997-06-16 13:06,1.455
1997-06-16 13:12,1.455
1997-06-16 13:18,1.456
1997-06-16 13:24,1.456
1997-06-16 13:30,1.457
1997-06-16 13:36,1.458
1997-06-16 13:42,1.458
1997-06-16 13:48,1.459
1997-06-16 13:54,1.460
1997-06-16 14:00,1.460
1997-06-16 14:06,1.461
1997-06-16 14:12,1.461
1997-06-16 14:18,1.462
1997-06-16 14:24,1.462
1997-06-16 14:30,1.462
1997-06-16 14:36,1.463
1997-06-16 14:42,1.463
1997-06-16 14:48,1.464
1997-06-16 14:54,1.464
1997-06-16 15:00,1.464
1997-06-16 15:06,1.464
1997-06-16 15:12,1.464
1997-06-16 15:18,1.465
1997-06-16 15:24,1.465
1997-06-16 15:30,1.465
1997-06-16 15:36,1.465
1997-06-16 15:42,1.465
1997-06-16 15:48,1.464
1997-06-16 15:54,1.464
1997-06-16 16:00,1.464
1997-06-16 16:06,1.463
1997-06-16 16:12,1.463
1997-06-16 16:18,1.462
1997-06-16 16:24,1.462
1997-06-16 16:30,1.461
1997-06-16 16:36,1.460
1997-06-16 16:42,1.459
1997-06-16 16:48,1.458
1997-06-16 16:54,1.456
1997-06-16 17:00,1.455
1997-06-16 17:06,1.453
1997-06-16 17:12,1.451
1997-06-16 17:18,1.449
1997-06-16 17:24,1.447
1997-06-16 17:30,1.445
1997-06-16 17:36,1.442
1997-06-16 17:42,1.440
1997-06-16 17:48,1.437
1997-06-16 17:54,1.434
1997-06-16 18:00,1.430
1997-06-16 18:06,1.427
1997-06-16 18:12,1.423
1997-06-16 18:18,1.419
1997-06-16 18:24,1.415
1997-06-16 18:30,1.411
1997-06-16 18:36,1.407
1997-06-16 18:42,1.403
1997-06-16 18:48,1.398
1997-06-16 18:54,1.393
1997-06-16 19:00,1.389
1997-06-16 19:06,1.384
1997-06-16 19:12,1.378
1997-06-16 19:18,1.373
1997-06-16 19:24,1.368
1997-06-16 19:30,1.363
1997-06-16 19:36,1.357
1997-06-16 19:42,1.352
1997-06-16 19:48,1.346
1997-06-16 19:54,1.341
1997-06-16 20:00,1.335
1997-06-16 20:06,1.329
1997-06-16 20:12,1.323
1997-06-16 20:18,1.318
1997-06-16 20:24,1.312
1997-06-16 20:30,1.306
1997-06-16 20:36,1.300
1997-06-16 20:42,1.295
1997-06-16 20:48,1.289
1997-06-16 20:54,1.283
1997-06-16 21:00,1.277
1997-06-16 21:06,1.271
1997-06-16 21:12,1.266
1997-06-16 21:18,1.260
1997-06-16 21:24,1.255
1997-06-16 21:30,1.249
1997-06-16 21:36,1.243
1997-06-16 21:42,1.238
1997-06-16 21:48,1.233
1997-06-16 21:54,1.227
1997-06-16 22:00,1.222
1997-06-16 22:06,1.217
1997-06-16 22:12,1.212
1997-06-16 22:18,1.207
1997-06-16 22:24,1.203
1997-06-16 22:30,1.198
1997-06-16 22:36,1.194
1997-06-16 22:42,1.189
1997-06-16 22:48,1.185
1997-06-16 22:54,1.181
1997-06-16 23:00,1.177
1997-06-16 23:06,1.174
1997-06-16 23:12,1.171
1997-06-16 23:18,1.168
1997-06-16 23:24,1.165
1997-06-16 23:30,1.162
1997-06-16 23:36,1.160
1997-06-16 23:42,1.158
1997-06-16 23:48,1.156
1997-06-16 23:54,1.154
1997-06-17 00:00,1.153
1997-06-17 00:06,1.152
1997-06-17 00:12,1.151
1997-06-17 00:18,1.150
1997-06-17 00:24,1.150
1997-06-17 00:30,1.150
1997-06-17 00:36,1.150
1997-06-17 00:42,1.151
1997-06-17 00:48,1.152
1997-06-17 00:54,1.153
1997-06-17 01:00,1.154
1997-06-17 01:06,1.156
1997-06-17 01:12,1.158
1997-06-17 01:18,1.160
1997-06-17 01:24,1.163
1997-06-17 01:30,1.165
1997-06-17 01:36,1.168
1997-06-17 01:42,1.171
1997-06-17 01:48,1.175
1997-06-17 01:54,1.178
1997-06-17 02:00,1.182
1997-06-17 02:06,1.186
1997-06-17 02:12,1.190
1997-06-17 02:18,1.195
1997-06-17 02:24,1.199
1997-06-17 02:30,1.204
1997-06-17 02:36,1.209
1997-06-17 02:42,1.214
1997-06-17 02:48,1.220
1997-06-17 02:54,1.225
1997-06-17 03:00,1.231
1997-06-17 03:06,1.237
1997-06-17 03:12,1.242
1997-06-17 03:18,1.248
1997-06-17 03:24,1.255
1997-06-17 03:30,1.261
1997-06-17 03:36,1.267
1997-06-17 03:42,1.274
1997-06-17 03:48,1.280
1997-06-17 03:54,1.287
1997-06-17 04:00,1.293
1997-06-17 04:06,1.300
1997-06-17 04:12,1.307
1997-06-17 04:18,1.313
1997-06-17 04:24,1.320
1997-06-17 04:30,1.327
1997-06-17 04:36,1.333
1997-06-17 04:42,1.340
1997-06-17 04:48,1.347
1997-06-17 04:54,1.353
1997-06-17 05:00,1.360
1997-06-17 05:06,1.366
1997-06-17 05:12,1.373
1997-06-17 05:18,1.379
1997-06-17 05:24,1.385
1997-06-17 05:30,1.391
1997-06-17 05:36,1.397
1997-06-17 05:42,1.403
1997-06-17 05:48,1.409
1997-06-17 05:54,1.414
1997-06-17 06:00,1.420
1997-06-17 06:06,1.425
1997-06-17 06:12,1.430
1997-06-17 06:18,1.435
1997-06-17 06:24,1.440
1997-06-17 06:30,1.445
1997-06-17 06:36,1.449
1997-06-17 06:42,1.453
1997-06-17 06:48,1.457
1997-06-17 06:54,1.461
1997-06-17 07:00,1.465
1997-06-17 07:06,1.469
1997-06-17 07:12,1.472
1997-06-17 07:18,1.475
1997-06-17 07:24,1.478
1997-06-17 07:30,1.481
1997-06-17 07:36,1.484
1997-06-17 07:42,1.487
1997-06-17 07:48,1.489
1997-06-17 07:54,1.491
1997-06-17 08:00,1.493
1997-06-17 08:06,1.495
1997-06-17 08:12,1.497
1997-06-17 08:18,1.499
1997-06-17 08:24,1.500
1997-06-17 08:30,1.501
1997-06-17 08:36,1.502
1997-06-17 08:42,1.504
1997-06-17 08:48,1.504
1997-06-17 08:54,1.505
1997-06-17 09:00,1.506
1997-06-17 09:06,1.506
1997-06-17 09:12,1.507
1997-06-17 09:18,1.507
1997-06-17 09:24,1.507
1997-06-17 09:30,1.507
1997-06-17 09:36,1.507
1997-06-17 09:42,1.507
1997-06-17 09:48,1.507
1997-06-17 09:54,1.506
1997-06-17 10:00,1.506
1997-06-17 10:06,1.506
1997-06-17 10:12,1.505
1997-06-17 10:18,1.504
1997-06-17 10:24,1.504
1997-06-17 10:30,1.503
1997-06-17 10:36,1.502
1997-06-17 10:42,1.501
1997-06-17 10:48,1.500
1997-06-17 10:54,1.500
1997-06-17 11:00,1.499
1997-06-17 11:06,1.498
1997-06-17 11:12,1.497
1997-06-17 11:18,1.496
1997-06-17 11:24,1.495
1997-06-17 11:30,1.494
1997-06-17 11:36,1.493
1997-06-17 11:42,1.492
1997-06-17 11:48,1.491
1997-06-17 11:54,1.490
1997-06-17 12:00,1.489
1997-06-17 12:06,1.488
1997-06-17 12:12,1.488
1997-06-17 12:18,1.487
1997-06-17 12:24,1.486
1997-06-17 12:30,1.485
1997-06-17 12:36,1.484
1997-06-17 12:42,1.484
1997-06-17 12:48,1.483
1997-06-17 12:54,1.483
1997-06-17 13:00,1.482
1997-06-17 13:06,1.481
1997-06-17 13:12,1.481
1997-06-17 13:18,1.481
1997-06-17 13:24,1.480
1997-06-17 13:30,1.480
1997-06-17 13:36,1.480
1997-06-17 13:42,1.479
1997-06-17 13:48,1.479
1997-06-17 13:54,1.479
1997-06-17 14:00,1.479
1997-06-17 14:06,1.479
1997-06-17 14:12,1.479
1997-06-17 14:18,1.479
1997-06-17 14:24,1.479
1997-06-17 14:30,1.479
1997-06-17 14:36,1.479
1997-06-17 14:42,1.479
1997-06-17 14:48,1.479
1997-06-17 14:54,1.479
1997-06-17 15:00,1.479
1997-06-17 15:06,1.479
1997-06-17 15:12,1.479
1997-06-17 15:18,1.478
1997-06-17 15:24,1.478
1997-06-17 15:30,1.478
1997-06-17 15:36,1.478
1997-06-17 15:42,1.478
1997-06-17 15:48,1.478
1997-06-17 15:54,1.477
1997-06-17 16:00,1.477
1997-06-17 16:06,1.476
1997-06-17 16:12,1.476
1997-06-17 16:18,1.475
1997-06-17 16:24,1.474
1997-06-17 16:30,1.473
1997-06-17 16:36,1.472
1997-06-17 16:42,1.471
1997-06-17 16:48,1.470
1997-06-17 16:54,1.468
1997-06-17 17:00,1.467
1997-06-17 17:06,1.465
1997-06-17 17:12,1.463
1997-06-17 17:18,1.461
1997-06-17 17:24,1.459
1997-06-17 17:30,1.457
1997-06-17 17:36,1.455
1997-06-17 17:42,1.452
1997-06-17 17:48,1.449
1997-06-17 17:54,1.447
1997-06-17 18:00,1.444
1997-06-17 18:06,1.440
1997-06-17 18:12,1.437
1997-06-17 18:18,1.434
1997-06-17 18:24,1.430
1997-06-17 18:30,1.426
1997-06-17 18:36,1.422
1997-06-17 18:42,1.418
1997-06-17 18:48,1.414
1997-06-17 18:54,1.410
1997-06-17 19:00,1.405
1997-06-17 19:06,1.400
1997-06-17 19:12,1.395
1997-06-17 19:18,1.390
1997-06-17 19:24,1.385
1997-06-17 19:30,1.380
1997-06-17 19:36,1.375
1997-06-17 19:42,1.369
1997-06-17 19:48,1.363
1997-06-17 19:54,1.357
1997-06-17 20:00,1.351
1997-06-17 20:06,1.345
1997-06-17 20:12,1.339
1997-06-17 20:18,1.333
1997-06-17 20:24,1.326
1997-06-17 20:30,1.320
1997-06-17 20:36,1.313
1997-06-17 20:42,1.307
1997-06-17 20:48,1.300
1997-06-17 20:54,1.293
1997-06-17 21:00,1.286
1997-06-17 21:06,1.280
1997-06-17 21:12,1.273
1997-06-17 21:18,1.266
1997-06-17 21:24,1.259
1997-06-17 21:30,1.252
1997-06-17 21:36,1.245
1997-06-17 21:42,1.239
1997-06-17 21:48,1.232
1997-06-17 21:54,1.225
1997-06-17 22:00,1.219
1997-06-17 22:06,1.212
1997-06-17 22:12,1.206
1997-06-17 22:18,1.200
1997-06-17 22:24,1.193
1997-06-17 22:30,1.187
1997-06-17 22:36,1.181
1997-06-17 22:42,1.176
1997-06-17 22:48,1.170
1997-06-17 22:54,1.165
1997-06-17 23:00,1.159
1997-06-17 23:06,1.154
1997-06-17 23:12,1.150
1997-06-17 23:18,1.145
1997-06-17 23:24,1.141
1997-06-17 23:30,1.136
1997-06-17 23:36,1.132
1997-06-17 23:42,1.129
1997-06-17 23:48,1.125
1997-06-17 23:54,1.122
1997-06-18 00:00,1.119
1997-06-18 00:06,1.116
1997-06-18 00:12,1.113
1997-06-18 00:18,1.111
1997-06-18 00:24,1.109
1997-06-18 00:30,1.107
1997-06-18 00:36,1.106
1997-06-18 00:42,1.105
1997-06-18 00:48,1.104
1997-06-18 00:54,1.103
1997-06-18 01:00,1.103
1997-06-18 01:06,1.103
1997-06-18 01:12,1.104
1997-06-18 01:18,1.104
1997-06-18 01:24,1.105
1997-06-18 01:30,1.106
1997-06-18 01:36,1.108
1997-06-18 01:42,1.110
1997-06-18 01:48,1.112
1997-06-18 01:54,1.115
1997-06-18 02:00,1.118
1997-06-18 02:06,1.121
1997-06-18 02:12,1.125
1997-06-18 02:18,1.128
1997-06-18 02:24,1.133
1997-06-18 02:30,1.137
1997-06-18 02:36,1.142
1997-06-18 02:42,1.147
1997-06-18 02:48,1.152
1997-06-18 02:54,1.158
1997-06-18 03:00,1.163
1997-06-18 03:06,1.169
1997-06-18 03:12,1.176
1997-06-18 03:18,1.182
1997-06-18 03:24,1.189
1997-06-18 03:30,1.196
1997-06-18 03:36,1.203
1997-06-18 03:42,1.210
1997-06-18 03:48,1.217
1997-06-18 03:54,1.225
1997-06-18 04:00,1.232
1997-06-18 04:06,1.240
1997-06-18 04:12,1.247
1997-06-18 04:18,1.255
1997-06-18 04:24,1.263
1997-06-18 04:30,1.271
1997-06-18 04:36,1.279
1997-06-18 04:42,1.287
1997-06-18 04:48,1.295
1997-06-18 04:54,1.303
1997-06-18 05:00,1.311
1997-06-18 05:06,1.319
1997-06-18 05:12,1.327
1997-06-18 05:18,1.335
1997-06-18 05:24,1.342
1997-06-18 05:30,1.350
1997-06-18 05:36,1.358
1997-06-18 05:42,1.365
1997-06-18 05:48,1.373
1997-06-18 05:54,1.380
1997-06-18 06:00,1.388
1997-06-18 06:06,1.395
1997-06-18 06:12,1.402
1997-06-18 06:18,1.409
1997-06-18 06:24,1.416
1997-06-18 06:30,1.423
1997-06-18 06:36,1.430
1997-06-18 06:42,1.436
1997-06-18 06:48,1.443
1997-06-18 06:54,1.449
1997-06-18 07:00,1.455
1997-06-18 07:06,1.461
1997-06-18 07:12,1.467
1997-06-18 07:18,1.472
1997-06-18 07:24,1.478
1997-06-18 07:30,1.483
1997-06-18 07:36,1.488
1997-06-18 07:42,1.493
1997-06-18 07:48,1.497
1997-06-18 07:54,1.502
1997-06-18 08:00,1.506
1997-06-18 08:06,1.509
1997-06-18 08:12,1.513
1997-06-18 08:18,1.517
1997-06-18 08:24,1.520
1997-06-18 08:30,1.523
1997-06-18 08:36,1.525
1997-06-18 08:42,1.528
1997-06-18 08:48,1.530
1997-06-18 08:54,1.532
1997-06-18 09:00,1.534
1997-06-18 09:06,1.536
1997-06-18 09:12,1.537
1997-06-18 09:18,1.539
1997-06-18 09:24,1.540
1997-06-18 09:30,1.541
1997-06-18 09:36,1.541
1997-06-18 09:42,1.542
1997-06-18 09:48,1.542
1997-06-18 09:54,1.543
1997-06-18 10:00,1.543
1997-06-18 10:06,1.543
1997-06-18 10:12,1.543
1997-06-18 10:18,1.543
1997-06-18 10:24,1.542
1997-06-18 10:30,1.542
1997-06-18 10:36,1.542
1997-06-18 10:42,1.541
1997-06-18 10:48,1.541
1997-06-18 10:54,1.540
1997-06-18 11:00,1.539
1997-06-18 11:06,1.539
1997-06-18 11:12,1.538
1997-06-18 11:18,1.537
1997-06-18 11:24,1.536
1997-06-18 11:30,1.535
1997-06-18 11:36,1.534
1997-06-18 11:42,1.533
1997-06-18 11:48,1.532
1997-06-18 11:54,1.531
1997-06-18 12:00,1.530
1997-06-18 12:06,1.529
1997-06-18 12:12,1.527
1997-06-18 12:18,1.526
1997-06-18 12:24,1.525
1997-06-18 12:30,1.523
1997-06-18 12:36,1.522
1997-06-18 12:42,1.521
1997-06-18 12:48,1.519
1997-06-18 12:54,1.518
1997-06-18 13:00,1.517
1997-06-18 13:06,1.515
1997-06-18 13:12,1.514
1997-06-18 13:18,1.513
1997-06-18 13:24,1.511
1997-06-18 13:30,1.510
1997-06-18 13:36,1.509
1997-06-18 13:42,1.507
1997-06-18 13:48,1.506
1997-06-18 13:54,1.505
1997-06-18 14:00,1.504
1997-06-18 14:06,1.503
1997-06-18 14:12,1.502
1997-06-18 14:18,1.501
1997-06-18 14:24,1.501
1997-06-18 14:30,1.500
1997-06-18 14:36,1.499
1997-06-18 14:42,1.499
1997-06-18 14:48,1.498
1997-06-18 14:54,1.497
1997-06-18 15:00,1.497
1997-06-18 15:06,1.497
1997-06-18 15:12,1.496
1997-06-18 15:18,1.496
1997-06-18 15:24,1.496
1997-06-18 15:30,1.495
1997-06-18 15:36,1.495
1997-06-18 15:42,1.495
1997-06-18 15:48,1.494
1997-06-18 15:54,1.494
1997-06-18 16:00,1.493
1997-06-18 16:06,1.493
1997-06-18 16:12,1.492
1997-06-18 16:18,1.491
1997-06-18 16:24,1.491
1997-06-18 16:30,1.490
1997-06-18 16:36,1.489
1997-06-18 16:42,1.488
1997-06-18 16:48,1.487
1997-06-18 16:54,1.485
1997-06-18 17:00,1.484
1997-06-18 17:06,1.482
1997-06-18 17:12,1.481
1997-06-18 17:18,1.479
1997-06-18 17:24,1.477
1997-06-18 17:30,1.475
1997-06-18 17:36,1.473
1997-06-18 17:42,1.470
1997-06-18 17:48,1.468
1997-06-18 17:54,1.465
1997-06-18 18:00,1.463
1997-06-18 18:06,1.460
1997-06-18 18:12,1.457
1997-06-18 18:18,1.454
1997-06-18 18:24,1.450
1997-06-18 18:30,1.447
1997-06-18 18:36,1.443
1997-06-18 18:42,1.440
1997-06-18 18:48,1.436
1997-06-18 18:54,1.432
1997-06-18 19:00,1.428
1997-06-18 19:06,1.424
1997-06-18 19:12,1.419
1997-06-18 19:18,1.415
1997-06-18 19:24,1.410
1997-06-18 19:30,1.405
1997-06-18 19:36,1.400
1997-06-18 19:42,1.395
1997-06-18 19:48,1.390
1997-06-18 19:54,1.384
1997-06-18 20:00,1.379
1997-06-18 20:06,1.373
1997-06-18 20:12,1.367
1997-06-18 20:18,1.361
1997-06-18 20:24,1.354
1997-06-18 20:30,1.348
1997-06-18 20:36,1.341
1997-06-18 20:42,1.334
1997-06-18 20:48,1.327
1997-06-18 20:54,1.320
1997-06-18 21:00,1.313
1997-06-18 21:06,1.305
1997-06-18 21:12,1.298
1997-06-18 21:18,1.290
1997-06-18 21:24,1.283
1997-06-18 21:30,1.275
1997-06-18 21:36,1.267
1997-06-18 21:42,1.259
1997-06-18 21:48,1.251
1997-06-18 21:54,1.243
1997-06-18 22:00,1.236
1997-06-18 22:06,1.228
1997-06-18 22:12,1.220
1997-06-18 22:18,1.212
1997-06-18 22:24,1.205
1997-06-18 22:30,1.197
1997-06-18 22:36,1.190
1997-06-18 22:42,1.183
1997-06-18 22:48,1.175
1997-06-18 22:54,1.168
1997-06-18 23:00,1.162
1997-06-18 23:06,1.155
1997-06-18 23:12,1.148
1997-06-18 23:18,1.142
1997-06-18 23:24,1.136
1997-06-18 23:30,1.130
1997-06-18 23:36,1.125
1997-06-18 23:42,1.119
1997-06-18 23:48,1.114
1997-06-18 23:54,1.109
1997-06-19 00:00,1.104
1997-06-19 00:06,1.099
1997-06-19 00:12,1.095
1997-06-19 00:18,1.091
1997-06-19 00:24,1.087
1997-06-19 00:30,1.083
1997-06-19 00:36,1.080
1997-06-19 00:42,1.077
1997-06-19 00:48,1.074
1997-06-19 00:54,1.071
1997-06-19 01:00,1.069
1997-06-19 01:06,1.067
1997-06-19 01:12,1.065
1997-06-19 01:18,1.064
1997-06-19 01:24,1.063
1997-06-19 01:30,1.062
1997-06-19 01:36,1.062
1997-06-19 01:42,1.062
1997-06-19 01:48,1.062
1997-06-19 01:54,1.063
1997-06-19 02:00,1.064
1997-06-19 02:06,1.065
1997-06-19 02:12,1.067
1997-06-19 02:18,1.069
1997-06-19 02:24,1.071
1997-06-19 02:30,1.074
1997-06-19 02:36,1.078
1997-06-19 02:42,1.081
1997-06-19 02:48,1.085
1997-06-19 02:54,1.090
1997-06-19 03:00,1.094
1997-06-19 03:06,1.099
1997-06-19 03:12,1.105
1997-06-19 03:18,1.111
1997-06-19 03:24,1.117
1997-06-19 03:30,1.123
1997-06-19 03:36,1.130
1997-06-19 03:42,1.137
1997-06-19 03:48,1.144
1997-06-19 03:54,1.151
1997-06-19 04:00,1.159
1997-06-19 04:06,1.167
1997-06-19 04:12,1.175
1997-06-19 04:18,1.183
1997-06-19 04:24,1.192
1997-06-19 04:30,1.200
1997-06-19 04:36,1.209
1997-06-19 04:42,1.218
1997-06-19 04:48,1.226
1997-06-19 04:54,1.235
1997-06-19 05:00,1.244
1997-06-19 05:06,1.253
1997-06-19 05:12,1.262
1997-06-19 05:18,1.271
1997-06-19 05:24,1.280
1997-06-19 05:30,1.289
1997-06-19 05:36,1.298
1997-06-19 05:42,1.307
1997-06-19 05:48,1.316
1997-06-19 05:54,1.325
1997-06-19 06:00,1.334
1997-06-19 06:06,1.343
1997-06-19 06:12,1.352
1997-06-19 06:18,1.360
1997-06-19 06:24,1.369
1997-06-19 06:30,1.378
1997-06-19 06:36,1.386
1997-06-19 06:42,1.395
1997-06-19 06:48,1.403
1997-06-19 06:54,1.411
1997-06-19 07:00,1.420
1997-06-19 07:06,1.428
1997-06-19 07:12,1.436
1997-06-19 07:18,1.443
1997-06-19 07:24,1.451
1997-06-19 07:30,1.458
1997-06-19 07:36,1.466
1997-06-19 07:42,1.473
1997-06-19 07:48,1.480
1997-06-19 07:54,1.486
1997-06-19 08:00,1.493
1997-06-19 08:06,1.499
1997-06-19 08:12,1.505
1997-06-19 08:18,1.511
1997-06-19 08:24,1.516
1997-06-19 08:30,1.521
1997-06-19 08:36,1.526
1997-06-19 08:42,1.531
1997-06-19 08:48,1.535
1997-06-19 08:54,1.539
1997-06-19 09:00,1.543
1997-06-19 09:06,1.547
1997-06-19 09:12,1.550
1997-06-19 09:18,1.553
1997-06-19 09:24,1.555
1997-06-19 09:30,1.558
1997-06-19 09:36,1.560
1997-06-19 09:42,1.562
1997-06-19 09:48,1.564
1997-06-19 09:54,1.565
1997-06-19 10:00,1.566
1997-06-19 10:06,1.567
1997-06-19 10:12,1.568
1997-06-19 10:18,1.569
1997-06-19 10:24,1.570
1997-06-19 10:30,1.570
1997-06-19 10:36,1.570
1997-06-19 10:42,1.571
1997-06-19 10:48,1.571
1997-06-19 10:54,1.571
1997-06-19 11:00,1.570
1997-06-19 11:06,1.570
1997-06-19 11:12,1.570
1997-06-19 11:18,1.570
1997-06-19 11:24,1.569
1997-06-19 11:30,1.569
1997-06-19 11:36,1.568
1997-06-19 11:42,1.567
1997-06-19 11:48,1.567
1997-06-19 11:54,1.566
1997-06-19 12:00,1.565
1997-06-19 12:06,1.564
1997-06-19 12:12,1.563
1997-06-19 12:18,1.562
1997-06-19 12:24,1.561
1997-06-19 12:30,1.559
1997-06-19 12:36,1.558
1997-06-19 12:42,1.557
1997-06-19 12:48,1.555
1997-06-19 12:54,1.554
1997-06-19 13:00,1.552
1997-06-19 13:06,1.550
1997-06-19 13:12,1.549
1997-06-19 13:18,1.547
1997-06-19 13:24,1.545
1997-06-19 13:30,1.543
1997-06-19 13:36,1.542
1997-06-19 13:42,1.540
1997-06-19 13:48,1.538
1997-06-19 13:54,1.536
1997-06-19 14:00,1.534
1997-06-19 14:06,1.532
1997-06-19 14:12,1.531
1997-06-19 14:18,1.529
1997-06-19 14:24,1.527
1997-06-19 14:30,1.526
1997-06-19 14:36,1.524
1997-06-19 14:42,1.523
1997-06-19 14:48,1.522
1997-06-19 14:54,1.520
1997-06-19 15:00,1.519
1997-06-19 15:06,1.518
1997-06-19 15:12,1.517
1997-06-19 15:18,1.516
1997-06-19 15:24,1.515
1997-06-19 15:30,1.514
1997-06-19 15:36,1.514
1997-06-19 15:42,1.513
1997-06-19 15:48,1.512
1997-06-19 15:54,1.512
1997-06-19 16:00,1.511
1997-06-19 16:06,1.510
1997-06-19 16:12,1.510
1997-06-19 16:18,1.509
1997-06-19 16:24,1.508
1997-06-19 16:30,1.507
1997-06-19 16:36,1.507
1997-06-19 16:42,1.506
1997-06-19 16:48,1.505
1997-06-19 16:54,1.504
1997-06-19 17:00,1.502
1997-06-19 17:06,1.501
1997-06-19 17:12,1.500
1997-06-19 17:18,1.498
1997-06-19 17:24,1.497
1997-06-19 17:30,1.495
1997-06-19 17:36,1.493
1997-06-19 17:42,1.491
1997-06-19 17:48,1.489
1997-06-19 17:54,1.487
1997-06-19 18:00,1.484
1997-06-19 18:06,1.482
1997-06-19 18:12,1.479
1997-06-19 18:18,1.477
1997-06-19 18:24,1.474
1997-06-19 18:30,1.471
1997-06-19 18:36,1.468
1997-06-19 18:42,1.465
1997-06-19 18:48,1.461
1997-06-19 18:54,1.458
1997-06-19 19:00,1.455
1997-06-19 19:06,1.451
1997-06-19 19:12,1.447
1997-06-19 19:18,1.443
1997-06-19 19:24,1.439
1997-06-19 19:30,1.435
1997-06-19 19:36,1.431
1997-06-19 19:42,1.426
1997-06-19 19:48,1.422
1997-06-19 19:54,1.417
1997-06-19 20:00,1.412
1997-06-19 20:06,1.407
1997-06-19 20:12,1.401
1997-06-19 20:18,1.396
1997-06-19 20:24,1.390
1997-06-19 20:30,1.384
1997-06-19 20:36,1.378
1997-06-19 20:42,1.372
1997-06-19 20:48,1.365
1997-06-19 20:54,1.358
1997-06-19 21:00,1.352
1997-06-19 21:06,1.344
1997-06-19 21:12,1.337
1997-06-19 21:18,1.329
1997-06-19 21:24,1.322
1997-06-19 21:30,1.314
1997-06-19 21:36,1.306
1997-06-19 21:42,1.298
1997-06-19 21:48,1.289
1997-06-19 21:54,1.281
1997-06-19 22:00,1.273
1997-06-19 22:06,1.264
1997-06-19 22:12,1.256
1997-06-19 22:18,1.247
1997-06-19 22:24,1.238
1997-06-19 22:30,1.230
1997-06-19 22:36,1.221
1997-06-19 22:42,1.213
1997-06-19 22:48,1.204
1997-06-19 22:54,1.196
1997-06-19 23:00,1.188
1997-06-19 23:06,1.179
1997-06-19 23:12,1.171
1997-06-19 23:18,1.163
1997-06-19 23:24,1.156
1997-06-19 23:30,1.148
1997-06-19 23:36,1.141
1997-06-19 23:42,1.134
1997-06-19 23:48,1.127
1997-06-19 23:54,1.120
1997-06-20 00:00,1.113
1997-06-20 00:06,1.107
1997-06-20 00:12,1.101
1997-06-20 00:18,1.095
1997-06-20 00:24,1.089
1997-06-20 00:30,1.083
1997-06-20 00:36,1.078
1997-06-20 00:42,1.073
1997-06-20 00:48,1.068
1997-06-20 00:54,1.064
1997-06-20 01:00,1.059
1997-06-20 01:06,1.055
1997-06-20 01:12,1.051
1997-06-20 01:18,1.048
1997-06-20 01:24,1.044
1997-06-20 01:30,1.041
1997-06-20 01:36,1.039
1997-06-20 01:42,1.036
1997-06-20 01:48,1.034
1997-06-20 01:54,1.033
1997-06-20 02:00,1.031
1997-06-20 02:06,1.030
1997-06-20 02:12,1.030
1997-06-20 02:18,1.029
1997-06-20 02:24,1.029
1997-06-20 02:30,1.030
1997-06-20 02:36,1.031
1997-06-20 02:42,1.032
1997-06-20 02:48,1.034
1997-06-20 02:54,1.036
1997-06-20 03:00,1.039
1997-06-20 03:06,1.041
1997-06-20 03:12,1.045
1997-06-20 03:18,1.049
1997-06-20 03:24,1.053
1997-06-20 03:30,1.058
1997-06-20 03:36,1.063
1997-06-20 03:42,1.068
1997-06-20 03:48,1.074
1997-06-20 03:54,1.080
1997-06-20 04:00,1.086
1997-06-20 04:06,1.093
1997-06-20 04:12,1.100
1997-06-20 04:18,1.108
1997-06-20 04:24,1.115
1997-06-20 04:30,1.123
1997-06-20 04:36,1.131
1997-06-20 04:42,1.140
1997-06-20 04:48,1.148
1997-06-20 04:54,1.157
1997-06-20 05:00,1.166
1997-06-20 05:06,1.175
1997-06-20 05:12,1.184
1997-06-20 05:18,1.194
1997-06-20 05:24,1.203
1997-06-20 05:30,1.213
1997-06-20 05:36,1.222
1997-06-20 05:42,1.232
1997-06-20 05:48,1.242
1997-06-20 05:54,1.252
1997-06-20 06:00,1.261
1997-06-20 06:06,1.271
1997-06-20 06:12,1.281
1997-06-20 06:18,1.291
1997-06-20 06:24,1.301
1997-06-20 06:30,1.311
1997-06-20 06:36,1.321
1997-06-20 06:42,1.331
1997-06-20 06:48,1.341
1997-06-20 06:54,1.350
1997-06-20 07:00,1.360
1997-06-20 07:06,1.370
1997-06-20 07:12,1.380
1997-06-20 07:18,1.389
1997-06-20 07:24,1.399
1997-06-20 07:30,1.408
1997-06-20 07:36,1.417
1997-06-20 07:42,1.426
1997-06-20 07:48,1.435
1997-06-20 07:54,1.444
1997-06-20 08:00,1.453
1997-06-20 08:06,1.461
1997-06-20 08:12,1.470
1997-06-20 08:18,1.478
1997-06-20 08:24,1.485
1997-06-20 08:30,1.493
1997-06-20 08:36,1.500
1997-06-20 08:42,1.507
1997-06-20 08:48,1.514
1997-06-20 08:54,1.520
1997-06-20 09:00,1.526
1997-06-20 09:06,1.532
1997-06-20 09:12,1.538
1997-06-20 09:18,1.543
1997-06-20 09:24,1.548
1997-06-20 09:30,1.552
1997-06-20 09:36,1.556
1997-06-20 09:42,1.560
1997-06-20 09:48,1.564
1997-06-20 09:54,1.567
1997-06-20 10:00,1.570
1997-06-20 10:06,1.573
1997-06-20 10:12,1.575
1997-06-20 10:18,1.578
1997-06-20 10:24,1.580
1997-06-20 10:30,1.581
1997-06-20 10:36,1.583
1997-06-20 10:42,1.584
1997-06-20 10:48,1.586
1997-06-20 10:54,1.587
1997-06-20 11:00,1.587
1997-06-20 11:06,1.588
1997-06-20 11:12,1.589
1997-06-20 11:18,1.589
1997-06-20 11:24,1.589
1997-06-20 11:30,1.590
1997-06-20 11:36,1.590
1997-06-20 11:42,1.590
1997-06-20 11:48,1.589
1997-06-20 11:54,1.589
1997-06-20 12:00,1.589
1997-06-20 12:06,1.588
1997-06-20 12:12,1.588
1997-06-20 12:18,1.587
1997-06-20 12:24,1.587
1997-06-20 12:30,1.586
1997-06-20 12:36,1.585
1997-06-20 12:42,1.584
1997-06-20 12:48,1.583
1997-06-20 12:54,1.582
1997-06-20 13:00,1.580
1997-06-20 13:06,1.579
1997-06-20 13:12,1.578
1997-06-20 13:18,1.576
1997-06-20 13:24,1.574
1997-06-20 13:30,1.573
1997-06-20 13:36,1.571
1997-06-20 13:42,1.569
1997-06-20 13:48,1.567
1997-06-20 13:54,1.565
1997-06-20 14:00,1.563
1997-06-20 14:06,1.561
1997-06-20 14:12,1.559
1997-06-20 14:18,1.557
1997-06-20 14:24,1.555
1997-06-20 14:30,1.553
1997-06-20 14:36,1.551
1997-06-20 14:42,1.549
1997-06-20 14:48,1.547
1997-06-20 14:54,1.545
1997-06-20 15:00,1.543
1997-06-20 15:06,1.541
1997-06-20 15:12,1.540
1997-06-20 15:18,1.538
1997-06-20 15:24,1.536
1997-06-20 15:30,1.535
1997-06-20 15:36,1.534
1997-06-20 15:42,1.532
1997-06-20 15:48,1.531
1997-06-20 15:54,1.530
1997-06-20 16:00,1.528
1997-06-20 16:06,1.527
1997-06-20 16:12,1.526
1997-06-20 16:18,1.525
1997-06-20 16:24,1.524
1997-06-20 16:30,1.523
1997-06-20 16:36,1.522
1997-06-20 16:42,1.521
1997-06-20 16:48,1.520
1997-06-20 16:54,1.519
1997-06-20 17:00,1.518
1997-06-20 17:06,1.517
1997-06-20 17:12,1.516
1997-06-20 17:18,1.515
1997-06-20 17:24,1.513
1997-06-20 17:30,1.512
1997-06-20 17:36,1.510
1997-06-20 17:42,1.509
1997-06-20 17:48,1.507
1997-06-20 17:54,1.506
1997-06-20 18:00,1.504
1997-06-20 18:06,1.502
1997-06-20 18:12,1.500
1997-06-20 18:18,1.498
1997-06-20 18:24,1.496
1997-06-20 18:30,1.494
1997-06-20 18:36,1.491
1997-06-20 18:42,1.489
1997-06-20 18:48,1.486
1997-06-20 18:54,1.483
1997-06-20 19:00,1.481
1997-06-20 19:06,1.478
1997-06-20 19:12,1.475
1997-06-20 19:18,1.472
1997-06-20 19:24,1.469
1997-06-20 19:30,1.465
1997-06-20 19:36,1.462
1997-06-20 19:42,1.458
1997-06-20 19:48,1.454
1997-06-20 19:54,1.450
1997-06-20 20:00,1.446
1997-06-20 20:06,1.442
1997-06-20 20:12,1.438
1997-06-20 20:18,1.433
1997-06-20 20:24,1.429
1997-06-20 20:30,1.424
1997-06-20 20:36,1.418
1997-06-20 20:42,1.413
1997-06-20 20:48,1.408
1997-06-20 20:54,1.402
1997-06-20 21:00,1.396
1997-06-20 21:06,1.389
1997-06-20 21:12,1.383
1997-06-20 21:18,1.376
1997-06-20 21:24,1.369
1997-06-20 21:30,1.362
1997-06-20 21:36,1.355
1997-06-20 21:42,1.347
1997-06-20 21:48,1.340
1997-06-20 21:54,1.332
1997-06-20 22:00,1.323
1997-06-20 22:06,1.315
1997-06-20 22:12,1.307
1997-06-20 22:18,1.298
1997-06-20 22:24,1.290
1997-06-20 22:30,1.281
1997-06-20 22:36,1.272
1997-06-20 22:42,1.263
1997-06-20 22:48,1.254
1997-06-20 22:54,1.245
1997-06-20 23:00,1.236
1997-06-20 23:06,1.227
1997-06-20 23:12,1.218
1997-06-20 23:18,1.209
1997-06-20 23:24,1.200
1997-06-20 23:30,1.192
1997-06-20 23:36,1.183
1997-06-20 23:42,1.175
1997-06-20 23:48,1.166
1997-06-20 23:54,1.158
1997-06-21 00:00,1.150
1997-06-21 00:06,1.142
1997-06-21 00:12,1.134
1997-06-21 00:18,1.126
1997-06-21 00:24,1.119
1997-06-21 00:30,1.111
1997-06-21 00:36,1.104
1997-06-21 00:42,1.097
1997-06-21 00:48,1.091
1997-06-21 00:54,1.084
1997-06-21 01:00,1.078
1997-06-21 01:06,1.072
1997-06-21 01:12,1.066
1997-06-21 01:18,1.060
1997-06-21 01:24,1.055
1997-06-21 01:30,1.050
1997-06-21 01:36,1.045
1997-06-21 01:42,1.040
1997-06-21 01:48,1.036
1997-06-21 01:54,1.032
1997-06-21 02:00,1.028
1997-06-21 02:06,1.025
1997-06-21 02:12,1.022
1997-06-21 02:18,1.019
1997-06-21 02:24,1.017
1997-06-21 02:30,1.015
1997-06-21 02:36,1.013
1997-06-21 02:42,1.012
1997-06-21 02:48,1.011
1997-06-21 02:54,1.010
1997-06-21 03:00,1.010
1997-06-21 03:06,1.010
1997-06-21 03:12,1.011
1997-06-21 03:18,1.012
1997-06-21 03:24,1.013
1997-06-21 03:30,1.015
1997-06-21 03:36,1.017
1997-06-21 03:42,1.020
1997-06-21 03:48,1.023
1997-06-21 03:54,1.027
1997-06-21 04:00,1.031
1997-06-21 04:06,1.035
1997-06-21 04:12,1.040
1997-06-21 04:18,1.045
1997-06-21 04:24,1.051
1997-06-21 04:30,1.057
1997-06-21 04:36,1.063
1997-06-21 04:42,1.070
1997-06-21 04:48,1.077
1997-06-21 04:54,1.084
1997-06-21 05:00,1.091
1997-06-21 05:06,1.099
1997-06-21 05:12,1.107
1997-06-21 05:18,1.116
1997-06-21 05:24,1.124
1997-06-21 05:30,1.133
1997-06-21 05:36,1.142
1997-06-21 05:42,1.151
1997-06-21 05:48,1.161
1997-06-21 05:54,1.170
1997-06-21 06:00,1.180
1997-06-21 06:06,1.190
1997-06-21 06:12,1.200
1997-06-21 06:18,1.210
1997-06-21 06:24,1.220
1997-06-21 06:30,1.231
1997-06-21 06:36,1.241
1997-06-21 06:42,1.252
1997-06-21 06:48,1.262
1997-06-21 06:54,1.273
1997-06-21 07:00,1.284
1997-06-21 07:06,1.294
1997-06-21 07:12,1.305
1997-06-21 07:18,1.316
1997-06-21 07:24,1.326
1997-06-21 07:30,1.337
1997-06-21 07:36,1.347
1997-06-21 07:42,1.358
1997-06-21 07:48,1.368
1997-06-21 07:54,1.379
1997-06-21 08:00,1.389
1997-06-21 08:06,1.399
1997-06-21 08:12,1.409
1997-06-21 08:18,1.419
1997-06-21 08:24,1.429
1997-06-21 08:30,1.438
1997-06-21 08:36,1.447
1997-06-21 08:42,1.456
1997-06-21 08:48,1.465
1997-06-21 08:54,1.474
1997-06-21 09:00,1.482
1997-06-21 09:06,1.490
1997-06-21 09:12,1.498
1997-06-21 09:18,1.505
1997-06-21 09:24,1.512
1997-06-21 09:30,1.519
1997-06-21 09:36,1.526
1997-06-21 09:42,1.532
1997-06-21 09:48,1.538
1997-06-21 09:54,1.543
1997-06-21 10:00,1.548
1997-06-21 10:06,1.553
1997-06-21 10:12,1.558
1997-06-21 10:18,1.562
1997-06-21 10:24,1.566
1997-06-21 10:30,1.570
1997-06-21 10:36,1.574
1997-06-21 10:42,1.577
1997-06-21 10:48,1.580
1997-06-21 10:54,1.582
1997-06-21 11:00,1.585
1997-06-21 11:06,1.587
1997-06-21 11:12,1.589
1997-06-21 11:18,1.591
1997-06-21 11:24,1.592
1997-06-21 11:30,1.594
1997-06-21 11:36,1.595
1997-06-21 11:42,1.596
1997-06-21 11:48,1.597
1997-06-21 11:54,1.597
1997-06-21 12:00,1.598
1997-06-21 12:06,1.598
1997-06-21 12:12,1.598
1997-06-21 12:18,1.598
1997-06-21 12:24,1.598
1997-06-21 12:30,1.598
1997-06-21 12:36,1.598
1997-06-21 12:42,1.598
1997-06-21 12:48,1.597
1997-06-21 12:54,1.596
1997-06-21 13:00,1.596
1997-06-21 13:06,1.595
1997-06-21 13:12,1.594
1997-06-21 13:18,1.593
1997-06-21 13:24,1.592
1997-06-21 13:30,1.590
1997-06-21 13:36,1.589
1997-06-21 13:42,1.588
1997-06-21 13:48,1.586
1997-06-21 13:54,1.584
1997-06-21 14:00,1.583
1997-06-21 14:06,1.581
1997-06-21 14:12,1.579
1997-06-21 14:18,1.577
1997-06-21 14:24,1.575
1997-06-21 14:30,1.573
1997-06-21 14:36,1.571
1997-06-21 14:42,1.569
1997-06-21 14:48,1.567
1997-06-21 14:54,1.565
1997-06-21 15:00,1.563
1997-06-21 15:06,1.561
1997-06-21 15:12,1.559
1997-06-21 15:18,1.557
1997-06-21 15:24,1.555
1997-06-21 15:30,1.553
1997-06-21 15:36,1.551
1997-06-21 15:42,1.549
1997-06-21 15:48,1.547
1997-06-21 15:54,1.546
1997-06-21 16:00,1.544
1997-06-21 16:06,1.542
1997-06-21 16:12,1.540
1997-06-21 16:18,1.539
1997-06-21 16:24,1.537
1997-06-21 16:30,1.536
1997-06-21 16:36,1.534
1997-06-21 16:42,1.533
1997-06-21 16:48,1.531
1997-06-21 16:54,1.530
1997-06-21 17:00,1.528
1997-06-21 17:06,1.527
1997-06-21 17:12,1.526
1997-06-21 17:18,1.524
1997-06-21 17:24,1.523
1997-06-21 17:30,1.522
1997-06-21 17:36,1.521
1997-06-21 17:42,1.519
1997-06-21 17:48,1.518
1997-06-21 17:54,1.516
1997-06-21 18:00,1.515
1997-06-21 18:06,1.514
1997-06-21 18:12,1.512
1997-06-21 18:18,1.511
1997-06-21 18:24,1.509
1997-06-21 18:30,1.508
1997-06-21 18:36,1.506
1997-06-21 18:42,1.504
1997-06-21 18:48,1.503
1997-06-21 18:54,1.501
1997-06-21 19:00,1.499
1997-06-21 19:06,1.497
1997-06-21 19:12,1.495
1997-06-21 19:18,1.493
1997-06-21 19:24,1.491
1997-06-21 19:30,1.488
1997-06-21 19:36,1.486
1997-06-21 19:42,1.484
1997-06-21 19:48,1.481
1997-06-21 19:54,1.478
1997-06-21 20:00,1.475
1997-06-21 20:06,1.472
1997-06-21 20:12,1.469
1997-06-21 20:18,1.466
1997-06-21 20:24,1.462
1997-06-21 20:30,1.458
1997-06-21 20:36,1.454
1997-06-21 20:42,1.450
1997-06-21 20:48,1.446
1997-06-21 20:54,1.442
1997-06-21 21:00,1.437
1997-06-21 21:06,1.432
1997-06-21 21:12,1.427
1997-06-21 21:18,1.421
1997-06-21 21:24,1.416
1997-06-21 21:30,1.410
1997-06-21 21:36,1.404
1997-06-21 21:42,1.398
1997-06-21 21:48,1.391
1997-06-21 21:54,1.385
1997-06-21 22:00,1.378
1997-06-21 22:06,1.371
1997-06-21 22:12,1.363
1997-06-21 22:18,1.356
1997-06-21 22:24,1.348
1997-06-21 22:30,1.340
1997-06-21 22:36,1.332
1997-06-21 22:42,1.324
1997-06-21 22:48,1.316
1997-06-21 22:54,1.307
1997-06-21 23:00,1.299
1997-06-21 23:06,1.290
1997-06-21 23:12,1.282
1997-06-21 23:18,1.273
1997-06-21 23:24,1.264
1997-06-21 23:30,1.255
1997-06-21 23:36,1.246
1997-06-21 23:42,1.237
1997-06-21 23:48,1.228
1997-06-21 23:54,1.219
1997-06-22 00:00,1.210
1997-06-22 00:06,1.202
1997-06-22 00:12,1.193
1997-06-22 00:18,1.184
1997-06-22 00:24,1.176
1997-06-22 00:30,1.167
1997-06-22 00:36,1.159
1997-06-22 00:42,1.150
1997-06-22 00:48,1.142
1997-06-22 00:54,1.134
1997-06-22 01:00,1.126
1997-06-22 01:06,1.119
1997-06-22 01:12,1.111
1997-06-22 01:18,1.104
1997-06-22 01:24,1.097
1997-06-22 01:30,1.090
1997-06-22 01:36,1.083
1997-06-22 01:42,1.077
1997-06-22 01:48,1.070
1997-06-22 01:54,1.064
1997-06-22 02:00,1.059
1997-06-22 02:06,1.053
1997-06-22 02:12,1.048
1997-06-22 02:18,1.043
1997-06-22 02:24,1.038
1997-06-22 02:30,1.034
1997-06-22 02:36,1.030
1997-06-22 02:42,1.026
1997-06-22 02:48,1.023
1997-06-22 02:54,1.020
1997-06-22 03:00,1.017
1997-06-22 03:06,1.015
1997-06-22 03:12,1.013
1997-06-22 03:18,1.011
1997-06-22 03:24,1.010
1997-06-22 03:30,1.009
1997-06-22 03:36,1.008
1997-06-22 03:42,1.008
1997-06-22 03:48,1.008
1997-06-22 03:54,1.008
1997-06-22 04:00,1.009
1997-06-22 04:06,1.011
1997-06-22 04:12,1.012
1997-06-22 04:18,1.015
1997-06-22 04:24,1.017
1997-06-22 04:30,1.020
1997-06-22 04:36,1.023
1997-06-22 04:42,1.027
1997-06-22 04:48,1.031
1997-06-22 04:54,1.035
1997-06-22 05:00,1.040
1997-06-22 05:06,1.045
1997-06-22 05:12,1.051
1997-06-22 05:18,1.057
1997-06-22 05:24,1.063
1997-06-22 05:30,1.070
1997-06-22 05:36,1.077
1997-06-22 05:42,1.084
1997-06-22 05:48,1.091
1997-06-22 05:54,1.099
1997-06-22 06:00,1.107
1997-06-22 06:06,1.116
1997-06-22 06:12,1.125
1997-06-22 06:18,1.134
1997-06-22 06:24,1.143
1997-06-22 06:30,1.152
1997-06-22 06:36,1.162
1997-06-22 06:42,1.172
1997-06-22 06:48,1.182
1997-06-22 06:54,1.192
1997-06-22 07:00,1.202
1997-06-22 07:06,1.213
1997-06-22 07:12,1.223
1997-06-22 07:18,1.234
1997-06-22 07:24,1.245
1997-06-22 07:30,1.256
1997-06-22 07:36,1.267
1997-06-22 07:42,1.278
1997-06-22 07:48,1.289
1997-06-22 07:54,1.300
1997-06-22 08:00,1.311
1997-06-22 08:06,1.322
1997-06-22 08:12,1.333
1997-06-22 08:18,1.343
1997-06-22 08:24,1.354
1997-06-22 08:30,1.365
1997-06-22 08:36,1.375
1997-06-22 08:42,1.385
1997-06-22 08:48,1.396
1997-06-22 08:54,1.406
1997-06-22 09:00,1.415
1997-06-22 09:06,1.425
1997-06-22 09:12,1.434
1997-06-22 09:18,1.443
1997-06-22 09:24,1.452
1997-06-22 09:30,1.461
1997-06-22 09:36,1.470
1997-06-22 09:42,1.478
1997-06-22 09:48,1.486
1997-06-22 09:54,1.493
1997-06-22 10:00,1.501
1997-06-22 10:06,1.508
1997-06-22 10:12,1.514
1997-06-22 10:18,1.521
1997-06-22 10:24,1.527
1997-06-22 10:30,1.533
1997-06-22 10:36,1.539
1997-06-22 10:42,1.544
1997-06-22 10:48,1.549
1997-06-22 10:54,1.554
1997-06-22 11:00,1.558
1997-06-22 11:06,1.562
1997-06-22 11:12,1.566
1997-06-22 11:18,1.570
1997-06-22 11:24,1.573
1997-06-22 11:30,1.576
1997-06-22 11:36,1.579
1997-06-22 11:42,1.582
1997-06-22 11:48,1.584
1997-06-22 11:54,1.586
1997-06-22 12:00,1.588
1997-06-22 12:06,1.589
1997-06-22 12:12,1.591
1997-06-22 12:18,1.592
1997-06-22 12:24,1.593
1997-06-22 12:30,1.594
1997-06-22 12:36,1.594
1997-06-22 12:42,1.595
1997-06-22 12:48,1.595
1997-06-22 12:54,1.595
1997-06-22 13:00,1.595
1997-06-22 13:06,1.595
1997-06-22 13:12,1.595
1997-06-22 13:18,1.594
1997-06-22 13:24,1.594
1997-06-22 13:30,1.593
1997-06-22 13:36,1.592
1997-06-22 13:42,1.591
1997-06-22 13:48,1.590
1997-06-22 13:54,1.589
1997-06-22 14:00,1.588
1997-06-22 14:06,1.586
1997-06-22 14:12,1.585
1997-06-22 14:18,1.584
1997-06-22 14:24,1.582
1997-06-22 14:30,1.581
1997-06-22 14:36,1.579
1997-06-22 14:42,1.577
1997-06-22 14:48,1.576
1997-06-22 14:54,1.574
1997-06-22 15:00,1.572
1997-06-22 15:06,1.570
1997-06-22 15:12,1.568
1997-06-22 15:18,1.566
1997-06-22 15:24,1.564
1997-06-22 15:30,1.562
1997-06-22 15:36,1.560
1997-06-22 15:42,1.558
1997-06-22 15:48,1.556
1997-06-22 15:54,1.554
1997-06-22 16:00,1.552
1997-06-22 16:06,1.550
1997-06-22 16:12,1.548
1997-06-22 16:18,1.546
1997-06-22 16:24,1.544
1997-06-22 16:30,1.542
1997-06-22 16:36,1.540
1997-06-22 16:42,1.538
1997-06-22 16:48,1.536
1997-06-22 16:54,1.534
1997-06-22 17:00,1.532
1997-06-22 17:06,1.530
1997-06-22 17:12,1.528
1997-06-22 17:18,1.526
1997-06-22 17:24,1.524
1997-06-22 17:30,1.523
1997-06-22 17:36,1.521
1997-06-22 17:42,1.519
1997-06-22 17:48,1.518
1997-06-22 17:54,1.516
1997-06-22 18:00,1.515
1997-06-22 18:06,1.513
1997-06-22 18:12,1.512
1997-06-22 18:18,1.511
1997-06-22 18:24,1.509
1997-06-22 18:30,1.508
1997-06-22 18:36,1.507
1997-06-22 18:42,1.506
1997-06-22 18:48,1.505
1997-06-22 18:54,1.504
1997-06-22 19:00,1.502
1997-06-22 19:06,1.501
1997-06-22 19:12,1.500
1997-06-22 19:18,1.499
1997-06-22 19:24,1.498
1997-06-22 19:30,1.496
1997-06-22 19:36,1.495
1997-06-22 19:42,1.494
1997-06-22 19:48,1.492
1997-06-22 19:54,1.491
1997-06-22 20:00,1.489
1997-06-22 20:06,1.487
1997-06-22 20:12,1.485
1997-06-22 20:18,1.483
1997-06-22 20:24,1.481
1997-06-22 20:30,1.479
1997-06-22 20:36,1.477
1997-06-22 20:42,1.474
1997-06-22 20:48,1.471
1997-06-22 20:54,1.468
1997-06-22 21:00,1.465
1997-06-22 21:06,1.462
1997-06-22 21:12,1.458
1997-06-22 21:18,1.455
1997-06-22 21:24,1.451
1997-06-22 21:30,1.447
1997-06-22 21:36,1.442
1997-06-22 21:42,1.438
1997-06-22 21:48,1.433
1997-06-22 21:54,1.428
1997-06-22 22:00,1.423
1997-06-22 22:06,1.418
1997-06-22 22:12,1.412
1997-06-22 22:18,1.407
1997-06-22 22:24,1.401
1997-06-22 22:30,1.395
1997-06-22 22:36,1.388
1997-06-22 22:42,1.382
1997-06-22 22:48,1.375
1997-06-22 22:54,1.368
1997-06-22 23:00,1.361
1997-06-22 23:06,1.354
1997-06-22 23:12,1.347
1997-06-22 23:18,1.340
1997-06-22 23:24,1.332
1997-06-22 23:30,1.324
1997-06-22 23:36,1.316
1997-06-22 23:42,1.308
1997-06-22 23:48,1.300
1997-06-22 23:54,1.292
1997-06-23 00:00,1.284
1997-06-23 00:06,1.276
1997-06-23 00:12,1.267
1997-06-23 00:18,1.259
1997-06-23 00:24,1.250
1997-06-23 00:30,1.242
1997-06-23 00:36,1.233
1997-06-23 00:42,1.225
1997-06-23 00:48,1.216
1997-06-23 00:54,1.208
1997-06-23 01:00,1.199
1997-06-23 01:06,1.191
1997-06-23 01:12,1.183
1997-06-23 01:18,1.175
1997-06-23 01:24,1.167
1997-06-23 01:30,1.159
1997-06-23 01:36,1.151
1997-06-23 01:42,1.143
1997-06-23 01:48,1.135
1997-06-23 01:54,1.128
1997-06-23 02:00,1.121
1997-06-23 02:06,1.114
1997-06-23 02:12,1.107
1997-06-23 02:18,1.101
1997-06-23 02:24,1.094
1997-06-23 02:30,1.088
1997-06-23 02:36,1.082
1997-06-23 02:42,1.077
1997-06-23 02:48,1.071
1997-06-23 02:54,1.066
1997-06-23 03:00,1.062
1997-06-23 03:06,1.057
1997-06-23 03:12,1.053
1997-06-23 03:18,1.049
1997-06-23 03:24,1.045
1997-06-23 03:30,1.042
1997-06-23 03:36,1.039
1997-06-23 03:42,1.036
1997-06-23 03:48,1.034
1997-06-23 03:54,1.032
1997-06-23 04:00,1.030
1997-06-23 04:06,1.028
1997-06-23 04:12,1.027
1997-06-23 04:18,1.026
1997-06-23 04:24,1.026
1997-06-23 04:30,1.026
1997-06-23 04:36,1.026
1997-06-23 04:42,1.026
1997-06-23 04:48,1.027
1997-06-23 04:54,1.028
1997-06-23 05:00,1.030
1997-06-23 05:06,1.032
1997-06-23 05:12,1.034
1997-06-23 05:18,1.036
1997-06-23 05:24,1.039
1997-06-23 05:30,1.043
1997-06-23 05:36,1.046
1997-06-23 05:42,1.050
1997-06-23 05:48,1.055
1997-06-23 05:54,1.060
1997-06-23 06:00,1.065
1997-06-23 06:06,1.070
1997-06-23 06:12,1.076
1997-06-23 06:18,1.083
1997-06-23 06:24,1.089
1997-06-23 06:30,1.096
1997-06-23 06:36,1.104
1997-06-23 06:42,1.111
1997-06-23 06:48,1.119
1997-06-23 06:54,1.128
1997-06-23 07:00,1.136
1997-06-23 07:06,1.145
1997-06-23 07:12,1.154
1997-06-23 07:18,1.164
1997-06-23 07:24,1.173
1997-06-23 07:30,1.183
1997-06-23 07:36,1.193
1997-06-23 07:42,1.203
1997-06-23 07:48,1.213
1997-06-23 07:54,1.224
1997-06-23 08:00,1.234
1997-06-23 08:06,1.245
1997-06-23 08:12,1.255
1997-06-23 08:18,1.266
1997-06-23 08:24,1.276
1997-06-23 08:30,1.287
1997-06-23 08:36,1.298
1997-06-23 08:42,1.308
1997-06-23 08:48,1.319
1997-06-23 08:54,1.329
1997-06-23 09:00,1.339
1997-06-23 09:06,1.350
1997-06-23 09:12,1.360
1997-06-23 09:18,1.370
1997-06-23 09:24,1.379
1997-06-23 09:30,1.389
1997-06-23 09:36,1.398
1997-06-23 09:42,1.408
1997-06-23 09:48,1.417
1997-06-23 09:54,1.426
1997-06-23 10:00,1.434
1997-06-23 10:06,1.443
1997-06-23 10:12,1.451
1997-06-23 10:18,1.459
1997-06-23 10:24,1.467
1997-06-23 10:30,1.475
1997-06-23 10:36,1.482
1997-06-23 10:42,1.489
1997-06-23 10:48,1.496
1997-06-23 10:54,1.502
1997-06-23 11:00,1.509
1997-06-23 11:06,1.515
1997-06-23 11:12,1.521
1997-06-23 11:18,1.526
1997-06-23 11:24,1.531
1997-06-23 11:30,1.536
1997-06-23 11:36,1.541
1997-06-23 11:42,1.546
1997-06-23 11:48,1.550
1997-06-23 11:54,1.554
1997-06-23 12:00,1.557
1997-06-23 12:06,1.560
1997-06-23 12:12,1.563
1997-06-23 12:18,1.566
1997-06-23 12:24,1.569
1997-06-23 12:30,1.571
1997-06-23 12:36,1.573
1997-06-23 12:42,1.574
1997-06-23 12:48,1.576
1997-06-23 12:54,1.577
1997-06-23 13:00,1.578
1997-06-23 13:06,1.579
1997-06-23 13:12,1.579
1997-06-23 13:18,1.580
1997-06-23 13:24,1.580
1997-06-23 13:30,1.580
1997-06-23 13:36,1.580
1997-06-23 13:42,1.579
1997-06-23 13:48,1.579
1997-06-23 13:54,1.578
1997-06-23 14:00,1.577
1997-06-23 14:06,1.577
1997-06-23 14:12,1.576
1997-06-23 14:18,1.575
1997-06-23 14:24,1.573
1997-06-23 14:30,1.572
1997-06-23 14:36,1.571
1997-06-23 14:42,1.570
1997-06-23 14:48,1.568
1997-06-23 14:54,1.567
1997-06-23 15:00,1.565
1997-06-23 15:06,1.564
1997-06-23 15:12,1.562
1997-06-23 15:18,1.560
1997-06-23 15:24,1.559
1997-06-23 15:30,1.557
1997-06-23 15:36,1.555
1997-06-23 15:42,1.553
1997-06-23 15:48,1.551
1997-06-23 15:54,1.549
1997-06-23 16:00,1.547
1997-06-23 16:06,1.545
1997-06-23 16:12,1.543
1997-06-23 16:18,1.541
1997-06-23 16:24,1.539
1997-06-23 16:30,1.537
1997-06-23 16:36,1.534
1997-06-23 16:42,1.532
1997-06-23 16:48,1.530
1997-06-23 16:54,1.527
1997-06-23 17:00,1.525
1997-06-23 17:06,1.523
1997-06-23 17:12,1.520
1997-06-23 17:18,1.518
1997-06-23 17:24,1.516
1997-06-23 17:30,1.513
1997-06-23 17:36,1.511
1997-06-23 17:42,1.509
1997-06-23 17:48,1.507
1997-06-23 17:54,1.505
1997-06-23 18:00,1.503
1997-06-23 18:06,1.501
1997-06-23 18:12,1.499
1997-06-23 18:18,1.497
1997-06-23 18:24,1.495
1997-06-23 18:30,1.494
1997-06-23 18:36,1.492
1997-06-23 18:42,1.491
1997-06-23 18:48,1.490
1997-06-23 18:54,1.489
1997-06-23 19:00,1.488
1997-06-23 19:06,1.487
1997-06-23 19:12,1.486
1997-06-23 19:18,1.485
1997-06-23 19:24,1.484
1997-06-23 19:30,1.484
1997-06-23 19:36,1.483
1997-06-23 19:42,1.482
1997-06-23 19:48,1.482
1997-06-23 19:54,1.481
1997-06-23 20:00,1.481
1997-06-23 20:06,1.480
1997-06-23 20:12,1.479
1997-06-23 20:18,1.479
1997-06-23 20:24,1.478
1997-06-23 20:30,1.477
1997-06-23 20:36,1.476
1997-06-23 20:42,1.475
1997-06-23 20:48,1.474
1997-06-23 20:54,1.472
1997-06-23 21:00,1.471
1997-06-23 21:06,1.469
1997-06-23 21:12,1.467
1997-06-23 21:18,1.465
1997-06-23 21:24,1.463
1997-06-23 21:30,1.461
1997-06-23 21:36,1.459
1997-06-23 21:42,1.456
1997-06-23 21:48,1.453
1997-06-23 21:54,1.450
1997-06-23 22:00,1.447
1997-06-23 22:06,1.444
1997-06-23 22:12,1.441
1997-06-23 22:18,1.437
1997-06-23 22:24,1.433
1997-06-23 22:30,1.429
1997-06-23 22:36,1.425
1997-06-23 22:42,1.421
1997-06-23 22:48,1.416
1997-06-23 22:54,1.412
1997-06-23 23:00,1.407
1997-06-23 23:06,1.402
1997-06-23 23:12,1.397
1997-06-23 23:18,1.392
1997-06-23 23:24,1.387
1997-06-23 23:30,1.381
1997-06-23 23:36,1.376
1997-06-23 23:42,1.370
1997-06-23 23:48,1.364
1997-06-23 23:54,1.358
1997-06-24 00:00,1.351
1997-06-24 00:06,1.345
1997-06-24 00:12,1.338
1997-06-24 00:18,1.332
1997-06-24 00:24,1.325
1997-06-24 00:30,1.318
1997-06-24 00:36,1.311
1997-06-24 00:42,1.303
1997-06-24 00:48,1.296
1997-06-24 00:54,1.289
1997-06-24 01:00,1.281
1997-06-24 01:06,1.274
1997-06-24 01:12,1.266
1997-06-24 01:18,1.258
1997-06-24 01:24,1.251
1997-06-24 01:30,1.243
1997-06-24 01:36,1.235
1997-06-24 01:42,1.228
1997-06-24 01:48,1.220
1997-06-24 01:54,1.212
1997-06-24 02:00,1.205
1997-06-24 02:06,1.197
1997-06-24 02:12,1.190
1997-06-24 02:18,1.183
1997-06-24 02:24,1.176
1997-06-24 02:30,1.169
1997-06-24 02:36,1.162
1997-06-24 02:42,1.156
1997-06-24 02:48,1.149
1997-06-24 02:54,1.143
1997-06-24 03:00,1.137
1997-06-24 03:06,1.132
1997-06-24 03:12,1.126
1997-06-24 03:18,1.121
1997-06-24 03:24,1.116
1997-06-24 03:30,1.111
1997-06-24 03:36,1.106
1997-06-24 03:42,1.102
1997-06-24 03:48,1.097
1997-06-24 03:54,1.094
1997-06-24 04:00,1.090
1997-06-24 04:06,1.086
1997-06-24 04:12,1.083
1997-06-24 04:18,1.080
1997-06-24 04:24,1.077
1997-06-24 04:30,1.075
1997-06-24 04:36,1.072
1997-06-24 04:42,1.070
1997-06-24 04:48,1.069
1997-06-24 04:54,1.067
1997-06-24 05:00,1.066
1997-06-24 05:06,1.065
1997-06-24 05:12,1.064
1997-06-24 05:18,1.063
1997-06-24 05:24,1.063
1997-06-24 05:30,1.063
1997-06-24 05:36,1.064
1997-06-24 05:42,1.064
1997-06-24 05:48,1.065
1997-06-24 05:54,1.067
1997-06-24 06:00,1.069
1997-06-24 06:06,1.071
1997-06-24 06:12,1.073
1997-06-24 06:18,1.076
1997-06-24 06:24,1.079
1997-06-24 06:30,1.083
1997-06-24 06:36,1.087
1997-06-24 06:42,1.091
1997-06-24 06:48,1.096
1997-06-24 06:54,1.101
1997-06-24 07:00,1.107
1997-06-24 07:06,1.113
1997-06-24 07:12,1.119
1997-06-24 07:18,1.125
1997-06-24 07:24,1.132
1997-06-24 07:30,1.139
1997-06-24 07:36,1.147
1997-06-24 07:42,1.155
1997-06-24 07:48,1.163
1997-06-24 07:54,1.171
1997-06-24 08:00,1.180
1997-06-24 08:06,1.188
1997-06-24 08:12,1.197
1997-06-24 08:18,1.206
1997-06-24 08:24,1.216
1997-06-24 08:30,1.225
1997-06-24 08:36,1.234
1997-06-24 08:42,1.244
1997-06-24 08:48,1.253
1997-06-24 08:54,1.263
1997-06-24 09:00,1.272
1997-06-24 09:06,1.282
1997-06-24 09:12,1.291
1997-06-24 09:18,1.301
1997-06-24 09:24,1.310
1997-06-24 09:30,1.320
1997-06-24 09:36,1.329
1997-06-24 09:42,1.338
1997-06-24 09:48,1.347
1997-06-24 09:54,1.356
1997-06-24 10:00,1.365
1997-06-24 10:06,1.374
1997-06-24 10:12,1.383
1997-06-24 10:18,1.391
1997-06-24 10:24,1.400
1997-06-24 10:30,1.408
1997-06-24 10:36,1.416
1997-06-24 10:42,1.424
1997-06-24 10:48,1.432
1997-06-24 10:54,1.439
1997-06-24 11:00,1.447
1997-06-24 11:06,1.454
1997-06-24 11:12,1.461
1997-06-24 11:18,1.468
1997-06-24 11:24,1.475
1997-06-24 11:30,1.481
1997-06-24 11:36,1.487
1997-06-24 11:42,1.493
1997-06-24 11:48,1.499
1997-06-24 11:54,1.504
1997-06-24 12:00,1.509
1997-06-24 12:06,1.514
1997-06-24 12:12,1.519
1997-06-24 12:18,1.523
1997-06-24 12:24,1.527
1997-06-24 12:30,1.531
1997-06-24 12:36,1.535
1997-06-24 12:42,1.538
1997-06-24 12:48,1.541
1997-06-24 12:54,1.543
1997-06-24 13:00,1.546
1997-06-24 13:06,1.548
1997-06-24 13:12,1.549
1997-06-24 13:18,1.551
1997-06-24 13:24,1.552
1997-06-24 13:30,1.553
1997-06-24 13:36,1.554
1997-06-24 13:42,1.554
1997-06-24 13:48,1.555
1997-06-24 13:54,1.555
1997-06-24 14:00,1.555
1997-06-24 14:06,1.554
1997-06-24 14:12,1.554
1997-06-24 14:18,1.553
1997-06-24 14:24,1.553
1997-06-24 14:30,1.552
1997-06-24 14:36,1.551
1997-06-24 14:42,1.550
1997-06-24 14:48,1.549
1997-06-24 14:54,1.547
1997-06-24 15:00,1.546
1997-06-24 15:06,1.545
1997-06-24 15:12,1.543
1997-06-24 15:18,1.542
1997-06-24 15:24,1.540
1997-06-24 15:30,1.538
1997-06-24 15:36,1.537
1997-06-24 15:42,1.535
1997-06-24 15:48,1.533
1997-06-24 15:54,1.531
1997-06-24 16:00,1.529
1997-06-24 16:06,1.527
1997-06-24 16:12,1.525
1997-06-24 16:18,1.523
1997-06-24 16:24,1.521
1997-06-24 16:30,1.519
1997-06-24 16:36,1.516
1997-06-24 16:42,1.514
1997-06-24 16:48,1.511
1997-06-24 16:54,1.509
1997-06-24 17:00,1.506
1997-06-24 17:06,1.503
1997-06-24 17:12,1.501
1997-06-24 17:18,1.498
1997-06-24 17:24,1.495
1997-06-24 17:30,1.493
1997-06-24 17:36,1.490
1997-06-24 17:42,1.487
1997-06-24 17:48,1.484
1997-06-24 17:54,1.482
1997-06-24 18:00,1.479
1997-06-24 18:06,1.476
1997-06-24 18:12,1.474
1997-06-24 18:18,1.471
1997-06-24 18:24,1.469
1997-06-24 18:30,1.467
1997-06-24 18:36,1.464
1997-06-24 18:42,1.462
1997-06-24 18:48,1.461
1997-06-24 18:54,1.459
1997-06-24 19:00,1.457
1997-06-24 19:06,1.456
1997-06-24 19:12,1.454
1997-06-24 19:18,1.453
1997-06-24 19:24,1.452
1997-06-24 19:30,1.451
1997-06-24 19:36,1.451
1997-06-24 19:42,1.450
1997-06-24 19:48,1.449
1997-06-24 19:54,1.449
1997-06-24 20:00,1.449
1997-06-24 20:06,1.448
1997-06-24 20:12,1.448
1997-06-24 20:18,1.448
1997-06-24 20:24,1.448
1997-06-24 20:30,1.448
1997-06-24 20:36,1.448
1997-06-24 20:42,1.448
1997-06-24 20:48,1.448
1997-06-24 20:54,1.447
1997-06-24 21:00,1.447
1997-06-24 21:06,1.447
1997-06-24 21:12,1.447
1997-06-24 21:18,1.446
1997-06-24 21:24,1.446
1997-06-24 21:30,1.445
1997-06-24 21:36,1.444
1997-06-24 21:42,1.444
1997-06-24 21:48,1.443
1997-06-24 21:54,1.442
1997-06-24 22:00,1.441
1997-06-24 22:06,1.439
1997-06-24 22:12,1.438
1997-06-24 22:18,1.436
1997-06-24 22:24,1.435
1997-06-24 22:30,1.433
1997-06-24 22:36,1.431
1997-06-24 22:42,1.429
1997-06-24 22:48,1.427
1997-06-24 22:54,1.425
1997-06-24 23:00,1.423
1997-06-24 23:06,1.420
1997-06-24 23:12,1.418
1997-06-24 23:18,1.415
1997-06-24 23:24,1.412
1997-06-24 23:30,1.410
1997-06-24 23:36,1.407
1997-06-24 23:42,1.403
1997-06-24 23:48,1.400
1997-06-24 23:54,1.397
1997-06-25 00:00,1.393
1997-06-25 00:06,1.389
1997-06-25 00:12,1.386
1997-06-25 00:18,1.382
1997-06-25 00:24,1.377
1997-06-25 00:30,1.373
1997-06-25 00:36,1.369
1997-06-25 00:42,1.364
1997-06-25 00:48,1.359
1997-06-25 00:54,1.354
1997-06-25 01:00,1.349
1997-06-25 01:06,1.344
1997-06-25 01:12,1.338
1997-06-25 01:18,1.333
1997-06-25 01:24,1.327
1997-06-25 01:30,1.321
1997-06-25 01:36,1.315
1997-06-25 01:42,1.309
1997-06-25 01:48,1.303
1997-06-25 01:54,1.297
1997-06-25 02:00,1.291
1997-06-25 02:06,1.285
1997-06-25 02:12,1.278
1997-06-25 02:18,1.272
1997-06-25 02:24,1.266
1997-06-25 02:30,1.260
1997-06-25 02:36,1.253
1997-06-25 02:42,1.247
1997-06-25 02:48,1.241
1997-06-25 02:54,1.235
1997-06-25 03:00,1.229
1997-06-25 03:06,1.223
1997-06-25 03:12,1.218
1997-06-25 03:18,1.212
1997-06-25 03:24,1.207
1997-06-25 03:30,1.201
1997-06-25 03:36,1.196
1997-06-25 03:42,1.191
1997-06-25 03:48,1.186
1997-06-25 03:54,1.182
1997-06-25 04:00,1.177
1997-06-25 04:06,1.173
1997-06-25 04:12,1.169
1997-06-25 04:18,1.164
1997-06-25 04:24,1.161
1997-06-25 04:30,1.157
1997-06-25 04:36,1.153
1997-06-25 04:42,1.150
1997-06-25 04:48,1.146
1997-06-25 04:54,1.143
1997-06-25 05:00,1.140
1997-06-25 05:06,1.137
1997-06-25 05:12,1.135
1997-06-25 05:18,1.132
1997-06-25 05:24,1.130
1997-06-25 05:30,1.128
1997-06-25 05:36,1.126
1997-06-25 05:42,1.124
1997-06-25 05:48,1.123
1997-06-25 05:54,1.121
1997-06-25 06:00,1.120
1997-06-25 06:06,1.120
1997-06-25 06:12,1.119
1997-06-25 06:18,1.119
1997-06-25 06:24,1.119
1997-06-25 06:30,1.120
1997-06-25 06:36,1.120
1997-06-25 06:42,1.121
1997-06-25 06:48,1.123
1997-06-25 06:54,1.124
1997-06-25 07:00,1.126
1997-06-25 07:06,1.129
1997-06-25 07:12,1.132
1997-06-25 07:18,1.135
1997-06-25 07:24,1.138
1997-06-25 07:30,1.142
1997-06-25 07:36,1.146
1997-06-25 07:42,1.151
1997-06-25 07:48,1.156
1997-06-25 07:54,1.161
1997-06-25 08:00,1.166
1997-06-25 08:06,1.172
1997-06-25 08:12,1.178
1997-06-25 08:18,1.184
1997-06-25 08:24,1.190
1997-06-25 08:30,1.197
1997-06-25 08:36,1.204
1997-06-25 08:42,1.211
1997-06-25 08:48,1.218
1997-06-25 08:54,1.226
1997-06-25 09:00,1.233
1997-06-25 09:06,1.241
1997-06-25 09:12,1.249
1997-06-25 09:18,1.256
1997-06-25 09:24,1.264
1997-06-25 09:30,1.272
1997-06-25 09:36,1.280
1997-06-25 09:42,1.288
1997-06-25 09:48,1.296
1997-06-25 09:54,1.304
1997-06-25 10:00,1.312
1997-06-25 10:06,1.320
1997-06-25 10:12,1.328
1997-06-25 10:18,1.336
1997-06-25 10:24,1.343
1997-06-25 10:30,1.351
1997-06-25 10:36,1.359
1997-06-25 10:42,1.366
1997-06-25 10:48,1.374
1997-06-25 10:54,1.381
1997-06-25 11:00,1.389
1997-06-25 11:06,1.396
1997-06-25 11:12,1.403
1997-06-25 11:18,1.410
1997-06-25 11:24,1.417
1997-06-25 11:30,1.424
1997-06-25 11:36,1.431
1997-06-25 11:42,1.437
1997-06-25 11:48,1.444
1997-06-25 11:54,1.450
1997-06-25 12:00,1.456
1997-06-25 12:06,1.462
1997-06-25 12:12,1.467
1997-06-25 12:18,1.472
1997-06-25 12:24,1.478
1997-06-25 12:30,1.483
1997-06-25 12:36,1.487
1997-06-25 12:42,1.492
1997-06-25 12:48,1.496
1997-06-25 12:54,1.500
1997-06-25 13:00,1.503
1997-06-25 13:06,1.507
1997-06-25 13:12,1.510
1997-06-25 13:18,1.512
1997-06-25 13:24,1.515
1997-06-25 13:30,1.517
1997-06-25 13:36,1.519
1997-06-25 13:42,1.521
1997-06-25 13:48,1.522
1997-06-25 13:54,1.523
1997-06-25 14:00,1.524
1997-06-25 14:06,1.525
1997-06-25 14:12,1.525
1997-06-25 14:18,1.525
1997-06-25 14:24,1.525
1997-06-25 14:30,1.525
1997-06-25 14:36,1.524
1997-06-25 14:42,1.524
1997-06-25 14:48,1.523
1997-06-25 14:54,1.522
1997-06-25 15:00,1.521
1997-06-25 15:06,1.520
1997-06-25 15:12,1.518
1997-06-25 15:18,1.517
1997-06-25 15:24,1.515
1997-06-25 15:30,1.514
1997-06-25 15:36,1.512
1997-06-25 15:42,1.510
1997-06-25 15:48,1.508
1997-06-25 15:54,1.506
1997-06-25 16:00,1.504
1997-06-25 16:06,1.502
1997-06-25 16:12,1.499
1997-06-25 16:18,1.497
1997-06-25 16:24,1.495
1997-06-25 16:30,1.492
1997-06-25 16:36,1.490
1997-06-25 16:42,1.487
1997-06-25 16:48,1.484
1997-06-25 16:54,1.481
1997-06-25 17:00,1.478
1997-06-25 17:06,1.475
1997-06-25 17:12,1.472
1997-06-25 17:18,1.469
1997-06-25 17:24,1.466
1997-06-25 17:30,1.463
1997-06-25 17:36,1.460
1997-06-25 17:42,1.457
1997-06-25 17:48,1.453
1997-06-25 17:54,1.450
1997-06-25 18:00,1.447
1997-06-25 18:06,1.444
1997-06-25 18:12,1.440
1997-06-25 18:18,1.437
1997-06-25 18:24,1.434
1997-06-25 18:30,1.431
1997-06-25 18:36,1.428
1997-06-25 18:42,1.425
1997-06-25 18:48,1.422
1997-06-25 18:54,1.420
1997-06-25 19:00,1.417
1997-06-25 19:06,1.415
1997-06-25 19:12,1.412
1997-06-25 19:18,1.410
1997-06-25 19:24,1.408
1997-06-25 19:30,1.407
1997-06-25 19:36,1.405
1997-06-25 19:42,1.403
1997-06-25 19:48,1.402
1997-06-25 19:54,1.401
1997-06-25 20:00,1.400
1997-06-25 20:06,1.399
1997-06-25 20:12,1.399
1997-06-25 20:18,1.398
1997-06-25 20:24,1.398
1997-06-25 20:30,1.397
1997-06-25 20:36,1.397
1997-06-25 20:42,1.397
1997-06-25 20:48,1.397
1997-06-25 20:54,1.397
1997-06-25 21:00,1.397
1997-06-25 21:06,1.398
1997-06-25 21:12,1.398
1997-06-25 21:18,1.398
1997-06-25 21:24,1.398
1997-06-25 21:30,1.399
1997-06-25 21:36,1.399
1997-06-25 21:42,1.399
1997-06-25 21:48,1.400
1997-06-25 21:54,1.400
1997-06-25 22:00,1.400
1997-06-25 22:06,1.401
1997-06-25 22:12,1.401
1997-06-25 22:18,1.401
1997-06-25 22:24,1.401
1997-06-25 22:30,1.401
1997-06-25 22:36,1.401
1997-06-25 22:42,1.401
1997-06-25 22:48,1.401
1997-06-25 22:54,1.401
1997-06-25 23:00,1.401
1997-06-25 23:06,1.401
1997-06-25 23:12,1.401
1997-06-25 23:18,1.401
1997-06-25 23:24,1.400
1997-06-25 23:30,1.400
1997-06-25 23:36,1.399
1997-06-25 23:42,1.399
1997-06-25 23:48,1.398
1997-06-25 23:54,1.398
1997-06-26 00:00,1.397
1997-06-26 00:06,1.396
1997-06-26 00:12,1.395
1997-06-26 00:18,1.394
1997-06-26 00:24,1.393
1997-06-26 00:30,1.391
1997-06-26 00:36,1.390
1997-06-26 00:42,1.388
1997-06-26 00:48,1.387
1997-06-26 00:54,1.385
1997-06-26 01:00,1.383
1997-06-26 01:06,1.381
1997-06-26 01:12,1.378
1997-06-26 01:18,1.376
1997-06-26 01:24,1.373
1997-06-26 01:30,1.371
1997-06-26 01:36,1.368
1997-06-26 01:42,1.365
1997-06-26 01:48,1.361
1997-06-26 01:54,1.358
1997-06-26 02:00,1.355
1997-06-26 02:06,1.351
1997-06-26 02:12,1.347
1997-06-26 02:18,1.343
1997-06-26 02:24,1.340
1997-06-26 02:30,1.336
1997-06-26 02:36,1.332
1997-06-26 02:42,1.327
1997-06-26 02:48,1.323
1997-06-26 02:54,1.319
1997-06-26 03:00,1.315
1997-06-26 03:06,1.310
1997-06-26 03:12,1.306
1997-06-26 03:18,1.302
1997-06-26 03:24,1.298
1997-06-26 03:30,1.293
1997-06-26 03:36,1.289
1997-06-26 03:42,1.285
1997-06-26 03:48,1.281
1997-06-26 03:54,1.277
1997-06-26 04:00,1.272
1997-06-26 04:06,1.268
1997-06-26 04:12,1.265
1997-06-26 04:18,1.261
1997-06-26 04:24,1.257
1997-06-26 04:30,1.253
1997-06-26 04:36,1.249
1997-06-26 04:42,1.246
1997-06-26 04:48,1.242
1997-06-26 04:54,1.239
1997-06-26 05:00,1.235
1997-06-26 05:06,1.232
1997-06-26 05:12,1.229
1997-06-26 05:18,1.225
1997-06-26 05:24,1.222
1997-06-26 05:30,1.219
1997-06-26 05:36,1.217
1997-06-26 05:42,1.214
1997-06-26 05:48,1.211
1997-06-26 05:54,1.209
1997-06-26 06:00,1.206
1997-06-26 06:06,1.204
1997-06-26 06:12,1.202
1997-06-26 06:18,1.200
1997-06-26 06:24,1.198
1997-06-26 06:30,1.197
1997-06-26 06:36,1.195
1997-06-26 06:42,1.194
1997-06-26 06:48,1.193
1997-06-26 06:54,1.192
1997-06-26 07:00,1.192
1997-06-26 07:06,1.192
1997-06-26 07:12,1.192
1997-06-26 07:18,1.192
1997-06-26 07:24,1.192
1997-06-26 07:30,1.193
1997-06-26 07:36,1.194
1997-06-26 07:42,1.195
1997-06-26 07:48,1.197
1997-06-26 07:54,1.199
1997-06-26 08:00,1.201
1997-06-26 08:06,1.203
1997-06-26 08:12,1.206
1997-06-26 08:18,1.209
1997-06-26 08:24,1.212
1997-06-26 08:30,1.216
1997-06-26 08:36,1.219
1997-06-26 08:42,1.223
1997-06-26 08:48,1.227
1997-06-26 08:54,1.232
1997-06-26 09:00,1.236
1997-06-26 09:06,1.241
1997-06-26 09:12,1.246
1997-06-26 09:18,1.251
1997-06-26 09:24,1.256
1997-06-26 09:30,1.261
1997-06-26 09:36,1.267
1997-06-26 09:42,1.273
1997-06-26 09:48,1.278
1997-06-26 09:54,1.284
1997-06-26 10:00,1.290
1997-06-26 10:06,1.296
1997-06-26 10:12,1.302
1997-06-26 10:18,1.308
1997-06-26 10:24,1.314
1997-06-26 10:30,1.320
1997-06-26 10:36,1.326
1997-06-26 10:42,1.333
1997-06-26 10:48,1.339
1997-06-26 10:54,1.345
1997-06-26 11:00,1.351
1997-06-26 11:06,1.357
1997-06-26 11:12,1.364
1997-06-26 11:18,1.370
1997-06-26 11:24,1.376
1997-06-26 11:30,1.382
1997-06-26 11:36,1.388
1997-06-26 11:42,1.394
1997-06-26 11:48,1.400
1997-06-26 11:54,1.406
1997-06-26 12:00,1.411
1997-06-26 12:06,1.417
1997-06-26 12:12,1.423
1997-06-26 12:18,1.428
1997-06-26 12:24,1.433
1997-06-26 12:30,1.438
1997-06-26 12:36,1.443
1997-06-26 12:42,1.448
1997-06-26 12:48,1.453
1997-06-26 12:54,1.457
1997-06-26 13:00,1.461
1997-06-26 13:06,1.465
1997-06-26 13:12,1.469
1997-06-26 13:18,1.473
1997-06-26 13:24,1.476
1997-06-26 13:30,1.479
1997-06-26 13:36,1.482
1997-06-26 13:42,1.484
1997-06-26 13:48,1.487
1997-06-26 13:54,1.489
1997-06-26 14:00,1.491
1997-06-26 14:06,1.492
1997-06-26 14:12,1.494
1997-06-26 14:18,1.495
1997-06-26 14:24,1.496
1997-06-26 14:30,1.496
1997-06-26 14:36,1.497
1997-06-26 14:42,1.497
1997-06-26 14:48,1.497
1997-06-26 14:54,1.496
1997-06-26 15:00,1.496
1997-06-26 15:06,1.495
1997-06-26 15:12,1.494
1997-06-26 15:18,1.493
1997-06-26 15:24,1.492
1997-06-26 15:30,1.490
1997-06-26 15:36,1.489
1997-06-26 15:42,1.487
1997-06-26 15:48,1.485
1997-06-26 15:54,1.483
1997-06-26 16:00,1.480
1997-06-26 16:06,1.478
1997-06-26 16:12,1.475
1997-06-26 16:18,1.473
1997-06-26 16:24,1.470
1997-06-26 16:30,1.467
1997-06-26 16:36,1.464
1997-06-26 16:42,1.461
1997-06-26 16:48,1.458
1997-06-26 16:54,1.454
1997-06-26 17:00,1.451
1997-06-26 17:06,1.447
1997-06-26 17:12,1.444
1997-06-26 17:18,1.440
1997-06-26 17:24,1.437
1997-06-26 17:30,1.433
1997-06-26 17:36,1.429
1997-06-26 17:42,1.425
1997-06-26 17:48,1.421
1997-06-26 17:54,1.417
1997-06-26 18:00,1.413
1997-06-26 18:06,1.409
1997-06-26 18:12,1.405
1997-06-26 18:18,1.401
1997-06-26 18:24,1.398
1997-06-26 18:30,1.394
1997-06-26 18:36,1.390
1997-06-26 18:42,1.386
1997-06-26 18:48,1.382
1997-06-26 18:54,1.379
1997-06-26 19:00,1.375
1997-06-26 19:06,1.372
1997-06-26 19:12,1.368
1997-06-26 19:18,1.365
1997-06-26 19:24,1.362
1997-06-26 19:30,1.359
1997-06-26 19:36,1.356
1997-06-26 19:42,1.354
1997-06-26 19:48,1.351
1997-06-26 19:54,1.349
1997-06-26 20:00,1.346
1997-06-26 20:06,1.344
1997-06-26 20:12,1.342
1997-06-26 20:18,1.341
1997-06-26 20:24,1.339
1997-06-26 20:30,1.338
1997-06-26 20:36,1.336
1997-06-26 20:42,1.335
1997-06-26 20:48,1.334
1997-06-26 20:54,1.334
1997-06-26 21:00,1.333
1997-06-26 21:06,1.333
1997-06-26 21:12,1.332
1997-06-26 21:18,1.332
1997-06-26 21:24,1.332
1997-06-26 21:30,1.332
1997-06-26 21:36,1.332
1997-06-26 21:42,1.333
1997-06-26 21:48,1.333
1997-06-26 21:54,1.334
1997-06-26 22:00,1.334
1997-06-26 22:06,1.335
1997-06-26 22:12,1.336
1997-06-26 22:18,1.337
1997-06-26 22:24,1.338
1997-06-26 22:30,1.339
1997-06-26 22:36,1.340
1997-06-26 22:42,1.341
1997-06-26 22:48,1.342
1997-06-26 22:54,1.344
1997-06-26 23:00,1.345
1997-06-26 23:06,1.346
1997-06-26 23:12,1.348
1997-06-26 23:18,1.349
1997-06-26 23:24,1.351
1997-06-26 23:30,1.352
1997-06-26 23:36,1.354
1997-06-26 23:42,1.355
1997-06-26 23:48,1.357
1997-06-26 23:54,1.358
1997-06-27 00:00,1.360
1997-06-27 00:06,1.361
1997-06-27 00:12,1.363
1997-06-27 00:18,1.364
1997-06-27 00:24,1.365
1997-06-27 00:30,1.367
1997-06-27 00:36,1.368
1997-06-27 00:42,1.369
1997-06-27 00:48,1.370
1997-06-27 00:54,1.371
1997-06-27 01:00,1.372
1997-06-27 01:06,1.373
1997-06-27 01:12,1.374
1997-06-27 01:18,1.375
1997-06-27 01:24,1.375
1997-06-27 01:30,1.376
1997-06-27 01:36,1.376
1997-06-27 01:42,1.377
1997-06-27 01:48,1.377
1997-06-27 01:54,1.377
1997-06-27 02:00,1.377
1997-06-27 02:06,1.377
1997-06-27 02:12,1.376
1997-06-27 02:18,1.376
1997-06-27 02:24,1.375
1997-06-27 02:30,1.375
1997-06-27 02:36,1.374
1997-06-27 02:42,1.373
1997-06-27 02:48,1.372
1997-06-27 02:54,1.371
1997-06-27 03:00,1.370
1997-06-27 03:06,1.368
1997-06-27 03:12,1.367
1997-06-27 03:18,1.365
1997-06-27 03:24,1.364
1997-06-27 03:30,1.362
1997-06-27 03:36,1.360
1997-06-27 03:42,1.358
1997-06-27 03:48,1.356
1997-06-27 03:54,1.354
1997-06-27 04:00,1.352
1997-06-27 04:06,1.350
1997-06-27 04:12,1.348
1997-06-27 04:18,1.345
1997-06-27 04:24,1.343
1997-06-27 04:30,1.341
1997-06-27 04:36,1.338
1997-06-27 04:42,1.336
1997-06-27 04:48,1.333
1997-06-27 04:54,1.331
1997-06-27 05:00,1.328
1997-06-27 05:06,1.326
1997-06-27 05:12,1.323
1997-06-27 05:18,1.320
1997-06-27 05:24,1.318
1997-06-27 05:30,1.315
1997-06-27 05:36,1.313
1997-06-27 05:42,1.310
1997-06-27 05:48,1.308
1997-06-27 05:54,1.305
1997-06-27 06:00,1.303
1997-06-27 06:06,1.301
1997-06-27 06:12,1.298
1997-06-27 06:18,1.296
1997-06-27 06:24,1.294
1997-06-27 06:30,1.292
1997-06-27 06:36,1.290
1997-06-27 06:42,1.288
1997-06-27 06:48,1.286
1997-06-27 06:54,1.285
1997-06-27 07:00,1.283
1997-06-27 07:06,1.282
1997-06-27 07:12,1.280
1997-06-27 07:18,1.279
1997-06-27 07:24,1.278
1997-06-27 07:30,1.277
1997-06-27 07:36,1.277
1997-06-27 07:42,1.276
1997-06-27 07:48,1.276
1997-06-27 07:54,1.275
1997-06-27 08:00,1.275
1997-06-27 08:06,1.275
1997-06-27 08:12,1.275
1997-06-27 08:18,1.276
1997-06-27 08:24,1.276
1997-06-27 08:30,1.277
1997-06-27 08:36,1.278
1997-06-27 08:42,1.279
1997-06-27 08:48,1.280
1997-06-27 08:54,1.281
1997-06-27 09:00,1.283
1997-06-27 09:06,1.285
1997-06-27 09:12,1.286
1997-06-27 09:18,1.288
1997-06-27 09:24,1.291
1997-06-27 09:30,1.293
1997-06-27 09:36,1.296
1997-06-27 09:42,1.298
1997-06-27 09:48,1.301
1997-06-27 09:54,1.304
1997-06-27 10:00,1.307
1997-06-27 10:06,1.310
1997-06-27 10:12,1.314
1997-06-27 10:18,1.317
1997-06-27 10:24,1.321
1997-06-27 10:30,1.325
1997-06-27 10:36,1.329
1997-06-27 10:42,1.333
1997-06-27 10:48,1.337
1997-06-27 10:54,1.341
1997-06-27 11:00,1.345
1997-06-27 11:06,1.349
1997-06-27 11:12,1.354
1997-06-27 11:18,1.358
1997-06-27 11:24,1.363
1997-06-27 11:30,1.367
1997-06-27 11:36,1.372
1997-06-27 11:42,1.376
1997-06-27 11:48,1.381
1997-06-27 11:54,1.385
1997-06-27 12:00,1.390
1997-06-27 12:06,1.394
1997-06-27 12:12,1.399
1997-06-27 12:18,1.403
1997-06-27 12:24,1.407
1997-06-27 12:30,1.412
1997-06-27 12:36,1.416
1997-06-27 12:42,1.420
1997-06-27 12:48,1.424
1997-06-27 12:54,1.428
1997-06-27 13:00,1.432
1997-06-27 13:06,1.436
1997-06-27 13:12,1.439
1997-06-27 13:18,1.443
1997-06-27 13:24,1.446
1997-06-27 13:30,1.449
1997-06-27 13:36,1.452
1997-06-27 13:42,1.455
1997-06-27 13:48,1.458
1997-06-27 13:54,1.460
1997-06-27 14:00,1.462
1997-06-27 14:06,1.465
1997-06-27 14:12,1.467
1997-06-27 14:18,1.468
1997-06-27 14:24,1.470
1997-06-27 14:30,1.471
1997-06-27 14:36,1.472
1997-06-27 14:42,1.473
1997-06-27 14:48,1.474
1997-06-27 14:54,1.475
1997-06-27 15:00,1.475
1997-06-27 15:06,1.475
1997-06-27 15:12,1.475
1997-06-27 15:18,1.474
1997-06-27 15:24,1.474
1997-06-27 15:30,1.473
1997-06-27 15:36,1.472
1997-06-27 15:42,1.470
1997-06-27 15:48,1.469
1997-06-27 15:54,1.467
1997-06-27 16:00,1.465
1997-06-27 16:06,1.463
1997-06-27 16:12,1.460
1997-06-27 16:18,1.458
1997-06-27 16:24,1.455
1997-06-27 16:30,1.452
1997-06-27 16:36,1.449
1997-06-27 16:42,1.445
1997-06-27 16:48,1.442
1997-06-27 16:54,1.438
1997-06-27 17:00,1.434
1997-06-27 17:06,1.430
1997-06-27 17:12,1.426
1997-06-27 17:18,1.421
1997-06-27 17:24,1.417
1997-06-27 17:30,1.413
1997-06-27 17:36,1.408
1997-06-27 17:42,1.403
1997-06-27 17:48,1.399
1997-06-27 17:54,1.394
1997-06-27 18:00,1.389
1997-06-27 18:06,1.384
1997-06-27 18:12,1.379
1997-06-27 18:18,1.375
1997-06-27 18:24,1.370
1997-06-27 18:30,1.365
1997-06-27 18:36,1.360
1997-06-27 18:42,1.355
1997-06-27 18:48,1.351
1997-06-27 18:54,1.346
1997-06-27 19:00,1.341
1997-06-27 19:06,1.337
1997-06-27 19:12,1.332
1997-06-27 19:18,1.328
1997-06-27 19:24,1.324
1997-06-27 19:30,1.319
1997-06-27 19:36,1.315
1997-06-27 19:42,1.311
1997-06-27 19:48,1.307
1997-06-27 19:54,1.304
1997-06-27 20:00,1.300
1997-06-27 20:06,1.296
1997-06-27 20:12,1.293
1997-06-27 20:18,1.290
1997-06-27 20:24,1.287
1997-06-27 20:30,1.284
1997-06-27 20:36,1.281
1997-06-27 20:42,1.278
1997-06-27 20:48,1.276
1997-06-27 20:54,1.273
1997-06-27 21:00,1.271
1997-06-27 21:06,1.269
1997-06-27 21:12,1.267
1997-06-27 21:18,1.266
1997-06-27 21:24,1.264
1997-06-27 21:30,1.263
1997-06-27 21:36,1.262
1997-06-27 21:42,1.261
1997-06-27 21:48,1.260
1997-06-27 21:54,1.260
1997-06-27 22:00,1.259
1997-06-27 22:06,1.259
1997-06-27 22:12,1.259
1997-06-27 22:18,1.260
1997-06-27 22:24,1.260
1997-06-27 22:30,1.261
1997-06-27 22:36,1.262
1997-06-27 22:42,1.263
1997-06-27 22:48,1.264
1997-06-27 22:54,1.265
1997-06-27 23:00,1.267
1997-06-27 23:06,1.269
1997-06-27 23:12,1.271
1997-06-27 23:18,1.273
1997-06-27 23:24,1.275
1997-06-27 23:30,1.277
1997-06-27 23:36,1.279
1997-06-27 23:42,1.282
1997-06-27 23:48,1.285
1997-06-27 23:54,1.287
1997-06-28 00:00,1.290
1997-06-28 00:06,1.293
1997-06-28 00:12,1.296
1997-06-28 00:18,1.299
1997-06-28 00:24,1.302
1997-06-28 00:30,1.305
1997-06-28 00:36,1.308
1997-06-28 00:42,1.311
1997-06-28 00:48,1.314
1997-06-28 00:54,1.318
1997-06-28 01:00,1.321
1997-06-28 01:06,1.324
1997-06-28 01:12,1.327
1997-06-28 01:18,1.330
1997-06-28 01:24,1.333
1997-06-28 01:30,1.337
1997-06-28 01:36,1.340
1997-06-28 01:42,1.343
1997-06-28 01:48,1.346
1997-06-28 01:54,1.349
1997-06-28 02:00,1.352
1997-06-28 02:06,1.355
1997-06-28 02:12,1.358
1997-06-28 02:18,1.360
1997-06-28 02:24,1.363
1997-06-28 02:30,1.366
1997-06-28 02:36,1.369
1997-06-28 02:42,1.371
1997-06-28 02:48,1.374
1997-06-28 02:54,1.376
1997-06-28 03:00,1.378
1997-06-28 03:06,1.381
1997-06-28 03:12,1.383
1997-06-28 03:18,1.385
1997-06-28 03:24,1.386
1997-06-28 03:30,1.388
1997-06-28 03:36,1.390
1997-06-28 03:42,1.391
1997-06-28 03:48,1.393
1997-06-28 03:54,1.394
1997-06-28 04:00,1.395
1997-06-28 04:06,1.396
1997-06-28 04:12,1.396
1997-06-28 04:18,1.397
1997-06-28 04:24,1.397
1997-06-28 04:30,1.398
1997-06-28 04:36,1.398
1997-06-28 04:42,1.398
1997-06-28 04:48,1.397
1997-06-28 04:54,1.397
1997-06-28 05:00,1.397
1997-06-28 05:06,1.396
1997-06-28 05:12,1.396
1997-06-28 05:18,1.395
1997-06-28 05:24,1.394
1997-06-28 05:30,1.393
1997-06-28 05:36,1.392
1997-06-28 05:42,1.391
1997-06-28 05:48,1.390
1997-06-28 05:54,1.389
1997-06-28 06:00,1.387
1997-06-28 06:06,1.386
1997-06-28 06:12,1.385
1997-06-28 06:18,1.384
1997-06-28 06:24,1.382
1997-06-28 06:30,1.381
1997-06-28 06:36,1.380
1997-06-28 06:42,1.379
1997-06-28 06:48,1.377
1997-06-28 06:54,1.376
1997-06-28 07:00,1.375
1997-06-28 07:06,1.374
1997-06-28 07:12,1.373
1997-06-28 07:18,1.372
1997-06-28 07:24,1.371
1997-06-28 07:30,1.370
1997-06-28 07:36,1.369
1997-06-28 07:42,1.368
1997-06-28 07:48,1.367
1997-06-28 07:54,1.366
1997-06-28 08:00,1.365
1997-06-28 08:06,1.364
1997-06-28 08:12,1.364
1997-06-28 08:18,1.363
1997-06-28 08:24,1.362
1997-06-28 08:30,1.362
1997-06-28 08:36,1.361
1997-06-28 08:42,1.361
1997-06-28 08:48,1.360
1997-06-28 08:54,1.360
1997-06-28 09:00,1.359
1997-06-28 09:06,1.359
1997-06-28 09:12,1.359
1997-06-28 09:18,1.358
1997-06-28 09:24,1.358
1997-06-28 09:30,1.358
1997-06-28 09:36,1.358
1997-06-28 09:42,1.359
1997-06-28 09:48,1.359
1997-06-28 09:54,1.359
1997-06-28 10:00,1.360
1997-06-28 10:06,1.361
1997-06-28 10:12,1.361
1997-06-28 10:18,1.362
1997-06-28 10:24,1.363
1997-06-28 10:30,1.365
1997-06-28 10:36,1.366
1997-06-28 10:42,1.367
1997-06-28 10:48,1.369
1997-06-28 10:54,1.371
1997-06-28 11:00,1.372
1997-06-28 11:06,1.374
1997-06-28 11:12,1.376
1997-06-28 11:18,1.379
1997-06-28 11:24,1.381
1997-06-28 11:30,1.383
1997-06-28 11:36,1.386
1997-06-28 11:42,1.388
1997-06-28 11:48,1.391
1997-06-28 11:54,1.394
1997-06-28 12:00,1.396
1997-06-28 12:06,1.399
1997-06-28 12:12,1.402
1997-06-28 12:18,1.405
1997-06-28 12:24,1.407
1997-06-28 12:30,1.410
1997-06-28 12:36,1.413
1997-06-28 12:42,1.416
1997-06-28 12:48,1.418
1997-06-28 12:54,1.421
1997-06-28 13:00,1.424
1997-06-28 13:06,1.427
1997-06-28 13:12,1.429
1997-06-28 13:18,1.432
1997-06-28 13:24,1.434
1997-06-28 13:30,1.437
1997-06-28 13:36,1.439
1997-06-28 13:42,1.441
1997-06-28 13:48,1.443
1997-06-28 13:54,1.445
1997-06-28 14:00,1.447
1997-06-28 14:06,1.449
1997-06-28 14:12,1.451
1997-06-28 14:18,1.453
1997-06-28 14:24,1.455
1997-06-28 14:30,1.456
1997-06-28 14:36,1.457
1997-06-28 14:42,1.459
1997-06-28 14:48,1.460
1997-06-28 14:54,1.461
1997-06-28 15:00,1.462
1997-06-28 15:06,1.462
1997-06-28 15:12,1.463
1997-06-28 15:18,1.463
1997-06-28 15:24,1.463
1997-06-28 15:30,1.463
1997-06-28 15:36,1.462
1997-06-28 15:42,1.462
1997-06-28 15:48,1.461
1997-06-28 15:54,1.460
1997-06-28 16:00,1.459
1997-06-28 16:06,1.457
1997-06-28 16:12,1.455
1997-06-28 16:18,1.453
1997-06-28 16:24,1.451
1997-06-28 16:30,1.448
1997-06-28 16:36,1.446
1997-06-28 16:42,1.442
1997-06-28 16:48,1.439
1997-06-28 16:54,1.436
1997-06-28 17:00,1.432
1997-06-28 17:06,1.428
1997-06-28 17:12,1.423
1997-06-28 17:18,1.419
1997-06-28 17:24,1.414
1997-06-28 17:30,1.409
1997-06-28 17:36,1.404
1997-06-28 17:42,1.399
1997-06-28 17:48,1.394
1997-06-28 17:54,1.388
1997-06-28 18:00,1.383
1997-06-28 18:06,1.377
1997-06-28 18:12,1.372
1997-06-28 18:18,1.366
1997-06-28 18:24,1.360
1997-06-28 18:30,1.354
1997-06-28 18:36,1.348
1997-06-28 18:42,1.343
1997-06-28 18:48,1.337
1997-06-28 18:54,1.331
1997-06-28 19:00,1.325
1997-06-28 19:06,1.320
1997-06-28 19:12,1.314
1997-06-28 19:18,1.308
1997-06-28 19:24,1.303
1997-06-28 19:30,1.297
1997-06-28 19:36,1.292
1997-06-28 19:42,1.287
1997-06-28 19:48,1.282
1997-06-28 19:54,1.276
1997-06-28 20:00,1.271
1997-06-28 20:06,1.266
1997-06-28 20:12,1.261
1997-06-28 20:18,1.257
1997-06-28 20:24,1.252
1997-06-28 20:30,1.247
1997-06-28 20:36,1.243
1997-06-28 20:42,1.239
1997-06-28 20:48,1.234
1997-06-28 20:54,1.230
1997-06-28 21:00,1.226
1997-06-28 21:06,1.223
1997-06-28 21:12,1.219
1997-06-28 21:18,1.215
1997-06-28 21:24,1.212
1997-06-28 21:30,1.209
1997-06-28 21:36,1.206
1997-06-28 21:42,1.203
1997-06-28 21:48,1.200
1997-06-28 21:54,1.198
1997-06-28 22:00,1.196
1997-06-28 22:06,1.194
1997-06-28 22:12,1.192
1997-06-28 22:18,1.191
1997-06-28 22:24,1.190
1997-06-28 22:30,1.189
1997-06-28 22:36,1.188
1997-06-28 22:42,1.188
1997-06-28 22:48,1.187
1997-06-28 22:54,1.188
1997-06-28 23:00,1.188
1997-06-28 23:06,1.189
1997-06-28 23:12,1.190
1997-06-28 23:18,1.191
1997-06-28 23:24,1.192
1997-06-28 23:30,1.194
1997-06-28 23:36,1.196
1997-06-28 23:42,1.198
1997-06-28 23:48,1.201
1997-06-28 23:54,1.203
1997-06-29 00:00,1.206
1997-06-29 00:06,1.209
1997-06-29 00:12,1.212
1997-06-29 00:18,1.215
1997-06-29 00:24,1.219
1997-06-29 00:30,1.222
1997-06-29 00:36,1.226
1997-06-29 00:42,1.230
1997-06-29 00:48,1.234
1997-06-29 00:54,1.238
1997-06-29 01:00,1.242
1997-06-29 01:06,1.247
1997-06-29 01:12,1.251
1997-06-29 01:18,1.256
1997-06-29 01:24,1.260
1997-06-29 01:30,1.265
1997-06-29 01:36,1.269
1997-06-29 01:42,1.274
1997-06-29 01:48,1.279
1997-06-29 01:54,1.284
1997-06-29 02:00,1.289
1997-06-29 02:06,1.294
1997-06-29 02:12,1.299
1997-06-29 02:18,1.304
1997-06-29 02:24,1.309
1997-06-29 02:30,1.314
1997-06-29 02:36,1.320
1997-06-29 02:42,1.325
1997-06-29 02:48,1.330
1997-06-29 02:54,1.335
1997-06-29 03:00,1.340
1997-06-29 03:06,1.346
1997-06-29 03:12,1.351
1997-06-29 03:18,1.356
1997-06-29 03:24,1.361
1997-06-29 03:30,1.366
1997-06-29 03:36,1.371
1997-06-29 03:42,1.376
1997-06-29 03:48,1.380
1997-06-29 03:54,1.385
1997-06-29 04:00,1.389
1997-06-29 04:06,1.394
1997-06-29 04:12,1.398
1997-06-29 04:18,1.402
1997-06-29 04:24,1.406
1997-06-29 04:30,1.409
1997-06-29 04:36,1.413
1997-06-29 04:42,1.416
1997-06-29 04:48,1.419
1997-06-29 04:54,1.422
1997-06-29 05:00,1.425
1997-06-29 05:06,1.427
1997-06-29 05:12,1.429
1997-06-29 05:18,1.431
1997-06-29 05:24,1.433
1997-06-29 05:30,1.435
1997-06-29 05:36,1.437
1997-06-29 05:42,1.438
1997-06-29 05:48,1.439
1997-06-29 05:54,1.440
1997-06-29 06:00,1.441
1997-06-29 06:06,1.442
1997-06-29 06:12,1.443
1997-06-29 06:18,1.443
1997-06-29 06:24,1.444
1997-06-29 06:30,1.444
1997-06-29 06:36,1.445
1997-06-29 06:42,1.445
1997-06-29 06:48,1.445
1997-06-29 06:54,1.446
1997-06-29 07:00,1.446
1997-06-29 07:06,1.446
1997-06-29 07:12,1.446
1997-06-29 07:18,1.446
1997-06-29 07:24,1.446
1997-06-29 07:30,1.446
1997-06-29 07:36,1.446
1997-06-29 07:42,1.446
1997-06-29 07:48,1.446
1997-06-29 07:54,1.446
1997-06-29 08:00,1.446
1997-06-29 08:06,1.446
1997-06-29 08:12,1.445
1997-06-29 08:18,1.445
1997-06-29 08:24,1.445
1997-06-29 08:30,1.444
1997-06-29 08:36,1.444
1997-06-29 08:42,1.443
1997-06-29 08:48,1.443
1997-06-29 08:54,1.442
1997-06-29 09:00,1.441
1997-06-29 09:06,1.440
1997-06-29 09:12,1.440
1997-06-29 09:18,1.439
1997-06-29 09:24,1.438
1997-06-29 09:30,1.437
1997-06-29 09:36,1.436
1997-06-29 09:42,1.435
1997-06-29 09:48,1.434
1997-06-29 09:54,1.433
1997-06-29 10:00,1.432
1997-06-29 10:06,1.431
1997-06-29 10:12,1.430
1997-06-29 10:18,1.429
1997-06-29 10:24,1.428
1997-06-29 10:30,1.427
1997-06-29 10:36,1.427
1997-06-29 10:42,1.426
1997-06-29 10:48,1.426
1997-06-29 10:54,1.425
1997-06-29 11:00,1.425
1997-06-29 11:06,1.425
1997-06-29 11:12,1.425
1997-06-29 11:18,1.425
1997-06-29 11:24,1.425
1997-06-29 11:30,1.425
1997-06-29 11:36,1.426
1997-06-29 11:42,1.426
1997-06-29 11:48,1.427
1997-06-29 11:54,1.427
1997-06-29 12:00,1.428
1997-06-29 12:06,1.429
1997-06-29 12:12,1.430
1997-06-29 12:18,1.431
1997-06-29 12:24,1.432
1997-06-29 12:30,1.433
1997-06-29 12:36,1.434
1997-06-29 12:42,1.435
1997-06-29 12:48,1.436
1997-06-29 12:54,1.437
1997-06-29 13:00,1.438
1997-06-29 13:06,1.440
1997-06-29 13:12,1.441
1997-06-29 13:18,1.442
1997-06-29 13:24,1.443
1997-06-29 13:30,1.444
1997-06-29 13:36,1.445
1997-06-29 13:42,1.446
1997-06-29 13:48,1.448
1997-06-29 13:54,1.449
1997-06-29 14:00,1.450
1997-06-29 14:06,1.451
1997-06-29 14:12,1.452
1997-06-29 14:18,1.453
1997-06-29 14:24,1.454
1997-06-29 14:30,1.455
1997-06-29 14:36,1.456
1997-06-29 14:42,1.457
1997-06-29 14:48,1.457
1997-06-29 14:54,1.458
1997-06-29 15:00,1.459
1997-06-29 15:06,1.459
1997-06-29 15:12,1.460
1997-06-29 15:18,1.460
1997-06-29 15:24,1.461
1997-06-29 15:30,1.461
1997-06-29 15:36,1.461
1997-06-29 15:42,1.461
1997-06-29 15:48,1.461
1997-06-29 15:54,1.460
1997-06-29 16:00,1.460
1997-06-29 16:06,1.459
1997-06-29 16:12,1.458
1997-06-29 16:18,1.457
1997-06-29 16:24,1.455
1997-06-29 16:30,1.454
1997-06-29 16:36,1.452
1997-06-29 16:42,1.449
1997-06-29 16:48,1.447
1997-06-29 16:54,1.444
1997-06-29 17:00,1.441
1997-06-29 17:06,1.438
1997-06-29 17:12,1.434
1997-06-29 17:18,1.430
1997-06-29 17:24,1.426
1997-06-29 17:30,1.421
1997-06-29 17:36,1.417
1997-06-29 17:42,1.412
1997-06-29 17:48,1.407
1997-06-29 17:54,1.401
1997-06-29 18:00,1.396
1997-06-29 18:06,1.390
1997-06-29 18:12,1.384
1997-06-29 18:18,1.378
1997-06-29 18:24,1.372
1997-06-29 18:30,1.365
1997-06-29 18:36,1.359
1997-06-29 18:42,1.353
1997-06-29 18:48,1.346
1997-06-29 18:54,1.340
1997-06-29 19:00,1.333
1997-06-29 19:06,1.326
1997-06-29 19:12,1.320
1997-06-29 19:18,1.313
1997-06-29 19:24,1.306
1997-06-29 19:30,1.300
1997-06-29 19:36,1.293
1997-06-29 19:42,1.287
1997-06-29 19:48,1.280
1997-06-29 19:54,1.274
1997-06-29 20:00,1.268
1997-06-29 20:06,1.261
1997-06-29 20:12,1.255
1997-06-29 20:18,1.249
1997-06-29 20:24,1.243
1997-06-29 20:30,1.237
1997-06-29 20:36,1.231
1997-06-29 20:42,1.225
1997-06-29 20:48,1.219
1997-06-29 20:54,1.213
1997-06-29 21:00,1.208
1997-06-29 21:06,1.202
1997-06-29 21:12,1.197
1997-06-29 21:18,1.191
1997-06-29 21:24,1.186
1997-06-29 21:30,1.181
1997-06-29 21:36,1.176
1997-06-29 21:42,1.171
1997-06-29 21:48,1.167
1997-06-29 21:54,1.162
1997-06-29 22:00,1.158
1997-06-29 22:06,1.154
1997-06-29 22:12,1.150
1997-06-29 22:18,1.146
1997-06-29 22:24,1.143
1997-06-29 22:30,1.140
1997-06-29 22:36,1.137
1997-06-29 22:42,1.135
1997-06-29 22:48,1.132
1997-06-29 22:54,1.130
1997-06-29 23:00,1.129
1997-06-29 23:06,1.127
1997-06-29 23:12,1.126
1997-06-29 23:18,1.125
1997-06-29 23:24,1.125
1997-06-29 23:30,1.125
1997-06-29 23:36,1.125
1997-06-29 23:42,1.126
1997-06-29 23:48,1.126
1997-06-29 23:54,1.127
1997-06-30 00:00,1.129
1997-06-30 00:06,1.131
1997-06-30 00:12,1.133
1997-06-30 00:18,1.135
1997-06-30 00:24,1.137
1997-06-30 00:30,1.140
1997-06-30 00:36,1.143
1997-06-30 00:42,1.147
1997-06-30 00:48,1.150
1997-06-30 00:54,1.154
1997-06-30 01:00,1.158
1997-06-30 01:06,1.162
1997-06-30 01:12,1.166
1997-06-30 01:18,1.171
1997-06-30 01:24,1.175
1997-06-30 01:30,1.180
1997-06-30 01:36,1.185
1997-06-30 01:42,1.190
1997-06-30 01:48,1.196
1997-06-30 01:54,1.201
1997-06-30 02:00,1.207
1997-06-30 02:06,1.213
1997-06-30 02:12,1.218
1997-06-30 02:18,1.225
1997-06-30 02:24,1.231
1997-06-30 02:30,1.237
1997-06-30 02:36,1.243
1997-06-30 02:42,1.250
1997-06-30 02:48,1.257
1997-06-30 02:54,1.263
1997-06-30 03:00,1.270
1997-06-30 03:06,1.277
1997-06-30 03:12,1.284
1997-06-30 03:18,1.291
1997-06-30 03:24,1.298
1997-06-30 03:30,1.306
1997-06-30 03:36,1.313
1997-06-30 03:42,1.320
1997-06-30 03:48,1.327
1997-06-30 03:54,1.334
1997-06-30 04:00,1.341
1997-06-30 04:06,1.349
1997-06-30 04:12,1.356
1997-06-30 04:18,1.362
1997-06-30 04:24,1.369
1997-06-30 04:30,1.376
1997-06-30 04:36,1.382
1997-06-30 04:42,1.389
1997-06-30 04:48,1.395
1997-06-30 04:54,1.401
1997-06-30 05:00,1.407
1997-06-30 05:06,1.413
1997-06-30 05:12,1.418
1997-06-30 05:18,1.423
1997-06-30 05:24,1.428
1997-06-30 05:30,1.433
1997-06-30 05:36,1.438
1997-06-30 05:42,1.442
1997-06-30 05:48,1.446
1997-06-30 05:54,1.450
1997-06-30 06:00,1.454
1997-06-30 06:06,1.457
1997-06-30 06:12,1.461
1997-06-30 06:18,1.464
1997-06-30 06:24,1.467
1997-06-30 06:30,1.470
1997-06-30 06:36,1.473
1997-06-30 06:42,1.475
1997-06-30 06:48,1.478
1997-06-30 06:54,1.480
1997-06-30 07:00,1.482
1997-06-30 07:06,1.484
1997-06-30 07:12,1.486
1997-06-30 07:18,1.488
1997-06-30 07:24,1.490
1997-06-30 07:30,1.492
1997-06-30 07:36,1.493
1997-06-30 07:42,1.495
1997-06-30 07:48,1.496
1997-06-30 07:54,1.498
1997-06-30 08:00,1.499
1997-06-30 08:06,1.500
1997-06-30 08:12,1.501
1997-06-30 08:18,1.502
1997-06-30 08:24,1.503
1997-06-30 08:30,1.504
1997-06-30 08:36,1.505
1997-06-30 08:42,1.505
1997-06-30 08:48,1.506
1997-06-30 08:54,1.506
1997-06-30 09:00,1.506
1997-06-30 09:06,1.506
1997-06-30 09:12,1.506
1997-06-30 09:18,1.506
1997-06-30 09:24,1.505
1997-06-30 09:30,1.505
1997-06-30 09:36,1.504
1997-06-30 09:42,1.503
1997-06-30 09:48,1.502
1997-06-30 09:54,1.501
1997-06-30 10:00,1.500
1997-06-30 10:06,1.499
1997-06-30 10:12,1.498
1997-06-30 10:18,1.497
1997-06-30 10:24,1.495
1997-06-30 10:30,1.494
1997-06-30 10:36,1.493
1997-06-30 10:42,1.491
1997-06-30 10:48,1.490
1997-06-30 10:54,1.488
1997-06-30 11:00,1.487
1997-06-30 11:06,1.486
1997-06-30 11:12,1.484
1997-06-30 11:18,1.483
1997-06-30 11:24,1.482
1997-06-30 11:30,1.480
1997-06-30 11:36,1.479
1997-06-30 11:42,1.478
1997-06-30 11:48,1.477
1997-06-30 11:54,1.476
1997-06-30 12:00,1.475
1997-06-30 12:06,1.474
1997-06-30 12:12,1.474
1997-06-30 12:18,1.473
1997-06-30 12:24,1.472
1997-06-30 12:30,1.472
1997-06-30 12:36,1.471
1997-06-30 12:42,1.471
1997-06-30 12:48,1.470
1997-06-30 12:54,1.470
1997-06-30 13:00,1.469
1997-06-30 13:06,1.469
1997-06-30 13:12,1.469
1997-06-30 13:18,1.468
1997-06-30 13:24,1.468
1997-06-30 13:30,1.468
1997-06-30 13:36,1.468
1997-06-30 13:42,1.468
1997-06-30 13:48,1.468
1997-06-30 13:54,1.467
1997-06-30 14:00,1.467
1997-06-30 14:06,1.467
1997-06-30 14:12,1.467
1997-06-30 14:18,1.467
1997-06-30 14:24,1.467
1997-06-30 14:30,1.467
1997-06-30 14:36,1.467
1997-06-30 14:42,1.467
1997-06-30 14:48,1.467
1997-06-30 14:54,1.467
1997-06-30 15:00,1.467
1997-06-30 15:06,1.468
1997-06-30 15:12,1.468
1997-06-30 15:18,1.468
1997-06-30 15:24,1.468
1997-06-30 15:30,1.468
1997-06-30 15:36,1.468
1997-06-30 15:42,1.468
1997-06-30 15:48,1.467
1997-06-30 15:54,1.467
1997-06-30 16:00,1.467
1997-06-30 16:06,1.466
1997-06-30 16:12,1.466
1997-06-30 16:18,1.465
1997-06-30 16:24,1.464
1997-06-30 16:30,1.463
1997-06-30 16:36,1.462
1997-06-30 16:42,1.461
1997-06-30 16:48,1.459
1997-06-30 16:54,1.457
1997-06-30 17:00,1.455
1997-06-30 17:06,1.453
1997-06-30 17:12,1.450
1997-06-30 17:18,1.447
1997-06-30 17:24,1.444
1997-06-30 17:30,1.441
1997-06-30 17:36,1.437
1997-06-30 17:42,1.433
1997-06-30 17:48,1.429
1997-06-30 17:54,1.424
1997-06-30 18:00,1.420
1997-06-30 18:06,1.415
1997-06-30 18:12,1.410
1997-06-30 18:18,1.404
1997-06-30 18:24,1.399
1997-06-30 18:30,1.393
1997-06-30 18:36,1.387
1997-06-30 18:42,1.380
1997-06-30 18:48,1.374
1997-06-30 18:54,1.368
1997-06-30 19:00,1.361
1997-06-30 19:06,1.354
1997-06-30 19:12,1.347
1997-06-30 19:18,1.340
1997-06-30 19:24,1.333
1997-06-30 19:30,1.326
1997-06-30 19:36,1.319
1997-06-30 19:42,1.312
1997-06-30 19:48,1.304
1997-06-30 19:54,1.297
1997-06-30 20:00,1.290
1997-06-30 20:06,1.283
1997-06-30 20:12,1.275
1997-06-30 20:18,1.268
1997-06-30 20:24,1.261
1997-06-30 20:30,1.254
1997-06-30 20:36,1.246
1997-06-30 20:42,1.239
1997-06-30 20:48,1.232
1997-06-30 20:54,1.225
1997-06-30 21:00,1.218
1997-06-30 21:06,1.211
1997-06-30 21:12,1.204
1997-06-30 21:18,1.197
1997-06-30 21:24,1.190
1997-06-30 21:30,1.184
1997-06-30 21:36,1.177
1997-06-30 21:42,1.171
1997-06-30 21:48,1.164
1997-06-30 21:54,1.158
1997-06-30 22:00,1.152
1997-06-30 22:06,1.146
1997-06-30 22:12,1.140
1997-06-30 22:18,1.134
1997-06-30 22:24,1.129
1997-06-30 22:30,1.124
1997-06-30 22:36,1.119
1997-06-30 22:42,1.114
1997-06-30 22:48,1.109
1997-06-30 22:54,1.105
1997-06-30 23:00,1.101
1997-06-30 23:06,1.097
1997-06-30 23:12,1.094
1997-06-30 23:18,1.091
1997-06-30 23:24,1.088
1997-06-30 23:30,1.086
1997-06-30 23:36,1.083
1997-06-30 23:42,1.082
1997-06-30 23:48,1.080
1997-06-30 23:54,1.079
1997-07-01 00:00,1.078
1997-07-01 00:06,1.077
1997-07-01 00:12,1.077
1997-07-01 00:18,1.077
1997-07-01 00:24,1.078
1997-07-01 00:30,1.079
1997-07-01 00:36,1.080
1997-07-01 00:42,1.081
1997-07-01 00:48,1.083
1997-07-01 00:54,1.085
1997-07-01 01:00,1.087
1997-07-01 01:06,1.090
1997-07-01 01:12,1.093
1997-07-01 01:18,1.096
1997-07-01 01:24,1.100
1997-07-01 01:30,1.104
1997-07-01 01:36,1.108
1997-07-01 01:42,1.112
1997-07-01 01:48,1.117
1997-07-01 01:54,1.121
1997-07-01 02:00,1.126
1997-07-01 02:06,1.132
1997-07-01 02:12,1.137
1997-07-01 02:18,1.143
1997-07-01 02:24,1.149
1997-07-01 02:30,1.155
1997-07-01 02:36,1.161
1997-07-01 02:42,1.168
1997-07-01 02:48,1.175
1997-07-01 02:54,1.182
1997-07-01 03:00,1.189
1997-07-01 03:06,1.196
1997-07-01 03:12,1.204
1997-07-01 03:18,1.211
1997-07-01 03:24,1.219
1997-07-01 03:30,1.227
1997-07-01 03:36,1.235
1997-07-01 03:42,1.243
1997-07-01 03:48,1.252
1997-07-01 03:54,1.260
1997-07-01 04:00,1.268
1997-07-01 04:06,1.277
1997-07-01 04:12,1.285
1997-07-01 04:18,1.294
1997-07-01 04:24,1.302
1997-07-01 04:30,1.311
1997-07-01 04:36,1.319
1997-07-01 04:42,1.328
1997-07-01 04:48,1.336
1997-07-01 04:54,1.344
1997-07-01 05:00,1.353
1997-07-01 05:06,1.361
1997-07-01 05:12,1.369
1997-07-01 05:18,1.376
1997-07-01 05:24,1.384
1997-07-01 05:30,1.391
1997-07-01 05:36,1.399
1997-07-01 05:42,1.406
1997-07-01 05:48,1.413
1997-07-01 05:54,1.420
1997-07-01 06:00,1.426
1997-07-01 06:06,1.433
1997-07-01 06:12,1.439
1997-07-01 06:18,1.445
1997-07-01 06:24,1.450
1997-07-01 06:30,1.456
1997-07-01 06:36,1.461
1997-07-01 06:42,1.467
1997-07-01 06:48,1.472
1997-07-01 06:54,1.476
1997-07-01 07:00,1.481
1997-07-01 07:06,1.486
1997-07-01 07:12,1.490
1997-07-01 07:18,1.494
1997-07-01 07:24,1.498
1997-07-01 07:30,1.502
1997-07-01 07:36,1.505
1997-07-01 07:42,1.509
1997-07-01 07:48,1.512
1997-07-01 07:54,1.515
1997-07-01 08:00,1.519
1997-07-01 08:06,1.521
1997-07-01 08:12,1.524
1997-07-01 08:18,1.527
1997-07-01 08:24,1.529
1997-07-01 08:30,1.532
1997-07-01 08:36,1.534
1997-07-01 08:42,1.536
1997-07-01 08:48,1.538
1997-07-01 08:54,1.539
1997-07-01 09:00,1.541
1997-07-01 09:06,1.542
1997-07-01 09:12,1.543
1997-07-01 09:18,1.545
1997-07-01 09:24,1.545
1997-07-01 09:30,1.546
1997-07-01 09:36,1.547
1997-07-01 09:42,1.547
1997-07-01 09:48,1.547
1997-07-01 09:54,1.547
1997-07-01 10:00,1.547
1997-07-01 10:06,1.547
1997-07-01 10:12,1.547
1997-07-01 10:18,1.546
1997-07-01 10:24,1.546
1997-07-01 10:30,1.545
1997-07-01 10:36,1.544
1997-07-01 10:42,1.543
1997-07-01 10:48,1.542
1997-07-01 10:54,1.541
1997-07-01 11:00,1.539
1997-07-01 11:06,1.538
1997-07-01 11:12,1.537
1997-07-01 11:18,1.535
1997-07-01 11:24,1.534
1997-07-01 11:30,1.532
1997-07-01 11:36,1.530
1997-07-01 11:42,1.529
1997-07-01 11:48,1.527
1997-07-01 11:54,1.525
1997-07-01 12:00,1.524
1997-07-01 12:06,1.522
1997-07-01 12:12,1.520
1997-07-01 12:18,1.519
1997-07-01 12:24,1.517
1997-07-01 12:30,1.515
1997-07-01 12:36,1.514
1997-07-01 12:42,1.512
1997-07-01 12:48,1.510
1997-07-01 12:54,1.509
1997-07-01 13:00,1.507
1997-07-01 13:06,1.506
1997-07-01 13:12,1.504
1997-07-01 13:18,1.503
1997-07-01 13:24,1.501
1997-07-01 13:30,1.500
1997-07-01 13:36,1.499
1997-07-01 13:42,1.497
1997-07-01 13:48,1.496
1997-07-01 13:54,1.495
1997-07-01 14:00,1.494
1997-07-01 14:06,1.492
1997-07-01 14:12,1.491
1997-07-01 14:18,1.490
1997-07-01 14:24,1.489
1997-07-01 14:30,1.488
1997-07-01 14:36,1.488
1997-07-01 14:42,1.487
1997-07-01 14:48,1.486
1997-07-01 14:54,1.485
1997-07-01 15:00,1.484
1997-07-01 15:06,1.484
1997-07-01 15:12,1.483
1997-07-01 15:18,1.482
1997-07-01 15:24,1.482
1997-07-01 15:30,1.481
1997-07-01 15:36,1.481
1997-07-01 15:42,1.480
1997-07-01 15:48,1.480
1997-07-01 15:54,1.479
1997-07-01 16:00,1.479
1997-07-01 16:06,1.478
1997-07-01 16:12,1.477
1997-07-01 16:18,1.477
1997-07-01 16:24,1.476
1997-07-01 16:30,1.475
1997-07-01 16:36,1.474
1997-07-01 16:42,1.473
1997-07-01 16:48,1.472
1997-07-01 16:54,1.470
1997-07-01 17:00,1.469
1997-07-01 17:06,1.467
1997-07-01 17:12,1.466
1997-07-01 17:18,1.464
1997-07-01 17:24,1.462
1997-07-01 17:30,1.459
1997-07-01 17:36,1.457
1997-07-01 17:42,1.454
1997-07-01 17:48,1.451
1997-07-01 17:54,1.448
1997-07-01 18:00,1.444
1997-07-01 18:06,1.441
1997-07-01 18:12,1.437
1997-07-01 18:18,1.433
1997-07-01 18:24,1.428
1997-07-01 18:30,1.424
1997-07-01 18:36,1.419
1997-07-01 18:42,1.414
1997-07-01 18:48,1.409
1997-07-01 18:54,1.403
1997-07-01 19:00,1.398
1997-07-01 19:06,1.392
1997-07-01 19:12,1.386
1997-07-01 19:18,1.379
1997-07-01 19:24,1.373
1997-07-01 19:30,1.366
1997-07-01 19:36,1.360
1997-07-01 19:42,1.353
1997-07-01 19:48,1.346
1997-07-01 19:54,1.338
1997-07-01 20:00,1.331
1997-07-01 20:06,1.324
1997-07-01 20:12,1.316
1997-07-01 20:18,1.309
1997-07-01 20:24,1.301
1997-07-01 20:30,1.293
1997-07-01 20:36,1.285
1997-07-01 20:42,1.277
1997-07-01 20:48,1.270
1997-07-01 20:54,1.262
1997-07-01 21:00,1.254
1997-07-01 21:06,1.246
1997-07-01 21:12,1.238
1997-07-01 21:18,1.230
1997-07-01 21:24,1.222
1997-07-01 21:30,1.214
1997-07-01 21:36,1.206
1997-07-01 21:42,1.198
1997-07-01 21:48,1.191
1997-07-01 21:54,1.183
1997-07-01 22:00,1.175
1997-07-01 22:06,1.168
1997-07-01 22:12,1.161
1997-07-01 22:18,1.153
1997-07-01 22:24,1.146
1997-07-01 22:30,1.140
1997-07-01 22:36,1.133
1997-07-01 22:42,1.126
1997-07-01 22:48,1.120
1997-07-01 22:54,1.114
1997-07-01 23:00,1.108
1997-07-01 23:06,1.102
1997-07-01 23:12,1.097
1997-07-01 23:18,1.091
1997-07-01 23:24,1.086
1997-07-01 23:30,1.081
1997-07-01 23:36,1.077
1997-07-01 23:42,1.073
1997-07-01 23:48,1.069
1997-07-01 23:54,1.065
1997-07-02 00:00,1.062
1997-07-02 00:06,1.059
1997-07-02 00:12,1.056
1997-07-02 00:18,1.054
1997-07-02 00:24,1.052
1997-07-02 00:30,1.050
1997-07-02 00:36,1.049
1997-07-02 00:42,1.048
1997-07-02 00:48,1.047
1997-07-02 00:54,1.047
1997-07-02 01:00,1.047
1997-07-02 01:06,1.047
1997-07-02 01:12,1.048
1997-07-02 01:18,1.049
1997-07-02 01:24,1.050
1997-07-02 01:30,1.052
1997-07-02 01:36,1.054
1997-07-02 01:42,1.056
1997-07-02 01:48,1.059
1997-07-02 01:54,1.062
1997-07-02 02:00,1.065
1997-07-02 02:06,1.069
1997-07-02 02:12,1.073
1997-07-02 02:18,1.077
1997-07-02 02:24,1.082
1997-07-02 02:30,1.087
1997-07-02 02:36,1.092
1997-07-02 02:42,1.097
1997-07-02 02:48,1.103
1997-07-02 02:54,1.109
1997-07-02 03:00,1.116
1997-07-02 03:06,1.122
1997-07-02 03:12,1.129
1997-07-02 03:18,1.136
1997-07-02 03:24,1.143
1997-07-02 03:30,1.151
1997-07-02 03:36,1.159
1997-07-02 03:42,1.166
1997-07-02 03:48,1.175
1997-07-02 03:54,1.183
1997-07-02 04:00,1.191
1997-07-02 04:06,1.200
1997-07-02 04:12,1.208
1997-07-02 04:18,1.217
1997-07-02 04:24,1.226
1997-07-02 04:30,1.235
1997-07-02 04:36,1.244
1997-07-02 04:42,1.253
1997-07-02 04:48,1.262
1997-07-02 04:54,1.271
1997-07-02 05:00,1.280
1997-07-02 05:06,1.289
1997-07-02 05:12,1.299
1997-07-02 05:18,1.308
1997-07-02 05:24,1.317
1997-07-02 05:30,1.326
1997-07-02 05:36,1.335
1997-07-02 05:42,1.343
1997-07-02 05:48,1.352
1997-07-02 05:54,1.361
1997-07-02 06:00,1.369
1997-07-02 06:06,1.378
1997-07-02 06:12,1.386
1997-07-02 06:18,1.394
1997-07-02 06:24,1.402
1997-07-02 06:30,1.410
1997-07-02 06:36,1.418
1997-07-02 06:42,1.425
1997-07-02 06:48,1.433
1997-07-02 06:54,1.440
1997-07-02 07:00,1.447
1997-07-02 07:06,1.454
1997-07-02 07:12,1.461
1997-07-02 07:18,1.467
1997-07-02 07:24,1.473
1997-07-02 07:30,1.479
1997-07-02 07:36,1.485
1997-07-02 07:42,1.491
1997-07-02 07:48,1.496
1997-07-02 07:54,1.501
1997-07-02 08:00,1.506
1997-07-02 08:06,1.511
1997-07-02 08:12,1.516
1997-07-02 08:18,1.520
1997-07-02 08:24,1.525
1997-07-02 08:30,1.529
1997-07-02 08:36,1.532
1997-07-02 08:42,1.536
1997-07-02 08:48,1.539
1997-07-02 08:54,1.543
1997-07-02 09:00,1.546
1997-07-02 09:06,1.548
1997-07-02 09:12,1.551
1997-07-02 09:18,1.553
1997-07-02 09:24,1.556
1997-07-02 09:30,1.558
1997-07-02 09:36,1.560
1997-07-02 09:42,1.561
1997-07-02 09:48,1.563
1997-07-02 09:54,1.564
1997-07-02 10:00,1.566
1997-07-02 10:06,1.567
1997-07-02 10:12,1.568
1997-07-02 10:18,1.568
1997-07-02 10:24,1.569
1997-07-02 10:30,1.569
1997-07-02 10:36,1.570
1997-07-02 10:42,1.570
1997-07-02 10:48,1.570
1997-07-02 10:54,1.570
1997-07-02 11:00,1.569
1997-07-02 11:06,1.569
1997-07-02 11:12,1.569
1997-07-02 11:18,1.568
1997-07-02 11:24,1.567
1997-07-02 11:30,1.566
1997-07-02 11:36,1.565
1997-07-02 11:42,1.564
1997-07-02 11:48,1.563
1997-07-02 11:54,1.561
1997-07-02 12:00,1.560
1997-07-02 12:06,1.558
1997-07-02 12:12,1.557
1997-07-02 12:18,1.555
1997-07-02 12:24,1.553
1997-07-02 12:30,1.552
1997-07-02 12:36,1.550
1997-07-02 12:42,1.548
1997-07-02 12:48,1.546
1997-07-02 12:54,1.544
1997-07-02 13:00,1.542
1997-07-02 13:06,1.539
1997-07-02 13:12,1.537
1997-07-02 13:18,1.535
1997-07-02 13:24,1.533
1997-07-02 13:30,1.531
1997-07-02 13:36,1.529
1997-07-02 13:42,1.527
1997-07-02 13:48,1.525
1997-07-02 13:54,1.523
1997-07-02 14:00,1.521
1997-07-02 14:06,1.519
1997-07-02 14:12,1.517
1997-07-02 14:18,1.515
1997-07-02 14:24,1.513
1997-07-02 14:30,1.512
1997-07-02 14:36,1.510
1997-07-02 14:42,1.508
1997-07-02 14:48,1.507
1997-07-02 14:54,1.505
1997-07-02 15:00,1.504
1997-07-02 15:06,1.503
1997-07-02 15:12,1.501
1997-07-02 15:18,1.500
1997-07-02 15:24,1.499
1997-07-02 15:30,1.498
1997-07-02 15:36,1.497
1997-07-02 15:42,1.495
1997-07-02 15:48,1.494
1997-07-02 15:54,1.493
1997-07-02 16:00,1.492
1997-07-02 16:06,1.491
1997-07-02 16:12,1.490
1997-07-02 16:18,1.489
1997-07-02 16:24,1.488
1997-07-02 16:30,1.487
1997-07-02 16:36,1.486
1997-07-02 16:42,1.485
1997-07-02 16:48,1.484
1997-07-02 16:54,1.483
1997-07-02 17:00,1.481
1997-07-02 17:06,1.480
1997-07-02 17:12,1.478
1997-07-02 17:18,1.477
1997-07-02 17:24,1.475
1997-07-02 17:30,1.474
1997-07-02 17:36,1.472
1997-07-02 17:42,1.470
1997-07-02 17:48,1.468
1997-07-02 17:54,1.465
1997-07-02 18:00,1.463
1997-07-02 18:06,1.461
1997-07-02 18:12,1.458
1997-07-02 18:18,1.455
1997-07-02 18:24,1.452
1997-07-02 18:30,1.449
1997-07-02 18:36,1.446
1997-07-02 18:42,1.442
1997-07-02 18:48,1.438
1997-07-02 18:54,1.435
1997-07-02 19:00,1.430
1997-07-02 19:06,1.426
1997-07-02 19:12,1.422
1997-07-02 19:18,1.417
1997-07-02 19:24,1.412
1997-07-02 19:30,1.407
1997-07-02 19:36,1.401
1997-07-02 19:42,1.396
1997-07-02 19:48,1.390
1997-07-02 19:54,1.384
1997-07-02 20:00,1.378
1997-07-02 20:06,1.371
1997-07-02 20:12,1.365
1997-07-02 20:18,1.358
1997-07-02 20:24,1.351
1997-07-02 20:30,1.344
1997-07-02 20:36,1.336
1997-07-02 20:42,1.329
1997-07-02 20:48,1.321
1997-07-02 20:54,1.313
1997-07-02 21:00,1.305
1997-07-02 21:06,1.297
1997-07-02 21:12,1.289
1997-07-02 21:18,1.281
1997-07-02 21:24,1.272
1997-07-02 21:30,1.264
1997-07-02 21:36,1.255
1997-07-02 21:42,1.247
1997-07-02 21:48,1.238
1997-07-02 21:54,1.230
1997-07-02 22:00,1.222
1997-07-02 22:06,1.213
1997-07-02 22:12,1.205
1997-07-02 22:18,1.197
1997-07-02 22:24,1.188
1997-07-02 22:30,1.180
1997-07-02 22:36,1.172
1997-07-02 22:42,1.165
1997-07-02 22:48,1.157
1997-07-02 22:54,1.149
1997-07-02 23:00,1.142
1997-07-02 23:06,1.135
1997-07-02 23:12,1.128
1997-07-02 23:18,1.121
1997-07-02 23:24,1.114
1997-07-02 23:30,1.108
1997-07-02 23:36,1.102
1997-07-02 23:42,1.096
1997-07-02 23:48,1.090
1997-07-02 23:54,1.084
1997-07-03 00:00,1.079
1997-07-03 00:06,1.074
1997-07-03 00:12,1.069
1997-07-03 00:18,1.065
1997-07-03 00:24,1.060
1997-07-03 00:30,1.056
1997-07-03 00:36,1.053
1997-07-03 00:42,1.049
1997-07-03 00:48,1.046
1997-07-03 00:54,1.043
1997-07-03 01:00,1.041
1997-07-03 01:06,1.039
1997-07-03 01:12,1.037
1997-07-03 01:18,1.035
1997-07-03 01:24,1.034
1997-07-03 01:30,1.033
1997-07-03 01:36,1.033
1997-07-03 01:42,1.032
1997-07-03 01:48,1.033
1997-07-03 01:54,1.033
1997-07-03 02:00,1.034
1997-07-03 02:06,1.035
1997-07-03 02:12,1.037
1997-07-03 02:18,1.039
1997-07-03 02:24,1.042
1997-07-03 02:30,1.044
1997-07-03 02:36,1.048
1997-07-03 02:42,1.051
1997-07-03 02:48,1.055
1997-07-03 02:54,1.059
1997-07-03 03:00,1.064
1997-07-03 03:06,1.069
1997-07-03 03:12,1.074
1997-07-03 03:18,1.080
1997-07-03 03:24,1.085
1997-07-03 03:30,1.092
1997-07-03 03:36,1.098
1997-07-03 03:42,1.105
1997-07-03 03:48,1.112
1997-07-03 03:54,1.119
1997-07-03 04:00,1.126
1997-07-03 04:06,1.134
1997-07-03 04:12,1.142
1997-07-03 04:18,1.150
1997-07-03 04:24,1.158
1997-07-03 04:30,1.166
1997-07-03 04:36,1.174
1997-07-03 04:42,1.183
1997-07-03 04:48,1.192
1997-07-03 04:54,1.200
1997-07-03 05:00,1.209
1997-07-03 05:06,1.218
1997-07-03 05:12,1.227
1997-07-03 05:18,1.236
1997-07-03 05:24,1.246
1997-07-03 05:30,1.255
1997-07-03 05:36,1.264
1997-07-03 05:42,1.273
1997-07-03 05:48,1.283
1997-07-03 05:54,1.292
1997-07-03 06:00,1.301
1997-07-03 06:06,1.310
1997-07-03 06:12,1.320
1997-07-03 06:18,1.329
1997-07-03 06:24,1.338
1997-07-03 06:30,1.347
1997-07-03 06:36,1.356
1997-07-03 06:42,1.365
1997-07-03 06:48,1.374
1997-07-03 06:54,1.383
1997-07-03 07:00,1.391
1997-07-03 07:06,1.400
1997-07-03 07:12,1.408
1997-07-03 07:18,1.417
1997-07-03 07:24,1.425
1997-07-03 07:30,1.433
1997-07-03 07:36,1.441
1997-07-03 07:42,1.448
1997-07-03 07:48,1.456
1997-07-03 07:54,1.463
1997-07-03 08:00,1.470
1997-07-03 08:06,1.476
1997-07-03 08:12,1.483
1997-07-03 08:18,1.489
1997-07-03 08:24,1.495
1997-07-03 08:30,1.501
1997-07-03 08:36,1.506
1997-07-03 08:42,1.512
1997-07-03 08:48,1.517
1997-07-03 08:54,1.522
1997-07-03 09:00,1.526
1997-07-03 09:06,1.530
1997-07-03 09:12,1.534
1997-07-03 09:18,1.538
1997-07-03 09:24,1.542
1997-07-03 09:30,1.545
1997-07-03 09:36,1.548
1997-07-03 09:42,1.551
1997-07-03 09:48,1.554
1997-07-03 09:54,1.557
1997-07-03 10:00,1.559
1997-07-03 10:06,1.561
1997-07-03 10:12,1.563
1997-07-03 10:18,1.565
1997-07-03 10:24,1.567
1997-07-03 10:30,1.569
1997-07-03 10:36,1.570
1997-07-03 10:42,1.571
1997-07-03 10:48,1.573
1997-07-03 10:54,1.574
1997-07-03 11:00,1.574
1997-07-03 11:06,1.575
1997-07-03 11:12,1.576
1997-07-03 11:18,1.576
1997-07-03 11:24,1.577
1997-07-03 11:30,1.577
1997-07-03 11:36,1.577
1997-07-03 11:42,1.577
1997-07-03 11:48,1.577
1997-07-03 11:54,1.576
1997-07-03 12:00,1.576
1997-07-03 12:06,1.575
1997-07-03 12:12,1.575
1997-07-03 12:18,1.574
1997-07-03 12:24,1.573
1997-07-03 12:30,1.571
1997-07-03 12:36,1.570
1997-07-03 12:42,1.569
1997-07-03 12:48,1.567
1997-07-03 12:54,1.566
1997-07-03 13:00,1.564
1997-07-03 13:06,1.562
1997-07-03 13:12,1.560
1997-07-03 13:18,1.558
1997-07-03 13:24,1.556
1997-07-03 13:30,1.554
1997-07-03 13:36,1.551
1997-07-03 13:42,1.549
1997-07-03 13:48,1.547
1997-07-03 13:54,1.544
1997-07-03 14:00,1.542
1997-07-03 14:06,1.540
1997-07-03 14:12,1.537
1997-07-03 14:18,1.535
1997-07-03 14:24,1.533
1997-07-03 14:30,1.531
1997-07-03 14:36,1.529
1997-07-03 14:42,1.527
1997-07-03 14:48,1.524
1997-07-03 14:54,1.522
1997-07-03 15:00,1.521
1997-07-03 15:06,1.519
1997-07-03 15:12,1.517
1997-07-03 15:18,1.515
1997-07-03 15:24,1.514
1997-07-03 15:30,1.512
1997-07-03 15:36,1.510
1997-07-03 15:42,1.509
1997-07-03 15:48,1.507
1997-07-03 15:54,1.506
1997-07-03 16:00,1.505
1997-07-03 16:06,1.503
1997-07-03 16:12,1.502
1997-07-03 16:18,1.500
1997-07-03 16:24,1.499
1997-07-03 16:30,1.498
1997-07-03 16:36,1.496
1997-07-03 16:42,1.495
1997-07-03 16:48,1.494
1997-07-03 16:54,1.492
1997-07-03 17:00,1.491
1997-07-03 17:06,1.490
1997-07-03 17:12,1.488
1997-07-03 17:18,1.487
1997-07-03 17:24,1.485
1997-07-03 17:30,1.483
1997-07-03 17:36,1.482
1997-07-03 17:42,1.480
1997-07-03 17:48,1.478
1997-07-03 17:54,1.477
1997-07-03 18:00,1.475
1997-07-03 18:06,1.473
1997-07-03 18:12,1.471
1997-07-03 18:18,1.469
1997-07-03 18:24,1.467
1997-07-03 18:30,1.464
1997-07-03 18:36,1.462
1997-07-03 18:42,1.460
1997-07-03 18:48,1.457
1997-07-03 18:54,1.455
1997-07-03 19:00,1.452
1997-07-03 19:06,1.449
1997-07-03 19:12,1.446
1997-07-03 19:18,1.443
1997-07-03 19:24,1.440
1997-07-03 19:30,1.436
1997-07-03 19:36,1.433
1997-07-03 19:42,1.429
1997-07-03 19:48,1.425
1997-07-03 19:54,1.420
1997-07-03 20:00,1.416
1997-07-03 20:06,1.411
1997-07-03 20:12,1.406
1997-07-03 20:18,1.401
1997-07-03 20:24,1.396
1997-07-03 20:30,1.390
1997-07-03 20:36,1.384
1997-07-03 20:42,1.378
1997-07-03 20:48,1.371
1997-07-03 20:54,1.365
1997-07-03 21:00,1.358
1997-07-03 21:06,1.351
1997-07-03 21:12,1.344
1997-07-03 21:18,1.336
1997-07-03 21:24,1.328
1997-07-03 21:30,1.321
1997-07-03 21:36,1.313
1997-07-03 21:42,1.304
1997-07-03 21:48,1.296
1997-07-03 21:54,1.288
1997-07-03 22:00,1.279
1997-07-03 22:06,1.271
1997-07-03 22:12,1.262
1997-07-03 22:18,1.254
1997-07-03 22:24,1.245
1997-07-03 22:30,1.237
1997-07-03 22:36,1.228
1997-07-03 22:42,1.220
1997-07-03 22:48,1.211
1997-07-03 22:54,1.203
1997-07-03 23:00,1.195
1997-07-03 23:06,1.187
1997-07-03 23:12,1.179
1997-07-03 23:18,1.171
1997-07-03 23:24,1.163
1997-07-03 23:30,1.156
1997-07-03 23:36,1.148
1997-07-03 23:42,1.141
1997-07-03 23:48,1.134
1997-07-03 23:54,1.127
1997-07-04 00:00,1.120
1997-07-04 00:06,1.114
1997-07-04 00:12,1.108
1997-07-04 00:18,1.102
1997-07-04 00:24,1.096
1997-07-04 00:30,1.090
1997-07-04 00:36,1.084
1997-07-04 00:42,1.079
1997-07-04 00:48,1.074
1997-07-04 00:54,1.069
1997-07-04 01:00,1.065
1997-07-04 01:06,1.061
1997-07-04 01:12,1.057
1997-07-04 01:18,1.053
1997-07-04 01:24,1.049
1997-07-04 01:30,1.046
1997-07-04 01:36,1.043
1997-07-04 01:42,1.041
1997-07-04 01:48,1.039
1997-07-04 01:54,1.037
1997-07-04 02:00,1.035
1997-07-04 02:06,1.034
1997-07-04 02:12,1.033
1997-07-04 02:18,1.033
1997-07-04 02:24,1.033
1997-07-04 02:30,1.033
1997-07-04 02:36,1.034
1997-07-04 02:42,1.035
1997-07-04 02:48,1.036
1997-07-04 02:54,1.038
1997-07-04 03:00,1.040
1997-07-04 03:06,1.043
1997-07-04 03:12,1.046
1997-07-04 03:18,1.049
1997-07-04 03:24,1.053
1997-07-04 03:30,1.057
1997-07-04 03:36,1.062
1997-07-04 03:42,1.066
1997-07-04 03:48,1.071
1997-07-04 03:54,1.077
1997-07-04 04:00,1.083
1997-07-04 04:06,1.089
1997-07-04 04:12,1.095
1997-07-04 04:18,1.101
1997-07-04 04:24,1.108
1997-07-04 04:30,1.115
1997-07-04 04:36,1.122
1997-07-04 04:42,1.129
1997-07-04 04:48,1.137
1997-07-04 04:54,1.145
1997-07-04 05:00,1.152
1997-07-04 05:06,1.160
1997-07-04 05:12,1.169
1997-07-04 05:18,1.177
1997-07-04 05:24,1.185
1997-07-04 05:30,1.194
1997-07-04 05:36,1.202
1997-07-04 05:42,1.211
1997-07-04 05:48,1.220
1997-07-04 05:54,1.228
1997-07-04 06:00,1.237
1997-07-04 06:06,1.246
1997-07-04 06:12,1.255
1997-07-04 06:18,1.264
1997-07-04 06:24,1.274
1997-07-04 06:30,1.283
1997-07-04 06:36,1.292
1997-07-04 06:42,1.301
1997-07-04 06:48,1.311
1997-07-04 06:54,1.320
1997-07-04 07:00,1.329
1997-07-04 07:06,1.338
1997-07-04 07:12,1.347
1997-07-04 07:18,1.357
1997-07-04 07:24,1.366
1997-07-04 07:30,1.375
1997-07-04 07:36,1.384
1997-07-04 07:42,1.392
1997-07-04 07:48,1.401
1997-07-04 07:54,1.410
1997-07-04 08:00,1.418
1997-07-04 08:06,1.426
1997-07-04 08:12,1.434
1997-07-04 08:18,1.442
1997-07-04 08:24,1.450
1997-07-04 08:30,1.457
1997-07-04 08:36,1.464
1997-07-04 08:42,1.471
1997-07-04 08:48,1.477
1997-07-04 08:54,1.484
1997-07-04 09:00,1.490
1997-07-04 09:06,1.496
1997-07-04 09:12,1.501
1997-07-04 09:18,1.506
1997-07-04 09:24,1.511
1997-07-04 09:30,1.516
1997-07-04 09:36,1.521
1997-07-04 09:42,1.525
1997-07-04 09:48,1.529
1997-07-04 09:54,1.532
1997-07-04 10:00,1.536
1997-07-04 10:06,1.539
1997-07-04 10:12,1.542
1997-07-04 10:18,1.545
1997-07-04 10:24,1.548
1997-07-04 10:30,1.550
1997-07-04 10:36,1.553
1997-07-04 10:42,1.555
1997-07-04 10:48,1.557
1997-07-04 10:54,1.559
1997-07-04 11:00,1.561
1997-07-04 11:06,1.562
1997-07-04 11:12,1.564
1997-07-04 11:18,1.565
1997-07-04 11:24,1.567
1997-07-04 11:30,1.568
1997-07-04 11:36,1.569
1997-07-04 11:42,1.570
1997-07-04 11:48,1.571
1997-07-04 11:54,1.571
1997-07-04 12:00,1.572
1997-07-04 12:06,1.572
1997-07-04 12:12,1.572
1997-07-04 12:18,1.572
1997-07-04 12:24,1.572
1997-07-04 12:30,1.572
1997-07-04 12:36,1.572
1997-07-04 12:42,1.571
1997-07-04 12:48,1.571
1997-07-04 12:54,1.570
1997-07-04 13:00,1.569
1997-07-04 13:06,1.568
1997-07-04 13:12,1.567
1997-07-04 13:18,1.566
1997-07-04 13:24,1.564
1997-07-04 13:30,1.562
1997-07-04 13:36,1.561
1997-07-04 13:42,1.559
1997-07-04 13:48,1.557
1997-07-04 13:54,1.555
1997-07-04 14:00,1.553
1997-07-04 14:06,1.551
1997-07-04 14:12,1.549
1997-07-04 14:18,1.546
1997-07-04 14:24,1.544
1997-07-04 14:30,1.542
1997-07-04 14:36,1.540
1997-07-04 14:42,1.537
1997-07-04 14:48,1.535
1997-07-04 14:54,1.533
1997-07-04 15:00,1.531
1997-07-04 15:06,1.529
1997-07-04 15:12,1.527
1997-07-04 15:18,1.525
1997-07-04 15:24,1.523
1997-07-04 15:30,1.521
1997-07-04 15:36,1.519
1997-07-04 15:42,1.517
1997-07-04 15:48,1.515
1997-07-04 15:54,1.514
1997-07-04 16:00,1.512
1997-07-04 16:06,1.510
1997-07-04 16:12,1.509
1997-07-04 16:18,1.507
1997-07-04 16:24,1.506
1997-07-04 16:30,1.504
1997-07-04 16:36,1.503
1997-07-04 16:42,1.501
1997-07-04 16:48,1.500
1997-07-04 16:54,1.498
1997-07-04 17:00,1.496
1997-07-04 17:06,1.495
1997-07-04 17:12,1.493
1997-07-04 17:18,1.492
1997-07-04 17:24,1.490
1997-07-04 17:30,1.489
1997-07-04 17:36,1.487
1997-07-04 17:42,1.485
1997-07-04 17:48,1.484
1997-07-04 17:54,1.482
1997-07-04 18:00,1.480
1997-07-04 18:06,1.479
1997-07-04 18:12,1.477
1997-07-04 18:18,1.475
1997-07-04 18:24,1.473
1997-07-04 18:30,1.472
1997-07-04 18:36,1.470
1997-07-04 18:42,1.468
1997-07-04 18:48,1.466
1997-07-04 18:54,1.464
1997-07-04 19:00,1.462
1997-07-04 19:06,1.460
1997-07-04 19:12,1.458
1997-07-04 19:18,1.456
1997-07-04 19:24,1.454
1997-07-04 19:30,1.452
1997-07-04 19:36,1.450
1997-07-04 19:42,1.447
1997-07-04 19:48,1.445
1997-07-04 19:54,1.442
1997-07-04 20:00,1.439
1997-07-04 20:06,1.436
1997-07-04 20:12,1.433
1997-07-04 20:18,1.429
1997-07-04 20:24,1.426
1997-07-04 20:30,1.422
1997-07-04 20:36,1.418
1997-07-04 20:42,1.414
1997-07-04 20:48,1.409
1997-07-04 20:54,1.404
1997-07-04 21:00,1.399
1997-07-04 21:06,1.394
1997-07-04 21:12,1.389
1997-07-04 21:18,1.383
1997-07-04 21:24,1.377
1997-07-04 21:30,1.370
1997-07-04 21:36,1.364
1997-07-04 21:42,1.357
1997-07-04 21:48,1.350
1997-07-04 21:54,1.343
1997-07-04 22:00,1.336
1997-07-04 22:06,1.328
1997-07-04 22:12,1.320
1997-07-04 22:18,1.313
1997-07-04 22:24,1.305
1997-07-04 22:30,1.297
1997-07-04 22:36,1.288
1997-07-04 22:42,1.280
1997-07-04 22:48,1.272
1997-07-04 22:54,1.264
1997-07-04 23:00,1.256
1997-07-04 23:06,1.247
1997-07-04 23:12,1.239
1997-07-04 23:18,1.231
1997-07-04 23:24,1.223
1997-07-04 23:30,1.215
1997-07-04 23:36,1.207
1997-07-04 23:42,1.199
1997-07-04 23:48,1.191
1997-07-04 23:54,1.184
1997-07-05 00:00,1.176
1997-07-05 00:06,1.169
1997-07-05 00:12,1.162
1997-07-05 00:18,1.155
1997-07-05 00:24,1.148
1997-07-05 00:30,1.141
1997-07-05 00:36,1.134
1997-07-05 00:42,1.128
1997-07-05 00:48,1.122
1997-07-05 00:54,1.116
1997-07-05 01:00,1.110
1997-07-05 01:06,1.104
1997-07-05 01:12,1.099
1997-07-05 01:18,1.093
1997-07-05 01:24,1.088
1997-07-05 01:30,1.083
1997-07-05 01:36,1.079
1997-07-05 01:42,1.074
1997-07-05 01:48,1.070
1997-07-05 01:54,1.066
1997-07-05 02:00,1.063
1997-07-05 02:06,1.060
1997-07-05 02:12,1.057
1997-07-05 02:18,1.054
1997-07-05 02:24,1.052
1997-07-05 02:30,1.050
1997-07-05 02:36,1.048
1997-07-05 02:42,1.047
1997-07-05 02:48,1.046
1997-07-05 02:54,1.045
1997-07-05 03:00,1.045
1997-07-05 03:06,1.045
1997-07-05 03:12,1.046
1997-07-05 03:18,1.047
1997-07-05 03:24,1.048
1997-07-05 03:30,1.050
1997-07-05 03:36,1.052
1997-07-05 03:42,1.054
1997-07-05 03:48,1.057
1997-07-05 03:54,1.060
1997-07-05 04:00,1.064
1997-07-05 04:06,1.068
1997-07-05 04:12,1.072
1997-07-05 04:18,1.076
1997-07-05 04:24,1.081
1997-07-05 04:30,1.086
1997-07-05 04:36,1.092
1997-07-05 04:42,1.097
1997-07-05 04:48,1.103
1997-07-05 04:54,1.109
1997-07-05 05:00,1.115
1997-07-05 05:06,1.122
1997-07-05 05:12,1.129
1997-07-05 05:18,1.135
1997-07-05 05:24,1.142
1997-07-05 05:30,1.150
1997-07-05 05:36,1.157
1997-07-05 05:42,1.164
1997-07-05 05:48,1.172
1997-07-05 05:54,1.180
1997-07-05 06:00,1.188
1997-07-05 06:06,1.196
1997-07-05 06:12,1.204
1997-07-05 06:18,1.212
1997-07-05 06:24,1.221
1997-07-05 06:30,1.229
1997-07-05 06:36,1.238
1997-07-05 06:42,1.246
1997-07-05 06:48,1.255
1997-07-05 06:54,1.264
1997-07-05 07:00,1.273
1997-07-05 07:06,1.282
1997-07-05 07:12,1.291
1997-07-05 07:18,1.300
1997-07-05 07:24,1.309
1997-07-05 07:30,1.318
1997-07-05 07:36,1.327
1997-07-05 07:42,1.336
1997-07-05 07:48,1.345
1997-07-05 07:54,1.354
1997-07-05 08:00,1.363
1997-07-05 08:06,1.372
1997-07-05 08:12,1.380
1997-07-05 08:18,1.389
1997-07-05 08:24,1.397
1997-07-05 08:30,1.406
1997-07-05 08:36,1.414
1997-07-05 08:42,1.422
1997-07-05 08:48,1.429
1997-07-05 08:54,1.437
1997-07-05 09:00,1.444
1997-07-05 09:06,1.451
1997-07-05 09:12,1.458
1997-07-05 09:18,1.464
1997-07-05 09:24,1.471
1997-07-05 09:30,1.477
1997-07-05 09:36,1.482
1997-07-05 09:42,1.488
1997-07-05 09:48,1.493
1997-07-05 09:54,1.498
1997-07-05 10:00,1.503
1997-07-05 10:06,1.507
1997-07-05 10:12,1.511
1997-07-05 10:18,1.515
1997-07-05 10:24,1.519
1997-07-05 10:30,1.522
1997-07-05 10:36,1.526
1997-07-05 10:42,1.529
1997-07-05 10:48,1.532
1997-07-05 10:54,1.534
1997-07-05 11:00,1.537
1997-07-05 11:06,1.539
1997-07-05 11:12,1.541
1997-07-05 11:18,1.543
1997-07-05 11:24,1.545
1997-07-05 11:30,1.547
1997-07-05 11:36,1.549
1997-07-05 11:42,1.550
1997-07-05 11:48,1.552
1997-07-05 11:54,1.553
1997-07-05 12:00,1.554
1997-07-05 12:06,1.555
1997-07-05 12:12,1.556
1997-07-05 12:18,1.557
1997-07-05 12:24,1.558
1997-07-05 12:30,1.559
1997-07-05 12:36,1.559
1997-07-05 12:42,1.559
1997-07-05 12:48,1.559
1997-07-05 12:54,1.560
1997-07-05 13:00,1.559
1997-07-05 13:06,1.559
1997-07-05 13:12,1.559
1997-07-05 13:18,1.558
1997-07-05 13:24,1.558
1997-07-05 13:30,1.557
1997-07-05 13:36,1.556
1997-07-05 13:42,1.555
1997-07-05 13:48,1.554
1997-07-05 13:54,1.552
1997-07-05 14:00,1.551
1997-07-05 14:06,1.550
1997-07-05 14:12,1.548
1997-07-05 14:18,1.546
1997-07-05 14:24,1.545
1997-07-05 14:30,1.543
1997-07-05 14:36,1.541
1997-07-05 14:42,1.539
1997-07-05 14:48,1.537
1997-07-05 14:54,1.535
1997-07-05 15:00,1.533
1997-07-05 15:06,1.531
1997-07-05 15:12,1.529
1997-07-05 15:18,1.527
1997-07-05 15:24,1.525
1997-07-05 15:30,1.523
1997-07-05 15:36,1.521
1997-07-05 15:42,1.519
1997-07-05 15:48,1.517
1997-07-05 15:54,1.515
1997-07-05 16:00,1.513
1997-07-05 16:06,1.512
1997-07-05 16:12,1.510
1997-07-05 16:18,1.508
1997-07-05 16:24,1.506
1997-07-05 16:30,1.504
1997-07-05 16:36,1.503
1997-07-05 16:42,1.501
1997-07-05 16:48,1.499
1997-07-05 16:54,1.498
1997-07-05 17:00,1.496
1997-07-05 17:06,1.494
1997-07-05 17:12,1.493
1997-07-05 17:18,1.491
1997-07-05 17:24,1.490
1997-07-05 17:30,1.488
1997-07-05 17:36,1.486
1997-07-05 17:42,1.485
1997-07-05 17:48,1.483
1997-07-05 17:54,1.482
1997-07-05 18:00,1.480
1997-07-05 18:06,1.478
1997-07-05 18:12,1.477
1997-07-05 18:18,1.475
1997-07-05 18:24,1.474
1997-07-05 18:30,1.472
1997-07-05 18:36,1.470
1997-07-05 18:42,1.469
1997-07-05 18:48,1.467
1997-07-05 18:54,1.466
1997-07-05 19:00,1.464
1997-07-05 19:06,1.463
1997-07-05 19:12,1.461
1997-07-05 19:18,1.460
1997-07-05 19:24,1.458
1997-07-05 19:30,1.456
1997-07-05 19:36,1.455
1997-07-05 19:42,1.453
1997-07-05 19:48,1.452
1997-07-05 19:54,1.450
1997-07-05 20:00,1.448
1997-07-05 20:06,1.446
1997-07-05 20:12,1.444
1997-07-05 20:18,1.442
1997-07-05 20:24,1.440
1997-07-05 20:30,1.438
1997-07-05 20:36,1.435
1997-07-05 20:42,1.432
1997-07-05 20:48,1.430
1997-07-05 20:54,1.427
1997-07-05 21:00,1.423
1997-07-05 21:06,1.420
1997-07-05 21:12,1.416
1997-07-05 21:18,1.412
1997-07-05 21:24,1.408
1997-07-05 21:30,1.404
1997-07-05 21:36,1.399
1997-07-05 21:42,1.395
1997-07-05 21:48,1.389
1997-07-05 21:54,1.384
1997-07-05 22:00,1.379
1997-07-05 22:06,1.373
1997-07-05 22:12,1.367
1997-07-05 22:18,1.361
1997-07-05 22:24,1.354
1997-07-05 22:30,1.348
1997-07-05 22:36,1.341
1997-07-05 22:42,1.334
1997-07-05 22:48,1.327
1997-07-05 22:54,1.320
1997-07-05 23:00,1.313
1997-07-05 23:06,1.306
1997-07-05 23:12,1.298
1997-07-05 23:18,1.291
1997-07-05 23:24,1.283
1997-07-05 23:30,1.275
1997-07-05 23:36,1.268
1997-07-05 23:42,1.260
1997-07-05 23:48,1.253
1997-07-05 23:54,1.245
1997-07-06 00:00,1.237
1997-07-06 00:06,1.230
1997-07-06 00:12,1.223
1997-07-06 00:18,1.215
1997-07-06 00:24,1.208
1997-07-06 00:30,1.201
1997-07-06 00:36,1.194
1997-07-06 00:42,1.187
1997-07-06 00:48,1.180
1997-07-06 00:54,1.173
1997-07-06 01:00,1.166
1997-07-06 01:06,1.160
1997-07-06 01:12,1.153
1997-07-06 01:18,1.147
1997-07-06 01:24,1.141
1997-07-06 01:30,1.135
1997-07-06 01:36,1.130
1997-07-06 01:42,1.124
1997-07-06 01:48,1.119
1997-07-06 01:54,1.114
1997-07-06 02:00,1.109
1997-07-06 02:06,1.104
1997-07-06 02:12,1.100
1997-07-06 02:18,1.095
1997-07-06 02:24,1.092
1997-07-06 02:30,1.088
1997-07-06 02:36,1.085
1997-07-06 02:42,1.081
1997-07-06 02:48,1.079
1997-07-06 02:54,1.076
1997-07-06 03:00,1.074
1997-07-06 03:06,1.072
1997-07-06 03:12,1.071
1997-07-06 03:18,1.069
1997-07-06 03:24,1.068
1997-07-06 03:30,1.068
1997-07-06 03:36,1.068
1997-07-06 03:42,1.068
1997-07-06 03:48,1.068
1997-07-06 03:54,1.069
1997-07-06 04:00,1.070
1997-07-06 04:06,1.072
1997-07-06 04:12,1.074
1997-07-06 04:18,1.076
1997-07-06 04:24,1.078
1997-07-06 04:30,1.081
1997-07-06 04:36,1.084
1997-07-06 04:42,1.088
1997-07-06 04:48,1.092
1997-07-06 04:54,1.096
1997-07-06 05:00,1.100
1997-07-06 05:06,1.104
1997-07-06 05:12,1.109
1997-07-06 05:18,1.114
1997-07-06 05:24,1.120
1997-07-06 05:30,1.125
1997-07-06 05:36,1.131
1997-07-06 05:42,1.137
1997-07-06 05:48,1.143
1997-07-06 05:54,1.149
1997-07-06 06:00,1.156
1997-07-06 06:06,1.163
1997-07-06 06:12,1.170
1997-07-06 06:18,1.177
1997-07-06 06:24,1.184
1997-07-06 06:30,1.191
1997-07-06 06:36,1.199
1997-07-06 06:42,1.206
1997-07-06 06:48,1.214
1997-07-06 06:54,1.222
1997-07-06 07:00,1.230
1997-07-06 07:06,1.238
1997-07-06 07:12,1.246
1997-07-06 07:18,1.255
1997-07-06 07:24,1.263
1997-07-06 07:30,1.271
1997-07-06 07:36,1.280
1997-07-06 07:42,1.288
1997-07-06 07:48,1.297
1997-07-06 07:54,1.306
1997-07-06 08:00,1.314
1997-07-06 08:06,1.323
1997-07-06 08:12,1.331
1997-07-06 08:18,1.340
1997-07-06 08:24,1.348
1997-07-06 08:30,1.356
1997-07-06 08:36,1.365
1997-07-06 08:42,1.373
1997-07-06 08:48,1.381
1997-07-06 08:54,1.389
1997-07-06 09:00,1.397
1997-07-06 09:06,1.404
1997-07-06 09:12,1.412
1997-07-06 09:18,1.419
1997-07-06 09:24,1.426
1997-07-06 09:30,1.433
1997-07-06 09:36,1.439
1997-07-06 09:42,1.446
1997-07-06 09:48,1.452
1997-07-06 09:54,1.458
1997-07-06 10:00,1.463
1997-07-06 10:06,1.469
1997-07-06 10:12,1.474
1997-07-06 10:18,1.479
1997-07-06 10:24,1.484
1997-07-06 10:30,1.488
1997-07-06 10:36,1.493
1997-07-06 10:42,1.497
1997-07-06 10:48,1.501
1997-07-06 10:54,1.504
1997-07-06 11:00,1.508
1997-07-06 11:06,1.511
1997-07-06 11:12,1.514
1997-07-06 11:18,1.517
1997-07-06 11:24,1.519
1997-07-06 11:30,1.522
1997-07-06 11:36,1.524
1997-07-06 11:42,1.526
1997-07-06 11:48,1.528
1997-07-06 11:54,1.530
1997-07-06 12:00,1.532
1997-07-06 12:06,1.533
1997-07-06 12:12,1.534
1997-07-06 12:18,1.536
1997-07-06 12:24,1.537
1997-07-06 12:30,1.538
1997-07-06 12:36,1.539
1997-07-06 12:42,1.539
1997-07-06 12:48,1.540
1997-07-06 12:54,1.540
1997-07-06 13:00,1.541
1997-07-06 13:06,1.541
1997-07-06 13:12,1.541
1997-07-06 13:18,1.541
1997-07-06 13:24,1.541
1997-07-06 13:30,1.541
1997-07-06 13:36,1.541
1997-07-06 13:42,1.540
1997-07-06 13:48,1.540
1997-07-06 13:54,1.539
1997-07-06 14:00,1.538
1997-07-06 14:06,1.537
1997-07-06 14:12,1.536
1997-07-06 14:18,1.535
1997-07-06 14:24,1.534
1997-07-06 14:30,1.533
1997-07-06 14:36,1.532
1997-07-06 14:42,1.530
1997-07-06 14:48,1.529
1997-07-06 14:54,1.527
1997-07-06 15:00,1.526
1997-07-06 15:06,1.524
1997-07-06 15:12,1.523
1997-07-06 15:18,1.521
1997-07-06 15:24,1.519
1997-07-06 15:30,1.517
1997-07-06 15:36,1.516
1997-07-06 15:42,1.514
1997-07-06 15:48,1.512
1997-07-06 15:54,1.510
1997-07-06 16:00,1.508
1997-07-06 16:06,1.506
1997-07-06 16:12,1.504
1997-07-06 16:18,1.502
1997-07-06 16:24,1.501
1997-07-06 16:30,1.499
1997-07-06 16:36,1.497
1997-07-06 16:42,1.495
1997-07-06 16:48,1.493
1997-07-06 16:54,1.491
1997-07-06 17:00,1.490
1997-07-06 17:06,1.488
1997-07-06 17:12,1.486
1997-07-06 17:18,1.484
1997-07-06 17:24,1.482
1997-07-06 17:30,1.481
1997-07-06 17:36,1.479
1997-07-06 17:42,1.477
1997-07-06 17:48,1.476
1997-07-06 17:54,1.474
1997-07-06 18:00,1.473
1997-07-06 18:06,1.471
1997-07-06 18:12,1.470
1997-07-06 18:18,1.468
1997-07-06 18:24,1.467
1997-07-06 18:30,1.465
1997-07-06 18:36,1.464
1997-07-06 18:42,1.462
1997-07-06 18:48,1.461
1997-07-06 18:54,1.460
1997-07-06 19:00,1.459
1997-07-06 19:06,1.457
1997-07-06 19:12,1.456
1997-07-06 19:18,1.455
1997-07-06 19:24,1.454
1997-07-06 19:30,1.453
1997-07-06 19:36,1.451
1997-07-06 19:42,1.450
1997-07-06 19:48,1.449
1997-07-06 19:54,1.448
1997-07-06 20:00,1.447
1997-07-06 20:06,1.445
1997-07-06 20:12,1.444
1997-07-06 20:18,1.443
1997-07-06 20:24,1.441
1997-07-06 20:30,1.440
1997-07-06 20:36,1.438
1997-07-06 20:42,1.437
1997-07-06 20:48,1.435
1997-07-06 20:54,1.433
1997-07-06 21:00,1.431
1997-07-06 21:06,1.429
1997-07-06 21:12,1.427
1997-07-06 21:18,1.424
1997-07-06 21:24,1.422
1997-07-06 21:30,1.419
1997-07-06 21:36,1.416
1997-07-06 21:42,1.413
1997-07-06 21:48,1.410
1997-07-06 21:54,1.407
1997-07-06 22:00,1.403
1997-07-06 22:06,1.399
1997-07-06 22:12,1.395
1997-07-06 22:18,1.391
1997-07-06 22:24,1.387
1997-07-06 22:30,1.382
1997-07-06 22:36,1.377
1997-07-06 22:42,1.372
1997-07-06 22:48,1.367
1997-07-06 22:54,1.362
1997-07-06 23:00,1.356
1997-07-06 23:06,1.351
1997-07-06 23:12,1.345
1997-07-06 23:18,1.339
1997-07-06 23:24,1.333
1997-07-06 23:30,1.327
1997-07-06 23:36,1.321
1997-07-06 23:42,1.314
1997-07-06 23:48,1.308
1997-07-06 23:54,1.301
1997-07-07 00:00,1.294
1997-07-07 00:06,1.288
1997-07-07 00:12,1.281
1997-07-07 00:18,1.274
1997-07-07 00:24,1.267
1997-07-07 00:30,1.261
1997-07-07 00:36,1.254
1997-07-07 00:42,1.247
1997-07-07 00:48,1.240
1997-07-07 00:54,1.233
1997-07-07 01:00,1.227
1997-07-07 01:06,1.220
1997-07-07 01:12,1.213
1997-07-07 01:18,1.207
1997-07-07 01:24,1.200
1997-07-07 01:30,1.194
1997-07-07 01:36,1.188
1997-07-07 01:42,1.182
1997-07-07 01:48,1.176
1997-07-07 01:54,1.170
1997-07-07 02:00,1.165
1997-07-07 02:06,1.159
1997-07-07 02:12,1.154
1997-07-07 02:18,1.149
1997-07-07 02:24,1.144
1997-07-07 02:30,1.139
1997-07-07 02:36,1.135
1997-07-07 02:42,1.131
1997-07-07 02:48,1.127
1997-07-07 02:54,1.123
1997-07-07 03:00,1.120
1997-07-07 03:06,1.116
1997-07-07 03:12,1.113
1997-07-07 03:18,1.110
1997-07-07 03:24,1.108
1997-07-07 03:30,1.106
1997-07-07 03:36,1.104
1997-07-07 03:42,1.102
1997-07-07 03:48,1.101
1997-07-07 03:54,1.100
1997-07-07 04:00,1.099
1997-07-07 04:06,1.098
1997-07-07 04:12,1.098
1997-07-07 04:18,1.098
1997-07-07 04:24,1.099
1997-07-07 04:30,1.099
1997-07-07 04:36,1.100
1997-07-07 04:42,1.101
1997-07-07 04:48,1.103
1997-07-07 04:54,1.105
1997-07-07 05:00,1.107
1997-07-07 05:06,1.109
1997-07-07 05:12,1.112
1997-07-07 05:18,1.115
1997-07-07 05:24,1.118
1997-07-07 05:30,1.122
1997-07-07 05:36,1.125
1997-07-07 05:42,1.129
1997-07-07 05:48,1.134
1997-07-07 05:54,1.138
1997-07-07 06:00,1.143
1997-07-07 06:06,1.148
1997-07-07 06:12,1.153
1997-07-07 06:18,1.159
1997-07-07 06:24,1.164
1997-07-07 06:30,1.170
1997-07-07 06:36,1.176
1997-07-07 06:42,1.183
1997-07-07 06:48,1.189
1997-07-07 06:54,1.196
1997-07-07 07:00,1.203
1997-07-07 07:06,1.210
1997-07-07 07:12,1.217
1997-07-07 07:18,1.224
1997-07-07 07:24,1.232
1997-07-07 07:30,1.239
1997-07-07 07:36,1.247
1997-07-07 07:42,1.254
1997-07-07 07:48,1.262
1997-07-07 07:54,1.270
1997-07-07 08:00,1.278
1997-07-07 08:06,1.286
1997-07-07 08:12,1.293
1997-07-07 08:18,1.301
1997-07-07 08:24,1.309
1997-07-07 08:30,1.317
1997-07-07 08:36,1.325
1997-07-07 08:42,1.333
1997-07-07 08:48,1.340
1997-07-07 08:54,1.348
1997-07-07 09:00,1.355
1997-07-07 09:06,1.363
1997-07-07 09:12,1.370
1997-07-07 09:18,1.377
1997-07-07 09:24,1.384
1997-07-07 09:30,1.391
1997-07-07 09:36,1.398
1997-07-07 09:42,1.405
1997-07-07 09:48,1.411
1997-07-07 09:54,1.418
1997-07-07 10:00,1.424
1997-07-07 10:06,1.430
1997-07-07 10:12,1.436
1997-07-07 10:18,1.441
1997-07-07 10:24,1.447
1997-07-07 10:30,1.452
1997-07-07 10:36,1.457
1997-07-07 10:42,1.462
1997-07-07 10:48,1.467
1997-07-07 10:54,1.471
1997-07-07 11:00,1.475
1997-07-07 11:06,1.479
1997-07-07 11:12,1.483
1997-07-07 11:18,1.487
1997-07-07 11:24,1.490
1997-07-07 11:30,1.494
1997-07-07 11:36,1.497
1997-07-07 11:42,1.500
1997-07-07 11:48,1.502
1997-07-07 11:54,1.505
1997-07-07 12:00,1.507
1997-07-07 12:06,1.509
1997-07-07 12:12,1.511
1997-07-07 12:18,1.513
1997-07-07 12:24,1.514
1997-07-07 12:30,1.515
1997-07-07 12:36,1.517
1997-07-07 12:42,1.518
1997-07-07 12:48,1.519
1997-07-07 12:54,1.519
1997-07-07 13:00,1.520
1997-07-07 13:06,1.520
1997-07-07 13:12,1.521
1997-07-07 13:18,1.521
1997-07-07 13:24,1.521
1997-07-07 13:30,1.521
1997-07-07 13:36,1.521
1997-07-07 13:42,1.521
1997-07-07 13:48,1.520
1997-07-07 13:54,1.520
1997-07-07 14:00,1.519
1997-07-07 14:06,1.519
1997-07-07 14:12,1.518
1997-07-07 14:18,1.518
1997-07-07 14:24,1.517
1997-07-07 14:30,1.516
1997-07-07 14:36,1.515
1997-07-07 14:42,1.514
1997-07-07 14:48,1.513
1997-07-07 14:54,1.512
1997-07-07 15:00,1.511
1997-07-07 15:06,1.510
1997-07-07 15:12,1.508
1997-07-07 15:18,1.507
1997-07-07 15:24,1.506
1997-07-07 15:30,1.504
1997-07-07 15:36,1.503
1997-07-07 15:42,1.501
1997-07-07 15:48,1.500
1997-07-07 15:54,1.498
1997-07-07 16:00,1.496
1997-07-07 16:06,1.494
1997-07-07 16:12,1.493
1997-07-07 16:18,1.491
1997-07-07 16:24,1.489
1997-07-07 16:30,1.487
1997-07-07 16:36,1.485
1997-07-07 16:42,1.483
1997-07-07 16:48,1.481
1997-07-07 16:54,1.479
1997-07-07 17:00,1.477
1997-07-07 17:06,1.475
1997-07-07 17:12,1.473
1997-07-07 17:18,1.471
1997-07-07 17:24,1.469
1997-07-07 17:30,1.467
1997-07-07 17:36,1.466
1997-07-07 17:42,1.464
1997-07-07 17:48,1.462
1997-07-07 17:54,1.460
1997-07-07 18:00,1.458
1997-07-07 18:06,1.457
1997-07-07 18:12,1.455
1997-07-07 18:18,1.454
1997-07-07 18:24,1.452
1997-07-07 18:30,1.451
1997-07-07 18:36,1.449
1997-07-07 18:42,1.448
1997-07-07 18:48,1.447
1997-07-07 18:54,1.446
1997-07-07 19:00,1.445
1997-07-07 19:06,1.444
1997-07-07 19:12,1.443
1997-07-07 19:18,1.442
1997-07-07 19:24,1.441
1997-07-07 19:30,1.440
1997-07-07 19:36,1.439
1997-07-07 19:42,1.438
1997-07-07 19:48,1.438
1997-07-07 19:54,1.437
1997-07-07 20:00,1.436
1997-07-07 20:06,1.435
1997-07-07 20:12,1.435
1997-07-07 20:18,1.434
1997-07-07 20:24,1.433
1997-07-07 20:30,1.432
1997-07-07 20:36,1.431
1997-07-07 20:42,1.430
1997-07-07 20:48,1.429
1997-07-07 20:54,1.428
1997-07-07 21:00,1.427
1997-07-07 21:06,1.425
1997-07-07 21:12,1.424
1997-07-07 21:18,1.423
1997-07-07 21:24,1.421
1997-07-07 21:30,1.419
1997-07-07 21:36,1.418
1997-07-07 21:42,1.416
1997-07-07 21:48,1.414
1997-07-07 21:54,1.412
1997-07-07 22:00,1.410
1997-07-07 22:06,1.407
1997-07-07 22:12,1.405
1997-07-07 22:18,1.402
1997-07-07 22:24,1.400
1997-07-07 22:30,1.397
1997-07-07 22:36,1.394
1997-07-07 22:42,1.391
1997-07-07 22:48,1.388
1997-07-07 22:54,1.384
1997-07-07 23:00,1.381
1997-07-07 23:06,1.377
1997-07-07 23:12,1.374
1997-07-07 23:18,1.370
1997-07-07 23:24,1.366
1997-07-07 23:30,1.361
1997-07-07 23:36,1.357
1997-07-07 23:42,1.353
1997-07-07 23:48,1.348
1997-07-07 23:54,1.343
1997-07-08 00:00,1.338
1997-07-08 00:06,1.333
1997-07-08 00:12,1.328
1997-07-08 00:18,1.323
1997-07-08 00:24,1.317
1997-07-08 00:30,1.312
1997-07-08 00:36,1.306
1997-07-08 00:42,1.300
1997-07-08 00:48,1.295
1997-07-08 00:54,1.289
1997-07-08 01:00,1.283
1997-07-08 01:06,1.277
1997-07-08 01:12,1.271
1997-07-08 01:18,1.265
1997-07-08 01:24,1.259
1997-07-08 01:30,1.253
1997-07-08 01:36,1.247
1997-07-08 01:42,1.241
1997-07-08 01:48,1.235
1997-07-08 01:54,1.230
1997-07-08 02:00,1.224
1997-07-08 02:06,1.218
1997-07-08 02:12,1.213
1997-07-08 02:18,1.208
1997-07-08 02:24,1.203
1997-07-08 02:30,1.197
1997-07-08 02:36,1.193
1997-07-08 02:42,1.188
1997-07-08 02:48,1.183
1997-07-08 02:54,1.179
1997-07-08 03:00,1.175
1997-07-08 03:06,1.171
1997-07-08 03:12,1.167
1997-07-08 03:18,1.163
1997-07-08 03:24,1.160
1997-07-08 03:30,1.157
1997-07-08 03:36,1.154
1997-07-08 03:42,1.151
1997-07-08 03:48,1.149
1997-07-08 03:54,1.146
1997-07-08 04:00,1.144
1997-07-08 04:06,1.142
1997-07-08 04:12,1.141
1997-07-08 04:18,1.139
1997-07-08 04:24,1.138
1997-07-08 04:30,1.137
1997-07-08 04:36,1.136
1997-07-08 04:42,1.135
1997-07-08 04:48,1.135
1997-07-08 04:54,1.135
1997-07-08 05:00,1.135
1997-07-08 05:06,1.135
1997-07-08 05:12,1.136
1997-07-08 05:18,1.137
1997-07-08 05:24,1.138
1997-07-08 05:30,1.139
1997-07-08 05:36,1.141
1997-07-08 05:42,1.143
1997-07-08 05:48,1.145
1997-07-08 05:54,1.148
1997-07-08 06:00,1.150
1997-07-08 06:06,1.154
1997-07-08 06:12,1.157
1997-07-08 06:18,1.160
1997-07-08 06:24,1.164
1997-07-08 06:30,1.168
1997-07-08 06:36,1.173
1997-07-08 06:42,1.177
1997-07-08 06:48,1.182
1997-07-08 06:54,1.187
1997-07-08 07:00,1.193
1997-07-08 07:06,1.198
1997-07-08 07:12,1.204
1997-07-08 07:18,1.210
1997-07-08 07:24,1.216
1997-07-08 07:30,1.222
1997-07-08 07:36,1.229
1997-07-08 07:42,1.235
1997-07-08 07:48,1.242
1997-07-08 07:54,1.249
1997-07-08 08:00,1.256
1997-07-08 08:06,1.262
1997-07-08 08:12,1.269
1997-07-08 08:18,1.276
1997-07-08 08:24,1.284
1997-07-08 08:30,1.291
1997-07-08 08:36,1.298
1997-07-08 08:42,1.305
1997-07-08 08:48,1.312
1997-07-08 08:54,1.319
1997-07-08 09:00,1.325
1997-07-08 09:06,1.332
1997-07-08 09:12,1.339
1997-07-08 09:18,1.346
1997-07-08 09:24,1.352
1997-07-08 09:30,1.359
1997-07-08 09:36,1.365
1997-07-08 09:42,1.372
1997-07-08 09:48,1.378
1997-07-08 09:54,1.384
1997-07-08 10:00,1.390
1997-07-08 10:06,1.396
1997-07-08 10:12,1.402
1997-07-08 10:18,1.407
1997-07-08 10:24,1.413
1997-07-08 10:30,1.418
1997-07-08 10:36,1.424
1997-07-08 10:42,1.429
1997-07-08 10:48,1.434
1997-07-08 10:54,1.439
1997-07-08 11:00,1.443
1997-07-08 11:06,1.448
1997-07-08 11:12,1.452
1997-07-08 11:18,1.457
1997-07-08 11:24,1.461
1997-07-08 11:30,1.465
1997-07-08 11:36,1.468
1997-07-08 11:42,1.472
1997-07-08 11:48,1.475
1997-07-08 11:54,1.478
1997-07-08 12:00,1.481
1997-07-08 12:06,1.484
1997-07-08 12:12,1.487
1997-07-08 12:18,1.489
1997-07-08 12:24,1.491
1997-07-08 12:30,1.493
1997-07-08 12:36,1.495
1997-07-08 12:42,1.496
1997-07-08 12:48,1.497
1997-07-08 12:54,1.499
1997-07-08 13:00,1.499
1997-07-08 13:06,1.500
1997-07-08 13:12,1.501
1997-07-08 13:18,1.501
1997-07-08 13:24,1.502
1997-07-08 13:30,1.502
1997-07-08 13:36,1.502
1997-07-08 13:42,1.501
1997-07-08 13:48,1.501
1997-07-08 13:54,1.501
1997-07-08 14:00,1.500
1997-07-08 14:06,1.500
1997-07-08 14:12,1.499
1997-07-08 14:18,1.498
1997-07-08 14:24,1.498
1997-07-08 14:30,1.497
1997-07-08 14:36,1.496
1997-07-08 14:42,1.495
1997-07-08 14:48,1.494
1997-07-08 14:54,1.493
1997-07-08 15:00,1.492
1997-07-08 15:06,1.491
1997-07-08 15:12,1.490
1997-07-08 15:18,1.488
1997-07-08 15:24,1.487
1997-07-08 15:30,1.486
1997-07-08 15:36,1.485
1997-07-08 15:42,1.483
1997-07-08 15:48,1.482
1997-07-08 15:54,1.480
1997-07-08 16:00,1.479
1997-07-08 16:06,1.477
1997-07-08 16:12,1.475
1997-07-08 16:18,1.474
1997-07-08 16:24,1.472
1997-07-08 16:30,1.470
1997-07-08 16:36,1.468
1997-07-08 16:42,1.466
1997-07-08 16:48,1.464
1997-07-08 16:54,1.462
1997-07-08 17:00,1.460
1997-07-08 17:06,1.458
1997-07-08 17:12,1.456
1997-07-08 17:18,1.454
1997-07-08 17:24,1.451
1997-07-08 17:30,1.449
1997-07-08 17:36,1.447
1997-07-08 17:42,1.445
1997-07-08 17:48,1.443
1997-07-08 17:54,1.441
1997-07-08 18:00,1.439
1997-07-08 18:06,1.437
1997-07-08 18:12,1.435
1997-07-08 18:18,1.433
1997-07-08 18:24,1.431
1997-07-08 18:30,1.429
1997-07-08 18:36,1.428
1997-07-08 18:42,1.426
1997-07-08 18:48,1.425
1997-07-08 18:54,1.424
1997-07-08 19:00,1.423
1997-07-08 19:06,1.421
1997-07-08 19:12,1.421
1997-07-08 19:18,1.420
1997-07-08 19:24,1.419
1997-07-08 19:30,1.418
1997-07-08 19:36,1.418
1997-07-08 19:42,1.417
1997-07-08 19:48,1.416
1997-07-08 19:54,1.416
1997-07-08 20:00,1.416
1997-07-08 20:06,1.415
1997-07-08 20:12,1.415
1997-07-08 20:18,1.414
1997-07-08 20:24,1.414
1997-07-08 20:30,1.414
1997-07-08 20:36,1.413
1997-07-08 20:42,1.413
1997-07-08 20:48,1.412
1997-07-08 20:54,1.412
1997-07-08 21:00,1.411
1997-07-08 21:06,1.411
1997-07-08 21:12,1.410
1997-07-08 21:18,1.409
1997-07-08 21:24,1.408
1997-07-08 21:30,1.407
1997-07-08 21:36,1.407
1997-07-08 21:42,1.406
1997-07-08 21:48,1.404
1997-07-08 21:54,1.403
1997-07-08 22:00,1.402
1997-07-08 22:06,1.401
1997-07-08 22:12,1.400
1997-07-08 22:18,1.398
1997-07-08 22:24,1.397
1997-07-08 22:30,1.395
1997-07-08 22:36,1.394
1997-07-08 22:42,1.392
1997-07-08 22:48,1.390
1997-07-08 22:54,1.388
1997-07-08 23:00,1.386
1997-07-08 23:06,1.385
1997-07-08 23:12,1.383
1997-07-08 23:18,1.380
1997-07-08 23:24,1.378
1997-07-08 23:30,1.376
1997-07-08 23:36,1.374
1997-07-08 23:42,1.371
1997-07-08 23:48,1.368
1997-07-08 23:54,1.366
1997-07-09 00:00,1.363
1997-07-09 00:06,1.360
1997-07-09 00:12,1.357
1997-07-09 00:18,1.353
1997-07-09 00:24,1.350
1997-07-09 00:30,1.346
1997-07-09 00:36,1.343
1997-07-09 00:42,1.339
1997-07-09 00:48,1.335
1997-07-09 00:54,1.331
1997-07-09 01:00,1.327
1997-07-09 01:06,1.322
1997-07-09 01:12,1.318
1997-07-09 01:18,1.313
1997-07-09 01:24,1.309
1997-07-09 01:30,1.304
1997-07-09 01:36,1.299
1997-07-09 01:42,1.294
1997-07-09 01:48,1.290
1997-07-09 01:54,1.285
1997-07-09 02:00,1.280
1997-07-09 02:06,1.275
1997-07-09 02:12,1.270
1997-07-09 02:18,1.265
1997-07-09 02:24,1.260
1997-07-09 02:30,1.256
1997-07-09 02:36,1.251
1997-07-09 02:42,1.247
1997-07-09 02:48,1.242
1997-07-09 02:54,1.238
1997-07-09 03:00,1.234
1997-07-09 03:06,1.230
1997-07-09 03:12,1.226
1997-07-09 03:18,1.222
1997-07-09 03:24,1.218
1997-07-09 03:30,1.215
1997-07-09 03:36,1.211
1997-07-09 03:42,1.208
1997-07-09 03:48,1.205
1997-07-09 03:54,1.202
1997-07-09 04:00,1.199
1997-07-09 04:06,1.197
1997-07-09 04:12,1.194
1997-07-09 04:18,1.192
1997-07-09 04:24,1.190
1997-07-09 04:30,1.188
1997-07-09 04:36,1.186
1997-07-09 04:42,1.184
1997-07-09 04:48,1.183
1997-07-09 04:54,1.181
1997-07-09 05:00,1.180
1997-07-09 05:06,1.179
1997-07-09 05:12,1.178
1997-07-09 05:18,1.178
1997-07-09 05:24,1.177
1997-07-09 05:30,1.177
1997-07-09 05:36,1.177
1997-07-09 05:42,1.177
1997-07-09 05:48,1.177
1997-07-09 05:54,1.178
1997-07-09 06:00,1.179
1997-07-09 06:06,1.180
1997-07-09 06:12,1.181
1997-07-09 06:18,1.183
1997-07-09 06:24,1.185
1997-07-09 06:30,1.187
1997-07-09 06:36,1.189
1997-07-09 06:42,1.192
1997-07-09 06:48,1.195
1997-07-09 06:54,1.198
1997-07-09 07:00,1.201
1997-07-09 07:06,1.205
1997-07-09 07:12,1.209
1997-07-09 07:18,1.213
1997-07-09 07:24,1.218
1997-07-09 07:30,1.223
1997-07-09 07:36,1.227
1997-07-09 07:42,1.233
1997-07-09 07:48,1.238
1997-07-09 07:54,1.243
1997-07-09 08:00,1.249
1997-07-09 08:06,1.254
1997-07-09 08:12,1.260
1997-07-09 08:18,1.266
1997-07-09 08:24,1.272
1997-07-09 08:30,1.278
1997-07-09 08:36,1.284
1997-07-09 08:42,1.290
1997-07-09 08:48,1.297
1997-07-09 08:54,1.303
1997-07-09 09:00,1.309
1997-07-09 09:06,1.315
1997-07-09 09:12,1.321
1997-07-09 09:18,1.327
1997-07-09 09:24,1.333
1997-07-09 09:30,1.339
1997-07-09 09:36,1.344
1997-07-09 09:42,1.350
1997-07-09 09:48,1.356
1997-07-09 09:54,1.361
1997-07-09 10:00,1.367
1997-07-09 10:06,1.372
1997-07-09 10:12,1.377
1997-07-09 10:18,1.383
1997-07-09 10:24,1.388
1997-07-09 10:30,1.393
1997-07-09 10:36,1.398
1997-07-09 10:42,1.403
1997-07-09 10:48,1.407
1997-07-09 10:54,1.412
1997-07-09 11:00,1.417
1997-07-09 11:06,1.421
1997-07-09 11:12,1.426
1997-07-09 11:18,1.430
1997-07-09 11:24,1.434
1997-07-09 11:30,1.438
1997-07-09 11:36,1.442
1997-07-09 11:42,1.446
1997-07-09 11:48,1.450
1997-07-09 11:54,1.453
1997-07-09 12:00,1.456
1997-07-09 12:06,1.460
1997-07-09 12:12,1.463
1997-07-09 12:18,1.465
1997-07-09 12:24,1.468
1997-07-09 12:30,1.470
1997-07-09 12:36,1.473
1997-07-09 12:42,1.475
1997-07-09 12:48,1.477
1997-07-09 12:54,1.478
1997-07-09 13:00,1.480
1997-07-09 13:06,1.481
1997-07-09 13:12,1.482
1997-07-09 13:18,1.483
1997-07-09 13:24,1.484
1997-07-09 13:30,1.484
1997-07-09 13:36,1.484
1997-07-09 13:42,1.484
1997-07-09 13:48,1.484
1997-07-09 13:54,1.484
1997-07-09 14:00,1.484
1997-07-09 14:06,1.483
1997-07-09 14:12,1.483
1997-07-09 14:18,1.482
1997-07-09 14:24,1.481
1997-07-09 14:30,1.480
1997-07-09 14:36,1.479
1997-07-09 14:42,1.478
1997-07-09 14:48,1.477
1997-07-09 14:54,1.475
1997-07-09 15:00,1.474
1997-07-09 15:06,1.473
1997-07-09 15:12,1.472
1997-07-09 15:18,1.470
1997-07-09 15:24,1.469
1997-07-09 15:30,1.467
1997-07-09 15:36,1.466
1997-07-09 15:42,1.464
1997-07-09 15:48,1.463
1997-07-09 15:54,1.461
1997-07-09 16:00,1.459
1997-07-09 16:06,1.458
1997-07-09 16:12,1.456
1997-07-09 16:18,1.454
1997-07-09 16:24,1.452
1997-07-09 16:30,1.450
1997-07-09 16:36,1.448
1997-07-09 16:42,1.446
1997-07-09 16:48,1.444
1997-07-09 16:54,1.442
1997-07-09 17:00,1.440
1997-07-09 17:06,1.437
1997-07-09 17:12,1.435
1997-07-09 17:18,1.433
1997-07-09 17:24,1.430
1997-07-09 17:30,1.428
1997-07-09 17:36,1.425
1997-07-09 17:42,1.423
1997-07-09 17:48,1.420
1997-07-09 17:54,1.418
1997-07-09 18:00,1.416
1997-07-09 18:06,1.413
1997-07-09 18:12,1.411
1997-07-09 18:18,1.409
1997-07-09 18:24,1.406
1997-07-09 18:30,1.404
1997-07-09 18:36,1.402
1997-07-09 18:42,1.400
1997-07-09 18:48,1.398
1997-07-09 18:54,1.397
1997-07-09 19:00,1.395
1997-07-09 19:06,1.393
1997-07-09 19:12,1.392
1997-07-09 19:18,1.391
1997-07-09 19:24,1.390
1997-07-09 19:30,1.389
1997-07-09 19:36,1.388
1997-07-09 19:42,1.387
1997-07-09 19:48,1.386
1997-07-09 19:54,1.386
1997-07-09 20:00,1.386
1997-07-09 20:06,1.385
1997-07-09 20:12,1.385
1997-07-09 20:18,1.385
1997-07-09 20:24,1.385
1997-07-09 20:30,1.384
1997-07-09 20:36,1.384
1997-07-09 20:42,1.384
1997-07-09 20:48,1.384
1997-07-09 20:54,1.384
1997-07-09 21:00,1.384
1997-07-09 21:06,1.384
1997-07-09 21:12,1.384
1997-07-09 21:18,1.384
1997-07-09 21:24,1.384
1997-07-09 21:30,1.384
1997-07-09 21:36,1.383
1997-07-09 21:42,1.383
1997-07-09 21:48,1.383
1997-07-09 21:54,1.382
1997-07-09 22:00,1.382
1997-07-09 22:06,1.382
1997-07-09 22:12,1.381
1997-07-09 22:18,1.381
1997-07-09 22:24,1.380
1997-07-09 22:30,1.379
1997-07-09 22:36,1.379
1997-07-09 22:42,1.378
1997-07-09 22:48,1.378
1997-07-09 22:54,1.377
1997-07-09 23:00,1.376
1997-07-09 23:06,1.375
1997-07-09 23:12,1.375
1997-07-09 23:18,1.374
1997-07-09 23:24,1.373
1997-07-09 23:30,1.372
1997-07-09 23:36,1.371
1997-07-09 23:42,1.370
1997-07-09 23:48,1.370
1997-07-09 23:54,1.368
1997-07-10 00:00,1.367
1997-07-10 00:06,1.366
1997-07-10 00:12,1.365
1997-07-10 00:18,1.364
1997-07-10 00:24,1.362
1997-07-10 00:30,1.361
1997-07-10 00:36,1.359
1997-07-10 00:42,1.357
1997-07-10 00:48,1.355
1997-07-10 00:54,1.354
1997-07-10 01:00,1.351
1997-07-10 01:06,1.349
1997-07-10 01:12,1.347
1997-07-10 01:18,1.344
1997-07-10 01:24,1.342
1997-07-10 01:30,1.339
1997-07-10 01:36,1.336
1997-07-10 01:42,1.333
1997-07-10 01:48,1.330
1997-07-10 01:54,1.327
1997-07-10 02:00,1.324
1997-07-10 02:06,1.320
1997-07-10 02:12,1.317
1997-07-10 02:18,1.313
1997-07-10 02:24,1.310
1997-07-10 02:30,1.306
1997-07-10 02:36,1.303
1997-07-10 02:42,1.299
1997-07-10 02:48,1.296
1997-07-10 02:54,1.292
1997-07-10 03:00,1.289
1997-07-10 03:06,1.286
1997-07-10 03:12,1.282
1997-07-10 03:18,1.279
1997-07-10 03:24,1.276
1997-07-10 03:30,1.272
1997-07-10 03:36,1.269
1997-07-10 03:42,1.266
1997-07-10 03:48,1.263
1997-07-10 03:54,1.261
1997-07-10 04:00,1.258
1997-07-10 04:06,1.255
1997-07-10 04:12,1.253
1997-07-10 04:18,1.250
1997-07-10 04:24,1.248
1997-07-10 04:30,1.245
1997-07-10 04:36,1.243
1997-07-10 04:42,1.241
1997-07-10 04:48,1.239
1997-07-10 04:54,1.237
1997-07-10 05:00,1.236
1997-07-10 05:06,1.234
1997-07-10 05:12,1.232
1997-07-10 05:18,1.231
1997-07-10 05:24,1.229
1997-07-10 05:30,1.228
1997-07-10 05:36,1.227
1997-07-10 05:42,1.226
1997-07-10 05:48,1.225
1997-07-10 05:54,1.225
1997-07-10 06:00,1.224
1997-07-10 06:06,1.224
1997-07-10 06:12,1.224
1997-07-10 06:18,1.224
1997-07-10 06:24,1.224
1997-07-10 06:30,1.225
1997-07-10 06:36,1.225
1997-07-10 06:42,1.226
1997-07-10 06:48,1.227
1997-07-10 06:54,1.229
1997-07-10 07:00,1.230
1997-07-10 07:06,1.232
1997-07-10 07:12,1.234
1997-07-10 07:18,1.237
1997-07-10 07:24,1.239
1997-07-10 07:30,1.242
1997-07-10 07:36,1.245
1997-07-10 07:42,1.248
1997-07-10 07:48,1.252
1997-07-10 07:54,1.256
1997-07-10 08:00,1.260
1997-07-10 08:06,1.264
1997-07-10 08:12,1.268
1997-07-10 08:18,1.272
1997-07-10 08:24,1.277
1997-07-10 08:30,1.282
1997-07-10 08:36,1.286
1997-07-10 08:42,1.291
1997-07-10 08:48,1.296
1997-07-10 08:54,1.301
1997-07-10 09:00,1.306
1997-07-10 09:06,1.311
1997-07-10 09:12,1.316
1997-07-10 09:18,1.321
1997-07-10 09:24,1.326
1997-07-10 09:30,1.331
1997-07-10 09:36,1.336
1997-07-10 09:42,1.341
1997-07-10 09:48,1.346
1997-07-10 09:54,1.351
1997-07-10 10:00,1.356
1997-07-10 10:06,1.361
1997-07-10 10:12,1.365
1997-07-10 10:18,1.370
1997-07-10 10:24,1.374
1997-07-10 10:30,1.379
1997-07-10 10:36,1.383
1997-07-10 10:42,1.388
1997-07-10 10:48,1.392
1997-07-10 10:54,1.396
1997-07-10 11:00,1.400
1997-07-10 11:06,1.404
1997-07-10 11:12,1.408
1997-07-10 11:18,1.412
1997-07-10 11:24,1.416
1997-07-10 11:30,1.420
1997-07-10 11:36,1.423
1997-07-10 11:42,1.427
1997-07-10 11:48,1.430
1997-07-10 11:54,1.433
1997-07-10 12:00,1.437
1997-07-10 12:06,1.440
1997-07-10 12:12,1.443
1997-07-10 12:18,1.446
1997-07-10 12:24,1.448
1997-07-10 12:30,1.451
1997-07-10 12:36,1.454
1997-07-10 12:42,1.456
1997-07-10 12:48,1.458
1997-07-10 12:54,1.460
1997-07-10 13:00,1.462
1997-07-10 13:06,1.463
1997-07-10 13:12,1.465
1997-07-10 13:18,1.466
1997-07-10 13:24,1.467
1997-07-10 13:30,1.468
1997-07-10 13:36,1.469
1997-07-10 13:42,1.469
1997-07-10 13:48,1.469
1997-07-10 13:54,1.470
1997-07-10 14:00,1.469
1997-07-10 14:06,1.469
1997-07-10 14:12,1.469
1997-07-10 14:18,1.468
1997-07-10 14:24,1.468
1997-07-10 14:30,1.467
1997-07-10 14:36,1.466
1997-07-10 14:42,1.465
1997-07-10 14:48,1.464
1997-07-10 14:54,1.462
1997-07-10 15:00,1.461
1997-07-10 15:06,1.459
1997-07-10 15:12,1.458
1997-07-10 15:18,1.456
1997-07-10 15:24,1.455
1997-07-10 15:30,1.453
1997-07-10 15:36,1.451
1997-07-10 15:42,1.449
1997-07-10 15:48,1.447
1997-07-10 15:54,1.445
1997-07-10 16:00,1.443
1997-07-10 16:06,1.441
1997-07-10 16:12,1.439
1997-07-10 16:18,1.436
1997-07-10 16:24,1.434
1997-07-10 16:30,1.432
1997-07-10 16:36,1.429
1997-07-10 16:42,1.427
1997-07-10 16:48,1.425
1997-07-10 16:54,1.422
1997-07-10 17:00,1.419
1997-07-10 17:06,1.417
1997-07-10 17:12,1.414
1997-07-10 17:18,1.411
1997-07-10 17:24,1.409
1997-07-10 17:30,1.406
1997-07-10 17:36,1.403
1997-07-10 17:42,1.400
1997-07-10 17:48,1.397
1997-07-10 17:54,1.394
1997-07-10 18:00,1.392
1997-07-10 18:06,1.389
1997-07-10 18:12,1.386
1997-07-10 18:18,1.383
1997-07-10 18:24,1.380
1997-07-10 18:30,1.378
1997-07-10 18:36,1.375
1997-07-10 18:42,1.373
1997-07-10 18:48,1.370
1997-07-10 18:54,1.368
1997-07-10 19:00,1.365
1997-07-10 19:06,1.363
1997-07-10 19:12,1.361
1997-07-10 19:18,1.359
1997-07-10 19:24,1.358
1997-07-10 19:30,1.356
1997-07-10 19:36,1.354
1997-07-10 19:42,1.353
1997-07-10 19:48,1.352
1997-07-10 19:54,1.351
1997-07-10 20:00,1.350
1997-07-10 20:06,1.349
1997-07-10 20:12,1.348
1997-07-10 20:18,1.348
1997-07-10 20:24,1.347
1997-07-10 20:30,1.347
1997-07-10 20:36,1.347
1997-07-10 20:42,1.347
1997-07-10 20:48,1.347
1997-07-10 20:54,1.347
1997-07-10 21:00,1.347
1997-07-10 21:06,1.347
1997-07-10 21:12,1.347
1997-07-10 21:18,1.347
1997-07-10 21:24,1.347
1997-07-10 21:30,1.348
1997-07-10 21:36,1.348
1997-07-10 21:42,1.348
1997-07-10 21:48,1.348
1997-07-10 21:54,1.349
1997-07-10 22:00,1.349
1997-07-10 22:06,1.349
1997-07-10 22:12,1.350
1997-07-10 22:18,1.350
1997-07-10 22:24,1.350
1997-07-10 22:30,1.350
1997-07-10 22:36,1.351
1997-07-10 22:42,1.351
1997-07-10 22:48,1.351
1997-07-10 22:54,1.351
1997-07-10 23:00,1.352
1997-07-10 23:06,1.352
1997-07-10 23:12,1.352
1997-07-10 23:18,1.353
1997-07-10 23:24,1.353
1997-07-10 23:30,1.353
1997-07-10 23:36,1.353
1997-07-10 23:42,1.354
1997-07-10 23:48,1.354
1997-07-10 23:54,1.354
1997-07-11 00:00,1.355
1997-07-11 00:06,1.355
1997-07-11 00:12,1.355
1997-07-11 00:18,1.355
1997-07-11 00:24,1.355
1997-07-11 00:30,1.355
1997-07-11 00:36,1.356
1997-07-11 00:42,1.356
1997-07-11 00:48,1.356
1997-07-11 00:54,1.355
1997-07-11 01:00,1.355
1997-07-11 01:06,1.355
1997-07-11 01:12,1.355
1997-07-11 01:18,1.354
1997-07-11 01:24,1.354
1997-07-11 01:30,1.353
1997-07-11 01:36,1.352
1997-07-11 01:42,1.351
1997-07-11 01:48,1.351
1997-07-11 01:54,1.350
1997-07-11 02:00,1.348
1997-07-11 02:06,1.347
1997-07-11 02:12,1.346
1997-07-11 02:18,1.345
1997-07-11 02:24,1.343
1997-07-11 02:30,1.341
1997-07-11 02:36,1.340
1997-07-11 02:42,1.338
1997-07-11 02:48,1.336
1997-07-11 02:54,1.334
1997-07-11 03:00,1.333
1997-07-11 03:06,1.331
1997-07-11 03:12,1.329
1997-07-11 03:18,1.327
1997-07-11 03:24,1.325
1997-07-11 03:30,1.323
1997-07-11 03:36,1.321
1997-07-11 03:42,1.319
1997-07-11 03:48,1.317
1997-07-11 03:54,1.315
1997-07-11 04:00,1.312
1997-07-11 04:06,1.310
1997-07-11 04:12,1.308
1997-07-11 04:18,1.306
1997-07-11 04:24,1.305
1997-07-11 04:30,1.303
1997-07-11 04:36,1.301
1997-07-11 04:42,1.299
1997-07-11 04:48,1.297
1997-07-11 04:54,1.295
1997-07-11 05:00,1.293
1997-07-11 05:06,1.292
1997-07-11 05:12,1.290
1997-07-11 05:18,1.289
1997-07-11 05:24,1.287
1997-07-11 05:30,1.286
1997-07-11 05:36,1.284
1997-07-11 05:42,1.283
1997-07-11 05:48,1.282
1997-07-11 05:54,1.280
1997-07-11 06:00,1.279
1997-07-11 06:06,1.278
1997-07-11 06:12,1.277
1997-07-11 06:18,1.277
1997-07-11 06:24,1.276
1997-07-11 06:30,1.276
1997-07-11 06:36,1.275
1997-07-11 06:42,1.275
1997-07-11 06:48,1.275
1997-07-11 06:54,1.275
1997-07-11 07:00,1.276
1997-07-11 07:06,1.276
1997-07-11 07:12,1.277
1997-07-11 07:18,1.278
1997-07-11 07:24,1.279
1997-07-11 07:30,1.280
1997-07-11 07:36,1.281
1997-07-11 07:42,1.283
1997-07-11 07:48,1.285
1997-07-11 07:54,1.287
1997-07-11 08:00,1.289
1997-07-11 08:06,1.291
1997-07-11 08:12,1.294
1997-07-11 08:18,1.296
1997-07-11 08:24,1.299
1997-07-11 08:30,1.302
1997-07-11 08:36,1.305
1997-07-11 08:42,1.309
1997-07-11 08:48,1.312
1997-07-11 08:54,1.315
1997-07-11 09:00,1.319
1997-07-11 09:06,1.323
1997-07-11 09:12,1.326
1997-07-11 09:18,1.330
1997-07-11 09:24,1.334
1997-07-11 09:30,1.338
1997-07-11 09:36,1.342
1997-07-11 09:42,1.346
1997-07-11 09:48,1.350
1997-07-11 09:54,1.354
1997-07-11 10:00,1.358
1997-07-11 10:06,1.362
1997-07-11 10:12,1.365
1997-07-11 10:18,1.369
1997-07-11 10:24,1.373
1997-07-11 10:30,1.377
1997-07-11 10:36,1.381
1997-07-11 10:42,1.384
1997-07-11 10:48,1.388
1997-07-11 10:54,1.392
1997-07-11 11:00,1.395
1997-07-11 11:06,1.399
1997-07-11 11:12,1.402
1997-07-11 11:18,1.405
1997-07-11 11:24,1.409
1997-07-11 11:30,1.412
1997-07-11 11:36,1.415
1997-07-11 11:42,1.418
1997-07-11 11:48,1.421
1997-07-11 11:54,1.424
1997-07-11 12:00,1.427
1997-07-11 12:06,1.429
1997-07-11 12:12,1.432
1997-07-11 12:18,1.434
1997-07-11 12:24,1.437
1997-07-11 12:30,1.439
1997-07-11 12:36,1.441
1997-07-11 12:42,1.443
1997-07-11 12:48,1.445
1997-07-11 12:54,1.447
1997-07-11 13:00,1.449
1997-07-11 13:06,1.450
1997-07-11 13:12,1.452
1997-07-11 13:18,1.453
1997-07-11 13:24,1.454
1997-07-11 13:30,1.455
1997-07-11 13:36,1.456
1997-07-11 13:42,1.457
1997-07-11 13:48,1.457
1997-07-11 13:54,1.458
1997-07-11 14:00,1.458
1997-07-11 14:06,1.458
1997-07-11 14:12,1.458
1997-07-11 14:18,1.458
1997-07-11 14:24,1.458
1997-07-11 14:30,1.457
1997-07-11 14:36,1.456
1997-07-11 14:42,1.456
1997-07-11 14:48,1.455
1997-07-11 14:54,1.453
1997-07-11 15:00,1.452
1997-07-11 15:06,1.451
1997-07-11 15:12,1.449
1997-07-11 15:18,1.448
1997-07-11 15:24,1.446
1997-07-11 15:30,1.444
1997-07-11 15:36,1.442
1997-07-11 15:42,1.440
1997-07-11 15:48,1.438
1997-07-11 15:54,1.435
1997-07-11 16:00,1.433
1997-07-11 16:06,1.431
1997-07-11 16:12,1.428
1997-07-11 16:18,1.425
1997-07-11 16:24,1.423
1997-07-11 16:30,1.420
1997-07-11 16:36,1.417
1997-07-11 16:42,1.414
1997-07-11 16:48,1.411
1997-07-11 16:54,1.408
1997-07-11 17:00,1.404
1997-07-11 17:06,1.401
1997-07-11 17:12,1.398
1997-07-11 17:18,1.395
1997-07-11 17:24,1.391
1997-07-11 17:30,1.388
1997-07-11 17:36,1.384
1997-07-11 17:42,1.381
1997-07-11 17:48,1.377
1997-07-11 17:54,1.374
1997-07-11 18:00,1.371
1997-07-11 18:06,1.367
1997-07-11 18:12,1.364
1997-07-11 18:18,1.360
1997-07-11 18:24,1.357
1997-07-11 18:30,1.354
1997-07-11 18:36,1.350
1997-07-11 18:42,1.347
1997-07-11 18:48,1.344
1997-07-11 18:54,1.341
1997-07-11 19:00,1.338
1997-07-11 19:06,1.335
1997-07-11 19:12,1.332
1997-07-11 19:18,1.330
1997-07-11 19:24,1.327
1997-07-11 19:30,1.325
1997-07-11 19:36,1.322
1997-07-11 19:42,1.320
1997-07-11 19:48,1.318
1997-07-11 19:54,1.316
1997-07-11 20:00,1.314
1997-07-11 20:06,1.313
1997-07-11 20:12,1.311
1997-07-11 20:18,1.310
1997-07-11 20:24,1.308
1997-07-11 20:30,1.307
1997-07-11 20:36,1.306
1997-07-11 20:42,1.305
1997-07-11 20:48,1.305
1997-07-11 20:54,1.304
1997-07-11 21:00,1.303
1997-07-11 21:06,1.303
1997-07-11 21:12,1.303
1997-07-11 21:18,1.303
1997-07-11 21:24,1.303
1997-07-11 21:30,1.303
1997-07-11 21:36,1.303
1997-07-11 21:42,1.303
1997-07-11 21:48,1.304
1997-07-11 21:54,1.304
1997-07-11 22:00,1.305
1997-07-11 22:06,1.305
1997-07-11 22:12,1.306
1997-07-11 22:18,1.307
1997-07-11 22:24,1.307
1997-07-11 22:30,1.308
1997-07-11 22:36,1.309
1997-07-11 22:42,1.310
1997-07-11 22:48,1.311
1997-07-11 22:54,1.312
1997-07-11 23:00,1.313
1997-07-11 23:06,1.315
1997-07-11 23:12,1.316
1997-07-11 23:18,1.317
1997-07-11 23:24,1.318
1997-07-11 23:30,1.320
1997-07-11 23:36,1.321
1997-07-11 23:42,1.322
1997-07-11 23:48,1.324
1997-07-11 23:54,1.325
1997-07-12 00:00,1.326
1997-07-12 00:06,1.328
1997-07-12 00:12,1.329
1997-07-12 00:18,1.331
1997-07-12 00:24,1.332
1997-07-12 00:30,1.333
1997-07-12 00:36,1.335
1997-07-12 00:42,1.336
1997-07-12 00:48,1.338
1997-07-12 00:54,1.339
1997-07-12 01:00,1.340
1997-07-12 01:06,1.342
1997-07-12 01:12,1.343
1997-07-12 01:18,1.344
1997-07-12 01:24,1.345
1997-07-12 01:30,1.346
1997-07-12 01:36,1.348
1997-07-12 01:42,1.349
1997-07-12 01:48,1.350
1997-07-12 01:54,1.351
1997-07-12 02:00,1.352
1997-07-12 02:06,1.352
1997-07-12 02:12,1.353
1997-07-12 02:18,1.354
1997-07-12 02:24,1.355
1997-07-12 02:30,1.355
1997-07-12 02:36,1.356
1997-07-12 02:42,1.356
1997-07-12 02:48,1.357
1997-07-12 02:54,1.357
1997-07-12 03:00,1.357
1997-07-12 03:06,1.358
1997-07-12 03:12,1.358
1997-07-12 03:18,1.358
1997-07-12 03:24,1.358
1997-07-12 03:30,1.357
1997-07-12 03:36,1.357
1997-07-12 03:42,1.357
1997-07-12 03:48,1.357
1997-07-12 03:54,1.356
1997-07-12 04:00,1.356
1997-07-12 04:06,1.355
1997-07-12 04:12,1.354
1997-07-12 04:18,1.354
1997-07-12 04:24,1.353
1997-07-12 04:30,1.352
1997-07-12 04:36,1.351
1997-07-12 04:42,1.350
1997-07-12 04:48,1.349
1997-07-12 04:54,1.348
1997-07-12 05:00,1.347
1997-07-12 05:06,1.346
1997-07-12 05:12,1.345
1997-07-12 05:18,1.344
1997-07-12 05:24,1.342
1997-07-12 05:30,1.341
1997-07-12 05:36,1.340
1997-07-12 05:42,1.339
1997-07-12 05:48,1.338
1997-07-12 05:54,1.337
1997-07-12 06:00,1.336
1997-07-12 06:06,1.335
1997-07-12 06:12,1.334
1997-07-12 06:18,1.333
1997-07-12 06:24,1.332
1997-07-12 06:30,1.332
1997-07-12 06:36,1.331
1997-07-12 06:42,1.331
1997-07-12 06:48,1.330
1997-07-12 06:54,1.330
1997-07-12 07:00,1.330
1997-07-12 07:06,1.329
1997-07-12 07:12,1.329
1997-07-12 07:18,1.329
1997-07-12 07:24,1.330
1997-07-12 07:30,1.330
1997-07-12 07:36,1.330
1997-07-12 07:42,1.331
1997-07-12 07:48,1.331
1997-07-12 07:54,1.332
1997-07-12 08:00,1.333
1997-07-12 08:06,1.334
1997-07-12 08:12,1.335
1997-07-12 08:18,1.336
1997-07-12 08:24,1.338
1997-07-12 08:30,1.339
1997-07-12 08:36,1.341
1997-07-12 08:42,1.343
1997-07-12 08:48,1.344
1997-07-12 08:54,1.346
1997-07-12 09:00,1.348
1997-07-12 09:06,1.350
1997-07-12 09:12,1.352
1997-07-12 09:18,1.355
1997-07-12 09:24,1.357
1997-07-12 09:30,1.359
1997-07-12 09:36,1.362
1997-07-12 09:42,1.364
1997-07-12 09:48,1.367
1997-07-12 09:54,1.370
1997-07-12 10:00,1.372
1997-07-12 10:06,1.375
1997-07-12 10:12,1.378
1997-07-12 10:18,1.381
1997-07-12 10:24,1.384
1997-07-12 10:30,1.387
1997-07-12 10:36,1.389
1997-07-12 10:42,1.392
1997-07-12 10:48,1.395
1997-07-12 10:54,1.398
1997-07-12 11:00,1.401
1997-07-12 11:06,1.404
1997-07-12 11:12,1.407
1997-07-12 11:18,1.409
1997-07-12 11:24,1.412
1997-07-12 11:30,1.415
1997-07-12 11:36,1.417
1997-07-12 11:42,1.420
1997-07-12 11:48,1.422
1997-07-12 11:54,1.425
1997-07-12 12:00,1.427
1997-07-12 12:06,1.429
1997-07-12 12:12,1.432
1997-07-12 12:18,1.434
1997-07-12 12:24,1.436
1997-07-12 12:30,1.437
1997-07-12 12:36,1.439
1997-07-12 12:42,1.441
1997-07-12 12:48,1.442
1997-07-12 12:54,1.444
1997-07-12 13:00,1.445
1997-07-12 13:06,1.446
1997-07-12 13:12,1.447
1997-07-12 13:18,1.448
1997-07-12 13:24,1.449
1997-07-12 13:30,1.450
1997-07-12 13:36,1.451
1997-07-12 13:42,1.451
1997-07-12 13:48,1.452
1997-07-12 13:54,1.452
1997-07-12 14:00,1.452
1997-07-12 14:06,1.452
1997-07-12 14:12,1.452
1997-07-12 14:18,1.452
1997-07-12 14:24,1.452
1997-07-12 14:30,1.452
1997-07-12 14:36,1.451
1997-07-12 14:42,1.451
1997-07-12 14:48,1.450
1997-07-12 14:54,1.449
1997-07-12 15:00,1.448
1997-07-12 15:06,1.447
1997-07-12 15:12,1.446
1997-07-12 15:18,1.444
1997-07-12 15:24,1.443
1997-07-12 15:30,1.441
1997-07-12 15:36,1.439
1997-07-12 15:42,1.437
1997-07-12 15:48,1.435
1997-07-12 15:54,1.433
1997-07-12 16:00,1.430
1997-07-12 16:06,1.428
1997-07-12 16:12,1.425
1997-07-12 16:18,1.422
1997-07-12 16:24,1.419
1997-07-12 16:30,1.416
1997-07-12 16:36,1.413
1997-07-12 16:42,1.409
1997-07-12 16:48,1.406
1997-07-12 16:54,1.402
1997-07-12 17:00,1.399
1997-07-12 17:06,1.395
1997-07-12 17:12,1.391
1997-07-12 17:18,1.387
1997-07-12 17:24,1.383
1997-07-12 17:30,1.379
1997-07-12 17:36,1.374
1997-07-12 17:42,1.370
1997-07-12 17:48,1.366
1997-07-12 17:54,1.362
1997-07-12 18:00,1.357
1997-07-12 18:06,1.353
1997-07-12 18:12,1.349
1997-07-12 18:18,1.345
1997-07-12 18:24,1.340
1997-07-12 18:30,1.336
1997-07-12 18:36,1.332
1997-07-12 18:42,1.328
1997-07-12 18:48,1.324
1997-07-12 18:54,1.320
1997-07-12 19:00,1.317
1997-07-12 19:06,1.313
1997-07-12 19:12,1.309
1997-07-12 19:18,1.306
1997-07-12 19:24,1.302
1997-07-12 19:30,1.299
1997-07-12 19:36,1.296
1997-07-12 19:42,1.292
1997-07-12 19:48,1.289
1997-07-12 19:54,1.286
1997-07-12 20:00,1.284
1997-07-12 20:06,1.281
1997-07-12 20:12,1.278
1997-07-12 20:18,1.276
1997-07-12 20:24,1.273
1997-07-12 20:30,1.271
1997-07-12 20:36,1.269
1997-07-12 20:42,1.267
1997-07-12 20:48,1.265
1997-07-12 20:54,1.264
1997-07-12 21:00,1.262
1997-07-12 21:06,1.261
1997-07-12 21:12,1.259
1997-07-12 21:18,1.258
1997-07-12 21:24,1.257
1997-07-12 21:30,1.257
1997-07-12 21:36,1.256
1997-07-12 21:42,1.255
1997-07-12 21:48,1.255
1997-07-12 21:54,1.255
1997-07-12 22:00,1.255
1997-07-12 22:06,1.255
1997-07-12 22:12,1.255
1997-07-12 22:18,1.256
1997-07-12 22:24,1.256
1997-07-12 22:30,1.257
1997-07-12 22:36,1.258
1997-07-12 22:42,1.259
1997-07-12 22:48,1.260
1997-07-12 22:54,1.262
1997-07-12 23:00,1.263
1997-07-12 23:06,1.265
1997-07-12 23:12,1.266
1997-07-12 23:18,1.268
1997-07-12 23:24,1.270
1997-07-12 23:30,1.272
1997-07-12 23:36,1.274
1997-07-12 23:42,1.276
1997-07-12 23:48,1.279
1997-07-12 23:54,1.281
1997-07-13 00:00,1.283
1997-07-13 00:06,1.286
1997-07-13 00:12,1.288
1997-07-13 00:18,1.291
1997-07-13 00:24,1.293
1997-07-13 00:30,1.296
1997-07-13 00:36,1.298
1997-07-13 00:42,1.301
1997-07-13 00:48,1.303
1997-07-13 00:54,1.306
1997-07-13 01:00,1.309
1997-07-13 01:06,1.311
1997-07-13 01:12,1.314
1997-07-13 01:18,1.316
1997-07-13 01:24,1.319
1997-07-13 01:30,1.322
1997-07-13 01:36,1.324
1997-07-13 01:42,1.327
1997-07-13 01:48,1.329
1997-07-13 01:54,1.332
1997-07-13 02:00,1.335
1997-07-13 02:06,1.337
1997-07-13 02:12,1.340
1997-07-13 02:18,1.342
1997-07-13 02:24,1.345
1997-07-13 02:30,1.348
1997-07-13 02:36,1.350
1997-07-13 02:42,1.353
1997-07-13 02:48,1.355
1997-07-13 02:54,1.358
1997-07-13 03:00,1.360
1997-07-13 03:06,1.362
1997-07-13 03:12,1.365
1997-07-13 03:18,1.367
1997-07-13 03:24,1.369
1997-07-13 03:30,1.371
1997-07-13 03:36,1.373
1997-07-13 03:42,1.375
1997-07-13 03:48,1.377
1997-07-13 03:54,1.378
1997-07-13 04:00,1.380
1997-07-13 04:06,1.381
1997-07-13 04:12,1.383
1997-07-13 04:18,1.384
1997-07-13 04:24,1.385
1997-07-13 04:30,1.386
1997-07-13 04:36,1.387
1997-07-13 04:42,1.387
1997-07-13 04:48,1.388
1997-07-13 04:54,1.388
1997-07-13 05:00,1.389
1997-07-13 05:06,1.389
1997-07-13 05:12,1.389
1997-07-13 05:18,1.389
1997-07-13 05:24,1.389
1997-07-13 05:30,1.389
1997-07-13 05:36,1.389
1997-07-13 05:42,1.388
1997-07-13 05:48,1.388
1997-07-13 05:54,1.388
1997-07-13 06:00,1.387
1997-07-13 06:06,1.387
1997-07-13 06:12,1.386
1997-07-13 06:18,1.386
1997-07-13 06:24,1.386
1997-07-13 06:30,1.385
1997-07-13 06:36,1.385
1997-07-13 06:42,1.385
1997-07-13 06:48,1.384
1997-07-13 06:54,1.384
1997-07-13 07:00,1.384
1997-07-13 07:06,1.384
1997-07-13 07:12,1.384
1997-07-13 07:18,1.383
1997-07-13 07:24,1.384
1997-07-13 07:30,1.384
1997-07-13 07:36,1.384
1997-07-13 07:42,1.384
1997-07-13 07:48,1.384
1997-07-13 07:54,1.384
1997-07-13 08:00,1.385
1997-07-13 08:06,1.385
1997-07-13 08:12,1.386
1997-07-13 08:18,1.386
1997-07-13 08:24,1.387
1997-07-13 08:30,1.387
1997-07-13 08:36,1.388
1997-07-13 08:42,1.388
1997-07-13 08:48,1.389
1997-07-13 08:54,1.390
1997-07-13 09:00,1.390
1997-07-13 09:06,1.391
1997-07-13 09:12,1.392
1997-07-13 09:18,1.393
1997-07-13 09:24,1.394
1997-07-13 09:30,1.395
1997-07-13 09:36,1.396
1997-07-13 09:42,1.397
1997-07-13 09:48,1.398
1997-07-13 09:54,1.400
1997-07-13 10:00,1.401
1997-07-13 10:06,1.402
1997-07-13 10:12,1.404
1997-07-13 10:18,1.405
1997-07-13 10:24,1.407
1997-07-13 10:30,1.408
1997-07-13 10:36,1.410
1997-07-13 10:42,1.412
1997-07-13 10:48,1.414
1997-07-13 10:54,1.416
1997-07-13 11:00,1.417
1997-07-13 11:06,1.419
1997-07-13 11:12,1.421
1997-07-13 11:18,1.423
1997-07-13 11:24,1.425
1997-07-13 11:30,1.427
1997-07-13 11:36,1.429
1997-07-13 11:42,1.431
1997-07-13 11:48,1.433
1997-07-13 11:54,1.435
1997-07-13 12:00,1.437
1997-07-13 12:06,1.439
1997-07-13 12:12,1.440
1997-07-13 12:18,1.442
1997-07-13 12:24,1.444
1997-07-13 12:30,1.445
1997-07-13 12:36,1.446
1997-07-13 12:42,1.448
1997-07-13 12:48,1.449
1997-07-13 12:54,1.450
1997-07-13 13:00,1.451
1997-07-13 13:06,1.452
1997-07-13 13:12,1.453
1997-07-13 13:18,1.453
1997-07-13 13:24,1.454
1997-07-13 13:30,1.454
1997-07-13 13:36,1.455
1997-07-13 13:42,1.455
1997-07-13 13:48,1.455
1997-07-13 13:54,1.455
1997-07-13 14:00,1.455
1997-07-13 14:06,1.455
1997-07-13 14:12,1.454
1997-07-13 14:18,1.454
1997-07-13 14:24,1.454
1997-07-13 14:30,1.453
1997-07-13 14:36,1.453
1997-07-13 14:42,1.452
1997-07-13 14:48,1.451
1997-07-13 14:54,1.450
1997-07-13 15:00,1.450
1997-07-13 15:06,1.448
1997-07-13 15:12,1.447
1997-07-13 15:18,1.446
1997-07-13 15:24,1.445
1997-07-13 15:30,1.443
1997-07-13 15:36,1.442
1997-07-13 15:42,1.440
1997-07-13 15:48,1.438
1997-07-13 15:54,1.436
1997-07-13 16:00,1.434
1997-07-13 16:06,1.431
1997-07-13 16:12,1.429
1997-07-13 16:18,1.426
1997-07-13 16:24,1.423
1997-07-13 16:30,1.420
1997-07-13 16:36,1.417
1997-07-13 16:42,1.414
1997-07-13 16:48,1.410
1997-07-13 16:54,1.406
1997-07-13 17:00,1.402
1997-07-13 17:06,1.398
1997-07-13 17:12,1.394
1997-07-13 17:18,1.390
1997-07-13 17:24,1.385
1997-07-13 17:30,1.381
1997-07-13 17:36,1.376
1997-07-13 17:42,1.371
1997-07-13 17:48,1.366
1997-07-13 17:54,1.361
1997-07-13 18:00,1.356
1997-07-13 18:06,1.351
1997-07-13 18:12,1.346
1997-07-13 18:18,1.341
1997-07-13 18:24,1.336
1997-07-13 18:30,1.331
1997-07-13 18:36,1.326
1997-07-13 18:42,1.321
1997-07-13 18:48,1.316
1997-07-13 18:54,1.311
1997-07-13 19:00,1.306
1997-07-13 19:06,1.301
1997-07-13 19:12,1.296
1997-07-13 19:18,1.292
1997-07-13 19:24,1.287
1997-07-13 19:30,1.283
1997-07-13 19:36,1.278
1997-07-13 19:42,1.274
1997-07-13 19:48,1.270
1997-07-13 19:54,1.266
1997-07-13 20:00,1.262
1997-07-13 20:06,1.258
1997-07-13 20:12,1.255
1997-07-13 20:18,1.251
1997-07-13 20:24,1.247
1997-07-13 20:30,1.244
1997-07-13 20:36,1.241
1997-07-13 20:42,1.238
1997-07-13 20:48,1.234
1997-07-13 20:54,1.232
1997-07-13 21:00,1.229
1997-07-13 21:06,1.226
1997-07-13 21:12,1.223
1997-07-13 21:18,1.221
1997-07-13 21:24,1.219
1997-07-13 21:30,1.217
1997-07-13 21:36,1.215
1997-07-13 21:42,1.213
1997-07-13 21:48,1.211
1997-07-13 21:54,1.210
1997-07-13 22:00,1.208
1997-07-13 22:06,1.207
1997-07-13 22:12,1.206
1997-07-13 22:18,1.206
1997-07-13 22:24,1.205
1997-07-13 22:30,1.205
1997-07-13 22:36,1.205
1997-07-13 22:42,1.205
1997-07-13 22:48,1.206
1997-07-13 22:54,1.207
1997-07-13 23:00,1.207
1997-07-13 23:06,1.209
1997-07-13 23:12,1.210
1997-07-13 23:18,1.212
1997-07-13 23:24,1.213
1997-07-13 23:30,1.215
1997-07-13 23:36,1.217
1997-07-13 23:42,1.220
1997-07-13 23:48,1.222
1997-07-13 23:54,1.225
1997-07-14 00:00,1.228
1997-07-14 00:06,1.231
1997-07-14 00:12,1.234
1997-07-14 00:18,1.237
1997-07-14 00:24,1.240
1997-07-14 00:30,1.243
1997-07-14 00:36,1.247
1997-07-14 00:42,1.250
1997-07-14 00:48,1.254
1997-07-14 00:54,1.257
1997-07-14 01:00,1.261
1997-07-14 01:06,1.265
1997-07-14 01:12,1.268
1997-07-14 01:18,1.272
1997-07-14 01:24,1.276
1997-07-14 01:30,1.280
1997-07-14 01:36,1.284
1997-07-14 01:42,1.288
1997-07-14 01:48,1.292
1997-07-14 01:54,1.295
1997-07-14 02:00,1.299
1997-07-14 02:06,1.303
1997-07-14 02:12,1.308
1997-07-14 02:18,1.312
1997-07-14 02:24,1.316
1997-07-14 02:30,1.320
1997-07-14 02:36,1.324
1997-07-14 02:42,1.328
1997-07-14 02:48,1.332
1997-07-14 02:54,1.337
1997-07-14 03:00,1.341
1997-07-14 03:06,1.345
1997-07-14 03:12,1.349
1997-07-14 03:18,1.354
1997-07-14 03:24,1.358
1997-07-14 03:30,1.362
1997-07-14 03:36,1.366
1997-07-14 03:42,1.370
1997-07-14 03:48,1.374
1997-07-14 03:54,1.378
1997-07-14 04:00,1.382
1997-07-14 04:06,1.385
1997-07-14 04:12,1.389
1997-07-14 04:18,1.392
1997-07-14 04:24,1.396
1997-07-14 04:30,1.399
1997-07-14 04:36,1.402
1997-07-14 04:42,1.405
1997-07-14 04:48,1.407
1997-07-14 04:54,1.410
1997-07-14 05:00,1.412
1997-07-14 05:06,1.414
1997-07-14 05:12,1.416
1997-07-14 05:18,1.418
1997-07-14 05:24,1.420
1997-07-14 05:30,1.421
1997-07-14 05:36,1.423
1997-07-14 05:42,1.424
1997-07-14 05:48,1.425
1997-07-14 05:54,1.426
1997-07-14 06:00,1.427
1997-07-14 06:06,1.428
1997-07-14 06:12,1.428
1997-07-14 06:18,1.429
1997-07-14 06:24,1.429
1997-07-14 06:30,1.430
1997-07-14 06:36,1.430
1997-07-14 06:42,1.431
1997-07-14 06:48,1.431
1997-07-14 06:54,1.431
1997-07-14 07:00,1.432
1997-07-14 07:06,1.432
1997-07-14 07:12,1.433
1997-07-14 07:18,1.433
1997-07-14 07:24,1.433
1997-07-14 07:30,1.434
1997-07-14 07:36,1.434
1997-07-14 07:42,1.434
1997-07-14 07:48,1.435
1997-07-14 07:54,1.435
1997-07-14 08:00,1.436
1997-07-14 08:06,1.436
1997-07-14 08:12,1.436
1997-07-14 08:18,1.437
1997-07-14 08:24,1.437
1997-07-14 08:30,1.437
1997-07-14 08:36,1.438
1997-07-14 08:42,1.438
1997-07-14 08:48,1.438
1997-07-14 08:54,1.439
1997-07-14 09:00,1.439
1997-07-14 09:06,1.439
1997-07-14 09:12,1.439
1997-07-14 09:18,1.439
1997-07-14 09:24,1.440
1997-07-14 09:30,1.440
1997-07-14 09:36,1.440
1997-07-14 09:42,1.440
1997-07-14 09:48,1.440
1997-07-14 09:54,1.440
1997-07-14 10:00,1.440
1997-07-14 10:06,1.441
1997-07-14 10:12,1.441
1997-07-14 10:18,1.441
1997-07-14 10:24,1.441
1997-07-14 10:30,1.442
1997-07-14 10:36,1.442
1997-07-14 10:42,1.443
1997-07-14 10:48,1.443
1997-07-14 10:54,1.444
1997-07-14 11:00,1.445
1997-07-14 11:06,1.445
1997-07-14 11:12,1.446
1997-07-14 11:18,1.447
1997-07-14 11:24,1.448
1997-07-14 11:30,1.449
1997-07-14 11:36,1.450
1997-07-14 11:42,1.451
1997-07-14 11:48,1.452
1997-07-14 11:54,1.454
1997-07-14 12:00,1.455
1997-07-14 12:06,1.456
1997-07-14 12:12,1.457
1997-07-14 12:18,1.458
1997-07-14 12:24,1.459
1997-07-14 12:30,1.460
1997-07-14 12:36,1.461
1997-07-14 12:42,1.462
1997-07-14 12:48,1.463
1997-07-14 12:54,1.464
1997-07-14 13:00,1.464
1997-07-14 13:06,1.465
1997-07-14 13:12,1.466
1997-07-14 13:18,1.466
1997-07-14 13:24,1.466
1997-07-14 13:30,1.467
1997-07-14 13:36,1.467
1997-07-14 13:42,1.467
1997-07-14 13:48,1.467
1997-07-14 13:54,1.466
1997-07-14 14:00,1.466
1997-07-14 14:06,1.466
1997-07-14 14:12,1.465
1997-07-14 14:18,1.465
1997-07-14 14:24,1.464
1997-07-14 14:30,1.464
1997-07-14 14:36,1.463
1997-07-14 14:42,1.462
1997-07-14 14:48,1.461
1997-07-14 14:54,1.460
1997-07-14 15:00,1.459
1997-07-14 15:06,1.458
1997-07-14 15:12,1.457
1997-07-14 15:18,1.455
1997-07-14 15:24,1.454
1997-07-14 15:30,1.453
1997-07-14 15:36,1.451
1997-07-14 15:42,1.450
1997-07-14 15:48,1.448
1997-07-14 15:54,1.446
1997-07-14 16:00,1.444
1997-07-14 16:06,1.442
1997-07-14 16:12,1.439
1997-07-14 16:18,1.437
1997-07-14 16:24,1.434
1997-07-14 16:30,1.432
1997-07-14 16:36,1.429
1997-07-14 16:42,1.426
1997-07-14 16:48,1.422
1997-07-14 16:54,1.419
1997-07-14 17:00,1.415
1997-07-14 17:06,1.411
1997-07-14 17:12,1.407
1997-07-14 17:18,1.403
1997-07-14 17:24,1.398
1997-07-14 17:30,1.394
1997-07-14 17:36,1.389
1997-07-14 17:42,1.384
1997-07-14 17:48,1.379
1997-07-14 17:54,1.373
1997-07-14 18:00,1.368
1997-07-14 18:06,1.363
1997-07-14 18:12,1.357
1997-07-14 18:18,1.351
1997-07-14 18:24,1.345
1997-07-14 18:30,1.340
1997-07-14 18:36,1.334
1997-07-14 18:42,1.328
1997-07-14 18:48,1.322
1997-07-14 18:54,1.316
1997-07-14 19:00,1.310
1997-07-14 19:06,1.304
1997-07-14 19:12,1.299
1997-07-14 19:18,1.293
1997-07-14 19:24,1.287
1997-07-14 19:30,1.282
1997-07-14 19:36,1.276
1997-07-14 19:42,1.271
1997-07-14 19:48,1.265
1997-07-14 19:54,1.260
1997-07-14 20:00,1.255
1997-07-14 20:06,1.250
1997-07-14 20:12,1.245
1997-07-14 20:18,1.240
1997-07-14 20:24,1.235
1997-07-14 20:30,1.230
1997-07-14 20:36,1.225
1997-07-14 20:42,1.221
1997-07-14 20:48,1.216
1997-07-14 20:54,1.212
1997-07-14 21:00,1.208
1997-07-14 21:06,1.204
1997-07-14 21:12,1.200
1997-07-14 21:18,1.196
1997-07-14 21:24,1.192
1997-07-14 21:30,1.188
1997-07-14 21:36,1.185
1997-07-14 21:42,1.182
1997-07-14 21:48,1.178
1997-07-14 21:54,1.175
1997-07-14 22:00,1.173
1997-07-14 22:06,1.170
1997-07-14 22:12,1.167
1997-07-14 22:18,1.165
1997-07-14 22:24,1.163
1997-07-14 22:30,1.161
1997-07-14 22:36,1.160
1997-07-14 22:42,1.159
1997-07-14 22:48,1.157
1997-07-14 22:54,1.157
1997-07-14 23:00,1.156
1997-07-14 23:06,1.156
1997-07-14 23:12,1.156
1997-07-14 23:18,1.156
1997-07-14 23:24,1.157
1997-07-14 23:30,1.158
1997-07-14 23:36,1.159
1997-07-14 23:42,1.160
1997-07-14 23:48,1.162
1997-07-14 23:54,1.164
1997-07-15 00:00,1.166
1997-07-15 00:06,1.169
1997-07-15 00:12,1.172
1997-07-15 00:18,1.174
1997-07-15 00:24,1.178
1997-07-15 00:30,1.181
1997-07-15 00:36,1.184
1997-07-15 00:42,1.188
1997-07-15 00:48,1.192
1997-07-15 00:54,1.196
1997-07-15 01:00,1.200
1997-07-15 01:06,1.204
1997-07-15 01:12,1.209
1997-07-15 01:18,1.213
1997-07-15 01:24,1.218
1997-07-15 01:30,1.222
1997-07-15 01:36,1.227
1997-07-15 01:42,1.232
1997-07-15 01:48,1.237
1997-07-15 01:54,1.242
1997-07-15 02:00,1.247
1997-07-15 02:06,1.252
1997-07-15 02:12,1.257
1997-07-15 02:18,1.263
1997-07-15 02:24,1.268
1997-07-15 02:30,1.274
1997-07-15 02:36,1.279
1997-07-15 02:42,1.285
1997-07-15 02:48,1.290
1997-07-15 02:54,1.296
1997-07-15 03:00,1.302
1997-07-15 03:06,1.307
1997-07-15 03:12,1.313
1997-07-15 03:18,1.319
1997-07-15 03:24,1.325
1997-07-15 03:30,1.331
1997-07-15 03:36,1.337
1997-07-15 03:42,1.342
1997-07-15 03:48,1.348
1997-07-15 03:54,1.354
1997-07-15 04:00,1.360
1997-07-15 04:06,1.366
1997-07-15 04:12,1.371
1997-07-15 04:18,1.377
1997-07-15 04:24,1.382
1997-07-15 04:30,1.388
1997-07-15 04:36,1.393
1997-07-15 04:42,1.398
1997-07-15 04:48,1.403
1997-07-15 04:54,1.408
1997-07-15 05:00,1.412
1997-07-15 05:06,1.417
1997-07-15 05:12,1.421
1997-07-15 05:18,1.425
1997-07-15 05:24,1.429
1997-07-15 05:30,1.433
1997-07-15 05:36,1.436
1997-07-15 05:42,1.439
1997-07-15 05:48,1.443
1997-07-15 05:54,1.445
1997-07-15 06:00,1.448
1997-07-15 06:06,1.451
1997-07-15 06:12,1.453
1997-07-15 06:18,1.456
1997-07-15 06:24,1.458
1997-07-15 06:30,1.460
1997-07-15 06:36,1.462
1997-07-15 06:42,1.463
1997-07-15 06:48,1.465
1997-07-15 06:54,1.467
1997-07-15 07:00,1.468
1997-07-15 07:06,1.469
1997-07-15 07:12,1.471
1997-07-15 07:18,1.472
1997-07-15 07:24,1.473
1997-07-15 07:30,1.474
1997-07-15 07:36,1.475
1997-07-15 07:42,1.476
1997-07-15 07:48,1.477
1997-07-15 07:54,1.478
1997-07-15 08:00,1.479
1997-07-15 08:06,1.480
1997-07-15 08:12,1.481
1997-07-15 08:18,1.482
1997-07-15 08:24,1.482
1997-07-15 08:30,1.483
1997-07-15 08:36,1.483
1997-07-15 08:42,1.484
1997-07-15 08:48,1.484
1997-07-15 08:54,1.485
1997-07-15 09:00,1.485
1997-07-15 09:06,1.485
1997-07-15 09:12,1.485
1997-07-15 09:18,1.486
1997-07-15 09:24,1.486
1997-07-15 09:30,1.486
1997-07-15 09:36,1.485
1997-07-15 09:42,1.485
1997-07-15 09:48,1.485
1997-07-15 09:54,1.485
1997-07-15 10:00,1.485
1997-07-15 10:06,1.484
1997-07-15 10:12,1.484
1997-07-15 10:18,1.483
1997-07-15 10:24,1.483
1997-07-15 10:30,1.483
1997-07-15 10:36,1.482
1997-07-15 10:42,1.482
1997-07-15 10:48,1.481
1997-07-15 10:54,1.481
1997-07-15 11:00,1.481
1997-07-15 11:06,1.481
1997-07-15 11:12,1.480
1997-07-15 11:18,1.480
1997-07-15 11:24,1.480
1997-07-15 11:30,1.480
1997-07-15 11:36,1.480
1997-07-15 11:42,1.480
1997-07-15 11:48,1.480
1997-07-15 11:54,1.480
1997-07-15 12:00,1.481
1997-07-15 12:06,1.481
1997-07-15 12:12,1.481
1997-07-15 12:18,1.481
1997-07-15 12:24,1.482
1997-07-15 12:30,1.482
1997-07-15 12:36,1.482
1997-07-15 12:42,1.483
1997-07-15 12:48,1.483
1997-07-15 12:54,1.483
1997-07-15 13:00,1.484
1997-07-15 13:06,1.484
1997-07-15 13:12,1.484
1997-07-15 13:18,1.484
1997-07-15 13:24,1.484
1997-07-15 13:30,1.484
1997-07-15 13:36,1.484
1997-07-15 13:42,1.484
1997-07-15 13:48,1.484
1997-07-15 13:54,1.484
1997-07-15 14:00,1.483
1997-07-15 14:06,1.483
1997-07-15 14:12,1.483
1997-07-15 14:18,1.482
1997-07-15 14:24,1.481
1997-07-15 14:30,1.481
1997-07-15 14:36,1.480
1997-07-15 14:42,1.479
1997-07-15 14:48,1.478
1997-07-15 14:54,1.477
1997-07-15 15:00,1.476
1997-07-15 15:06,1.475
1997-07-15 15:12,1.474
1997-07-15 15:18,1.473
1997-07-15 15:24,1.471
1997-07-15 15:30,1.470
1997-07-15 15:36,1.468
1997-07-15 15:42,1.467
1997-07-15 15:48,1.465
1997-07-15 15:54,1.463
1997-07-15 16:00,1.461
1997-07-15 16:06,1.459
1997-07-15 16:12,1.457
1997-07-15 16:18,1.455
1997-07-15 16:24,1.453
1997-07-15 16:30,1.450
1997-07-15 16:36,1.447
1997-07-15 16:42,1.445
1997-07-15 16:48,1.442
1997-07-15 16:54,1.438
1997-07-15 17:00,1.435
1997-07-15 17:06,1.432
1997-07-15 17:12,1.428
1997-07-15 17:18,1.424
1997-07-15 17:24,1.420
1997-07-15 17:30,1.415
1997-07-15 17:36,1.411
1997-07-15 17:42,1.406
1997-07-15 17:48,1.401
1997-07-15 17:54,1.396
1997-07-15 18:00,1.391
1997-07-15 18:06,1.386
1997-07-15 18:12,1.380
1997-07-15 18:18,1.374
1997-07-15 18:24,1.369
1997-07-15 18:30,1.363
1997-07-15 18:36,1.357
1997-07-15 18:42,1.350
1997-07-15 18:48,1.344
1997-07-15 18:54,1.338
1997-07-15 19:00,1.331
1997-07-15 19:06,1.325
1997-07-15 19:12,1.318
1997-07-15 19:18,1.312
1997-07-15 19:24,1.305
1997-07-15 19:30,1.299
1997-07-15 19:36,1.292
1997-07-15 19:42,1.285
1997-07-15 19:48,1.279
1997-07-15 19:54,1.272
1997-07-15 20:00,1.266
1997-07-15 20:06,1.260
1997-07-15 20:12,1.253
1997-07-15 20:18,1.247
1997-07-15 20:24,1.241
1997-07-15 20:30,1.234
1997-07-15 20:36,1.228
1997-07-15 20:42,1.222
1997-07-15 20:48,1.216
1997-07-15 20:54,1.211
1997-07-15 21:00,1.205
1997-07-15 21:06,1.199
1997-07-15 21:12,1.193
1997-07-15 21:18,1.188
1997-07-15 21:24,1.183
1997-07-15 21:30,1.177
1997-07-15 21:36,1.172
1997-07-15 21:42,1.167
1997-07-15 21:48,1.162
1997-07-15 21:54,1.158
1997-07-15 22:00,1.153
1997-07-15 22:06,1.149
1997-07-15 22:12,1.145
1997-07-15 22:18,1.141
1997-07-15 22:24,1.137
1997-07-15 22:30,1.133
1997-07-15 22:36,1.130
1997-07-15 22:42,1.127
1997-07-15 22:48,1.124
1997-07-15 22:54,1.121
1997-07-15 23:00,1.119
1997-07-15 23:06,1.116
1997-07-15 23:12,1.115
1997-07-15 23:18,1.113
1997-07-15 23:24,1.112
1997-07-15 23:30,1.111
1997-07-15 23:36,1.110
1997-07-15 23:42,1.110
1997-07-15 23:48,1.110
1997-07-15 23:54,1.110
1997-07-16 00:00,1.111
1997-07-16 00:06,1.112
1997-07-16 00:12,1.113
1997-07-16 00:18,1.114
1997-07-16 00:24,1.116
1997-07-16 00:30,1.118
1997-07-16 00:36,1.121
1997-07-16 00:42,1.123
1997-07-16 00:48,1.126
1997-07-16 00:54,1.130
1997-07-16 01:00,1.133
1997-07-16 01:06,1.137
1997-07-16 01:12,1.141
1997-07-16 01:18,1.145
1997-07-16 01:24,1.149
1997-07-16 01:30,1.154
1997-07-16 01:36,1.159
1997-07-16 01:42,1.164
1997-07-16 01:48,1.169
1997-07-16 01:54,1.175
1997-07-16 02:00,1.180
1997-07-16 02:06,1.186
1997-07-16 02:12,1.192
1997-07-16 02:18,1.198
1997-07-16 02:24,1.204
1997-07-16 02:30,1.210
1997-07-16 02:36,1.217
1997-07-16 02:42,1.223
1997-07-16 02:48,1.230
1997-07-16 02:54,1.237
1997-07-16 03:00,1.243
1997-07-16 03:06,1.250
1997-07-16 03:12,1.257
1997-07-16 03:18,1.265
1997-07-16 03:24,1.272
1997-07-16 03:30,1.279
1997-07-16 03:36,1.286
1997-07-16 03:42,1.294
1997-07-16 03:48,1.301
1997-07-16 03:54,1.308
1997-07-16 04:00,1.316
1997-07-16 04:06,1.323
1997-07-16 04:12,1.330
1997-07-16 04:18,1.338
1997-07-16 04:24,1.345
1997-07-16 04:30,1.352
1997-07-16 04:36,1.359
1997-07-16 04:42,1.366
1997-07-16 04:48,1.373
1997-07-16 04:54,1.380
1997-07-16 05:00,1.387
1997-07-16 05:06,1.393
1997-07-16 05:12,1.400
1997-07-16 05:18,1.406
1997-07-16 05:24,1.412
1997-07-16 05:30,1.418
1997-07-16 05:36,1.424
1997-07-16 05:42,1.430
1997-07-16 05:48,1.435
1997-07-16 05:54,1.440
1997-07-16 06:00,1.446
1997-07-16 06:06,1.450
1997-07-16 06:12,1.455
1997-07-16 06:18,1.460
1997-07-16 06:24,1.464
1997-07-16 06:30,1.468
1997-07-16 06:36,1.472
1997-07-16 06:42,1.476
1997-07-16 06:48,1.479
1997-07-16 06:54,1.483
1997-07-16 07:00,1.486
1997-07-16 07:06,1.489
1997-07-16 07:12,1.492
1997-07-16 07:18,1.495
1997-07-16 07:24,1.498
1997-07-16 07:30,1.500
1997-07-16 07:36,1.503
1997-07-16 07:42,1.505
1997-07-16 07:48,1.507
1997-07-16 07:54,1.509
1997-07-16 08:00,1.511
1997-07-16 08:06,1.512
1997-07-16 08:12,1.514
1997-07-16 08:18,1.516
1997-07-16 08:24,1.517
1997-07-16 08:30,1.518
1997-07-16 08:36,1.520
1997-07-16 08:42,1.521
1997-07-16 08:48,1.522
1997-07-16 08:54,1.522
1997-07-16 09:00,1.523
1997-07-16 09:06,1.524
1997-07-16 09:12,1.524
1997-07-16 09:18,1.525
1997-07-16 09:24,1.525
1997-07-16 09:30,1.525
1997-07-16 09:36,1.526
1997-07-16 09:42,1.526
1997-07-16 09:48,1.526
1997-07-16 09:54,1.525
1997-07-16 10:00,1.525
1997-07-16 10:06,1.525
1997-07-16 10:12,1.525
1997-07-16 10:18,1.524
1997-07-16 10:24,1.524
1997-07-16 10:30,1.523
1997-07-16 10:36,1.523
1997-07-16 10:42,1.522
1997-07-16 10:48,1.521
1997-07-16 10:54,1.521
1997-07-16 11:00,1.520
1997-07-16 11:06,1.519
1997-07-16 11:12,1.518
1997-07-16 11:18,1.518
1997-07-16 11:24,1.517
1997-07-16 11:30,1.516
1997-07-16 11:36,1.515
1997-07-16 11:42,1.515
1997-07-16 11:48,1.514
1997-07-16 11:54,1.513
1997-07-16 12:00,1.513
1997-07-16 12:06,1.512
1997-07-16 12:12,1.511
1997-07-16 12:18,1.511
1997-07-16 12:24,1.510
1997-07-16 12:30,1.510
1997-07-16 12:36,1.509
1997-07-16 12:42,1.509
1997-07-16 12:48,1.508
1997-07-16 12:54,1.508
1997-07-16 13:00,1.508
1997-07-16 13:06,1.507
1997-07-16 13:12,1.507
1997-07-16 13:18,1.506
1997-07-16 13:24,1.506
1997-07-16 13:30,1.506
1997-07-16 13:36,1.505
1997-07-16 13:42,1.505
1997-07-16 13:48,1.504
1997-07-16 13:54,1.504
1997-07-16 14:00,1.504
1997-07-16 14:06,1.503
1997-07-16 14:12,1.503
1997-07-16 14:18,1.502
1997-07-16 14:24,1.502
1997-07-16 14:30,1.501
1997-07-16 14:36,1.500
1997-07-16 14:42,1.500
1997-07-16 14:48,1.499
1997-07-16 14:54,1.498
1997-07-16 15:00,1.497
1997-07-16 15:06,1.496
1997-07-16 15:12,1.495
1997-07-16 15:18,1.494
1997-07-16 15:24,1.493
1997-07-16 15:30,1.492
1997-07-16 15:36,1.491
1997-07-16 15:42,1.490
1997-07-16 15:48,1.488
1997-07-16 15:54,1.487
1997-07-16 16:00,1.485
1997-07-16 16:06,1.483
1997-07-16 16:12,1.481
1997-07-16 16:18,1.479
1997-07-16 16:24,1.477
1997-07-16 16:30,1.475
1997-07-16 16:36,1.473
1997-07-16 16:42,1.470
1997-07-16 16:48,1.467
1997-07-16 16:54,1.465
1997-07-16 17:00,1.462
1997-07-16 17:06,1.459
1997-07-16 17:12,1.455
1997-07-16 17:18,1.452
1997-07-16 17:24,1.448
1997-07-16 17:30,1.444
1997-07-16 17:36,1.440
1997-07-16 17:42,1.436
1997-07-16 17:48,1.432
1997-07-16 17:54,1.427
1997-07-16 18:00,1.423
1997-07-16 18:06,1.418
1997-07-16 18:12,1.413
1997-07-16 18:18,1.408
1997-07-16 18:24,1.402
1997-07-16 18:30,1.397
1997-07-16 18:36,1.391
1997-07-16 18:42,1.385
1997-07-16 18:48,1.379
1997-07-16 18:54,1.373
1997-07-16 19:00,1.366
1997-07-16 19:06,1.360
1997-07-16 19:12,1.353
1997-07-16 19:18,1.347
1997-07-16 19:24,1.340
1997-07-16 19:30,1.333
1997-07-16 19:36,1.326
1997-07-16 19:42,1.319
1997-07-16 19:48,1.312
1997-07-16 19:54,1.305
1997-07-16 20:00,1.298
1997-07-16 20:06,1.290
1997-07-16 20:12,1.283
1997-07-16 20:18,1.276
1997-07-16 20:24,1.268
1997-07-16 20:30,1.261
1997-07-16 20:36,1.254
1997-07-16 20:42,1.246
1997-07-16 20:48,1.239
1997-07-16 20:54,1.232
1997-07-16 21:00,1.224
1997-07-16 21:06,1.217
1997-07-16 21:12,1.210
1997-07-16 21:18,1.203
1997-07-16 21:24,1.196
1997-07-16 21:30,1.189
1997-07-16 21:36,1.182
1997-07-16 21:42,1.175
1997-07-16 21:48,1.169
1997-07-16 21:54,1.162
1997-07-16 22:00,1.156
1997-07-16 22:06,1.149
1997-07-16 22:12,1.143
1997-07-16 22:18,1.138
1997-07-16 22:24,1.132
1997-07-16 22:30,1.126
1997-07-16 22:36,1.121
1997-07-16 22:42,1.116
1997-07-16 22:48,1.111
1997-07-16 22:54,1.106
1997-07-16 23:00,1.102
1997-07-16 23:06,1.098
1997-07-16 23:12,1.094
1997-07-16 23:18,1.090
1997-07-16 23:24,1.087
1997-07-16 23:30,1.084
1997-07-16 23:36,1.081
1997-07-16 23:42,1.078
1997-07-16 23:48,1.076
1997-07-16 23:54,1.074
1997-07-17 00:00,1.072
1997-07-17 00:06,1.071
1997-07-17 00:12,1.070
1997-07-17 00:18,1.069
1997-07-17 00:24,1.069
1997-07-17 00:30,1.069
1997-07-17 00:36,1.069
1997-07-17 00:42,1.070
1997-07-17 00:48,1.071
1997-07-17 00:54,1.072
1997-07-17 01:00,1.074
1997-07-17 01:06,1.076
1997-07-17 01:12,1.078
1997-07-17 01:18,1.081
1997-07-17 01:24,1.084
1997-07-17 01:30,1.087
1997-07-17 01:36,1.091
1997-07-17 01:42,1.095
1997-07-17 01:48,1.099
1997-07-17 01:54,1.103
1997-07-17 02:00,1.108
1997-07-17 02:06,1.113
1997-07-17 02:12,1.119
1997-07-17 02:18,1.124
1997-07-17 02:24,1.130
1997-07-17 02:30,1.136
1997-07-17 02:36,1.143
1997-07-17 02:42,1.150
1997-07-17 02:48,1.156
1997-07-17 02:54,1.163
1997-07-17 03:00,1.171
1997-07-17 03:06,1.178
1997-07-17 03:12,1.186
1997-07-17 03:18,1.194
1997-07-17 03:24,1.202
1997-07-17 03:30,1.210
1997-07-17 03:36,1.218
1997-07-17 03:42,1.226
1997-07-17 03:48,1.234
1997-07-17 03:54,1.243
1997-07-17 04:00,1.251
1997-07-17 04:06,1.260
1997-07-17 04:12,1.269
1997-07-17 04:18,1.277
1997-07-17 04:24,1.286
1997-07-17 04:30,1.294
1997-07-17 04:36,1.303
1997-07-17 04:42,1.312
1997-07-17 04:48,1.320
1997-07-17 04:54,1.329
1997-07-17 05:00,1.337
1997-07-17 05:06,1.345
1997-07-17 05:12,1.354
1997-07-17 05:18,1.362
1997-07-17 05:24,1.370
1997-07-17 05:30,1.378
1997-07-17 05:36,1.386
1997-07-17 05:42,1.393
1997-07-17 05:48,1.401
1997-07-17 05:54,1.408
1997-07-17 06:00,1.416
1997-07-17 06:06,1.423
1997-07-17 06:12,1.430
1997-07-17 06:18,1.437
1997-07-17 06:24,1.443
1997-07-17 06:30,1.450
1997-07-17 06:36,1.456
1997-07-17 06:42,1.462
1997-07-17 06:48,1.468
1997-07-17 06:54,1.474
1997-07-17 07:00,1.480
1997-07-17 07:06,1.485
1997-07-17 07:12,1.490
1997-07-17 07:18,1.495
1997-07-17 07:24,1.500
1997-07-17 07:30,1.504
1997-07-17 07:36,1.509
1997-07-17 07:42,1.513
1997-07-17 07:48,1.517
1997-07-17 07:54,1.520
1997-07-17 08:00,1.524
1997-07-17 08:06,1.527
1997-07-17 08:12,1.530
1997-07-17 08:18,1.533
1997-07-17 08:24,1.536
1997-07-17 08:30,1.539
1997-07-17 08:36,1.541
1997-07-17 08:42,1.543
1997-07-17 08:48,1.545
1997-07-17 08:54,1.547
1997-07-17 09:00,1.548
1997-07-17 09:06,1.550
1997-07-17 09:12,1.551
1997-07-17 09:18,1.552
1997-07-17 09:24,1.553
1997-07-17 09:30,1.554
1997-07-17 09:36,1.555
1997-07-17 09:42,1.555
1997-07-17 09:48,1.556
1997-07-17 09:54,1.556
1997-07-17 10:00,1.556
1997-07-17 10:06,1.557
1997-07-17 10:12,1.557
1997-07-17 10:18,1.557
1997-07-17 10:24,1.556
1997-07-17 10:30,1.556
1997-07-17 10:36,1.556
1997-07-17 10:42,1.556
1997-07-17 10:48,1.555
1997-07-17 10:54,1.555
1997-07-17 11:00,1.554
1997-07-17 11:06,1.553
1997-07-17 11:12,1.553
1997-07-17 11:18,1.552
1997-07-17 11:24,1.551
1997-07-17 11:30,1.550
1997-07-17 11:36,1.549
1997-07-17 11:42,1.549
1997-07-17 11:48,1.548
1997-07-17 11:54,1.547
1997-07-17 12:00,1.546
1997-07-17 12:06,1.545
1997-07-17 12:12,1.543
1997-07-17 12:18,1.542
1997-07-17 12:24,1.541
1997-07-17 12:30,1.540
1997-07-17 12:36,1.539
1997-07-17 12:42,1.538
1997-07-17 12:48,1.537
1997-07-17 12:54,1.536
1997-07-17 13:00,1.535
1997-07-17 13:06,1.533
1997-07-17 13:12,1.532
1997-07-17 13:18,1.531
1997-07-17 13:24,1.530
1997-07-17 13:30,1.529
1997-07-17 13:36,1.528
1997-07-17 13:42,1.527
1997-07-17 13:48,1.526
1997-07-17 13:54,1.525
1997-07-17 14:00,1.525
1997-07-17 14:06,1.524
1997-07-17 14:12,1.523
1997-07-17 14:18,1.522
1997-07-17 14:24,1.521
1997-07-17 14:30,1.521
1997-07-17 14:36,1.520
1997-07-17 14:42,1.519
1997-07-17 14:48,1.519
1997-07-17 14:54,1.518
1997-07-17 15:00,1.517
1997-07-17 15:06,1.517
1997-07-17 15:12,1.516
1997-07-17 15:18,1.515
1997-07-17 15:24,1.515
1997-07-17 15:30,1.514
1997-07-17 15:36,1.513
1997-07-17 15:42,1.512
1997-07-17 15:48,1.511
1997-07-17 15:54,1.510
1997-07-17 16:00,1.509
1997-07-17 16:06,1.508
1997-07-17 16:12,1.506
1997-07-17 16:18,1.505
1997-07-17 16:24,1.503
1997-07-17 16:30,1.502
1997-07-17 16:36,1.500
1997-07-17 16:42,1.498
1997-07-17 16:48,1.496
1997-07-17 16:54,1.494
1997-07-17 17:00,1.491
1997-07-17 17:06,1.489
1997-07-17 17:12,1.486
1997-07-17 17:18,1.483
1997-07-17 17:24,1.480
1997-07-17 17:30,1.477
1997-07-17 17:36,1.474
1997-07-17 17:42,1.470
1997-07-17 17:48,1.467
1997-07-17 17:54,1.463
1997-07-17 18:00,1.459
1997-07-17 18:06,1.455
1997-07-17 18:12,1.451
1997-07-17 18:18,1.446
1997-07-17 18:24,1.441
1997-07-17 18:30,1.437
1997-07-17 18:36,1.432
1997-07-17 18:42,1.427
1997-07-17 18:48,1.421
1997-07-17 18:54,1.416
1997-07-17 19:00,1.410
1997-07-17 19:06,1.405
1997-07-17 19:12,1.399
1997-07-17 19:18,1.393
1997-07-17 19:24,1.387
1997-07-17 19:30,1.380
1997-07-17 19:36,1.374
1997-07-17 19:42,1.367
1997-07-17 19:48,1.360
1997-07-17 19:54,1.353
1997-07-17 20:00,1.346
1997-07-17 20:06,1.339
1997-07-17 20:12,1.331
1997-07-17 20:18,1.324
1997-07-17 20:24,1.316
1997-07-17 20:30,1.308
1997-07-17 20:36,1.300
1997-07-17 20:42,1.292
1997-07-17 20:48,1.284
1997-07-17 20:54,1.276
1997-07-17 21:00,1.268
1997-07-17 21:06,1.260
1997-07-17 21:12,1.251
1997-07-17 21:18,1.243
1997-07-17 21:24,1.235
1997-07-17 21:30,1.226
1997-07-17 21:36,1.218
1997-07-17 21:42,1.210
1997-07-17 21:48,1.201
1997-07-17 21:54,1.193
1997-07-17 22:00,1.185
1997-07-17 22:06,1.177
1997-07-17 22:12,1.169
1997-07-17 22:18,1.162
1997-07-17 22:24,1.154
1997-07-17 22:30,1.147
1997-07-17 22:36,1.139
1997-07-17 22:42,1.132
1997-07-17 22:48,1.125
1997-07-17 22:54,1.119
1997-07-17 23:00,1.112
1997-07-17 23:06,1.106
1997-07-17 23:12,1.100
1997-07-17 23:18,1.094
1997-07-17 23:24,1.089
1997-07-17 23:30,1.083
1997-07-17 23:36,1.078
1997-07-17 23:42,1.073
1997-07-17 23:48,1.069
1997-07-17 23:54,1.065
1997-07-18 00:00,1.061
1997-07-18 00:06,1.057
1997-07-18 00:12,1.053
1997-07-18 00:18,1.050
1997-07-18 00:24,1.047
1997-07-18 00:30,1.045
1997-07-18 00:36,1.043
1997-07-18 00:42,1.041
1997-07-18 00:48,1.039
1997-07-18 00:54,1.038
1997-07-18 01:00,1.037
1997-07-18 01:06,1.036
1997-07-18 01:12,1.036
1997-07-18 01:18,1.036
1997-07-18 01:24,1.037
1997-07-18 01:30,1.038
1997-07-18 01:36,1.039
1997-07-18 01:42,1.040
1997-07-18 01:48,1.042
1997-07-18 01:54,1.045
1997-07-18 02:00,1.047
1997-07-18 02:06,1.050
1997-07-18 02:12,1.054
1997-07-18 02:18,1.058
1997-07-18 02:24,1.062
1997-07-18 02:30,1.067
1997-07-18 02:36,1.072
1997-07-18 02:42,1.077
1997-07-18 02:48,1.083
1997-07-18 02:54,1.089
1997-07-18 03:00,1.095
1997-07-18 03:06,1.102
1997-07-18 03:12,1.109
1997-07-18 03:18,1.116
1997-07-18 03:24,1.124
1997-07-18 03:30,1.131
1997-07-18 03:36,1.139
1997-07-18 03:42,1.148
1997-07-18 03:48,1.156
1997-07-18 03:54,1.165
1997-07-18 04:00,1.174
1997-07-18 04:06,1.183
1997-07-18 04:12,1.192
1997-07-18 04:18,1.201
1997-07-18 04:24,1.210
1997-07-18 04:30,1.219
1997-07-18 04:36,1.229
1997-07-18 04:42,1.238
1997-07-18 04:48,1.248
1997-07-18 04:54,1.257
1997-07-18 05:00,1.267
1997-07-18 05:06,1.276
1997-07-18 05:12,1.286
1997-07-18 05:18,1.295
1997-07-18 05:24,1.305
1997-07-18 05:30,1.314
1997-07-18 05:36,1.324
1997-07-18 05:42,1.333
1997-07-18 05:48,1.342
1997-07-18 05:54,1.351
1997-07-18 06:00,1.360
1997-07-18 06:06,1.369
1997-07-18 06:12,1.378
1997-07-18 06:18,1.387
1997-07-18 06:24,1.396
1997-07-18 06:30,1.404
1997-07-18 06:36,1.413
1997-07-18 06:42,1.421
1997-07-18 06:48,1.429
1997-07-18 06:54,1.437
1997-07-18 07:00,1.445
1997-07-18 07:06,1.453
1997-07-18 07:12,1.460
1997-07-18 07:18,1.467
1997-07-18 07:24,1.475
1997-07-18 07:30,1.481
1997-07-18 07:36,1.488
1997-07-18 07:42,1.495
1997-07-18 07:48,1.501
1997-07-18 07:54,1.507
1997-07-18 08:00,1.512
1997-07-18 08:06,1.518
1997-07-18 08:12,1.523
1997-07-18 08:18,1.528
1997-07-18 08:24,1.533
1997-07-18 08:30,1.537
1997-07-18 08:36,1.541
1997-07-18 08:42,1.545
1997-07-18 08:48,1.549
1997-07-18 08:54,1.552
1997-07-18 09:00,1.555
1997-07-18 09:06,1.558
1997-07-18 09:12,1.561
1997-07-18 09:18,1.563
1997-07-18 09:24,1.565
1997-07-18 09:30,1.567
1997-07-18 09:36,1.569
1997-07-18 09:42,1.570
1997-07-18 09:48,1.572
1997-07-18 09:54,1.573
1997-07-18 10:00,1.574
1997-07-18 10:06,1.575
1997-07-18 10:12,1.575
1997-07-18 10:18,1.576
1997-07-18 10:24,1.576
1997-07-18 10:30,1.576
1997-07-18 10:36,1.577
1997-07-18 10:42,1.577
1997-07-18 10:48,1.577
1997-07-18 10:54,1.577
1997-07-18 11:00,1.577
1997-07-18 11:06,1.576
1997-07-18 11:12,1.576
1997-07-18 11:18,1.576
1997-07-18 11:24,1.575
1997-07-18 11:30,1.575
1997-07-18 11:36,1.574
1997-07-18 11:42,1.573
1997-07-18 11:48,1.573
1997-07-18 11:54,1.572
1997-07-18 12:00,1.571
1997-07-18 12:06,1.570
1997-07-18 12:12,1.569
1997-07-18 12:18,1.568
1997-07-18 12:24,1.567
1997-07-18 12:30,1.566
1997-07-18 12:36,1.565
1997-07-18 12:42,1.563
1997-07-18 12:48,1.562
1997-07-18 12:54,1.561
1997-07-18 13:00,1.559
1997-07-18 13:06,1.558
1997-07-18 13:12,1.556
1997-07-18 13:18,1.555
1997-07-18 13:24,1.553
1997-07-18 13:30,1.552
1997-07-18 13:36,1.550
1997-07-18 13:42,1.549
1997-07-18 13:48,1.547
1997-07-18 13:54,1.546
1997-07-18 14:00,1.544
1997-07-18 14:06,1.543
1997-07-18 14:12,1.541
1997-07-18 14:18,1.540
1997-07-18 14:24,1.539
1997-07-18 14:30,1.538
1997-07-18 14:36,1.537
1997-07-18 14:42,1.536
1997-07-18 14:48,1.535
1997-07-18 14:54,1.534
1997-07-18 15:00,1.533
1997-07-18 15:06,1.532
1997-07-18 15:12,1.532
1997-07-18 15:18,1.531
1997-07-18 15:24,1.530
1997-07-18 15:30,1.530
1997-07-18 15:36,1.529
1997-07-18 15:42,1.529
1997-07-18 15:48,1.528
1997-07-18 15:54,1.527
1997-07-18 16:00,1.527
1997-07-18 16:06,1.526
1997-07-18 16:12,1.525
1997-07-18 16:18,1.525
1997-07-18 16:24,1.524
1997-07-18 16:30,1.523
1997-07-18 16:36,1.522
1997-07-18 16:42,1.521
1997-07-18 16:48,1.519
1997-07-18 16:54,1.518
1997-07-18 17:00,1.516
1997-07-18 17:06,1.515
1997-07-18 17:12,1.513
1997-07-18 17:18,1.511
1997-07-18 17:24,1.509
1997-07-18 17:30,1.507
1997-07-18 17:36,1.504
1997-07-18 17:42,1.502
1997-07-18 17:48,1.499
1997-07-18 17:54,1.496
1997-07-18 18:00,1.494
1997-07-18 18:06,1.490
1997-07-18 18:12,1.487
1997-07-18 18:18,1.484
1997-07-18 18:24,1.480
1997-07-18 18:30,1.477
1997-07-18 18:36,1.473
1997-07-18 18:42,1.469
1997-07-18 18:48,1.465
1997-07-18 18:54,1.460
1997-07-18 19:00,1.456
1997-07-18 19:06,1.451
1997-07-18 19:12,1.447
1997-07-18 19:18,1.442
1997-07-18 19:24,1.437
1997-07-18 19:30,1.431
1997-07-18 19:36,1.426
1997-07-18 19:42,1.420
1997-07-18 19:48,1.415
1997-07-18 19:54,1.409
1997-07-18 20:00,1.403
1997-07-18 20:06,1.396
1997-07-18 20:12,1.390
1997-07-18 20:18,1.383
1997-07-18 20:24,1.376
1997-07-18 20:30,1.369
1997-07-18 20:36,1.361
1997-07-18 20:42,1.354
1997-07-18 20:48,1.346
1997-07-18 20:54,1.338
1997-07-18 21:00,1.330
1997-07-18 21:06,1.322
1997-07-18 21:12,1.313
1997-07-18 21:18,1.305
1997-07-18 21:24,1.296
1997-07-18 21:30,1.287
1997-07-18 21:36,1.278
1997-07-18 21:42,1.269
1997-07-18 21:48,1.260
1997-07-18 21:54,1.251
1997-07-18 22:00,1.242
1997-07-18 22:06,1.233
1997-07-18 22:12,1.224
1997-07-18 22:18,1.215
1997-07-18 22:24,1.206
1997-07-18 22:30,1.197
1997-07-18 22:36,1.188
1997-07-18 22:42,1.179
1997-07-18 22:48,1.171
1997-07-18 22:54,1.162
1997-07-18 23:00,1.154
1997-07-18 23:06,1.146
1997-07-18 23:12,1.138
1997-07-18 23:18,1.130
1997-07-18 23:24,1.122
1997-07-18 23:30,1.115
1997-07-18 23:36,1.108
1997-07-18 23:42,1.101
1997-07-18 23:48,1.094
1997-07-18 23:54,1.088
1997-07-19 00:00,1.082
1997-07-19 00:06,1.076
1997-07-19 00:12,1.070
1997-07-19 00:18,1.064
1997-07-19 00:24,1.059
1997-07-19 00:30,1.054
1997-07-19 00:36,1.049
1997-07-19 00:42,1.045
1997-07-19 00:48,1.041
1997-07-19 00:54,1.037
1997-07-19 01:00,1.033
1997-07-19 01:06,1.030
1997-07-19 01:12,1.027
1997-07-19 01:18,1.024
1997-07-19 01:24,1.022
1997-07-19 01:30,1.020
1997-07-19 01:36,1.018
1997-07-19 01:42,1.017
1997-07-19 01:48,1.016
1997-07-19 01:54,1.015
1997-07-19 02:00,1.015
1997-07-19 02:06,1.015
1997-07-19 02:12,1.016
1997-07-19 02:18,1.017
1997-07-19 02:24,1.018
1997-07-19 02:30,1.020
1997-07-19 02:36,1.023
1997-07-19 02:42,1.025
1997-07-19 02:48,1.028
1997-07-19 02:54,1.032
1997-07-19 03:00,1.036
1997-07-19 03:06,1.040
1997-07-19 03:12,1.045
1997-07-19 03:18,1.050
1997-07-19 03:24,1.056
1997-07-19 03:30,1.062
1997-07-19 03:36,1.068
1997-07-19 03:42,1.075
1997-07-19 03:48,1.082
1997-07-19 03:54,1.090
1997-07-19 04:00,1.097
1997-07-19 04:06,1.105
1997-07-19 04:12,1.114
1997-07-19 04:18,1.122
1997-07-19 04:24,1.131
1997-07-19 04:30,1.140
1997-07-19 04:36,1.149
1997-07-19 04:42,1.158
1997-07-19 04:48,1.167
1997-07-19 04:54,1.177
1997-07-19 05:00,1.187
1997-07-19 05:06,1.196
1997-07-19 05:12,1.206
1997-07-19 05:18,1.216
1997-07-19 05:24,1.226
1997-07-19 05:30,1.236
1997-07-19 05:36,1.246
1997-07-19 05:42,1.256
1997-07-19 05:48,1.266
1997-07-19 05:54,1.276
1997-07-19 06:00,1.287
1997-07-19 06:06,1.297
1997-07-19 06:12,1.307
1997-07-19 06:18,1.317
1997-07-19 06:24,1.327
1997-07-19 06:30,1.337
1997-07-19 06:36,1.346
1997-07-19 06:42,1.356
1997-07-19 06:48,1.366
1997-07-19 06:54,1.376
1997-07-19 07:00,1.385
1997-07-19 07:06,1.395
1997-07-19 07:12,1.404
1997-07-19 07:18,1.413
1997-07-19 07:24,1.423
1997-07-19 07:30,1.431
1997-07-19 07:36,1.440
1997-07-19 07:42,1.449
1997-07-19 07:48,1.457
1997-07-19 07:54,1.465
1997-07-19 08:00,1.473
1997-07-19 08:06,1.481
1997-07-19 08:12,1.489
1997-07-19 08:18,1.496
1997-07-19 08:24,1.503
1997-07-19 08:30,1.509
1997-07-19 08:36,1.516
1997-07-19 08:42,1.522
1997-07-19 08:48,1.528
1997-07-19 08:54,1.533
1997-07-19 09:00,1.538
1997-07-19 09:06,1.543
1997-07-19 09:12,1.548
1997-07-19 09:18,1.552
1997-07-19 09:24,1.556
1997-07-19 09:30,1.559
1997-07-19 09:36,1.562
1997-07-19 09:42,1.565
1997-07-19 09:48,1.568
1997-07-19 09:54,1.571
1997-07-19 10:00,1.573
1997-07-19 10:06,1.575
1997-07-19 10:12,1.577
1997-07-19 10:18,1.578
1997-07-19 10:24,1.579
1997-07-19 10:30,1.581
1997-07-19 10:36,1.582
1997-07-19 10:42,1.582
1997-07-19 10:48,1.583
1997-07-19 10:54,1.584
1997-07-19 11:00,1.584
1997-07-19 11:06,1.584
1997-07-19 11:12,1.585
1997-07-19 11:18,1.585
1997-07-19 11:24,1.585
1997-07-19 11:30,1.585
1997-07-19 11:36,1.585
1997-07-19 11:42,1.584
1997-07-19 11:48,1.584
1997-07-19 11:54,1.584
1997-07-19 12:00,1.583
1997-07-19 12:06,1.582
1997-07-19 12:12,1.582
1997-07-19 12:18,1.581
1997-07-19 12:24,1.580
1997-07-19 12:30,1.579
1997-07-19 12:36,1.578
1997-07-19 12:42,1.577
1997-07-19 12:48,1.576
1997-07-19 12:54,1.575
1997-07-19 13:00,1.574
1997-07-19 13:06,1.572
1997-07-19 13:12,1.571
1997-07-19 13:18,1.569
1997-07-19 13:24,1.568
1997-07-19 13:30,1.566
1997-07-19 13:36,1.564
1997-07-19 13:42,1.563
1997-07-19 13:48,1.561
1997-07-19 13:54,1.559
1997-07-19 14:00,1.557
1997-07-19 14:06,1.556
1997-07-19 14:12,1.554
1997-07-19 14:18,1.552
1997-07-19 14:24,1.551
1997-07-19 14:30,1.549
1997-07-19 14:36,1.547
1997-07-19 14:42,1.546
1997-07-19 14:48,1.544
1997-07-19 14:54,1.543
1997-07-19 15:00,1.542
1997-07-19 15:06,1.541
1997-07-19 15:12,1.540
1997-07-19 15:18,1.539
1997-07-19 15:24,1.538
1997-07-19 15:30,1.537
1997-07-19 15:36,1.536
1997-07-19 15:42,1.535
1997-07-19 15:48,1.535
1997-07-19 15:54,1.534
1997-07-19 16:00,1.534
1997-07-19 16:06,1.533
1997-07-19 16:12,1.533
1997-07-19 16:18,1.532
1997-07-19 16:24,1.532
1997-07-19 16:30,1.531
1997-07-19 16:36,1.531
1997-07-19 16:42,1.530
1997-07-19 16:48,1.530
1997-07-19 16:54,1.529
1997-07-19 17:00,1.528
1997-07-19 17:06,1.528
1997-07-19 17:12,1.527
1997-07-19 17:18,1.526
1997-07-19 17:24,1.525
1997-07-19 17:30,1.524
1997-07-19 17:36,1.523
1997-07-19 17:42,1.521
1997-07-19 17:48,1.520
1997-07-19 17:54,1.518
1997-07-19 18:00,1.517
1997-07-19 18:06,1.515
1997-07-19 18:12,1.513
1997-07-19 18:18,1.511
1997-07-19 18:24,1.509
1997-07-19 18:30,1.506
1997-07-19 18:36,1.504
1997-07-19 18:42,1.501
1997-07-19 18:48,1.499
1997-07-19 18:54,1.496
1997-07-19 19:00,1.493
1997-07-19 19:06,1.490
1997-07-19 19:12,1.487
1997-07-19 19:18,1.483
1997-07-19 19:24,1.480
1997-07-19 19:30,1.476
1997-07-19 19:36,1.472
1997-07-19 19:42,1.468
1997-07-19 19:48,1.464
1997-07-19 19:54,1.460
1997-07-19 20:00,1.455
1997-07-19 20:06,1.450
1997-07-19 20:12,1.446
1997-07-19 20:18,1.440
1997-07-19 20:24,1.435
1997-07-19 20:30,1.429
1997-07-19 20:36,1.424
1997-07-19 20:42,1.417
1997-07-19 20:48,1.411
1997-07-19 20:54,1.405
1997-07-19 21:00,1.398
1997-07-19 21:06,1.391
1997-07-19 21:12,1.383
1997-07-19 21:18,1.376
1997-07-19 21:24,1.368
1997-07-19 21:30,1.360
1997-07-19 21:36,1.352
1997-07-19 21:42,1.344
1997-07-19 21:48,1.335
1997-07-19 21:54,1.326
1997-07-19 22:00,1.317
1997-07-19 22:06,1.308
1997-07-19 22:12,1.299
1997-07-19 22:18,1.290
1997-07-19 22:24,1.281
1997-07-19 22:30,1.271
1997-07-19 22:36,1.262
1997-07-19 22:42,1.253
1997-07-19 22:48,1.243
1997-07-19 22:54,1.234
1997-07-19 23:00,1.224
1997-07-19 23:06,1.215
1997-07-19 23:12,1.206
1997-07-19 23:18,1.197
1997-07-19 23:24,1.188
1997-07-19 23:30,1.179
1997-07-19 23:36,1.170
1997-07-19 23:42,1.162
1997-07-19 23:48,1.154
1997-07-19 23:54,1.145
1997-07-20 00:00,1.137
1997-07-20 00:06,1.129
1997-07-20 00:12,1.122
1997-07-20 00:18,1.114
1997-07-20 00:24,1.107
1997-07-20 00:30,1.100
1997-07-20 00:36,1.093
1997-07-20 00:42,1.086
1997-07-20 00:48,1.080
1997-07-20 00:54,1.074
1997-07-20 01:00,1.068
1997-07-20 01:06,1.062
1997-07-20 01:12,1.057
1997-07-20 01:18,1.052
1997-07-20 01:24,1.047
1997-07-20 01:30,1.042
1997-07-20 01:36,1.038
1997-07-20 01:42,1.034
1997-07-20 01:48,1.030
1997-07-20 01:54,1.026
1997-07-20 02:00,1.023
1997-07-20 02:06,1.021
1997-07-20 02:12,1.018
1997-07-20 02:18,1.016
1997-07-20 02:24,1.014
1997-07-20 02:30,1.013
1997-07-20 02:36,1.012
1997-07-20 02:42,1.012
1997-07-20 02:48,1.012
1997-07-20 02:54,1.012
1997-07-20 03:00,1.013
1997-07-20 03:06,1.014
1997-07-20 03:12,1.016
1997-07-20 03:18,1.018
1997-07-20 03:24,1.020
1997-07-20 03:30,1.023
1997-07-20 03:36,1.027
1997-07-20 03:42,1.030
1997-07-20 03:48,1.035
1997-07-20 03:54,1.039
1997-07-20 04:00,1.044
1997-07-20 04:06,1.050
1997-07-20 04:12,1.056
1997-07-20 04:18,1.062
1997-07-20 04:24,1.068
1997-07-20 04:30,1.075
1997-07-20 04:36,1.082
1997-07-20 04:42,1.090
1997-07-20 04:48,1.098
1997-07-20 04:54,1.106
1997-07-20 05:00,1.114
1997-07-20 05:06,1.123
1997-07-20 05:12,1.131
1997-07-20 05:18,1.140
1997-07-20 05:24,1.150
1997-07-20 05:30,1.159
1997-07-20 05:36,1.168
1997-07-20 05:42,1.178
1997-07-20 05:48,1.188
1997-07-20 05:54,1.198
1997-07-20 06:00,1.208
1997-07-20 06:06,1.218
1997-07-20 06:12,1.228
1997-07-20 06:18,1.238
1997-07-20 06:24,1.248
1997-07-20 06:30,1.259
1997-07-20 06:36,1.269
1997-07-20 06:42,1.280
1997-07-20 06:48,1.290
1997-07-20 06:54,1.300
1997-07-20 07:00,1.311
1997-07-20 07:06,1.321
1997-07-20 07:12,1.332
1997-07-20 07:18,1.342
1997-07-20 07:24,1.352
1997-07-20 07:30,1.363
1997-07-20 07:36,1.373
1997-07-20 07:42,1.383
1997-07-20 07:48,1.393
1997-07-20 07:54,1.402
1997-07-20 08:00,1.412
1997-07-20 08:06,1.421
1997-07-20 08:12,1.431
1997-07-20 08:18,1.440
1997-07-20 08:24,1.449
1997-07-20 08:30,1.457
1997-07-20 08:36,1.466
1997-07-20 08:42,1.474
1997-07-20 08:48,1.481
1997-07-20 08:54,1.489
1997-07-20 09:00,1.496
1997-07-20 09:06,1.503
1997-07-20 09:12,1.510
1997-07-20 09:18,1.516
1997-07-20 09:24,1.522
1997-07-20 09:30,1.528
1997-07-20 09:36,1.533
1997-07-20 09:42,1.538
1997-07-20 09:48,1.542
1997-07-20 09:54,1.547
1997-07-20 10:00,1.551
1997-07-20 10:06,1.554
1997-07-20 10:12,1.558
1997-07-20 10:18,1.561
1997-07-20 10:24,1.564
1997-07-20 10:30,1.566
1997-07-20 10:36,1.568
1997-07-20 10:42,1.570
1997-07-20 10:48,1.572
1997-07-20 10:54,1.574
1997-07-20 11:00,1.575
1997-07-20 11:06,1.576
1997-07-20 11:12,1.577
1997-07-20 11:18,1.578
1997-07-20 11:24,1.579
1997-07-20 11:30,1.579
1997-07-20 11:36,1.580
1997-07-20 11:42,1.580
1997-07-20 11:48,1.580
1997-07-20 11:54,1.580
1997-07-20 12:00,1.580
1997-07-20 12:06,1.580
1997-07-20 12:12,1.579
1997-07-20 12:18,1.579
1997-07-20 12:24,1.579
1997-07-20 12:30,1.578
1997-07-20 12:36,1.577
1997-07-20 12:42,1.576
1997-07-20 12:48,1.576
1997-07-20 12:54,1.575
1997-07-20 13:00,1.574
1997-07-20 13:06,1.572
1997-07-20 13:12,1.571
1997-07-20 13:18,1.570
1997-07-20 13:24,1.568
1997-07-20 13:30,1.567
1997-07-20 13:36,1.565
1997-07-20 13:42,1.564
1997-07-20 13:48,1.562
1997-07-20 13:54,1.560
1997-07-20 14:00,1.559
1997-07-20 14:06,1.557
1997-07-20 14:12,1.555
1997-07-20 14:18,1.553
1997-07-20 14:24,1.551
1997-07-20 14:30,1.549
1997-07-20 14:36,1.548
1997-07-20 14:42,1.546
1997-07-20 14:48,1.544
1997-07-20 14:54,1.542
1997-07-20 15:00,1.541
1997-07-20 15:06,1.539
1997-07-20 15:12,1.537
1997-07-20 15:18,1.536
1997-07-20 15:24,1.534
1997-07-20 15:30,1.533
1997-07-20 15:36,1.532
1997-07-20 15:42,1.531
1997-07-20 15:48,1.530
1997-07-20 15:54,1.529
1997-07-20 16:00,1.528
1997-07-20 16:06,1.527
1997-07-20 16:12,1.526
1997-07-20 16:18,1.525
1997-07-20 16:24,1.525
1997-07-20 16:30,1.524
1997-07-20 16:36,1.524
1997-07-20 16:42,1.523
1997-07-20 16:48,1.523
1997-07-20 16:54,1.523
1997-07-20 17:00,1.522
1997-07-20 17:06,1.522
1997-07-20 17:12,1.522
1997-07-20 17:18,1.521
1997-07-20 17:24,1.521
1997-07-20 17:30,1.521
1997-07-20 17:36,1.520
1997-07-20 17:42,1.520
1997-07-20 17:48,1.519
1997-07-20 17:54,1.519
1997-07-20 18:00,1.518
1997-07-20 18:06,1.518
1997-07-20 18:12,1.517
1997-07-20 18:18,1.516
1997-07-20 18:24,1.516
1997-07-20 18:30,1.515
1997-07-20 18:36,1.514
1997-07-20 18:42,1.513
1997-07-20 18:48,1.512
1997-07-20 18:54,1.511
1997-07-20 19:00,1.510
1997-07-20 19:06,1.508
1997-07-20 19:12,1.507
1997-07-20 19:18,1.505
1997-07-20 19:24,1.504
1997-07-20 19:30,1.502
1997-07-20 19:36,1.500
1997-07-20 19:42,1.498
1997-07-20 19:48,1.496
1997-07-20 19:54,1.493
1997-07-20 20:00,1.491
1997-07-20 20:06,1.488
1997-07-20 20:12,1.485
1997-07-20 20:18,1.482
1997-07-20 20:24,1.479
1997-07-20 20:30,1.475
1997-07-20 20:36,1.471
1997-07-20 20:42,1.468
1997-07-20 20:48,1.463
1997-07-20 20:54,1.459
1997-07-20 21:00,1.454
1997-07-20 21:06,1.449
1997-07-20 21:12,1.444
1997-07-20 21:18,1.439
1997-07-20 21:24,1.433
1997-07-20 21:30,1.427
1997-07-20 21:36,1.421
1997-07-20 21:42,1.414
1997-07-20 21:48,1.408
1997-07-20 21:54,1.401
1997-07-20 22:00,1.393
1997-07-20 22:06,1.386
1997-07-20 22:12,1.378
1997-07-20 22:18,1.370
1997-07-20 22:24,1.362
1997-07-20 22:30,1.354
1997-07-20 22:36,1.346
1997-07-20 22:42,1.337
1997-07-20 22:48,1.329
1997-07-20 22:54,1.320
1997-07-20 23:00,1.311
1997-07-20 23:06,1.302
1997-07-20 23:12,1.293
1997-07-20 23:18,1.284
1997-07-20 23:24,1.275
1997-07-20 23:30,1.266
1997-07-20 23:36,1.257
1997-07-20 23:42,1.248
1997-07-20 23:48,1.239
1997-07-20 23:54,1.230
1997-07-21 00:00,1.221
1997-07-21 00:06,1.212
1997-07-21 00:12,1.204
1997-07-21 00:18,1.195
1997-07-21 00:24,1.187
1997-07-21 00:30,1.178
1997-07-21 00:36,1.170
1997-07-21 00:42,1.162
1997-07-21 00:48,1.154
1997-07-21 00:54,1.146
1997-07-21 01:00,1.139
1997-07-21 01:06,1.131
1997-07-21 01:12,1.124
1997-07-21 01:18,1.117
1997-07-21 01:24,1.110
1997-07-21 01:30,1.104
1997-07-21 01:36,1.097
1997-07-21 01:42,1.091
1997-07-21 01:48,1.085
1997-07-21 01:54,1.080
1997-07-21 02:00,1.074
1997-07-21 02:06,1.069
1997-07-21 02:12,1.064
1997-07-21 02:18,1.060
1997-07-21 02:24,1.055
1997-07-21 02:30,1.051
1997-07-21 02:36,1.048
1997-07-21 02:42,1.044
1997-07-21 02:48,1.041
1997-07-21 02:54,1.039
1997-07-21 03:00,1.036
1997-07-21 03:06,1.034
1997-07-21 03:12,1.033
1997-07-21 03:18,1.032
1997-07-21 03:24,1.031
1997-07-21 03:30,1.030
1997-07-21 03:36,1.030
1997-07-21 03:42,1.031
1997-07-21 03:48,1.032
1997-07-21 03:54,1.033
1997-07-21 04:00,1.034
1997-07-21 04:06,1.036
1997-07-21 04:12,1.039
1997-07-21 04:18,1.042
1997-07-21 04:24,1.045
1997-07-21 04:30,1.049
1997-07-21 04:36,1.053
1997-07-21 04:42,1.057
1997-07-21 04:48,1.062
1997-07-21 04:54,1.067
1997-07-21 05:00,1.072
1997-07-21 05:06,1.078
1997-07-21 05:12,1.084
1997-07-21 05:18,1.091
1997-07-21 05:24,1.097
1997-07-21 05:30,1.105
1997-07-21 05:36,1.112
1997-07-21 05:42,1.120
1997-07-21 05:48,1.127
1997-07-21 05:54,1.136
1997-07-21 06:00,1.144
1997-07-21 06:06,1.153
1997-07-21 06:12,1.161
1997-07-21 06:18,1.171
1997-07-21 06:24,1.180
1997-07-21 06:30,1.189
1997-07-21 06:36,1.199
1997-07-21 06:42,1.208
1997-07-21 06:48,1.218
1997-07-21 06:54,1.228
1997-07-21 07:00,1.238
1997-07-21 07:06,1.249
1997-07-21 07:12,1.259
1997-07-21 07:18,1.269
1997-07-21 07:24,1.279
1997-07-21 07:30,1.290
1997-07-21 07:36,1.300
1997-07-21 07:42,1.310
1997-07-21 07:48,1.321
1997-07-21 07:54,1.331
1997-07-21 08:00,1.341
1997-07-21 08:06,1.352
1997-07-21 08:12,1.362
1997-07-21 08:18,1.372
1997-07-21 08:24,1.381
1997-07-21 08:30,1.391
1997-07-21 08:36,1.401
1997-07-21 08:42,1.410
1997-07-21 08:48,1.419
1997-07-21 08:54,1.428
1997-07-21 09:00,1.437
1997-07-21 09:06,1.445
1997-07-21 09:12,1.453
1997-07-21 09:18,1.461
1997-07-21 09:24,1.469
1997-07-21 09:30,1.476
1997-07-21 09:36,1.483
1997-07-21 09:42,1.490
1997-07-21 09:48,1.496
1997-07-21 09:54,1.502
1997-07-21 10:00,1.508
1997-07-21 10:06,1.514
1997-07-21 10:12,1.519
1997-07-21 10:18,1.524
1997-07-21 10:24,1.528
1997-07-21 10:30,1.533
1997-07-21 10:36,1.536
1997-07-21 10:42,1.540
1997-07-21 10:48,1.543
1997-07-21 10:54,1.546
1997-07-21 11:00,1.549
1997-07-21 11:06,1.552
1997-07-21 11:12,1.554
1997-07-21 11:18,1.556
1997-07-21 11:24,1.558
1997-07-21 11:30,1.559
1997-07-21 11:36,1.561
1997-07-21 11:42,1.562
1997-07-21 11:48,1.562
1997-07-21 11:54,1.563
1997-07-21 12:00,1.564
1997-07-21 12:06,1.564
1997-07-21 12:12,1.564
1997-07-21 12:18,1.564
1997-07-21 12:24,1.564
1997-07-21 12:30,1.564
1997-07-21 12:36,1.563
1997-07-21 12:42,1.563
1997-07-21 12:48,1.562
1997-07-21 12:54,1.561
1997-07-21 13:00,1.560
1997-07-21 13:06,1.559
1997-07-21 13:12,1.558
1997-07-21 13:18,1.557
1997-07-21 13:24,1.555
1997-07-21 13:30,1.554
1997-07-21 13:36,1.552
1997-07-21 13:42,1.551
1997-07-21 13:48,1.549
1997-07-21 13:54,1.548
1997-07-21 14:00,1.546
1997-07-21 14:06,1.544
1997-07-21 14:12,1.542
1997-07-21 14:18,1.540
1997-07-21 14:24,1.538
1997-07-21 14:30,1.537
1997-07-21 14:36,1.535
1997-07-21 14:42,1.533
1997-07-21 14:48,1.531
1997-07-21 14:54,1.529
1997-07-21 15:00,1.527
1997-07-21 15:06,1.525
1997-07-21 15:12,1.523
1997-07-21 15:18,1.521
1997-07-21 15:24,1.519
1997-07-21 15:30,1.518
1997-07-21 15:36,1.516
1997-07-21 15:42,1.514
1997-07-21 15:48,1.512
1997-07-21 15:54,1.511
1997-07-21 16:00,1.509
1997-07-21 16:06,1.508
1997-07-21 16:12,1.507
1997-07-21 16:18,1.505
1997-07-21 16:24,1.504
1997-07-21 16:30,1.503
1997-07-21 16:36,1.502
1997-07-21 16:42,1.501
1997-07-21 16:48,1.500
1997-07-21 16:54,1.499
1997-07-21 17:00,1.498
1997-07-21 17:06,1.498
1997-07-21 17:12,1.497
1997-07-21 17:18,1.497
1997-07-21 17:24,1.496
1997-07-21 17:30,1.496
1997-07-21 17:36,1.496
1997-07-21 17:42,1.496
1997-07-21 17:48,1.495
1997-07-21 17:54,1.495
1997-07-21 18:00,1.495
1997-07-21 18:06,1.495
1997-07-21 18:12,1.495
1997-07-21 18:18,1.496
1997-07-21 18:24,1.496
1997-07-21 18:30,1.496
1997-07-21 18:36,1.496
1997-07-21 18:42,1.496
1997-07-21 18:48,1.497
1997-07-21 18:54,1.497
1997-07-21 19:00,1.497
1997-07-21 19:06,1.497
1997-07-21 19:12,1.497
1997-07-21 19:18,1.498
1997-07-21 19:24,1.498
1997-07-21 19:30,1.498
1997-07-21 19:36,1.498
1997-07-21 19:42,1.498
1997-07-21 19:48,1.497
1997-07-21 19:54,1.497
1997-07-21 20:00,1.497
1997-07-21 20:06,1.496
1997-07-21 20:12,1.495
1997-07-21 20:18,1.494
1997-07-21 20:24,1.493
1997-07-21 20:30,1.492
1997-07-21 20:36,1.491
1997-07-21 20:42,1.489
1997-07-21 20:48,1.488
1997-07-21 20:54,1.486
1997-07-21 21:00,1.484
1997-07-21 21:06,1.481
1997-07-21 21:12,1.479
1997-07-21 21:18,1.476
1997-07-21 21:24,1.473
1997-07-21 21:30,1.469
1997-07-21 21:36,1.466
1997-07-21 21:42,1.462
1997-07-21 21:48,1.458
1997-07-21 21:54,1.454
1997-07-21 22:00,1.449
1997-07-21 22:06,1.444
1997-07-21 22:12,1.439
1997-07-21 22:18,1.434
1997-07-21 22:24,1.429
1997-07-21 22:30,1.423
1997-07-21 22:36,1.417
1997-07-21 22:42,1.411
1997-07-21 22:48,1.404
1997-07-21 22:54,1.398
1997-07-21 23:00,1.391
1997-07-21 23:06,1.384
1997-07-21 23:12,1.377
1997-07-21 23:18,1.370
1997-07-21 23:24,1.362
1997-07-21 23:30,1.355
1997-07-21 23:36,1.347
1997-07-21 23:42,1.339
1997-07-21 23:48,1.331
1997-07-21 23:54,1.323
1997-07-22 00:00,1.315
1997-07-22 00:06,1.307
1997-07-22 00:12,1.299
1997-07-22 00:18,1.291
1997-07-22 00:24,1.283
1997-07-22 00:30,1.274
1997-07-22 00:36,1.266
1997-07-22 00:42,1.258
1997-07-22 00:48,1.250
1997-07-22 00:54,1.242
1997-07-22 01:00,1.234
1997-07-22 01:06,1.226
1997-07-22 01:12,1.218
1997-07-22 01:18,1.210
1997-07-22 01:24,1.202
1997-07-22 01:30,1.195
1997-07-22 01:36,1.187
1997-07-22 01:42,1.180
1997-07-22 01:48,1.173
1997-07-22 01:54,1.166
1997-07-22 02:00,1.159
1997-07-22 02:06,1.153
1997-07-22 02:12,1.146
1997-07-22 02:18,1.140
1997-07-22 02:24,1.134
1997-07-22 02:30,1.129
1997-07-22 02:36,1.123
1997-07-22 02:42,1.118
1997-07-22 02:48,1.113
1997-07-22 02:54,1.108
1997-07-22 03:00,1.104
1997-07-22 03:06,1.100
1997-07-22 03:12,1.096
1997-07-22 03:18,1.092
1997-07-22 03:24,1.089
1997-07-22 03:30,1.086
1997-07-22 03:36,1.083
1997-07-22 03:42,1.081
1997-07-22 03:48,1.079
1997-07-22 03:54,1.077
1997-07-22 04:00,1.075
1997-07-22 04:06,1.074
1997-07-22 04:12,1.073
1997-07-22 04:18,1.073
1997-07-22 04:24,1.073
1997-07-22 04:30,1.073
1997-07-22 04:36,1.073
1997-07-22 04:42,1.074
1997-07-22 04:48,1.075
1997-07-22 04:54,1.077
1997-07-22 05:00,1.079
1997-07-22 05:06,1.081
1997-07-22 05:12,1.084
1997-07-22 05:18,1.087
1997-07-22 05:24,1.090
1997-07-22 05:30,1.094
1997-07-22 05:36,1.098
1997-07-22 05:42,1.102
1997-07-22 05:48,1.107
1997-07-22 05:54,1.112
1997-07-22 06:00,1.117
1997-07-22 06:06,1.123
1997-07-22 06:12,1.129
1997-07-22 06:18,1.136
1997-07-22 06:24,1.142
1997-07-22 06:30,1.149
1997-07-22 06:36,1.156
1997-07-22 06:42,1.164
1997-07-22 06:48,1.172
1997-07-22 06:54,1.180
1997-07-22 07:00,1.188
1997-07-22 07:06,1.197
1997-07-22 07:12,1.205
1997-07-22 07:18,1.214
1997-07-22 07:24,1.223
1997-07-22 07:30,1.233
1997-07-22 07:36,1.242
1997-07-22 07:42,1.251
1997-07-22 07:48,1.261
1997-07-22 07:54,1.270
1997-07-22 08:00,1.280
1997-07-22 08:06,1.290
1997-07-22 08:12,1.299
1997-07-22 08:18,1.309
1997-07-22 08:24,1.318
1997-07-22 08:30,1.328
1997-07-22 08:36,1.337
1997-07-22 08:42,1.347
1997-07-22 08:48,1.356
1997-07-22 08:54,1.365
1997-07-22 09:00,1.374
1997-07-22 09:06,1.383
1997-07-22 09:12,1.392
1997-07-22 09:18,1.401
1997-07-22 09:24,1.409
1997-07-22 09:30,1.417
1997-07-22 09:36,1.425
1997-07-22 09:42,1.433
1997-07-22 09:48,1.440
1997-07-22 09:54,1.447
1997-07-22 10:00,1.454
1997-07-22 10:06,1.461
1997-07-22 10:12,1.468
1997-07-22 10:18,1.474
1997-07-22 10:24,1.480
1997-07-22 10:30,1.486
1997-07-22 10:36,1.491
1997-07-22 10:42,1.496
1997-07-22 10:48,1.501
1997-07-22 10:54,1.506
1997-07-22 11:00,1.510
1997-07-22 11:06,1.514
1997-07-22 11:12,1.517
1997-07-22 11:18,1.521
1997-07-22 11:24,1.524
1997-07-22 11:30,1.527
1997-07-22 11:36,1.529
1997-07-22 11:42,1.532
1997-07-22 11:48,1.534
1997-07-22 11:54,1.535
1997-07-22 12:00,1.537
1997-07-22 12:06,1.538
1997-07-22 12:12,1.539
1997-07-22 12:18,1.540
1997-07-22 12:24,1.540
1997-07-22 12:30,1.541
1997-07-22 12:36,1.541
1997-07-22 12:42,1.540
1997-07-22 12:48,1.540
1997-07-22 12:54,1.539
1997-07-22 13:00,1.539
1997-07-22 13:06,1.538
1997-07-22 13:12,1.537
1997-07-22 13:18,1.536
1997-07-22 13:24,1.534
1997-07-22 13:30,1.533
1997-07-22 13:36,1.531
1997-07-22 13:42,1.529
1997-07-22 13:48,1.528
1997-07-22 13:54,1.526
1997-07-22 14:00,1.524
1997-07-22 14:06,1.522
1997-07-22 14:12,1.520
1997-07-22 14:18,1.518
1997-07-22 14:24,1.516
1997-07-22 14:30,1.514
1997-07-22 14:36,1.511
1997-07-22 14:42,1.509
1997-07-22 14:48,1.507
1997-07-22 14:54,1.505
1997-07-22 15:00,1.503
1997-07-22 15:06,1.500
1997-07-22 15:12,1.498
1997-07-22 15:18,1.496
1997-07-22 15:24,1.494
1997-07-22 15:30,1.492
1997-07-22 15:36,1.489
1997-07-22 15:42,1.487
1997-07-22 15:48,1.485
1997-07-22 15:54,1.483
1997-07-22 16:00,1.481
1997-07-22 16:06,1.479
1997-07-22 16:12,1.477
1997-07-22 16:18,1.475
1997-07-22 16:24,1.473
1997-07-22 16:30,1.471
1997-07-22 16:36,1.469
1997-07-22 16:42,1.467
1997-07-22 16:48,1.466
1997-07-22 16:54,1.464
1997-07-22 17:00,1.462
1997-07-22 17:06,1.461
1997-07-22 17:12,1.459
1997-07-22 17:18,1.458
1997-07-22 17:24,1.457
1997-07-22 17:30,1.456
1997-07-22 17:36,1.455
1997-07-22 17:42,1.454
1997-07-22 17:48,1.453
1997-07-22 17:54,1.453
1997-07-22 18:00,1.452
1997-07-22 18:06,1.452
1997-07-22 18:12,1.452
1997-07-22 18:18,1.452
1997-07-22 18:24,1.452
1997-07-22 18:30,1.452
1997-07-22 18:36,1.452
1997-07-22 18:42,1.453
1997-07-22 18:48,1.454
1997-07-22 18:54,1.454
1997-07-22 19:00,1.455
1997-07-22 19:06,1.456
1997-07-22 19:12,1.457
1997-07-22 19:18,1.458
1997-07-22 19:24,1.459
1997-07-22 19:30,1.461
1997-07-22 19:36,1.462
1997-07-22 19:42,1.463
1997-07-22 19:48,1.464
1997-07-22 19:54,1.466
1997-07-22 20:00,1.467
1997-07-22 20:06,1.468
1997-07-22 20:12,1.469
1997-07-22 20:18,1.470
1997-07-22 20:24,1.471
1997-07-22 20:30,1.472
1997-07-22 20:36,1.473
1997-07-22 20:42,1.474
1997-07-22 20:48,1.474
1997-07-22 20:54,1.475
1997-07-22 21:00,1.475
1997-07-22 21:06,1.475
1997-07-22 21:12,1.475
1997-07-22 21:18,1.475
1997-07-22 21:24,1.474
1997-07-22 21:30,1.474
1997-07-22 21:36,1.473
1997-07-22 21:42,1.472
1997-07-22 21:48,1.471
1997-07-22 21:54,1.470
1997-07-22 22:00,1.468
1997-07-22 22:06,1.466
1997-07-22 22:12,1.464
1997-07-22 22:18,1.462
1997-07-22 22:24,1.460
1997-07-22 22:30,1.457
1997-07-22 22:36,1.454
1997-07-22 22:42,1.451
1997-07-22 22:48,1.448
1997-07-22 22:54,1.445
1997-07-22 23:00,1.441
1997-07-22 23:06,1.437
1997-07-22 23:12,1.433
1997-07-22 23:18,1.429
1997-07-22 23:24,1.425
1997-07-22 23:30,1.420
1997-07-22 23:36,1.415
1997-07-22 23:42,1.410
1997-07-22 23:48,1.405
1997-07-22 23:54,1.400
1997-07-23 00:00,1.394
1997-07-23 00:06,1.388
1997-07-23 00:12,1.383
1997-07-23 00:18,1.376
1997-07-23 00:24,1.370
1997-07-23 00:30,1.364
1997-07-23 00:36,1.358
1997-07-23 00:42,1.351
1997-07-23 00:48,1.344
1997-07-23 00:54,1.338
1997-07-23 01:00,1.331
1997-07-23 01:06,1.324
1997-07-23 01:12,1.317
1997-07-23 01:18,1.310
1997-07-23 01:24,1.303
1997-07-23 01:30,1.296
1997-07-23 01:36,1.289
1997-07-23 01:42,1.282
1997-07-23 01:48,1.275
1997-07-23 01:54,1.268
1997-07-23 02:00,1.261
1997-07-23 02:06,1.255
1997-07-23 02:12,1.248
1997-07-23 02:18,1.242
1997-07-23 02:24,1.235
1997-07-23 02:30,1.229
1997-07-23 02:36,1.223
1997-07-23 02:42,1.217
1997-07-23 02:48,1.212
1997-07-23 02:54,1.206
1997-07-23 03:00,1.201
1997-07-23 03:06,1.196
1997-07-23 03:12,1.191
1997-07-23 03:18,1.186
1997-07-23 03:24,1.181
1997-07-23 03:30,1.177
1997-07-23 03:36,1.173
1997-07-23 03:42,1.169
1997-07-23 03:48,1.165
1997-07-23 03:54,1.161
1997-07-23 04:00,1.158
1997-07-23 04:06,1.155
1997-07-23 04:12,1.152
1997-07-23 04:18,1.149
1997-07-23 04:24,1.146
1997-07-23 04:30,1.144
1997-07-23 04:36,1.142
1997-07-23 04:42,1.140
1997-07-23 04:48,1.139
1997-07-23 04:54,1.137
1997-07-23 05:00,1.136
1997-07-23 05:06,1.135
1997-07-23 05:12,1.135
1997-07-23 05:18,1.134
1997-07-23 05:24,1.134
1997-07-23 05:30,1.135
1997-07-23 05:36,1.135
1997-07-23 05:42,1.136
1997-07-23 05:48,1.137
1997-07-23 05:54,1.139
1997-07-23 06:00,1.141
1997-07-23 06:06,1.143
1997-07-23 06:12,1.146
1997-07-23 06:18,1.149
1997-07-23 06:24,1.152
1997-07-23 06:30,1.155
1997-07-23 06:36,1.159
1997-07-23 06:42,1.164
1997-07-23 06:48,1.168
1997-07-23 06:54,1.173
1997-07-23 07:00,1.179
1997-07-23 07:06,1.184
1997-07-23 07:12,1.190
1997-07-23 07:18,1.196
1997-07-23 07:24,1.203
1997-07-23 07:30,1.210
1997-07-23 07:36,1.217
1997-07-23 07:42,1.224
1997-07-23 07:48,1.231
1997-07-23 07:54,1.239
1997-07-23 08:00,1.246
1997-07-23 08:06,1.254
1997-07-23 08:12,1.262
1997-07-23 08:18,1.270
1997-07-23 08:24,1.278
1997-07-23 08:30,1.286
1997-07-23 08:36,1.295
1997-07-23 08:42,1.303
1997-07-23 08:48,1.311
1997-07-23 08:54,1.319
1997-07-23 09:00,1.328
1997-07-23 09:06,1.336
1997-07-23 09:12,1.344
1997-07-23 09:18,1.352
1997-07-23 09:24,1.360
1997-07-23 09:30,1.367
1997-07-23 09:36,1.375
1997-07-23 09:42,1.383
1997-07-23 09:48,1.390
1997-07-23 09:54,1.397
1997-07-23 10:00,1.404
1997-07-23 10:06,1.411
1997-07-23 10:12,1.418
1997-07-23 10:18,1.425
1997-07-23 10:24,1.431
1997-07-23 10:30,1.437
1997-07-23 10:36,1.444
1997-07-23 10:42,1.449
1997-07-23 10:48,1.455
1997-07-23 10:54,1.461
1997-07-23 11:00,1.466
1997-07-23 11:06,1.471
1997-07-23 11:12,1.475
1997-07-23 11:18,1.480
1997-07-23 11:24,1.484
1997-07-23 11:30,1.488
1997-07-23 11:36,1.492
1997-07-23 11:42,1.495
1997-07-23 11:48,1.499
1997-07-23 11:54,1.502
1997-07-23 12:00,1.504
1997-07-23 12:06,1.506
1997-07-23 12:12,1.509
1997-07-23 12:18,1.510
1997-07-23 12:24,1.512
1997-07-23 12:30,1.513
1997-07-23 12:36,1.514
1997-07-23 12:42,1.515
1997-07-23 12:48,1.515
1997-07-23 12:54,1.515
1997-07-23 13:00,1.515
1997-07-23 13:06,1.514
1997-07-23 13:12,1.514
1997-07-23 13:18,1.513
1997-07-23 13:24,1.512
1997-07-23 13:30,1.510
1997-07-23 13:36,1.509
1997-07-23 13:42,1.507
1997-07-23 13:48,1.506
1997-07-23 13:54,1.504
1997-07-23 14:00,1.501
1997-07-23 14:06,1.499
1997-07-23 14:12,1.497
1997-07-23 14:18,1.495
1997-07-23 14:24,1.492
1997-07-23 14:30,1.490
1997-07-23 14:36,1.487
1997-07-23 14:42,1.484
1997-07-23 14:48,1.482
1997-07-23 14:54,1.479
1997-07-23 15:00,1.476
1997-07-23 15:06,1.474
1997-07-23 15:12,1.471
1997-07-23 15:18,1.468
1997-07-23 15:24,1.465
1997-07-23 15:30,1.463
1997-07-23 15:36,1.460
1997-07-23 15:42,1.457
1997-07-23 15:48,1.454
1997-07-23 15:54,1.452
1997-07-23 16:00,1.449
1997-07-23 16:06,1.446
1997-07-23 16:12,1.443
1997-07-23 16:18,1.441
1997-07-23 16:24,1.438
1997-07-23 16:30,1.435
1997-07-23 16:36,1.432
1997-07-23 16:42,1.430
1997-07-23 16:48,1.427
1997-07-23 16:54,1.425
1997-07-23 17:00,1.422
1997-07-23 17:06,1.419
1997-07-23 17:12,1.417
1997-07-23 17:18,1.414
1997-07-23 17:24,1.412
1997-07-23 17:30,1.410
1997-07-23 17:36,1.408
1997-07-23 17:42,1.406
1997-07-23 17:48,1.404
1997-07-23 17:54,1.402
1997-07-23 18:00,1.400
1997-07-23 18:06,1.399
1997-07-23 18:12,1.398
1997-07-23 18:18,1.396
1997-07-23 18:24,1.396
1997-07-23 18:30,1.395
1997-07-23 18:36,1.394
1997-07-23 18:42,1.394
1997-07-23 18:48,1.394
1997-07-23 18:54,1.394
1997-07-23 19:00,1.394
1997-07-23 19:06,1.395
1997-07-23 19:12,1.395
1997-07-23 19:18,1.396
1997-07-23 19:24,1.397
1997-07-23 19:30,1.398
1997-07-23 19:36,1.400
1997-07-23 19:42,1.401
1997-07-23 19:48,1.403
1997-07-23 19:54,1.405
1997-07-23 20:00,1.407
1997-07-23 20:06,1.409
1997-07-23 20:12,1.411
1997-07-23 20:18,1.413
1997-07-23 20:24,1.415
1997-07-23 20:30,1.417
1997-07-23 20:36,1.419
1997-07-23 20:42,1.421
1997-07-23 20:48,1.423
1997-07-23 20:54,1.426
1997-07-23 21:00,1.428
1997-07-23 21:06,1.430
1997-07-23 21:12,1.431
1997-07-23 21:18,1.433
1997-07-23 21:24,1.435
1997-07-23 21:30,1.437
1997-07-23 21:36,1.438
1997-07-23 21:42,1.440
1997-07-23 21:48,1.441
1997-07-23 21:54,1.442
1997-07-23 22:00,1.443
1997-07-23 22:06,1.444
1997-07-23 22:12,1.445
1997-07-23 22:18,1.445
1997-07-23 22:24,1.446
1997-07-23 22:30,1.446
1997-07-23 22:36,1.447
1997-07-23 22:42,1.447
1997-07-23 22:48,1.447
1997-07-23 22:54,1.446
1997-07-23 23:00,1.446
1997-07-23 23:06,1.446
1997-07-23 23:12,1.445
1997-07-23 23:18,1.444
1997-07-23 23:24,1.443
1997-07-23 23:30,1.442
1997-07-23 23:36,1.441
1997-07-23 23:42,1.439
1997-07-23 23:48,1.438
1997-07-23 23:54,1.436
1997-07-24 00:00,1.434
1997-07-24 00:06,1.432
1997-07-24 00:12,1.429
1997-07-24 00:18,1.427
1997-07-24 00:24,1.424
1997-07-24 00:30,1.421
1997-07-24 00:36,1.418
1997-07-24 00:42,1.414
1997-07-24 00:48,1.411
1997-07-24 00:54,1.407
1997-07-24 01:00,1.403
1997-07-24 01:06,1.399
1997-07-24 01:12,1.394
1997-07-24 01:18,1.390
1997-07-24 01:24,1.385
1997-07-24 01:30,1.381
1997-07-24 01:36,1.376
1997-07-24 01:42,1.371
1997-07-24 01:48,1.366
1997-07-24 01:54,1.361
1997-07-24 02:00,1.355
1997-07-24 02:06,1.350
1997-07-24 02:12,1.345
1997-07-24 02:18,1.340
1997-07-24 02:24,1.335
1997-07-24 02:30,1.329
1997-07-24 02:36,1.324
1997-07-24 02:42,1.319
1997-07-24 02:48,1.314
1997-07-24 02:54,1.309
1997-07-24 03:00,1.304
1997-07-24 03:06,1.300
1997-07-24 03:12,1.295
1997-07-24 03:18,1.290
1997-07-24 03:24,1.286
1997-07-24 03:30,1.281
1997-07-24 03:36,1.277
1997-07-24 03:42,1.273
1997-07-24 03:48,1.269
1997-07-24 03:54,1.265
1997-07-24 04:00,1.261
1997-07-24 04:06,1.257
1997-07-24 04:12,1.254
1997-07-24 04:18,1.250
1997-07-24 04:24,1.247
1997-07-24 04:30,1.244
1997-07-24 04:36,1.240
1997-07-24 04:42,1.237
1997-07-24 04:48,1.235
1997-07-24 04:54,1.232
1997-07-24 05:00,1.229
1997-07-24 05:06,1.227
1997-07-24 05:12,1.224
1997-07-24 05:18,1.222
1997-07-24 05:24,1.220
1997-07-24 05:30,1.218
1997-07-24 05:36,1.216
1997-07-24 05:42,1.215
1997-07-24 05:48,1.213
1997-07-24 05:54,1.212
1997-07-24 06:00,1.211
1997-07-24 06:06,1.211
1997-07-24 06:12,1.210
1997-07-24 06:18,1.210
1997-07-24 06:24,1.210
1997-07-24 06:30,1.211
1997-07-24 06:36,1.211
1997-07-24 06:42,1.212
1997-07-24 06:48,1.214
1997-07-24 06:54,1.215
1997-07-24 07:00,1.217
1997-07-24 07:06,1.220
1997-07-24 07:12,1.222
1997-07-24 07:18,1.225
1997-07-24 07:24,1.228
1997-07-24 07:30,1.232
1997-07-24 07:36,1.236
1997-07-24 07:42,1.240
1997-07-24 07:48,1.244
1997-07-24 07:54,1.249
1997-07-24 08:00,1.253
1997-07-24 08:06,1.258
1997-07-24 08:12,1.264
1997-07-24 08:18,1.269
1997-07-24 08:24,1.275
1997-07-24 08:30,1.281
1997-07-24 08:36,1.286
1997-07-24 08:42,1.292
1997-07-24 08:48,1.299
1997-07-24 08:54,1.305
1997-07-24 09:00,1.311
1997-07-24 09:06,1.317
1997-07-24 09:12,1.324
1997-07-24 09:18,1.330
1997-07-24 09:24,1.336
1997-07-24 09:30,1.343
1997-07-24 09:36,1.349
1997-07-24 09:42,1.355
1997-07-24 09:48,1.361
1997-07-24 09:54,1.368
1997-07-24 10:00,1.374
1997-07-24 10:06,1.380
1997-07-24 10:12,1.386
1997-07-24 10:18,1.392
1997-07-24 10:24,1.397
1997-07-24 10:30,1.403
1997-07-24 10:36,1.409
1997-07-24 10:42,1.414
1997-07-24 10:48,1.420
1997-07-24 10:54,1.425
1997-07-24 11:00,1.430
1997-07-24 11:06,1.435
1997-07-24 11:12,1.440
1997-07-24 11:18,1.445
1997-07-24 11:24,1.449
1997-07-24 11:30,1.454
1997-07-24 11:36,1.458
1997-07-24 11:42,1.462
1997-07-24 11:48,1.466
1997-07-24 11:54,1.470
1997-07-24 12:00,1.473
1997-07-24 12:06,1.476
1997-07-24 12:12,1.479
1997-07-24 12:18,1.482
1997-07-24 12:24,1.484
1997-07-24 12:30,1.486
1997-07-24 12:36,1.488
1997-07-24 12:42,1.490
1997-07-24 12:48,1.491
1997-07-24 12:54,1.492
1997-07-24 13:00,1.493
1997-07-24 13:06,1.493
1997-07-24 13:12,1.493
1997-07-24 13:18,1.493
1997-07-24 13:24,1.493
1997-07-24 13:30,1.492
1997-07-24 13:36,1.491
1997-07-24 13:42,1.490
1997-07-24 13:48,1.488
1997-07-24 13:54,1.487
1997-07-24 14:00,1.485
1997-07-24 14:06,1.483
1997-07-24 14:12,1.481
1997-07-24 14:18,1.478
1997-07-24 14:24,1.476
1997-07-24 14:30,1.473
1997-07-24 14:36,1.470
1997-07-24 14:42,1.467
1997-07-24 14:48,1.464
1997-07-24 14:54,1.461
1997-07-24 15:00,1.458
1997-07-24 15:06,1.454
1997-07-24 15:12,1.451
1997-07-24 15:18,1.448
1997-07-24 15:24,1.444
1997-07-24 15:30,1.441
1997-07-24 15:36,1.437
1997-07-24 15:42,1.434
1997-07-24 15:48,1.430
1997-07-24 15:54,1.427
1997-07-24 16:00,1.423
1997-07-24 16:06,1.419
1997-07-24 16:12,1.416
1997-07-24 16:18,1.412
1997-07-24 16:24,1.409
1997-07-24 16:30,1.405
1997-07-24 16:36,1.401
1997-07-24 16:42,1.398
1997-07-24 16:48,1.394
1997-07-24 16:54,1.391
1997-07-24 17:00,1.387
1997-07-24 17:06,1.383
1997-07-24 17:12,1.380
1997-07-24 17:18,1.376
1997-07-24 17:24,1.373
1997-07-24 17:30,1.369
1997-07-24 17:36,1.366
1997-07-24 17:42,1.362
1997-07-24 17:48,1.359
1997-07-24 17:54,1.356
1997-07-24 18:00,1.353
1997-07-24 18:06,1.350
1997-07-24 18:12,1.347
1997-07-24 18:18,1.344
1997-07-24 18:24,1.342
1997-07-24 18:30,1.340
1997-07-24 18:36,1.337
1997-07-24 18:42,1.336
1997-07-24 18:48,1.334
1997-07-24 18:54,1.332
1997-07-24 19:00,1.331
1997-07-24 19:06,1.330
1997-07-24 19:12,1.329
1997-07-24 19:18,1.329
1997-07-24 19:24,1.329
1997-07-24 19:30,1.329
1997-07-24 19:36,1.329
1997-07-24 19:42,1.329
1997-07-24 19:48,1.330
1997-07-24 19:54,1.331
1997-07-24 20:00,1.332
1997-07-24 20:06,1.333
1997-07-24 20:12,1.335
1997-07-24 20:18,1.336
1997-07-24 20:24,1.338
1997-07-24 20:30,1.340
1997-07-24 20:36,1.342
1997-07-24 20:42,1.345
1997-07-24 20:48,1.347
1997-07-24 20:54,1.350
1997-07-24 21:00,1.352
1997-07-24 21:06,1.355
1997-07-24 21:12,1.358
1997-07-24 21:18,1.360
1997-07-24 21:24,1.363
1997-07-24 21:30,1.366
1997-07-24 21:36,1.369
1997-07-24 21:42,1.371
1997-07-24 21:48,1.374
1997-07-24 21:54,1.377
1997-07-24 22:00,1.380
1997-07-24 22:06,1.382
1997-07-24 22:12,1.385
1997-07-24 22:18,1.388
1997-07-24 22:24,1.390
1997-07-24 22:30,1.393
1997-07-24 22:36,1.395
1997-07-24 22:42,1.398
1997-07-24 22:48,1.400
1997-07-24 22:54,1.402
1997-07-24 23:00,1.405
1997-07-24 23:06,1.407
1997-07-24 23:12,1.409
1997-07-24 23:18,1.411
1997-07-24 23:24,1.413
1997-07-24 23:30,1.415
1997-07-24 23:36,1.417
1997-07-24 23:42,1.419
1997-07-24 23:48,1.420
1997-07-24 23:54,1.422
1997-07-25 00:00,1.423
1997-07-25 00:06,1.424
1997-07-25 00:12,1.426
1997-07-25 00:18,1.427
1997-07-25 00:24,1.427
1997-07-25 00:30,1.428
1997-07-25 00:36,1.429
1997-07-25 00:42,1.429
1997-07-25 00:48,1.429
1997-07-25 00:54,1.429
1997-07-25 01:00,1.429
1997-07-25 01:06,1.428
1997-07-25 01:12,1.428
1997-07-25 01:18,1.427
1997-07-25 01:24,1.426
1997-07-25 01:30,1.424
1997-07-25 01:36,1.423
1997-07-25 01:42,1.421
1997-07-25 01:48,1.420
1997-07-25 01:54,1.418
1997-07-25 02:00,1.416
1997-07-25 02:06,1.413
1997-07-25 02:12,1.411
1997-07-25 02:18,1.409
1997-07-25 02:24,1.406
1997-07-25 02:30,1.403
1997-07-25 02:36,1.401
1997-07-25 02:42,1.398
1997-07-25 02:48,1.395
1997-07-25 02:54,1.392
1997-07-25 03:00,1.389
1997-07-25 03:06,1.386
1997-07-25 03:12,1.383
1997-07-25 03:18,1.380
1997-07-25 03:24,1.377
1997-07-25 03:30,1.374
1997-07-25 03:36,1.371
1997-07-25 03:42,1.368
1997-07-25 03:48,1.365
1997-07-25 03:54,1.362
1997-07-25 04:00,1.359
1997-07-25 04:06,1.357
1997-07-25 04:12,1.354
1997-07-25 04:18,1.351
1997-07-25 04:24,1.348
1997-07-25 04:30,1.345
1997-07-25 04:36,1.343
1997-07-25 04:42,1.340
1997-07-25 04:48,1.337
1997-07-25 04:54,1.334
1997-07-25 05:00,1.332
1997-07-25 05:06,1.329
1997-07-25 05:12,1.327
1997-07-25 05:18,1.324
1997-07-25 05:24,1.322
1997-07-25 05:30,1.319
1997-07-25 05:36,1.317
1997-07-25 05:42,1.314
1997-07-25 05:48,1.312
1997-07-25 05:54,1.310
1997-07-25 06:00,1.308
1997-07-25 06:06,1.306
1997-07-25 06:12,1.304
1997-07-25 06:18,1.302
1997-07-25 06:24,1.301
1997-07-25 06:30,1.299
1997-07-25 06:36,1.298
1997-07-25 06:42,1.297
1997-07-25 06:48,1.296
1997-07-25 06:54,1.295
1997-07-25 07:00,1.295
1997-07-25 07:06,1.294
1997-07-25 07:12,1.294
1997-07-25 07:18,1.294
1997-07-25 07:24,1.295
1997-07-25 07:30,1.295
1997-07-25 07:36,1.296
1997-07-25 07:42,1.297
1997-07-25 07:48,1.299
1997-07-25 07:54,1.300
1997-07-25 08:00,1.302
1997-07-25 08:06,1.304
1997-07-25 08:12,1.307
1997-07-25 08:18,1.309
1997-07-25 08:24,1.312
1997-07-25 08:30,1.315
1997-07-25 08:36,1.318
1997-07-25 08:42,1.321
1997-07-25 08:48,1.324
1997-07-25 08:54,1.328
1997-07-25 09:00,1.331
1997-07-25 09:06,1.335
1997-07-25 09:12,1.339
1997-07-25 09:18,1.343
1997-07-25 09:24,1.347
1997-07-25 09:30,1.351
1997-07-25 09:36,1.355
1997-07-25 09:42,1.359
1997-07-25 09:48,1.364
1997-07-25 09:54,1.368
1997-07-25 10:00,1.372
1997-07-25 10:06,1.377
1997-07-25 10:12,1.381
1997-07-25 10:18,1.385
1997-07-25 10:24,1.389
1997-07-25 10:30,1.394
1997-07-25 10:36,1.398
1997-07-25 10:42,1.402
1997-07-25 10:48,1.407
1997-07-25 10:54,1.411
1997-07-25 11:00,1.415
1997-07-25 11:06,1.419
1997-07-25 11:12,1.423
1997-07-25 11:18,1.427
1997-07-25 11:24,1.431
1997-07-25 11:30,1.435
1997-07-25 11:36,1.439
1997-07-25 11:42,1.442
1997-07-25 11:48,1.446
1997-07-25 11:54,1.449
1997-07-25 12:00,1.452
1997-07-25 12:06,1.456
1997-07-25 12:12,1.459
1997-07-25 12:18,1.461
1997-07-25 12:24,1.464
1997-07-25 12:30,1.467
1997-07-25 12:36,1.469
1997-07-25 12:42,1.471
1997-07-25 12:48,1.473
1997-07-25 12:54,1.475
1997-07-25 13:00,1.476
1997-07-25 13:06,1.477
1997-07-25 13:12,1.478
1997-07-25 13:18,1.479
1997-07-25 13:24,1.479
1997-07-25 13:30,1.479
1997-07-25 13:36,1.479
1997-07-25 13:42,1.479
1997-07-25 13:48,1.478
1997-07-25 13:54,1.477
1997-07-25 14:00,1.476
1997-07-25 14:06,1.475
1997-07-25 14:12,1.473
1997-07-25 14:18,1.471
1997-07-25 14:24,1.469
1997-07-25 14:30,1.467
1997-07-25 14:36,1.464
1997-07-25 14:42,1.462
1997-07-25 14:48,1.459
1997-07-25 14:54,1.456
1997-07-25 15:00,1.452
1997-07-25 15:06,1.449
1997-07-25 15:12,1.445
1997-07-25 15:18,1.442
1997-07-25 15:24,1.438
1997-07-25 15:30,1.434
1997-07-25 15:36,1.430
1997-07-25 15:42,1.426
1997-07-25 15:48,1.422
1997-07-25 15:54,1.418
1997-07-25 16:00,1.413
1997-07-25 16:06,1.409
1997-07-25 16:12,1.405
1997-07-25 16:18,1.400
1997-07-25 16:24,1.396
1997-07-25 16:30,1.391
1997-07-25 16:36,1.386
1997-07-25 16:42,1.382
1997-07-25 16:48,1.377
1997-07-25 16:54,1.372
1997-07-25 17:00,1.368
1997-07-25 17:06,1.363
1997-07-25 17:12,1.358
1997-07-25 17:18,1.353
1997-07-25 17:24,1.349
1997-07-25 17:30,1.344
1997-07-25 17:36,1.339
1997-07-25 17:42,1.335
1997-07-25 17:48,1.330
1997-07-25 17:54,1.326
1997-07-25 18:00,1.321
1997-07-25 18:06,1.317
1997-07-25 18:12,1.312
1997-07-25 18:18,1.308
1997-07-25 18:24,1.304
1997-07-25 18:30,1.300
1997-07-25 18:36,1.296
1997-07-25 18:42,1.293
1997-07-25 18:48,1.289
1997-07-25 18:54,1.286
1997-07-25 19:00,1.283
1997-07-25 19:06,1.280
1997-07-25 19:12,1.277
1997-07-25 19:18,1.275
1997-07-25 19:24,1.272
1997-07-25 19:30,1.270
1997-07-25 19:36,1.269
1997-07-25 19:42,1.267
1997-07-25 19:48,1.266
1997-07-25 19:54,1.265
1997-07-25 20:00,1.264
1997-07-25 20:06,1.264
1997-07-25 20:12,1.263
1997-07-25 20:18,1.264
1997-07-25 20:24,1.264
1997-07-25 20:30,1.264
1997-07-25 20:36,1.265
1997-07-25 20:42,1.266
1997-07-25 20:48,1.267
1997-07-25 20:54,1.268
1997-07-25 21:00,1.270
1997-07-25 21:06,1.272
1997-07-25 21:12,1.274
1997-07-25 21:18,1.276
1997-07-25 21:24,1.278
1997-07-25 21:30,1.281
1997-07-25 21:36,1.283
1997-07-25 21:42,1.286
1997-07-25 21:48,1.289
1997-07-25 21:54,1.291
1997-07-25 22:00,1.294
1997-07-25 22:06,1.298
1997-07-25 22:12,1.301
1997-07-25 22:18,1.304
1997-07-25 22:24,1.308
1997-07-25 22:30,1.311
1997-07-25 22:36,1.314
1997-07-25 22:42,1.318
1997-07-25 22:48,1.322
1997-07-25 22:54,1.325
1997-07-25 23:00,1.329
1997-07-25 23:06,1.333
1997-07-25 23:12,1.337
1997-07-25 23:18,1.341
1997-07-25 23:24,1.344
1997-07-25 23:30,1.348
1997-07-25 23:36,1.352
1997-07-25 23:42,1.356
1997-07-25 23:48,1.360
1997-07-25 23:54,1.364
1997-07-26 00:00,1.368
1997-07-26 00:06,1.371
1997-07-26 00:12,1.375
1997-07-26 00:18,1.379
1997-07-26 00:24,1.382
1997-07-26 00:30,1.386
1997-07-26 00:36,1.389
1997-07-26 00:42,1.393
1997-07-26 00:48,1.396
1997-07-26 00:54,1.399
1997-07-26 01:00,1.402
1997-07-26 01:06,1.405
1997-07-26 01:12,1.408
1997-07-26 01:18,1.411
1997-07-26 01:24,1.414
1997-07-26 01:30,1.416
1997-07-26 01:36,1.418
1997-07-26 01:42,1.420
1997-07-26 01:48,1.422
1997-07-26 01:54,1.424
1997-07-26 02:00,1.426
1997-07-26 02:06,1.427
1997-07-26 02:12,1.428
1997-07-26 02:18,1.430
1997-07-26 02:24,1.431
1997-07-26 02:30,1.431
1997-07-26 02:36,1.432
1997-07-26 02:42,1.433
1997-07-26 02:48,1.433
1997-07-26 02:54,1.433
1997-07-26 03:00,1.434
1997-07-26 03:06,1.434
1997-07-26 03:12,1.434
1997-07-26 03:18,1.433
1997-07-26 03:24,1.433
1997-07-26 03:30,1.433
1997-07-26 03:36,1.432
1997-07-26 03:42,1.432
1997-07-26 03:48,1.431
1997-07-26 03:54,1.430
1997-07-26 04:00,1.430
1997-07-26 04:06,1.429
1997-07-26 04:12,1.428
1997-07-26 04:18,1.427
1997-07-26 04:24,1.426
1997-07-26 04:30,1.425
1997-07-26 04:36,1.424
1997-07-26 04:42,1.422
1997-07-26 04:48,1.421
1997-07-26 04:54,1.420
1997-07-26 05:00,1.418
1997-07-26 05:06,1.417
1997-07-26 05:12,1.415
1997-07-26 05:18,1.414
1997-07-26 05:24,1.412
1997-07-26 05:30,1.411
1997-07-26 05:36,1.409
1997-07-26 05:42,1.408
1997-07-26 05:48,1.406
1997-07-26 05:54,1.404
1997-07-26 06:00,1.403
1997-07-26 06:06,1.401
1997-07-26 06:12,1.399
1997-07-26 06:18,1.398
1997-07-26 06:24,1.396
1997-07-26 06:30,1.394
1997-07-26 06:36,1.393
1997-07-26 06:42,1.391
1997-07-26 06:48,1.390
1997-07-26 06:54,1.388
1997-07-26 07:00,1.387
1997-07-26 07:06,1.386
1997-07-26 07:12,1.385
1997-07-26 07:18,1.384
1997-07-26 07:24,1.383
1997-07-26 07:30,1.382
1997-07-26 07:36,1.381
1997-07-26 07:42,1.380
1997-07-26 07:48,1.380
1997-07-26 07:54,1.380
1997-07-26 08:00,1.379
1997-07-26 08:06,1.379
1997-07-26 08:12,1.379
1997-07-26 08:18,1.379
1997-07-26 08:24,1.380
1997-07-26 08:30,1.380
1997-07-26 08:36,1.381
1997-07-26 08:42,1.381
1997-07-26 08:48,1.382
1997-07-26 08:54,1.383
1997-07-26 09:00,1.384
1997-07-26 09:06,1.386
1997-07-26 09:12,1.387
1997-07-26 09:18,1.388
1997-07-26 09:24,1.390
1997-07-26 09:30,1.391
1997-07-26 09:36,1.393
1997-07-26 09:42,1.395
1997-07-26 09:48,1.397
1997-07-26 09:54,1.399
1997-07-26 10:00,1.401
1997-07-26 10:06,1.403
1997-07-26 10:12,1.405
1997-07-26 10:18,1.407
1997-07-26 10:24,1.410
1997-07-26 10:30,1.412
1997-07-26 10:36,1.415
1997-07-26 10:42,1.417
1997-07-26 10:48,1.419
1997-07-26 10:54,1.422
1997-07-26 11:00,1.425
1997-07-26 11:06,1.427
1997-07-26 11:12,1.430
1997-07-26 11:18,1.432
1997-07-26 11:24,1.435
1997-07-26 11:30,1.437
1997-07-26 11:36,1.440
1997-07-26 11:42,1.442
1997-07-26 11:48,1.445
1997-07-26 11:54,1.447
1997-07-26 12:00,1.450
1997-07-26 12:06,1.452
1997-07-26 12:12,1.455
1997-07-26 12:18,1.457
1997-07-26 12:24,1.459
1997-07-26 12:30,1.461
1997-07-26 12:36,1.463
1997-07-26 12:42,1.465
1997-07-26 12:48,1.466
1997-07-26 12:54,1.468
1997-07-26 13:00,1.469
1997-07-26 13:06,1.471
1997-07-26 13:12,1.472
1997-07-26 13:18,1.473
1997-07-26 13:24,1.474
1997-07-26 13:30,1.474
1997-07-26 13:36,1.475
1997-07-26 13:42,1.475
1997-07-26 13:48,1.475
1997-07-26 13:54,1.475
1997-07-26 14:00,1.474
1997-07-26 14:06,1.474
1997-07-26 14:12,1.473
1997-07-26 14:18,1.472
1997-07-26 14:24,1.471
1997-07-26 14:30,1.469
1997-07-26 14:36,1.468
1997-07-26 14:42,1.466
1997-07-26 14:48,1.464
1997-07-26 14:54,1.461
1997-07-26 15:00,1.459
1997-07-26 15:06,1.456
1997-07-26 15:12,1.453
1997-07-26 15:18,1.450
1997-07-26 15:24,1.447
1997-07-26 15:30,1.443
1997-07-26 15:36,1.439
1997-07-26 15:42,1.435
1997-07-26 15:48,1.431
1997-07-26 15:54,1.427
1997-07-26 16:00,1.423
1997-07-26 16:06,1.418
1997-07-26 16:12,1.413
1997-07-26 16:18,1.408
1997-07-26 16:24,1.403
1997-07-26 16:30,1.398
1997-07-26 16:36,1.393
1997-07-26 16:42,1.388
1997-07-26 16:48,1.382
1997-07-26 16:54,1.377
1997-07-26 17:00,1.371
1997-07-26 17:06,1.366
1997-07-26 17:12,1.360
1997-07-26 17:18,1.354
1997-07-26 17:24,1.348
1997-07-26 17:30,1.342
1997-07-26 17:36,1.337
1997-07-26 17:42,1.331
1997-07-26 17:48,1.325
1997-07-26 17:54,1.319
1997-07-26 18:00,1.313
1997-07-26 18:06,1.308
1997-07-26 18:12,1.302
1997-07-26 18:18,1.296
1997-07-26 18:24,1.291
1997-07-26 18:30,1.285
1997-07-26 18:36,1.280
1997-07-26 18:42,1.275
1997-07-26 18:48,1.270
1997-07-26 18:54,1.265
1997-07-26 19:00,1.260
1997-07-26 19:06,1.255
1997-07-26 19:12,1.251
1997-07-26 19:18,1.246
1997-07-26 19:24,1.242
1997-07-26 19:30,1.238
1997-07-26 19:36,1.234
1997-07-26 19:42,1.231
1997-07-26 19:48,1.227
1997-07-26 19:54,1.224
1997-07-26 20:00,1.221
1997-07-26 20:06,1.218
1997-07-26 20:12,1.216
1997-07-26 20:18,1.214
1997-07-26 20:24,1.212
1997-07-26 20:30,1.210
1997-07-26 20:36,1.208
1997-07-26 20:42,1.207
1997-07-26 20:48,1.206
1997-07-26 20:54,1.205
1997-07-26 21:00,1.205
1997-07-26 21:06,1.204
1997-07-26 21:12,1.204
1997-07-26 21:18,1.204
1997-07-26 21:24,1.205
1997-07-26 21:30,1.205
1997-07-26 21:36,1.206
1997-07-26 21:42,1.207
1997-07-26 21:48,1.209
1997-07-26 21:54,1.210
1997-07-26 22:00,1.212
1997-07-26 22:06,1.214
1997-07-26 22:12,1.216
1997-07-26 22:18,1.219
1997-07-26 22:24,1.221
1997-07-26 22:30,1.224
1997-07-26 22:36,1.227
1997-07-26 22:42,1.230
1997-07-26 22:48,1.234
1997-07-26 22:54,1.237
1997-07-26 23:00,1.241
1997-07-26 23:06,1.245
1997-07-26 23:12,1.249
1997-07-26 23:18,1.253
1997-07-26 23:24,1.257
1997-07-26 23:30,1.261
1997-07-26 23:36,1.266
1997-07-26 23:42,1.271
1997-07-26 23:48,1.275
1997-07-26 23:54,1.280
1997-07-27 00:00,1.285
1997-07-27 00:06,1.290
1997-07-27 00:12,1.295
1997-07-27 00:18,1.300
1997-07-27 00:24,1.305
1997-07-27 00:30,1.310
1997-07-27 00:36,1.315
1997-07-27 00:42,1.321
1997-07-27 00:48,1.326
1997-07-27 00:54,1.331
1997-07-27 01:00,1.336
1997-07-27 01:06,1.341
1997-07-27 01:12,1.346
1997-07-27 01:18,1.352
1997-07-27 01:24,1.357
1997-07-27 01:30,1.362
1997-07-27 01:36,1.367
1997-07-27 01:42,1.372
1997-07-27 01:48,1.377
1997-07-27 01:54,1.381
1997-07-27 02:00,1.386
1997-07-27 02:06,1.391
1997-07-27 02:12,1.395
1997-07-27 02:18,1.400
1997-07-27 02:24,1.404
1997-07-27 02:30,1.408
1997-07-27 02:36,1.412
1997-07-27 02:42,1.416
1997-07-27 02:48,1.420
1997-07-27 02:54,1.424
1997-07-27 03:00,1.428
1997-07-27 03:06,1.431
1997-07-27 03:12,1.435
1997-07-27 03:18,1.438
1997-07-27 03:24,1.441
1997-07-27 03:30,1.444
1997-07-27 03:36,1.447
1997-07-27 03:42,1.449
1997-07-27 03:48,1.452
1997-07-27 03:54,1.454
1997-07-27 04:00,1.457
1997-07-27 04:06,1.459
1997-07-27 04:12,1.460
1997-07-27 04:18,1.462
1997-07-27 04:24,1.464
1997-07-27 04:30,1.465
1997-07-27 04:36,1.467
1997-07-27 04:42,1.468
1997-07-27 04:48,1.469
1997-07-27 04:54,1.470
1997-07-27 05:00,1.470
1997-07-27 05:06,1.471
1997-07-27 05:12,1.472
1997-07-27 05:18,1.472
1997-07-27 05:24,1.472
1997-07-27 05:30,1.473
1997-07-27 05:36,1.473
1997-07-27 05:42,1.473
1997-07-27 05:48,1.473
1997-07-27 05:54,1.473
1997-07-27 06:00,1.472
1997-07-27 06:06,1.472
1997-07-27 06:12,1.472
1997-07-27 06:18,1.471
1997-07-27 06:24,1.471
1997-07-27 06:30,1.471
1997-07-27 06:36,1.470
1997-07-27 06:42,1.470
1997-07-27 06:48,1.469
1997-07-27 06:54,1.468
1997-07-27 07:00,1.468
1997-07-27 07:06,1.467
1997-07-27 07:12,1.467
1997-07-27 07:18,1.466
1997-07-27 07:24,1.465
1997-07-27 07:30,1.465
1997-07-27 07:36,1.464
1997-07-27 07:42,1.463
1997-07-27 07:48,1.462
1997-07-27 07:54,1.462
1997-07-27 08:00,1.461
1997-07-27 08:06,1.460
1997-07-27 08:12,1.460
1997-07-27 08:18,1.459
1997-07-27 08:24,1.458
1997-07-27 08:30,1.458
1997-07-27 08:36,1.457
1997-07-27 08:42,1.456
1997-07-27 08:48,1.456
1997-07-27 08:54,1.455
1997-07-27 09:00,1.454
1997-07-27 09:06,1.454
1997-07-27 09:12,1.453
1997-07-27 09:18,1.453
1997-07-27 09:24,1.453
1997-07-27 09:30,1.452
1997-07-27 09:36,1.452
1997-07-27 09:42,1.452
1997-07-27 09:48,1.452
1997-07-27 09:54,1.452
1997-07-27 10:00,1.452
1997-07-27 10:06,1.452
1997-07-27 10:12,1.452
1997-07-27 10:18,1.452
1997-07-27 10:24,1.453
1997-07-27 10:30,1.453
1997-07-27 10:36,1.453
1997-07-27 10:42,1.454
1997-07-27 10:48,1.455
1997-07-27 10:54,1.455
1997-07-27 11:00,1.456
1997-07-27 11:06,1.457
1997-07-27 11:12,1.458
1997-07-27 11:18,1.459
1997-07-27 11:24,1.460
1997-07-27 11:30,1.461
1997-07-27 11:36,1.462
1997-07-27 11:42,1.463
1997-07-27 11:48,1.464
1997-07-27 11:54,1.465
1997-07-27 12:00,1.466
1997-07-27 12:06,1.467
1997-07-27 12:12,1.468
1997-07-27 12:18,1.469
1997-07-27 12:24,1.470
1997-07-27 12:30,1.471
1997-07-27 12:36,1.472
1997-07-27 12:42,1.473
1997-07-27 12:48,1.474
1997-07-27 12:54,1.475
1997-07-27 13:00,1.476
1997-07-27 13:06,1.477
1997-07-27 13:12,1.477
1997-07-27 13:18,1.478
1997-07-27 13:24,1.479
1997-07-27 13:30,1.479
1997-07-27 13:36,1.479
1997-07-27 13:42,1.480
1997-07-27 13:48,1.480
1997-07-27 13:54,1.480
1997-07-27 14:00,1.480
1997-07-27 14:06,1.480
1997-07-27 14:12,1.479
1997-07-27 14:18,1.479
1997-07-27 14:24,1.478
1997-07-27 14:30,1.477
1997-07-27 14:36,1.477
1997-07-27 14:42,1.475
1997-07-27 14:48,1.474
1997-07-27 14:54,1.473
1997-07-27 15:00,1.471
1997-07-27 15:06,1.470
1997-07-27 15:12,1.468
1997-07-27 15:18,1.465
1997-07-27 15:24,1.463
1997-07-27 15:30,1.461
1997-07-27 15:36,1.458
1997-07-27 15:42,1.455
1997-07-27 15:48,1.452
1997-07-27 15:54,1.448
1997-07-27 16:00,1.444
1997-07-27 16:06,1.441
1997-07-27 16:12,1.436
1997-07-27 16:18,1.432
1997-07-27 16:24,1.428
1997-07-27 16:30,1.423
1997-07-27 16:36,1.418
1997-07-27 16:42,1.413
1997-07-27 16:48,1.407
1997-07-27 16:54,1.402
1997-07-27 17:00,1.396
1997-07-27 17:06,1.390
1997-07-27 17:12,1.384
1997-07-27 17:18,1.378
1997-07-27 17:24,1.372
1997-07-27 17:30,1.365
1997-07-27 17:36,1.359
1997-07-27 17:42,1.352
1997-07-27 17:48,1.346
1997-07-27 17:54,1.339
1997-07-27 18:00,1.332
1997-07-27 18:06,1.326
1997-07-27 18:12,1.319
1997-07-27 18:18,1.312
1997-07-27 18:24,1.305
1997-07-27 18:30,1.299
1997-07-27 18:36,1.292
1997-07-27 18:42,1.286
1997-07-27 18:48,1.279
1997-07-27 18:54,1.273
1997-07-27 19:00,1.267
1997-07-27 19:06,1.261
1997-07-27 19:12,1.255
1997-07-27 19:18,1.249
1997-07-27 19:24,1.243
1997-07-27 19:30,1.237
1997-07-27 19:36,1.232
1997-07-27 19:42,1.226
1997-07-27 19:48,1.221
1997-07-27 19:54,1.216
1997-07-27 20:00,1.211
1997-07-27 20:06,1.206
1997-07-27 20:12,1.202
1997-07-27 20:18,1.197
1997-07-27 20:24,1.193
1997-07-27 20:30,1.189
1997-07-27 20:36,1.185
1997-07-27 20:42,1.182
1997-07-27 20:48,1.178
1997-07-27 20:54,1.175
1997-07-27 21:00,1.172
1997-07-27 21:06,1.169
1997-07-27 21:12,1.166
1997-07-27 21:18,1.164
1997-07-27 21:24,1.162
1997-07-27 21:30,1.160
1997-07-27 21:36,1.158
1997-07-27 21:42,1.157
1997-07-27 21:48,1.156
1997-07-27 21:54,1.155
1997-07-27 22:00,1.154
1997-07-27 22:06,1.154
1997-07-27 22:12,1.154
1997-07-27 22:18,1.154
1997-07-27 22:24,1.155
1997-07-27 22:30,1.156
1997-07-27 22:36,1.157
1997-07-27 22:42,1.158
1997-07-27 22:48,1.160
1997-07-27 22:54,1.162
1997-07-27 23:00,1.164
1997-07-27 23:06,1.166
1997-07-27 23:12,1.169
1997-07-27 23:18,1.172
1997-07-27 23:24,1.175
1997-07-27 23:30,1.179
1997-07-27 23:36,1.183
1997-07-27 23:42,1.186
1997-07-27 23:48,1.191
1997-07-27 23:54,1.195
1997-07-28 00:00,1.199
1997-07-28 00:06,1.204
1997-07-28 00:12,1.209
1997-07-28 00:18,1.214
1997-07-28 00:24,1.219
1997-07-28 00:30,1.224
1997-07-28 00:36,1.230
1997-07-28 00:42,1.235
1997-07-28 00:48,1.241
1997-07-28 00:54,1.246
1997-07-28 01:00,1.252
1997-07-28 01:06,1.258
1997-07-28 01:12,1.264
1997-07-28 01:18,1.270
1997-07-28 01:24,1.276
1997-07-28 01:30,1.282
1997-07-28 01:36,1.288
1997-07-28 01:42,1.295
1997-07-28 01:48,1.301
1997-07-28 01:54,1.307
1997-07-28 02:00,1.314
1997-07-28 02:06,1.320
1997-07-28 02:12,1.327
1997-07-28 02:18,1.333
1997-07-28 02:24,1.340
1997-07-28 02:30,1.346
1997-07-28 02:36,1.352
1997-07-28 02:42,1.359
1997-07-28 02:48,1.365
1997-07-28 02:54,1.372
1997-07-28 03:00,1.378
1997-07-28 03:06,1.385
1997-07-28 03:12,1.391
1997-07-28 03:18,1.397
1997-07-28 03:24,1.403
1997-07-28 03:30,1.409
1997-07-28 03:36,1.415
1997-07-28 03:42,1.421
1997-07-28 03:48,1.426
1997-07-28 03:54,1.432
1997-07-28 04:00,1.437
1997-07-28 04:06,1.442
1997-07-28 04:12,1.447
1997-07-28 04:18,1.452
1997-07-28 04:24,1.457
1997-07-28 04:30,1.461
1997-07-28 04:36,1.465
1997-07-28 04:42,1.469
1997-07-28 04:48,1.473
1997-07-28 04:54,1.477
1997-07-28 05:00,1.480
1997-07-28 05:06,1.483
1997-07-28 05:12,1.486
1997-07-28 05:18,1.489
1997-07-28 05:24,1.492
1997-07-28 05:30,1.495
1997-07-28 05:36,1.497
1997-07-28 05:42,1.499
1997-07-28 05:48,1.501
1997-07-28 05:54,1.503
1997-07-28 06:00,1.505
1997-07-28 06:06,1.507
1997-07-28 06:12,1.508
1997-07-28 06:18,1.510
1997-07-28 06:24,1.511
1997-07-28 06:30,1.513
1997-07-28 06:36,1.514
1997-07-28 06:42,1.515
1997-07-28 06:48,1.516
1997-07-28 06:54,1.517
1997-07-28 07:00,1.518
1997-07-28 07:06,1.519
1997-07-28 07:12,1.520
1997-07-28 07:18,1.520
1997-07-28 07:24,1.521
1997-07-28 07:30,1.522
1997-07-28 07:36,1.522
1997-07-28 07:42,1.523
1997-07-28 07:48,1.523
1997-07-28 07:54,1.523
1997-07-28 08:00,1.524
1997-07-28 08:06,1.524
1997-07-28 08:12,1.524
1997-07-28 08:18,1.524
1997-07-28 08:24,1.523
1997-07-28 08:30,1.523
1997-07-28 08:36,1.523
1997-07-28 08:42,1.522
1997-07-28 08:48,1.522
1997-07-28 08:54,1.521
1997-07-28 09:00,1.520
1997-07-28 09:06,1.520
1997-07-28 09:12,1.519
1997-07-28 09:18,1.518
1997-07-28 09:24,1.517
1997-07-28 09:30,1.516
1997-07-28 09:36,1.515
1997-07-28 09:42,1.513
1997-07-28 09:48,1.512
1997-07-28 09:54,1.511
1997-07-28 10:00,1.510
1997-07-28 10:06,1.509
1997-07-28 10:12,1.508
1997-07-28 10:18,1.506
1997-07-28 10:24,1.505
1997-07-28 10:30,1.504
1997-07-28 10:36,1.503
1997-07-28 10:42,1.502
1997-07-28 10:48,1.501
1997-07-28 10:54,1.501
1997-07-28 11:00,1.500
1997-07-28 11:06,1.499
1997-07-28 11:12,1.498
1997-07-28 11:18,1.498
1997-07-28 11:24,1.497
1997-07-28 11:30,1.497
1997-07-28 11:36,1.496
1997-07-28 11:42,1.496
1997-07-28 11:48,1.496
1997-07-28 11:54,1.496
1997-07-28 12:00,1.495
1997-07-28 12:06,1.495
1997-07-28 12:12,1.495
1997-07-28 12:18,1.495
1997-07-28 12:24,1.495
1997-07-28 12:30,1.495
1997-07-28 12:36,1.495
1997-07-28 12:42,1.494
1997-07-28 12:48,1.494
1997-07-28 12:54,1.494
1997-07-28 13:00,1.494
1997-07-28 13:06,1.494
1997-07-28 13:12,1.494
1997-07-28 13:18,1.494
1997-07-28 13:24,1.493
1997-07-28 13:30,1.493
1997-07-28 13:36,1.493
1997-07-28 13:42,1.493
1997-07-28 13:48,1.492
1997-07-28 13:54,1.492
1997-07-28 14:00,1.492
1997-07-28 14:06,1.491
1997-07-28 14:12,1.491
1997-07-28 14:18,1.490
1997-07-28 14:24,1.490
1997-07-28 14:30,1.489
1997-07-28 14:36,1.489
1997-07-28 14:42,1.488
1997-07-28 14:48,1.487
1997-07-28 14:54,1.486
1997-07-28 15:00,1.485
1997-07-28 15:06,1.484
1997-07-28 15:12,1.483
1997-07-28 15:18,1.482
1997-07-28 15:24,1.481
1997-07-28 15:30,1.479
1997-07-28 15:36,1.477
1997-07-28 15:42,1.476
1997-07-28 15:48,1.474
1997-07-28 15:54,1.471
1997-07-28 16:00,1.469
1997-07-28 16:06,1.466
1997-07-28 16:12,1.464
1997-07-28 16:18,1.460
1997-07-28 16:24,1.457
1997-07-28 16:30,1.454
1997-07-28 16:36,1.450
1997-07-28 16:42,1.446
1997-07-28 16:48,1.441
1997-07-28 16:54,1.437
1997-07-28 17:00,1.432
1997-07-28 17:06,1.427
1997-07-28 17:12,1.421
1997-07-28 17:18,1.416
1997-07-28 17:24,1.410
1997-07-28 17:30,1.404
1997-07-28 17:36,1.398
1997-07-28 17:42,1.392
1997-07-28 17:48,1.385
1997-07-28 17:54,1.379
1997-07-28 18:00,1.372
1997-07-28 18:06,1.365
1997-07-28 18:12,1.358
1997-07-28 18:18,1.351
1997-07-28 18:24,1.344
1997-07-28 18:30,1.337
1997-07-28 18:36,1.329
1997-07-28 18:42,1.322
1997-07-28 18:48,1.315
1997-07-28 18:54,1.308
1997-07-28 19:00,1.301
1997-07-28 19:06,1.294
1997-07-28 19:12,1.287
1997-07-28 19:18,1.280
1997-07-28 19:24,1.273
1997-07-28 19:30,1.266
1997-07-28 19:36,1.259
1997-07-28 19:42,1.252
1997-07-28 19:48,1.246
1997-07-28 19:54,1.239
1997-07-28 20:00,1.233
1997-07-28 20:06,1.227
1997-07-28 20:12,1.221
1997-07-28 20:18,1.215
1997-07-28 20:24,1.209
1997-07-28 20:30,1.203
1997-07-28 20:36,1.197
1997-07-28 20:42,1.192
1997-07-28 20:48,1.186
1997-07-28 20:54,1.181
1997-07-28 21:00,1.176
1997-07-28 21:06,1.171
1997-07-28 21:12,1.166
1997-07-28 21:18,1.161
1997-07-28 21:24,1.157
1997-07-28 21:30,1.152
1997-07-28 21:36,1.148
1997-07-28 21:42,1.144
1997-07-28 21:48,1.141
1997-07-28 21:54,1.137
1997-07-28 22:00,1.134
1997-07-28 22:06,1.131
1997-07-28 22:12,1.128
1997-07-28 22:18,1.126
1997-07-28 22:24,1.124
1997-07-28 22:30,1.122
1997-07-28 22:36,1.120
1997-07-28 22:42,1.119
1997-07-28 22:48,1.118
1997-07-28 22:54,1.118
1997-07-28 23:00,1.118
1997-07-28 23:06,1.118
1997-07-28 23:12,1.118
1997-07-28 23:18,1.119
1997-07-28 23:24,1.120
1997-07-28 23:30,1.121
1997-07-28 23:36,1.123
1997-07-28 23:42,1.125
1997-07-28 23:48,1.127
1997-07-28 23:54,1.130
1997-07-29 00:00,1.132
1997-07-29 00:06,1.135
1997-07-29 00:12,1.139
1997-07-29 00:18,1.142
1997-07-29 00:24,1.146
1997-07-29 00:30,1.150
1997-07-29 00:36,1.155
1997-07-29 00:42,1.159
1997-07-29 00:48,1.164
1997-07-29 00:54,1.169
1997-07-29 01:00,1.174
1997-07-29 01:06,1.179
1997-07-29 01:12,1.184
1997-07-29 01:18,1.190
1997-07-29 01:24,1.195
1997-07-29 01:30,1.201
1997-07-29 01:36,1.207
1997-07-29 01:42,1.213
1997-07-29 01:48,1.220
1997-07-29 01:54,1.226
1997-07-29 02:00,1.233
1997-07-29 02:06,1.239
1997-07-29 02:12,1.246
1997-07-29 02:18,1.253
1997-07-29 02:24,1.260
1997-07-29 02:30,1.267
1997-07-29 02:36,1.274
1997-07-29 02:42,1.282
1997-07-29 02:48,1.289
1997-07-29 02:54,1.297
1997-07-29 03:00,1.304
1997-07-29 03:06,1.312
1997-07-29 03:12,1.320
1997-07-29 03:18,1.328
1997-07-29 03:24,1.335
1997-07-29 03:30,1.343
1997-07-29 03:36,1.351
1997-07-29 03:42,1.359
1997-07-29 03:48,1.366
1997-07-29 03:54,1.374
1997-07-29 04:00,1.382
1997-07-29 04:06,1.389
1997-07-29 04:12,1.397
1997-07-29 04:18,1.404
1997-07-29 04:24,1.411
1997-07-29 04:30,1.418
1997-07-29 04:36,1.425
1997-07-29 04:42,1.432
1997-07-29 04:48,1.438
1997-07-29 04:54,1.444
1997-07-29 05:00,1.450
1997-07-29 05:06,1.456
1997-07-29 05:12,1.462
1997-07-29 05:18,1.467
1997-07-29 05:24,1.473
1997-07-29 05:30,1.478
1997-07-29 05:36,1.483
1997-07-29 05:42,1.487
1997-07-29 05:48,1.492
1997-07-29 05:54,1.496
1997-07-29 06:00,1.500
1997-07-29 06:06,1.504
1997-07-29 06:12,1.508
1997-07-29 06:18,1.511
1997-07-29 06:24,1.515
1997-07-29 06:30,1.518
1997-07-29 06:36,1.521
1997-07-29 06:42,1.524
1997-07-29 06:48,1.527
1997-07-29 06:54,1.530
1997-07-29 07:00,1.533
1997-07-29 07:06,1.535
1997-07-29 07:12,1.538
1997-07-29 07:18,1.540
1997-07-29 07:24,1.543
1997-07-29 07:30,1.545
1997-07-29 07:36,1.547
1997-07-29 07:42,1.549
1997-07-29 07:48,1.551
1997-07-29 07:54,1.553
1997-07-29 08:00,1.554
1997-07-29 08:06,1.556
1997-07-29 08:12,1.558
1997-07-29 08:18,1.559
1997-07-29 08:24,1.560
1997-07-29 08:30,1.561
1997-07-29 08:36,1.562
1997-07-29 08:42,1.563
1997-07-29 08:48,1.563
1997-07-29 08:54,1.564
1997-07-29 09:00,1.564
1997-07-29 09:06,1.564
1997-07-29 09:12,1.564
1997-07-29 09:18,1.564
1997-07-29 09:24,1.563
1997-07-29 09:30,1.563
1997-07-29 09:36,1.562
1997-07-29 09:42,1.562
1997-07-29 09:48,1.561
1997-07-29 09:54,1.560
1997-07-29 10:00,1.558
1997-07-29 10:06,1.557
1997-07-29 10:12,1.556
1997-07-29 10:18,1.554
1997-07-29 10:24,1.553
1997-07-29 10:30,1.551
1997-07-29 10:36,1.550
1997-07-29 10:42,1.548
1997-07-29 10:48,1.547
1997-07-29 10:54,1.545
1997-07-29 11:00,1.544
1997-07-29 11:06,1.542
1997-07-29 11:12,1.540
1997-07-29 11:18,1.539
1997-07-29 11:24,1.537
1997-07-29 11:30,1.536
1997-07-29 11:36,1.535
1997-07-29 11:42,1.533
1997-07-29 11:48,1.532
1997-07-29 11:54,1.531
1997-07-29 12:00,1.529
1997-07-29 12:06,1.528
1997-07-29 12:12,1.527
1997-07-29 12:18,1.526
1997-07-29 12:24,1.525
1997-07-29 12:30,1.523
1997-07-29 12:36,1.522
1997-07-29 12:42,1.521
1997-07-29 12:48,1.520
1997-07-29 12:54,1.519
1997-07-29 13:00,1.518
1997-07-29 13:06,1.517
1997-07-29 13:12,1.516
1997-07-29 13:18,1.515
1997-07-29 13:24,1.514
1997-07-29 13:30,1.513
1997-07-29 13:36,1.512
1997-07-29 13:42,1.511
1997-07-29 13:48,1.510
1997-07-29 13:54,1.509
1997-07-29 14:00,1.508
1997-07-29 14:06,1.507
1997-07-29 14:12,1.506
1997-07-29 14:18,1.505
1997-07-29 14:24,1.505
1997-07-29 14:30,1.504
1997-07-29 14:36,1.503
1997-07-29 14:42,1.502
1997-07-29 14:48,1.501
1997-07-29 14:54,1.500
1997-07-29 15:00,1.499
1997-07-29 15:06,1.499
1997-07-29 15:12,1.498
1997-07-29 15:18,1.497
1997-07-29 15:24,1.496
1997-07-29 15:30,1.495
1997-07-29 15:36,1.494
1997-07-29 15:42,1.493
1997-07-29 15:48,1.492
1997-07-29 15:54,1.490
1997-07-29 16:00,1.489
1997-07-29 16:06,1.488
1997-07-29 16:12,1.486
1997-07-29 16:18,1.484
1997-07-29 16:24,1.482
1997-07-29 16:30,1.480
1997-07-29 16:36,1.478
1997-07-29 16:42,1.475
1997-07-29 16:48,1.472
1997-07-29 16:54,1.469
1997-07-29 17:00,1.466
1997-07-29 17:06,1.462
1997-07-29 17:12,1.458
1997-07-29 17:18,1.454
1997-07-29 17:24,1.450
1997-07-29 17:30,1.445
1997-07-29 17:36,1.441
1997-07-29 17:42,1.435
1997-07-29 17:48,1.430
1997-07-29 17:54,1.425
1997-07-29 18:00,1.419
1997-07-29 18:06,1.413
1997-07-29 18:12,1.407
1997-07-29 18:18,1.400
1997-07-29 18:24,1.394
1997-07-29 18:30,1.387
1997-07-29 18:36,1.380
1997-07-29 18:42,1.373
1997-07-29 18:48,1.366
1997-07-29 18:54,1.359
1997-07-29 19:00,1.352
1997-07-29 19:06,1.345
1997-07-29 19:12,1.338
1997-07-29 19:18,1.330
1997-07-29 19:24,1.323
1997-07-29 19:30,1.316
1997-07-29 19:36,1.308
1997-07-29 19:42,1.301
1997-07-29 19:48,1.294
1997-07-29 19:54,1.287
1997-07-29 20:00,1.279
1997-07-29 20:06,1.272
1997-07-29 20:12,1.265
1997-07-29 20:18,1.258
1997-07-29 20:24,1.251
1997-07-29 20:30,1.244
1997-07-29 20:36,1.237
1997-07-29 20:42,1.230
1997-07-29 20:48,1.224
1997-07-29 20:54,1.217
1997-07-29 21:00,1.210
1997-07-29 21:06,1.204
1997-07-29 21:12,1.197
1997-07-29 21:18,1.191
1997-07-29 21:24,1.185
1997-07-29 21:30,1.179
1997-07-29 21:36,1.173
1997-07-29 21:42,1.167
1997-07-29 21:48,1.161
1997-07-29 21:54,1.156
1997-07-29 22:00,1.151
1997-07-29 22:06,1.145
1997-07-29 22:12,1.140
1997-07-29 22:18,1.136
1997-07-29 22:24,1.131
1997-07-29 22:30,1.127
1997-07-29 22:36,1.123
1997-07-29 22:42,1.119
1997-07-29 22:48,1.115
1997-07-29 22:54,1.112
1997-07-29 23:00,1.109
1997-07-29 23:06,1.107
1997-07-29 23:12,1.104
1997-07-29 23:18,1.102
1997-07-29 23:24,1.101
1997-07-29 23:30,1.099
1997-07-29 23:36,1.098
1997-07-29 23:42,1.098
1997-07-29 23:48,1.098
1997-07-29 23:54,1.098
1997-07-30 00:00,1.098
1997-07-30 00:06,1.099
1997-07-30 00:12,1.099
1997-07-30 00:18,1.101
1997-07-30 00:24,1.102
1997-07-30 00:30,1.104
1997-07-30 00:36,1.106
1997-07-30 00:42,1.109
1997-07-30 00:48,1.112
1997-07-30 00:54,1.115
1997-07-30 01:00,1.118
1997-07-30 01:06,1.122
1997-07-30 01:12,1.125
1997-07-30 01:18,1.129
1997-07-30 01:24,1.134
1997-07-30 01:30,1.138
1997-07-30 01:36,1.143
1997-07-30 01:42,1.148
1997-07-30 01:48,1.153
1997-07-30 01:54,1.158
1997-07-30 02:00,1.164
1997-07-30 02:06,1.169
1997-07-30 02:12,1.175
1997-07-30 02:18,1.182
1997-07-30 02:24,1.188
1997-07-30 02:30,1.194
1997-07-30 02:36,1.201
1997-07-30 02:42,1.208
1997-07-30 02:48,1.215
1997-07-30 02:54,1.222
1997-07-30 03:00,1.230
1997-07-30 03:06,1.237
1997-07-30 03:12,1.245
1997-07-30 03:18,1.253
1997-07-30 03:24,1.261
1997-07-30 03:30,1.269
1997-07-30 03:36,1.277
1997-07-30 03:42,1.285
1997-07-30 03:48,1.294
1997-07-30 03:54,1.302
1997-07-30 04:00,1.311
1997-07-30 04:06,1.319
1997-07-30 04:12,1.328
1997-07-30 04:18,1.336
1997-07-30 04:24,1.345
1997-07-30 04:30,1.353
1997-07-30 04:36,1.361
1997-07-30 04:42,1.370
1997-07-30 04:48,1.378
1997-07-30 04:54,1.386
1997-07-30 05:00,1.394
1997-07-30 05:06,1.402
1997-07-30 05:12,1.409
1997-07-30 05:18,1.417
1997-07-30 05:24,1.424
1997-07-30 05:30,1.431
1997-07-30 05:36,1.438
1997-07-30 05:42,1.445
1997-07-30 05:48,1.452
1997-07-30 05:54,1.458
1997-07-30 06:00,1.464
1997-07-30 06:06,1.470
1997-07-30 06:12,1.476
1997-07-30 06:18,1.482
1997-07-30 06:24,1.487
1997-07-30 06:30,1.493
1997-07-30 06:36,1.498
1997-07-30 06:42,1.503
1997-07-30 06:48,1.508
1997-07-30 06:54,1.512
1997-07-30 07:00,1.517
1997-07-30 07:06,1.521
1997-07-30 07:12,1.525
1997-07-30 07:18,1.529
1997-07-30 07:24,1.533
1997-07-30 07:30,1.537
1997-07-30 07:36,1.541
1997-07-30 07:42,1.544
1997-07-30 07:48,1.548
1997-07-30 07:54,1.551
1997-07-30 08:00,1.554
1997-07-30 08:06,1.557
1997-07-30 08:12,1.560
1997-07-30 08:18,1.563
1997-07-30 08:24,1.566
1997-07-30 08:30,1.568
1997-07-30 08:36,1.571
1997-07-30 08:42,1.573
1997-07-30 08:48,1.575
1997-07-30 08:54,1.577
1997-07-30 09:00,1.578
1997-07-30 09:06,1.580
1997-07-30 09:12,1.581
1997-07-30 09:18,1.582
1997-07-30 09:24,1.583
1997-07-30 09:30,1.584
1997-07-30 09:36,1.584
1997-07-30 09:42,1.585
1997-07-30 09:48,1.585
1997-07-30 09:54,1.585
1997-07-30 10:00,1.585
1997-07-30 10:06,1.584
1997-07-30 10:12,1.584
1997-07-30 10:18,1.583
1997-07-30 10:24,1.583
1997-07-30 10:30,1.582
1997-07-30 10:36,1.581
1997-07-30 10:42,1.580
1997-07-30 10:48,1.578
1997-07-30 10:54,1.577
1997-07-30 11:00,1.576
1997-07-30 11:06,1.574
1997-07-30 11:12,1.573
1997-07-30 11:18,1.571
1997-07-30 11:24,1.569
1997-07-30 11:30,1.568
1997-07-30 11:36,1.566
1997-07-30 11:42,1.564
1997-07-30 11:48,1.562
1997-07-30 11:54,1.561
1997-07-30 12:00,1.559
1997-07-30 12:06,1.557
1997-07-30 12:12,1.555
1997-07-30 12:18,1.554
1997-07-30 12:24,1.552
1997-07-30 12:30,1.550
1997-07-30 12:36,1.548
1997-07-30 12:42,1.547
1997-07-30 12:48,1.545
1997-07-30 12:54,1.543
1997-07-30 13:00,1.541
1997-07-30 13:06,1.540
1997-07-30 13:12,1.538
1997-07-30 13:18,1.536
1997-07-30 13:24,1.535
1997-07-30 13:30,1.533
1997-07-30 13:36,1.532
1997-07-30 13:42,1.530
1997-07-30 13:48,1.529
1997-07-30 13:54,1.527
1997-07-30 14:00,1.526
1997-07-30 14:06,1.524
1997-07-30 14:12,1.523
1997-07-30 14:18,1.521
1997-07-30 14:24,1.520
1997-07-30 14:30,1.519
1997-07-30 14:36,1.517
1997-07-30 14:42,1.516
1997-07-30 14:48,1.515
1997-07-30 14:54,1.514
1997-07-30 15:00,1.513
1997-07-30 15:06,1.512
1997-07-30 15:12,1.511
1997-07-30 15:18,1.510
1997-07-30 15:24,1.509
1997-07-30 15:30,1.508
1997-07-30 15:36,1.507
1997-07-30 15:42,1.506
1997-07-30 15:48,1.505
1997-07-30 15:54,1.504
1997-07-30 16:00,1.503
1997-07-30 16:06,1.502
1997-07-30 16:12,1.501
1997-07-30 16:18,1.500
1997-07-30 16:24,1.499
1997-07-30 16:30,1.498
1997-07-30 16:36,1.496
1997-07-30 16:42,1.495
1997-07-30 16:48,1.493
1997-07-30 16:54,1.491
1997-07-30 17:00,1.489
1997-07-30 17:06,1.487
1997-07-30 17:12,1.485
1997-07-30 17:18,1.483
1997-07-30 17:24,1.480
1997-07-30 17:30,1.477
1997-07-30 17:36,1.474
1997-07-30 17:42,1.470
1997-07-30 17:48,1.467
1997-07-30 17:54,1.463
1997-07-30 18:00,1.459
1997-07-30 18:06,1.455
1997-07-30 18:12,1.450
1997-07-30 18:18,1.446
1997-07-30 18:24,1.441
1997-07-30 18:30,1.435
1997-07-30 18:36,1.430
1997-07-30 18:42,1.425
1997-07-30 18:48,1.419
1997-07-30 18:54,1.413
1997-07-30 19:00,1.407
1997-07-30 19:06,1.400
1997-07-30 19:12,1.394
1997-07-30 19:18,1.388
1997-07-30 19:24,1.381
1997-07-30 19:30,1.374
1997-07-30 19:36,1.367
1997-07-30 19:42,1.360
1997-07-30 19:48,1.353
1997-07-30 19:54,1.346
1997-07-30 20:00,1.339
1997-07-30 20:06,1.332
1997-07-30 20:12,1.324
1997-07-30 20:18,1.317
1997-07-30 20:24,1.310
1997-07-30 20:30,1.302
1997-07-30 20:36,1.295
1997-07-30 20:42,1.287
1997-07-30 20:48,1.280
1997-07-30 20:54,1.273
1997-07-30 21:00,1.265
1997-07-30 21:06,1.258
1997-07-30 21:12,1.251
1997-07-30 21:18,1.243
1997-07-30 21:24,1.236
1997-07-30 21:30,1.229
1997-07-30 21:36,1.222
1997-07-30 21:42,1.215
1997-07-30 21:48,1.208
1997-07-30 21:54,1.201
1997-07-30 22:00,1.194
1997-07-30 22:06,1.187
1997-07-30 22:12,1.181
1997-07-30 22:18,1.175
1997-07-30 22:24,1.168
1997-07-30 22:30,1.162
1997-07-30 22:36,1.156
1997-07-30 22:42,1.151
1997-07-30 22:48,1.145
1997-07-30 22:54,1.140
1997-07-30 23:00,1.135
1997-07-30 23:06,1.130
1997-07-30 23:12,1.126
1997-07-30 23:18,1.121
1997-07-30 23:24,1.117
1997-07-30 23:30,1.114
1997-07-30 23:36,1.110
1997-07-30 23:42,1.107
1997-07-30 23:48,1.104
1997-07-30 23:54,1.101
1997-07-31 00:00,1.099
1997-07-31 00:06,1.097
1997-07-31 00:12,1.096
1997-07-31 00:18,1.094
1997-07-31 00:24,1.093
1997-07-31 00:30,1.093
1997-07-31 00:36,1.092
1997-07-31 00:42,1.092
1997-07-31 00:48,1.092
1997-07-31 00:54,1.093
1997-07-31 01:00,1.094
1997-07-31 01:06,1.095
1997-07-31 01:12,1.097
1997-07-31 01:18,1.098
1997-07-31 01:24,1.100
1997-07-31 01:30,1.103
1997-07-31 01:36,1.106
1997-07-31 01:42,1.108
1997-07-31 01:48,1.112
1997-07-31 01:54,1.115
1997-07-31 02:00,1.119
1997-07-31 02:06,1.123
1997-07-31 02:12,1.127
1997-07-31 02:18,1.132
1997-07-31 02:24,1.137
1997-07-31 02:30,1.142
1997-07-31 02:36,1.147
1997-07-31 02:42,1.153
1997-07-31 02:48,1.159
1997-07-31 02:54,1.165
1997-07-31 03:00,1.171
1997-07-31 03:06,1.177
1997-07-31 03:12,1.184
1997-07-31 03:18,1.191
1997-07-31 03:24,1.198
1997-07-31 03:30,1.205
1997-07-31 03:36,1.213
1997-07-31 03:42,1.220
1997-07-31 03:48,1.228
1997-07-31 03:54,1.236
1997-07-31 04:00,1.244
1997-07-31 04:06,1.252
1997-07-31 04:12,1.261
1997-07-31 04:18,1.269
1997-07-31 04:24,1.277
1997-07-31 04:30,1.286
1997-07-31 04:36,1.294
1997-07-31 04:42,1.303
1997-07-31 04:48,1.312
1997-07-31 04:54,1.320
1997-07-31 05:00,1.329
1997-07-31 05:06,1.337
1997-07-31 05:12,1.346
1997-07-31 05:18,1.354
1997-07-31 05:24,1.362
1997-07-31 05:30,1.371
1997-07-31 05:36,1.379
1997-07-31 05:42,1.387
1997-07-31 05:48,1.395
1997-07-31 05:54,1.403
1997-07-31 06:00,1.411
1997-07-31 06:06,1.418
1997-07-31 06:12,1.426
1997-07-31 06:18,1.433
1997-07-31 06:24,1.440
1997-07-31 06:30,1.447
1997-07-31 06:36,1.454
1997-07-31 06:42,1.461
1997-07-31 06:48,1.467
1997-07-31 06:54,1.473
1997-07-31 07:00,1.480
1997-07-31 07:06,1.486
1997-07-31 07:12,1.491
1997-07-31 07:18,1.497
1997-07-31 07:24,1.503
1997-07-31 07:30,1.508
1997-07-31 07:36,1.513
1997-07-31 07:42,1.518
1997-07-31 07:48,1.523
1997-07-31 07:54,1.528
1997-07-31 08:00,1.532
1997-07-31 08:06,1.536
1997-07-31 08:12,1.541
1997-07-31 08:18,1.545
1997-07-31 08:24,1.548
1997-07-31 08:30,1.552
1997-07-31 08:36,1.556
1997-07-31 08:42,1.559
1997-07-31 08:48,1.562
1997-07-31 08:54,1.565
1997-07-31 09:00,1.568
1997-07-31 09:06,1.571
1997-07-31 09:12,1.573
1997-07-31 09:18,1.575
1997-07-31 09:24,1.577
1997-07-31 09:30,1.579
1997-07-31 09:36,1.581
1997-07-31 09:42,1.583
1997-07-31 09:48,1.584
1997-07-31 09:54,1.585
1997-07-31 10:00,1.586
1997-07-31 10:06,1.587
1997-07-31 10:12,1.588
1997-07-31 10:18,1.589
1997-07-31 10:24,1.589
1997-07-31 10:30,1.589
1997-07-31 10:36,1.589
1997-07-31 10:42,1.589
1997-07-31 10:48,1.589
1997-07-31 10:54,1.589
1997-07-31 11:00,1.588
1997-07-31 11:06,1.587
1997-07-31 11:12,1.587
1997-07-31 11:18,1.586
1997-07-31 11:24,1.585
1997-07-31 11:30,1.584
1997-07-31 11:36,1.583
1997-07-31 11:42,1.581
1997-07-31 11:48,1.580
1997-07-31 11:54,1.578
1997-07-31 12:00,1.577
1997-07-31 12:06,1.575
1997-07-31 12:12,1.573
1997-07-31 12:18,1.572
1997-07-31 12:24,1.570
1997-07-31 12:30,1.568
1997-07-31 12:36,1.566
1997-07-31 12:42,1.564
1997-07-31 12:48,1.562
1997-07-31 12:54,1.560
1997-07-31 13:00,1.558
1997-07-31 13:06,1.556
1997-07-31 13:12,1.554
1997-07-31 13:18,1.552
1997-07-31 13:24,1.550
1997-07-31 13:30,1.548
1997-07-31 13:36,1.547
1997-07-31 13:42,1.545
1997-07-31 13:48,1.543
1997-07-31 13:54,1.541
1997-07-31 14:00,1.539
1997-07-31 14:06,1.537
1997-07-31 14:12,1.535
1997-07-31 14:18,1.534
1997-07-31 14:24,1.532
1997-07-31 14:30,1.530
1997-07-31 14:36,1.529
1997-07-31 14:42,1.527
1997-07-31 14:48,1.526
1997-07-31 14:54,1.524
1997-07-31 15:00,1.523
1997-07-31 15:06,1.522
1997-07-31 15:12,1.520
1997-07-31 15:18,1.519
1997-07-31 15:24,1.518
1997-07-31 15:30,1.517
1997-07-31 15:36,1.516
1997-07-31 15:42,1.515
1997-07-31 15:48,1.514
1997-07-31 15:54,1.513
1997-07-31 16:00,1.512
1997-07-31 16:06,1.511
1997-07-31 16:12,1.510
1997-07-31 16:18,1.509
1997-07-31 16:24,1.509
1997-07-31 16:30,1.508
1997-07-31 16:36,1.507
1997-07-31 16:42,1.506
1997-07-31 16:48,1.505
1997-07-31 16:54,1.503
1997-07-31 17:00,1.502
1997-07-31 17:06,1.501
1997-07-31 17:12,1.500
1997-07-31 17:18,1.498
1997-07-31 17:24,1.497
1997-07-31 17:30,1.495
1997-07-31 17:36,1.493
1997-07-31 17:42,1.491
1997-07-31 17:48,1.489
1997-07-31 17:54,1.487
1997-07-31 18:00,1.485
1997-07-31 18:06,1.482
1997-07-31 18:12,1.479
1997-07-31 18:18,1.476
1997-07-31 18:24,1.473
1997-07-31 18:30,1.470
1997-07-31 18:36,1.467
1997-07-31 18:42,1.463
1997-07-31 18:48,1.459
1997-07-31 18:54,1.455
1997-07-31 19:00,1.451
1997-07-31 19:06,1.446
1997-07-31 19:12,1.442
1997-07-31 19:18,1.437
1997-07-31 19:24,1.432
1997-07-31 19:30,1.426
1997-07-31 19:36,1.421
1997-07-31 19:42,1.415
1997-07-31 19:48,1.410
1997-07-31 19:54,1.404
1997-07-31 20:00,1.397
1997-07-31 20:06,1.391
1997-07-31 20:12,1.385
1997-07-31 20:18,1.378
1997-07-31 20:24,1.371
1997-07-31 20:30,1.364
1997-07-31 20:36,1.357
1997-07-31 20:42,1.350
1997-07-31 20:48,1.343
1997-07-31 20:54,1.336
1997-07-31 21:00,1.328
1997-07-31 21:06,1.321
1997-07-31 21:12,1.313
1997-07-31 21:18,1.306
1997-07-31 21:24,1.298
1997-07-31 21:30,1.291
1997-07-31 21:36,1.283
1997-07-31 21:42,1.276
1997-07-31 21:48,1.268
1997-07-31 21:54,1.260
1997-07-31 22:00,1.253
1997-07-31 22:06,1.245
1997-07-31 22:12,1.238
1997-07-31 22:18,1.231
1997-07-31 22:24,1.224
1997-07-31 22:30,1.217
1997-07-31 22:36,1.210
1997-07-31 22:42,1.203
1997-07-31 22:48,1.196
1997-07-31 22:54,1.190
1997-07-31 23:00,1.183
1997-07-31 23:06,1.177
1997-07-31 23:12,1.171
1997-07-31 23:18,1.165
1997-07-31 23:24,1.159
1997-07-31 23:30,1.154
1997-07-31 23:36,1.149
1997-07-31 23:42,1.144
1997-07-31 23:48,1.139
1997-07-31 23:54,1.134
1997-08-01 00:00,1.130
1997-08-01 00:06,1.126
1997-08-01 00:12,1.122
1997-08-01 00:18,1.118
1997-08-01 00:24,1.115
1997-08-01 00:30,1.112
1997-08-01 00:36,1.109
1997-08-01 00:42,1.107
1997-08-01 00:48,1.105
1997-08-01 00:54,1.103
1997-08-01 01:00,1.101
1997-08-01 01:06,1.100
1997-08-01 01:12,1.099
1997-08-01 01:18,1.098
1997-08-01 01:24,1.098
1997-08-01 01:30,1.098
1997-08-01 01:36,1.098
1997-08-01 01:42,1.099
1997-08-01 01:48,1.100
1997-08-01 01:54,1.101
1997-08-01 02:00,1.103
1997-08-01 02:06,1.105
1997-08-01 02:12,1.107
1997-08-01 02:18,1.109
1997-08-01 02:24,1.112
1997-08-01 02:30,1.115
1997-08-01 02:36,1.119
1997-08-01 02:42,1.122
1997-08-01 02:48,1.127
1997-08-01 02:54,1.131
1997-08-01 03:00,1.135
1997-08-01 03:06,1.140
1997-08-01 03:12,1.146
1997-08-01 03:18,1.151
1997-08-01 03:24,1.157
1997-08-01 03:30,1.162
1997-08-01 03:36,1.169
1997-08-01 03:42,1.175
1997-08-01 03:48,1.181
1997-08-01 03:54,1.188
1997-08-01 04:00,1.195
1997-08-01 04:06,1.202
1997-08-01 04:12,1.209
1997-08-01 04:18,1.217
1997-08-01 04:24,1.224
1997-08-01 04:30,1.232
1997-08-01 04:36,1.239
1997-08-01 04:42,1.247
1997-08-01 04:48,1.255
1997-08-01 04:54,1.263
1997-08-01 05:00,1.271
1997-08-01 05:06,1.279
1997-08-01 05:12,1.288
1997-08-01 05:18,1.296
1997-08-01 05:24,1.304
1997-08-01 05:30,1.312
1997-08-01 05:36,1.321
1997-08-01 05:42,1.329
1997-08-01 05:48,1.337
1997-08-01 05:54,1.345
1997-08-01 06:00,1.354
1997-08-01 06:06,1.362
1997-08-01 06:12,1.370
1997-08-01 06:18,1.378
1997-08-01 06:24,1.386
1997-08-01 06:30,1.394
1997-08-01 06:36,1.402
1997-08-01 06:42,1.409
1997-08-01 06:48,1.417
1997-08-01 06:54,1.424
1997-08-01 07:00,1.432
1997-08-01 07:06,1.439
1997-08-01 07:12,1.446
1997-08-01 07:18,1.453
1997-08-01 07:24,1.460
1997-08-01 07:30,1.467
1997-08-01 07:36,1.473
1997-08-01 07:42,1.479
1997-08-01 07:48,1.486
1997-08-01 07:54,1.491
1997-08-01 08:00,1.497
1997-08-01 08:06,1.503
1997-08-01 08:12,1.508
1997-08-01 08:18,1.513
1997-08-01 08:24,1.518
1997-08-01 08:30,1.523
1997-08-01 08:36,1.527
1997-08-01 08:42,1.532
1997-08-01 08:48,1.536
1997-08-01 08:54,1.540
1997-08-01 09:00,1.543
1997-08-01 09:06,1.547
1997-08-01 09:12,1.550
1997-08-01 09:18,1.553
1997-08-01 09:24,1.556
1997-08-01 09:30,1.559
1997-08-01 09:36,1.562
1997-08-01 09:42,1.564
1997-08-01 09:48,1.566
1997-08-01 09:54,1.568
1997-08-01 10:00,1.570
1997-08-01 10:06,1.572
1997-08-01 10:12,1.574
1997-08-01 10:18,1.575
1997-08-01 10:24,1.577
1997-08-01 10:30,1.578
1997-08-01 10:36,1.579
1997-08-01 10:42,1.580
1997-08-01 10:48,1.580
1997-08-01 10:54,1.581
1997-08-01 11:00,1.582
1997-08-01 11:06,1.582
1997-08-01 11:12,1.582
1997-08-01 11:18,1.582
1997-08-01 11:24,1.582
1997-08-01 11:30,1.582
1997-08-01 11:36,1.582
1997-08-01 11:42,1.581
1997-08-01 11:48,1.581
1997-08-01 11:54,1.580
1997-08-01 12:00,1.579
1997-08-01 12:06,1.578
1997-08-01 12:12,1.577
1997-08-01 12:18,1.576
1997-08-01 12:24,1.575
1997-08-01 12:30,1.574
1997-08-01 12:36,1.572
1997-08-01 12:42,1.571
1997-08-01 12:48,1.569
1997-08-01 12:54,1.567
1997-08-01 13:00,1.565
1997-08-01 13:06,1.564
1997-08-01 13:12,1.562
1997-08-01 13:18,1.560
1997-08-01 13:24,1.558
1997-08-01 13:30,1.556
1997-08-01 13:36,1.554
1997-08-01 13:42,1.552
1997-08-01 13:48,1.550
1997-08-01 13:54,1.548
1997-08-01 14:00,1.545
1997-08-01 14:06,1.544
1997-08-01 14:12,1.542
1997-08-01 14:18,1.540
1997-08-01 14:24,1.538
1997-08-01 14:30,1.536
1997-08-01 14:36,1.534
1997-08-01 14:42,1.533
1997-08-01 14:48,1.531
1997-08-01 14:54,1.529
1997-08-01 15:00,1.528
1997-08-01 15:06,1.526
1997-08-01 15:12,1.525
1997-08-01 15:18,1.524
1997-08-01 15:24,1.523
1997-08-01 15:30,1.521
1997-08-01 15:36,1.520
1997-08-01 15:42,1.519
1997-08-01 15:48,1.518
1997-08-01 15:54,1.517
1997-08-01 16:00,1.516
1997-08-01 16:06,1.515
1997-08-01 16:12,1.514
1997-08-01 16:18,1.513
1997-08-01 16:24,1.513
1997-08-01 16:30,1.512
1997-08-01 16:36,1.511
1997-08-01 16:42,1.510
1997-08-01 16:48,1.509
1997-08-01 16:54,1.508
1997-08-01 17:00,1.507
1997-08-01 17:06,1.506
1997-08-01 17:12,1.505
1997-08-01 17:18,1.504
1997-08-01 17:24,1.503
1997-08-01 17:30,1.502
1997-08-01 17:36,1.501
1997-08-01 17:42,1.500
1997-08-01 17:48,1.499
1997-08-01 17:54,1.497
1997-08-01 18:00,1.496
1997-08-01 18:06,1.494
1997-08-01 18:12,1.493
1997-08-01 18:18,1.491
1997-08-01 18:24,1.490
1997-08-01 18:30,1.488
1997-08-01 18:36,1.486
1997-08-01 18:42,1.484
1997-08-01 18:48,1.482
1997-08-01 18:54,1.479
1997-08-01 19:00,1.477
1997-08-01 19:06,1.474
1997-08-01 19:12,1.472
1997-08-01 19:18,1.469
1997-08-01 19:24,1.466
1997-08-01 19:30,1.462
1997-08-01 19:36,1.459
1997-08-01 19:42,1.455
1997-08-01 19:48,1.451
1997-08-01 19:54,1.447
1997-08-01 20:00,1.443
1997-08-01 20:06,1.438
1997-08-01 20:12,1.434
1997-08-01 20:18,1.429
1997-08-01 20:24,1.424
1997-08-01 20:30,1.418
1997-08-01 20:36,1.412
1997-08-01 20:42,1.407
1997-08-01 20:48,1.401
1997-08-01 20:54,1.394
1997-08-01 21:00,1.388
1997-08-01 21:06,1.381
1997-08-01 21:12,1.375
1997-08-01 21:18,1.368
1997-08-01 21:24,1.361
1997-08-01 21:30,1.353
1997-08-01 21:36,1.346
1997-08-01 21:42,1.339
1997-08-01 21:48,1.331
1997-08-01 21:54,1.324
1997-08-01 22:00,1.316
1997-08-01 22:06,1.309
1997-08-01 22:12,1.301
1997-08-01 22:18,1.294
1997-08-01 22:24,1.286
1997-08-01 22:30,1.279
1997-08-01 22:36,1.271
1997-08-01 22:42,1.264
1997-08-01 22:48,1.257
1997-08-01 22:54,1.249
1997-08-01 23:00,1.242
1997-08-01 23:06,1.235
1997-08-01 23:12,1.229
1997-08-01 23:18,1.222
1997-08-01 23:24,1.215
1997-08-01 23:30,1.209
1997-08-01 23:36,1.202
1997-08-01 23:42,1.196
1997-08-01 23:48,1.190
1997-08-01 23:54,1.185
1997-08-02 00:00,1.179
1997-08-02 00:06,1.173
1997-08-02 00:12,1.168
1997-08-02 00:18,1.163
1997-08-02 00:24,1.158
1997-08-02 00:30,1.154
1997-08-02 00:36,1.149
1997-08-02 00:42,1.145
1997-08-02 00:48,1.141
1997-08-02 00:54,1.137
1997-08-02 01:00,1.133
1997-08-02 01:06,1.130
1997-08-02 01:12,1.127
1997-08-02 01:18,1.124
1997-08-02 01:24,1.122
1997-08-02 01:30,1.119
1997-08-02 01:36,1.118
1997-08-02 01:42,1.116
1997-08-02 01:48,1.115
1997-08-02 01:54,1.114
1997-08-02 02:00,1.113
1997-08-02 02:06,1.112
1997-08-02 02:12,1.112
1997-08-02 02:18,1.113
1997-08-02 02:24,1.113
1997-08-02 02:30,1.114
1997-08-02 02:36,1.116
1997-08-02 02:42,1.117
1997-08-02 02:48,1.119
1997-08-02 02:54,1.121
1997-08-02 03:00,1.124
1997-08-02 03:06,1.127
1997-08-02 03:12,1.130
1997-08-02 03:18,1.134
1997-08-02 03:24,1.138
1997-08-02 03:30,1.142
1997-08-02 03:36,1.146
1997-08-02 03:42,1.151
1997-08-02 03:48,1.156
1997-08-02 03:54,1.161
1997-08-02 04:00,1.167
1997-08-02 04:06,1.172
1997-08-02 04:12,1.178
1997-08-02 04:18,1.184
1997-08-02 04:24,1.190
1997-08-02 04:30,1.197
1997-08-02 04:36,1.203
1997-08-02 04:42,1.210
1997-08-02 04:48,1.217
1997-08-02 04:54,1.223
1997-08-02 05:00,1.230
1997-08-02 05:06,1.238
1997-08-02 05:12,1.245
1997-08-02 05:18,1.252
1997-08-02 05:24,1.260
1997-08-02 05:30,1.267
1997-08-02 05:36,1.274
1997-08-02 05:42,1.282
1997-08-02 05:48,1.290
1997-08-02 05:54,1.297
1997-08-02 06:00,1.305
1997-08-02 06:06,1.313
1997-08-02 06:12,1.321
1997-08-02 06:18,1.329
1997-08-02 06:24,1.337
1997-08-02 06:30,1.344
1997-08-02 06:36,1.352
1997-08-02 06:42,1.360
1997-08-02 06:48,1.368
1997-08-02 06:54,1.376
1997-08-02 07:00,1.384
1997-08-02 07:06,1.392
1997-08-02 07:12,1.399
1997-08-02 07:18,1.407
1997-08-02 07:24,1.415
1997-08-02 07:30,1.422
1997-08-02 07:36,1.429
1997-08-02 07:42,1.436
1997-08-02 07:48,1.444
1997-08-02 07:54,1.450
1997-08-02 08:00,1.457
1997-08-02 08:06,1.464
1997-08-02 08:12,1.470
1997-08-02 08:18,1.476
1997-08-02 08:24,1.482
1997-08-02 08:30,1.488
1997-08-02 08:36,1.493
1997-08-02 08:42,1.499
1997-08-02 08:48,1.504
1997-08-02 08:54,1.508
1997-08-02 09:00,1.513
1997-08-02 09:06,1.517
1997-08-02 09:12,1.521
1997-08-02 09:18,1.525
1997-08-02 09:24,1.529
1997-08-02 09:30,1.532
1997-08-02 09:36,1.536
1997-08-02 09:42,1.539
1997-08-02 09:48,1.541
1997-08-02 09:54,1.544
1997-08-02 10:00,1.547
1997-08-02 10:06,1.549
1997-08-02 10:12,1.551
1997-08-02 10:18,1.553
1997-08-02 10:24,1.555
1997-08-02 10:30,1.556
1997-08-02 10:36,1.558
1997-08-02 10:42,1.559
1997-08-02 10:48,1.561
1997-08-02 10:54,1.562
1997-08-02 11:00,1.563
1997-08-02 11:06,1.564
1997-08-02 11:12,1.565
1997-08-02 11:18,1.566
1997-08-02 11:24,1.566
1997-08-02 11:30,1.567
1997-08-02 11:36,1.567
1997-08-02 11:42,1.568
1997-08-02 11:48,1.568
1997-08-02 11:54,1.568
1997-08-02 12:00,1.568
1997-08-02 12:06,1.568
1997-08-02 12:12,1.568
1997-08-02 12:18,1.567
1997-08-02 12:24,1.567
1997-08-02 12:30,1.566
1997-08-02 12:36,1.565
1997-08-02 12:42,1.565
1997-08-02 12:48,1.563
1997-08-02 12:54,1.562
1997-08-02 13:00,1.561
1997-08-02 13:06,1.560
1997-08-02 13:12,1.558
1997-08-02 13:18,1.557
1997-08-02 13:24,1.555
1997-08-02 13:30,1.553
1997-08-02 13:36,1.552
1997-08-02 13:42,1.550
1997-08-02 13:48,1.548
1997-08-02 13:54,1.546
1997-08-02 14:00,1.544
1997-08-02 14:06,1.542
1997-08-02 14:12,1.540
1997-08-02 14:18,1.538
1997-08-02 14:24,1.536
1997-08-02 14:30,1.534
1997-08-02 14:36,1.533
1997-08-02 14:42,1.531
1997-08-02 14:48,1.529
1997-08-02 14:54,1.527
1997-08-02 15:00,1.526
1997-08-02 15:06,1.524
1997-08-02 15:12,1.523
1997-08-02 15:18,1.521
1997-08-02 15:24,1.520
1997-08-02 15:30,1.519
1997-08-02 15:36,1.518
1997-08-02 15:42,1.517
1997-08-02 15:48,1.516
1997-08-02 15:54,1.515
1997-08-02 16:00,1.514
1997-08-02 16:06,1.513
1997-08-02 16:12,1.512
1997-08-02 16:18,1.511
1997-08-02 16:24,1.510
1997-08-02 16:30,1.509
1997-08-02 16:36,1.509
1997-08-02 16:42,1.508
1997-08-02 16:48,1.507
1997-08-02 16:54,1.506
1997-08-02 17:00,1.506
1997-08-02 17:06,1.505
1997-08-02 17:12,1.504
1997-08-02 17:18,1.503
1997-08-02 17:24,1.502
1997-08-02 17:30,1.502
1997-08-02 17:36,1.501
1997-08-02 17:42,1.500
1997-08-02 17:48,1.499
1997-08-02 17:54,1.498
1997-08-02 18:00,1.497
1997-08-02 18:06,1.496
1997-08-02 18:12,1.495
1997-08-02 18:18,1.494
1997-08-02 18:24,1.493
1997-08-02 18:30,1.492
1997-08-02 18:36,1.491
1997-08-02 18:42,1.490
1997-08-02 18:48,1.489
1997-08-02 18:54,1.488
1997-08-02 19:00,1.487
1997-08-02 19:06,1.486
1997-08-02 19:12,1.484
1997-08-02 19:18,1.483
1997-08-02 19:24,1.481
1997-08-02 19:30,1.480
1997-08-02 19:36,1.478
1997-08-02 19:42,1.476
1997-08-02 19:48,1.474
1997-08-02 19:54,1.472
1997-08-02 20:00,1.470
1997-08-02 20:06,1.467
1997-08-02 20:12,1.464
1997-08-02 20:18,1.461
1997-08-02 20:24,1.458
1997-08-02 20:30,1.455
1997-08-02 20:36,1.451
1997-08-02 20:42,1.447
1997-08-02 20:48,1.443
1997-08-02 20:54,1.439
1997-08-02 21:00,1.434
1997-08-02 21:06,1.429
1997-08-02 21:12,1.424
1997-08-02 21:18,1.419
1997-08-02 21:24,1.413
1997-08-02 21:30,1.407
1997-08-02 21:36,1.401
1997-08-02 21:42,1.395
1997-08-02 21:48,1.388
1997-08-02 21:54,1.382
1997-08-02 22:00,1.375
1997-08-02 22:06,1.368
1997-08-02 22:12,1.361
1997-08-02 22:18,1.354
1997-08-02 22:24,1.347
1997-08-02 22:30,1.340
1997-08-02 22:36,1.333
1997-08-02 22:42,1.326
1997-08-02 22:48,1.319
1997-08-02 22:54,1.311
1997-08-02 23:00,1.304
1997-08-02 23:06,1.297
1997-08-02 23:12,1.290
1997-08-02 23:18,1.283
1997-08-02 23:24,1.276
1997-08-02 23:30,1.269
1997-08-02 23:36,1.262
1997-08-02 23:42,1.256
1997-08-02 23:48,1.249
1997-08-02 23:54,1.243
1997-08-03 00:00,1.236
1997-08-03 00:06,1.230
1997-08-03 00:12,1.224
1997-08-03 00:18,1.218
1997-08-03 00:24,1.213
1997-08-03 00:30,1.207
1997-08-03 00:36,1.201
1997-08-03 00:42,1.196
1997-08-03 00:48,1.191
1997-08-03 00:54,1.186
1997-08-03 01:00,1.181
1997-08-03 01:06,1.176
1997-08-03 01:12,1.172
1997-08-03 01:18,1.168
1997-08-03 01:24,1.164
1997-08-03 01:30,1.160
1997-08-03 01:36,1.156
1997-08-03 01:42,1.153
1997-08-03 01:48,1.150
1997-08-03 01:54,1.147
1997-08-03 02:00,1.144
1997-08-03 02:06,1.142
1997-08-03 02:12,1.140
1997-08-03 02:18,1.138
1997-08-03 02:24,1.137
1997-08-03 02:30,1.136
1997-08-03 02:36,1.135
1997-08-03 02:42,1.134
1997-08-03 02:48,1.134
1997-08-03 02:54,1.134
1997-08-03 03:00,1.135
1997-08-03 03:06,1.136
1997-08-03 03:12,1.137
1997-08-03 03:18,1.139
1997-08-03 03:24,1.140
1997-08-03 03:30,1.143
1997-08-03 03:36,1.145
1997-08-03 03:42,1.148
1997-08-03 03:48,1.151
1997-08-03 03:54,1.155
1997-08-03 04:00,1.158
1997-08-03 04:06,1.162
1997-08-03 04:12,1.167
1997-08-03 04:18,1.171
1997-08-03 04:24,1.176
1997-08-03 04:30,1.181
1997-08-03 04:36,1.186
1997-08-03 04:42,1.191
1997-08-03 04:48,1.196
1997-08-03 04:54,1.202
1997-08-03 05:00,1.208
1997-08-03 05:06,1.214
1997-08-03 05:12,1.220
1997-08-03 05:18,1.226
1997-08-03 05:24,1.232
1997-08-03 05:30,1.238
1997-08-03 05:36,1.245
1997-08-03 05:42,1.252
1997-08-03 05:48,1.258
1997-08-03 05:54,1.265
1997-08-03 06:00,1.272
1997-08-03 06:06,1.279
1997-08-03 06:12,1.286
1997-08-03 06:18,1.293
1997-08-03 06:24,1.300
1997-08-03 06:30,1.307
1997-08-03 06:36,1.315
1997-08-03 06:42,1.322
1997-08-03 06:48,1.329
1997-08-03 06:54,1.337
1997-08-03 07:00,1.344
1997-08-03 07:06,1.352
1997-08-03 07:12,1.359
1997-08-03 07:18,1.367
1997-08-03 07:24,1.374
1997-08-03 07:30,1.382
1997-08-03 07:36,1.389
1997-08-03 07:42,1.397
1997-08-03 07:48,1.404
1997-08-03 07:54,1.411
1997-08-03 08:00,1.419
1997-08-03 08:06,1.426
1997-08-03 08:12,1.432
1997-08-03 08:18,1.439
1997-08-03 08:24,1.446
1997-08-03 08:30,1.452
1997-08-03 08:36,1.459
1997-08-03 08:42,1.465
1997-08-03 08:48,1.470
1997-08-03 08:54,1.476
1997-08-03 09:00,1.481
1997-08-03 09:06,1.486
1997-08-03 09:12,1.491
1997-08-03 09:18,1.496
1997-08-03 09:24,1.500
1997-08-03 09:30,1.504
1997-08-03 09:36,1.508
1997-08-03 09:42,1.512
1997-08-03 09:48,1.515
1997-08-03 09:54,1.519
1997-08-03 10:00,1.522
1997-08-03 10:06,1.524
1997-08-03 10:12,1.527
1997-08-03 10:18,1.529
1997-08-03 10:24,1.532
1997-08-03 10:30,1.534
1997-08-03 10:36,1.535
1997-08-03 10:42,1.537
1997-08-03 10:48,1.539
1997-08-03 10:54,1.540
1997-08-03 11:00,1.542
1997-08-03 11:06,1.543
1997-08-03 11:12,1.544
1997-08-03 11:18,1.545
1997-08-03 11:24,1.546
1997-08-03 11:30,1.547
1997-08-03 11:36,1.547
1997-08-03 11:42,1.548
1997-08-03 11:48,1.548
1997-08-03 11:54,1.549
1997-08-03 12:00,1.549
1997-08-03 12:06,1.550
1997-08-03 12:12,1.550
1997-08-03 12:18,1.550
1997-08-03 12:24,1.550
1997-08-03 12:30,1.550
1997-08-03 12:36,1.549
1997-08-03 12:42,1.549
1997-08-03 12:48,1.548
1997-08-03 12:54,1.548
1997-08-03 13:00,1.547
1997-08-03 13:06,1.546
1997-08-03 13:12,1.545
1997-08-03 13:18,1.544
1997-08-03 13:24,1.543
1997-08-03 13:30,1.542
1997-08-03 13:36,1.541
1997-08-03 13:42,1.539
1997-08-03 13:48,1.538
1997-08-03 13:54,1.536
1997-08-03 14:00,1.534
1997-08-03 14:06,1.533
1997-08-03 14:12,1.531
1997-08-03 14:18,1.529
1997-08-03 14:24,1.528
1997-08-03 14:30,1.526
1997-08-03 14:36,1.524
1997-08-03 14:42,1.522
1997-08-03 14:48,1.521
1997-08-03 14:54,1.519
1997-08-03 15:00,1.517
1997-08-03 15:06,1.516
1997-08-03 15:12,1.514
1997-08-03 15:18,1.513
1997-08-03 15:24,1.511
1997-08-03 15:30,1.510
1997-08-03 15:36,1.509
1997-08-03 15:42,1.507
1997-08-03 15:48,1.506
1997-08-03 15:54,1.505
1997-08-03 16:00,1.504
1997-08-03 16:06,1.503
1997-08-03 16:12,1.502
1997-08-03 16:18,1.501
1997-08-03 16:24,1.501
1997-08-03 16:30,1.500
1997-08-03 16:36,1.499
1997-08-03 16:42,1.498
1997-08-03 16:48,1.498
1997-08-03 16:54,1.497
1997-08-03 17:00,1.496
1997-08-03 17:06,1.496
1997-08-03 17:12,1.495
1997-08-03 17:18,1.495
1997-08-03 17:24,1.494
1997-08-03 17:30,1.493
1997-08-03 17:36,1.493
1997-08-03 17:42,1.492
1997-08-03 17:48,1.492
1997-08-03 17:54,1.491
1997-08-03 18:00,1.491
1997-08-03 18:06,1.490
1997-08-03 18:12,1.489
1997-08-03 18:18,1.489
1997-08-03 18:24,1.488
1997-08-03 18:30,1.488
1997-08-03 18:36,1.487
1997-08-03 18:42,1.487
1997-08-03 18:48,1.486
1997-08-03 18:54,1.486
1997-08-03 19:00,1.485
1997-08-03 19:06,1.485
1997-08-03 19:12,1.484
1997-08-03 19:18,1.484
1997-08-03 19:24,1.483
1997-08-03 19:30,1.483
1997-08-03 19:36,1.482
1997-08-03 19:42,1.481
1997-08-03 19:48,1.480
1997-08-03 19:54,1.480
1997-08-03 20:00,1.479
1997-08-03 20:06,1.478
1997-08-03 20:12,1.476
1997-08-03 20:18,1.475
1997-08-03 20:24,1.474
1997-08-03 20:30,1.472
1997-08-03 20:36,1.470
1997-08-03 20:42,1.468
1997-08-03 20:48,1.466
1997-08-03 20:54,1.464
1997-08-03 21:00,1.461
1997-08-03 21:06,1.458
1997-08-03 21:12,1.455
1997-08-03 21:18,1.452
1997-08-03 21:24,1.448
1997-08-03 21:30,1.444
1997-08-03 21:36,1.440
1997-08-03 21:42,1.436
1997-08-03 21:48,1.431
1997-08-03 21:54,1.426
1997-08-03 22:00,1.421
1997-08-03 22:06,1.416
1997-08-03 22:12,1.410
1997-08-03 22:18,1.405
1997-08-03 22:24,1.399
1997-08-03 22:30,1.393
1997-08-03 22:36,1.387
1997-08-03 22:42,1.381
1997-08-03 22:48,1.374
1997-08-03 22:54,1.368
1997-08-03 23:00,1.362
1997-08-03 23:06,1.355
1997-08-03 23:12,1.349
1997-08-03 23:18,1.342
1997-08-03 23:24,1.335
1997-08-03 23:30,1.329
1997-08-03 23:36,1.322
1997-08-03 23:42,1.316
1997-08-03 23:48,1.309
1997-08-03 23:54,1.303
1997-08-04 00:00,1.296
1997-08-04 00:06,1.290
1997-08-04 00:12,1.284
1997-08-04 00:18,1.277
1997-08-04 00:24,1.271
1997-08-04 00:30,1.265
1997-08-04 00:36,1.259
1997-08-04 00:42,1.253
1997-08-04 00:48,1.248
1997-08-04 00:54,1.242
1997-08-04 01:00,1.237
1997-08-04 01:06,1.231
1997-08-04 01:12,1.226
1997-08-04 01:18,1.221
1997-08-04 01:24,1.216
1997-08-04 01:30,1.211
1997-08-04 01:36,1.207
1997-08-04 01:42,1.202
1997-08-04 01:48,1.198
1997-08-04 01:54,1.194
1997-08-04 02:00,1.190
1997-08-04 02:06,1.186
1997-08-04 02:12,1.183
1997-08-04 02:18,1.180
1997-08-04 02:24,1.177
1997-08-04 02:30,1.174
1997-08-04 02:36,1.172
1997-08-04 02:42,1.169
1997-08-04 02:48,1.168
1997-08-04 02:54,1.166
1997-08-04 03:00,1.165
1997-08-04 03:06,1.164
1997-08-04 03:12,1.163
1997-08-04 03:18,1.163
1997-08-04 03:24,1.163
1997-08-04 03:30,1.163
1997-08-04 03:36,1.164
1997-08-04 03:42,1.164
1997-08-04 03:48,1.166
1997-08-04 03:54,1.167
1997-08-04 04:00,1.169
1997-08-04 04:06,1.171
1997-08-04 04:12,1.173
1997-08-04 04:18,1.176
1997-08-04 04:24,1.179
1997-08-04 04:30,1.182
1997-08-04 04:36,1.186
1997-08-04 04:42,1.189
1997-08-04 04:48,1.193
1997-08-04 04:54,1.197
1997-08-04 05:00,1.202
1997-08-04 05:06,1.206
1997-08-04 05:12,1.211
1997-08-04 05:18,1.216
1997-08-04 05:24,1.221
1997-08-04 05:30,1.226
1997-08-04 05:36,1.231
1997-08-04 05:42,1.237
1997-08-04 05:48,1.242
1997-08-04 05:54,1.248
1997-08-04 06:00,1.254
1997-08-04 06:06,1.260
1997-08-04 06:12,1.266
1997-08-04 06:18,1.272
1997-08-04 06:24,1.278
1997-08-04 06:30,1.284
1997-08-04 06:36,1.291
1997-08-04 06:42,1.297
1997-08-04 06:48,1.304
1997-08-04 06:54,1.311
1997-08-04 07:00,1.317
1997-08-04 07:06,1.324
1997-08-04 07:12,1.331
1997-08-04 07:18,1.338
1997-08-04 07:24,1.345
1997-08-04 07:30,1.352
1997-08-04 07:36,1.359
1997-08-04 07:42,1.366
1997-08-04 07:48,1.373
1997-08-04 07:54,1.380
1997-08-04 08:00,1.387
1997-08-04 08:06,1.394
1997-08-04 08:12,1.401
1997-08-04 08:18,1.408
1997-08-04 08:24,1.414
1997-08-04 08:30,1.421
1997-08-04 08:36,1.427
1997-08-04 08:42,1.434
1997-08-04 08:48,1.440
1997-08-04 08:54,1.446
1997-08-04 09:00,1.451
1997-08-04 09:06,1.457
1997-08-04 09:12,1.463
1997-08-04 09:18,1.468
1997-08-04 09:24,1.473
1997-08-04 09:30,1.477
1997-08-04 09:36,1.482
1997-08-04 09:42,1.486
1997-08-04 09:48,1.490
1997-08-04 09:54,1.494
1997-08-04 10:00,1.498
1997-08-04 10:06,1.501
1997-08-04 10:12,1.504
1997-08-04 10:18,1.507
1997-08-04 10:24,1.510
1997-08-04 10:30,1.512
1997-08-04 10:36,1.515
1997-08-04 10:42,1.517
1997-08-04 10:48,1.519
1997-08-04 10:54,1.520
1997-08-04 11:00,1.522
1997-08-04 11:06,1.523
1997-08-04 11:12,1.525
1997-08-04 11:18,1.526
1997-08-04 11:24,1.527
1997-08-04 11:30,1.528
1997-08-04 11:36,1.528
1997-08-04 11:42,1.529
1997-08-04 11:48,1.530
1997-08-04 11:54,1.530
1997-08-04 12:00,1.530
1997-08-04 12:06,1.531
1997-08-04 12:12,1.531
1997-08-04 12:18,1.531
1997-08-04 12:24,1.531
1997-08-04 12:30,1.531
1997-08-04 12:36,1.530
1997-08-04 12:42,1.530
1997-08-04 12:48,1.530
1997-08-04 12:54,1.529
1997-08-04 13:00,1.529
1997-08-04 13:06,1.528
1997-08-04 13:12,1.527
1997-08-04 13:18,1.526
1997-08-04 13:24,1.526
1997-08-04 13:30,1.525
1997-08-04 13:36,1.523
1997-08-04 13:42,1.522
1997-08-04 13:48,1.521
1997-08-04 13:54,1.520
1997-08-04 14:00,1.518
1997-08-04 14:06,1.517
1997-08-04 14:12,1.516
1997-08-04 14:18,1.514
1997-08-04 14:24,1.512
1997-08-04 14:30,1.511
1997-08-04 14:36,1.509
1997-08-04 14:42,1.508
1997-08-04 14:48,1.506
1997-08-04 14:54,1.504
1997-08-04 15:00,1.503
1997-08-04 15:06,1.501
1997-08-04 15:12,1.500
1997-08-04 15:18,1.498
1997-08-04 15:24,1.497
1997-08-04 15:30,1.495
1997-08-04 15:36,1.494
1997-08-04 15:42,1.492
1997-08-04 15:48,1.491
1997-08-04 15:54,1.490
1997-08-04 16:00,1.489
1997-08-04 16:06,1.487
1997-08-04 16:12,1.486
1997-08-04 16:18,1.485
1997-08-04 16:24,1.484
1997-08-04 16:30,1.483
1997-08-04 16:36,1.483
1997-08-04 16:42,1.482
1997-08-04 16:48,1.481
1997-08-04 16:54,1.480
1997-08-04 17:00,1.480
1997-08-04 17:06,1.479
1997-08-04 17:12,1.478
1997-08-04 17:18,1.478
1997-08-04 17:24,1.477
1997-08-04 17:30,1.477
1997-08-04 17:36,1.477
1997-08-04 17:42,1.476
1997-08-04 17:48,1.476
1997-08-04 17:54,1.476
1997-08-04 18:00,1.475
1997-08-04 18:06,1.475
1997-08-04 18:12,1.475
1997-08-04 18:18,1.475
1997-08-04 18:24,1.474
1997-08-04 18:30,1.474
1997-08-04 18:36,1.474
1997-08-04 18:42,1.474
1997-08-04 18:48,1.474
1997-08-04 18:54,1.474
1997-08-04 19:00,1.474
1997-08-04 19:06,1.474
1997-08-04 19:12,1.474
1997-08-04 19:18,1.474
1997-08-04 19:24,1.474
1997-08-04 19:30,1.474
1997-08-04 19:36,1.474
1997-08-04 19:42,1.474
1997-08-04 19:48,1.474
1997-08-04 19:54,1.474
1997-08-04 20:00,1.474
1997-08-04 20:06,1.474
1997-08-04 20:12,1.474
1997-08-04 20:18,1.474
1997-08-04 20:24,1.474
1997-08-04 20:30,1.473
1997-08-04 20:36,1.473
1997-08-04 20:42,1.472
1997-08-04 20:48,1.471
1997-08-04 20:54,1.471
1997-08-04 21:00,1.470
1997-08-04 21:06,1.468
1997-08-04 21:12,1.467
1997-08-04 21:18,1.465
1997-08-04 21:24,1.464
1997-08-04 21:30,1.462
1997-08-04 21:36,1.460
1997-08-04 21:42,1.457
1997-08-04 21:48,1.455
1997-08-04 21:54,1.452
1997-08-04 22:00,1.449
1997-08-04 22:06,1.445
1997-08-04 22:12,1.442
1997-08-04 22:18,1.438
1997-08-04 22:24,1.435
1997-08-04 22:30,1.430
1997-08-04 22:36,1.426
1997-08-04 22:42,1.422
1997-08-04 22:48,1.417
1997-08-04 22:54,1.412
1997-08-04 23:00,1.407
1997-08-04 23:06,1.402
1997-08-04 23:12,1.397
1997-08-04 23:18,1.392
1997-08-04 23:24,1.386
1997-08-04 23:30,1.381
1997-08-04 23:36,1.375
1997-08-04 23:42,1.370
1997-08-04 23:48,1.364
1997-08-04 23:54,1.358
1997-08-05 00:00,1.352
1997-08-05 00:06,1.346
1997-08-05 00:12,1.341
1997-08-05 00:18,1.335
1997-08-05 00:24,1.329
1997-08-05 00:30,1.323
1997-08-05 00:36,1.317
1997-08-05 00:42,1.312
1997-08-05 00:48,1.306
1997-08-05 00:54,1.300
1997-08-05 01:00,1.295
1997-08-05 01:06,1.289
1997-08-05 01:12,1.284
1997-08-05 01:18,1.278
1997-08-05 01:24,1.273
1997-08-05 01:30,1.268
1997-08-05 01:36,1.263
1997-08-05 01:42,1.258
1997-08-05 01:48,1.253
1997-08-05 01:54,1.248
1997-08-05 02:00,1.244
1997-08-05 02:06,1.240
1997-08-05 02:12,1.235
1997-08-05 02:18,1.231
1997-08-05 02:24,1.228
1997-08-05 02:30,1.224
1997-08-05 02:36,1.221
1997-08-05 02:42,1.217
1997-08-05 02:48,1.214
1997-08-05 02:54,1.212
1997-08-05 03:00,1.209
1997-08-05 03:06,1.207
1997-08-05 03:12,1.205
1997-08-05 03:18,1.203
1997-08-05 03:24,1.201
1997-08-05 03:30,1.200
1997-08-05 03:36,1.199
1997-08-05 03:42,1.198
1997-08-05 03:48,1.198
1997-08-05 03:54,1.197
1997-08-05 04:00,1.197
1997-08-05 04:06,1.198
1997-08-05 04:12,1.198
1997-08-05 04:18,1.199
1997-08-05 04:24,1.200
1997-08-05 04:30,1.202
1997-08-05 04:36,1.203
1997-08-05 04:42,1.205
1997-08-05 04:48,1.207
1997-08-05 04:54,1.209
1997-08-05 05:00,1.212
1997-08-05 05:06,1.215
1997-08-05 05:12,1.218
1997-08-05 05:18,1.221
1997-08-05 05:24,1.225
1997-08-05 05:30,1.228
1997-08-05 05:36,1.232
1997-08-05 05:42,1.236
1997-08-05 05:48,1.241
1997-08-05 05:54,1.245
1997-08-05 06:00,1.250
1997-08-05 06:06,1.254
1997-08-05 06:12,1.259
1997-08-05 06:18,1.265
1997-08-05 06:24,1.270
1997-08-05 06:30,1.275
1997-08-05 06:36,1.281
1997-08-05 06:42,1.286
1997-08-05 06:48,1.292
1997-08-05 06:54,1.298
1997-08-05 07:00,1.304
1997-08-05 07:06,1.310
1997-08-05 07:12,1.316
1997-08-05 07:18,1.322
1997-08-05 07:24,1.328
1997-08-05 07:30,1.334
1997-08-05 07:36,1.341
1997-08-05 07:42,1.347
1997-08-05 07:48,1.354
1997-08-05 07:54,1.360
1997-08-05 08:00,1.366
1997-08-05 08:06,1.373
1997-08-05 08:12,1.379
1997-08-05 08:18,1.385
1997-08-05 08:24,1.392
1997-08-05 08:30,1.398
1997-08-05 08:36,1.404
1997-08-05 08:42,1.410
1997-08-05 08:48,1.416
1997-08-05 08:54,1.422
1997-08-05 09:00,1.427
1997-08-05 09:06,1.433
1997-08-05 09:12,1.438
1997-08-05 09:18,1.444
1997-08-05 09:24,1.449
1997-08-05 09:30,1.454
1997-08-05 09:36,1.459
1997-08-05 09:42,1.463
1997-08-05 09:48,1.468
1997-08-05 09:54,1.472
1997-08-05 10:00,1.476
1997-08-05 10:06,1.480
1997-08-05 10:12,1.483
1997-08-05 10:18,1.487
1997-08-05 10:24,1.490
1997-08-05 10:30,1.493
1997-08-05 10:36,1.496
1997-08-05 10:42,1.498
1997-08-05 10:48,1.501
1997-08-05 10:54,1.503
1997-08-05 11:00,1.505
1997-08-05 11:06,1.507
1997-08-05 11:12,1.508
1997-08-05 11:18,1.510
1997-08-05 11:24,1.511
1997-08-05 11:30,1.512
1997-08-05 11:36,1.513
1997-08-05 11:42,1.514
1997-08-05 11:48,1.515
1997-08-05 11:54,1.515
1997-08-05 12:00,1.515
1997-08-05 12:06,1.515
1997-08-05 12:12,1.516
1997-08-05 12:18,1.515
1997-08-05 12:24,1.515
1997-08-05 12:30,1.515
1997-08-05 12:36,1.515
1997-08-05 12:42,1.514
1997-08-05 12:48,1.513
1997-08-05 12:54,1.513
1997-08-05 13:00,1.512
1997-08-05 13:06,1.511
1997-08-05 13:12,1.510
1997-08-05 13:18,1.509
1997-08-05 13:24,1.508
1997-08-05 13:30,1.507
1997-08-05 13:36,1.506
1997-08-05 13:42,1.504
1997-08-05 13:48,1.503
1997-08-05 13:54,1.502
1997-08-05 14:00,1.500
1997-08-05 14:06,1.499
1997-08-05 14:12,1.497
1997-08-05 14:18,1.496
1997-08-05 14:24,1.494
1997-08-05 14:30,1.493
1997-08-05 14:36,1.491
1997-08-05 14:42,1.489
1997-08-05 14:48,1.488
1997-08-05 14:54,1.486
1997-08-05 15:00,1.485
1997-08-05 15:06,1.483
1997-08-05 15:12,1.481
1997-08-05 15:18,1.480
1997-08-05 15:24,1.478
1997-08-05 15:30,1.477
1997-08-05 15:36,1.475
1997-08-05 15:42,1.473
1997-08-05 15:48,1.472
1997-08-05 15:54,1.470
1997-08-05 16:00,1.469
1997-08-05 16:06,1.468
1997-08-05 16:12,1.466
1997-08-05 16:18,1.465
1997-08-05 16:24,1.464
1997-08-05 16:30,1.462
1997-08-05 16:36,1.461
1997-08-05 16:42,1.460
1997-08-05 16:48,1.459
1997-08-05 16:54,1.458
1997-08-05 17:00,1.457
1997-08-05 17:06,1.456
1997-08-05 17:12,1.455
1997-08-05 17:18,1.454
1997-08-05 17:24,1.454
1997-08-05 17:30,1.453
1997-08-05 17:36,1.453
1997-08-05 17:42,1.452
1997-08-05 17:48,1.452
1997-08-05 17:54,1.451
1997-08-05 18:00,1.451
1997-08-05 18:06,1.451
1997-08-05 18:12,1.451
1997-08-05 18:18,1.451
1997-08-05 18:24,1.451
1997-08-05 18:30,1.451
1997-08-05 18:36,1.451
1997-08-05 18:42,1.452
1997-08-05 18:48,1.452
1997-08-05 18:54,1.452
1997-08-05 19:00,1.453
1997-08-05 19:06,1.453
1997-08-05 19:12,1.454
1997-08-05 19:18,1.454
1997-08-05 19:24,1.455
1997-08-05 19:30,1.456
1997-08-05 19:36,1.456
1997-08-05 19:42,1.457
1997-08-05 19:48,1.458
1997-08-05 19:54,1.459
1997-08-05 20:00,1.459
1997-08-05 20:06,1.460
1997-08-05 20:12,1.460
1997-08-05 20:18,1.461
1997-08-05 20:24,1.462
1997-08-05 20:30,1.462
1997-08-05 20:36,1.462
1997-08-05 20:42,1.463
1997-08-05 20:48,1.463
1997-08-05 20:54,1.463
1997-08-05 21:00,1.463
1997-08-05 21:06,1.463
1997-08-05 21:12,1.463
1997-08-05 21:18,1.463
1997-08-05 21:24,1.463
1997-08-05 21:30,1.462
1997-08-05 21:36,1.461
1997-08-05 21:42,1.461
1997-08-05 21:48,1.460
1997-08-05 21:54,1.459
1997-08-05 22:00,1.457
1997-08-05 22:06,1.456
1997-08-05 22:12,1.454
1997-08-05 22:18,1.453
1997-08-05 22:24,1.451
1997-08-05 22:30,1.449
1997-08-05 22:36,1.447
1997-08-05 22:42,1.444
1997-08-05 22:48,1.442
1997-08-05 22:54,1.439
1997-08-05 23:00,1.436
1997-08-05 23:06,1.433
1997-08-05 23:12,1.430
1997-08-05 23:18,1.426
1997-08-05 23:24,1.423
1997-08-05 23:30,1.419
1997-08-05 23:36,1.415
1997-08-05 23:42,1.411
1997-08-05 23:48,1.407
1997-08-05 23:54,1.403
1997-08-06 00:00,1.398
1997-08-06 00:06,1.394
1997-08-06 00:12,1.389
1997-08-06 00:18,1.385
1997-08-06 00:24,1.380
1997-08-06 00:30,1.375
1997-08-06 00:36,1.370
1997-08-06 00:42,1.365
1997-08-06 00:48,1.360
1997-08-06 00:54,1.355
1997-08-06 01:00,1.350
1997-08-06 01:06,1.345
1997-08-06 01:12,1.340
1997-08-06 01:18,1.335
1997-08-06 01:24,1.330
1997-08-06 01:30,1.325
1997-08-06 01:36,1.320
1997-08-06 01:42,1.315
1997-08-06 01:48,1.310
1997-08-06 01:54,1.306
1997-08-06 02:00,1.301
1997-08-06 02:06,1.296
1997-08-06 02:12,1.292
1997-08-06 02:18,1.288
1997-08-06 02:24,1.284
1997-08-06 02:30,1.280
1997-08-06 02:36,1.276
1997-08-06 02:42,1.272
1997-08-06 02:48,1.269
1997-08-06 02:54,1.265
1997-08-06 03:00,1.262
1997-08-06 03:06,1.259
1997-08-06 03:12,1.256
1997-08-06 03:18,1.254
1997-08-06 03:24,1.251
1997-08-06 03:30,1.249
1997-08-06 03:36,1.247
1997-08-06 03:42,1.245
1997-08-06 03:48,1.243
1997-08-06 03:54,1.242
1997-08-06 04:00,1.241
1997-08-06 04:06,1.240
1997-08-06 04:12,1.239
1997-08-06 04:18,1.238
1997-08-06 04:24,1.238
1997-08-06 04:30,1.238
1997-08-06 04:36,1.238
1997-08-06 04:42,1.238
1997-08-06 04:48,1.238
1997-08-06 04:54,1.239
1997-08-06 05:00,1.240
1997-08-06 05:06,1.241
1997-08-06 05:12,1.242
1997-08-06 05:18,1.244
1997-08-06 05:24,1.245
1997-08-06 05:30,1.247
1997-08-06 05:36,1.250
1997-08-06 05:42,1.252
1997-08-06 05:48,1.255
1997-08-06 05:54,1.257
1997-08-06 06:00,1.261
1997-08-06 06:06,1.264
1997-08-06 06:12,1.267
1997-08-06 06:18,1.271
1997-08-06 06:24,1.275
1997-08-06 06:30,1.279
1997-08-06 06:36,1.283
1997-08-06 06:42,1.288
1997-08-06 06:48,1.292
1997-08-06 06:54,1.297
1997-08-06 07:00,1.302
1997-08-06 07:06,1.307
1997-08-06 07:12,1.312
1997-08-06 07:18,1.318
1997-08-06 07:24,1.323
1997-08-06 07:30,1.329
1997-08-06 07:36,1.334
1997-08-06 07:42,1.340
1997-08-06 07:48,1.345
1997-08-06 07:54,1.351
1997-08-06 08:00,1.357
1997-08-06 08:06,1.362
1997-08-06 08:12,1.368
1997-08-06 08:18,1.374
1997-08-06 08:24,1.380
1997-08-06 08:30,1.385
1997-08-06 08:36,1.391
1997-08-06 08:42,1.396
1997-08-06 08:48,1.402
1997-08-06 08:54,1.407
1997-08-06 09:00,1.412
1997-08-06 09:06,1.417
1997-08-06 09:12,1.422
1997-08-06 09:18,1.427
1997-08-06 09:24,1.432
1997-08-06 09:30,1.437
1997-08-06 09:36,1.441
1997-08-06 09:42,1.446
1997-08-06 09:48,1.450
1997-08-06 09:54,1.454
1997-08-06 10:00,1.458
1997-08-06 10:06,1.462
1997-08-06 10:12,1.466
1997-08-06 10:18,1.469
1997-08-06 10:24,1.473
1997-08-06 10:30,1.476
1997-08-06 10:36,1.479
1997-08-06 10:42,1.482
1997-08-06 10:48,1.485
1997-08-06 10:54,1.487
1997-08-06 11:00,1.490
1997-08-06 11:06,1.492
1997-08-06 11:12,1.494
1997-08-06 11:18,1.496
1997-08-06 11:24,1.498
1997-08-06 11:30,1.499
1997-08-06 11:36,1.500
1997-08-06 11:42,1.502
1997-08-06 11:48,1.502
1997-08-06 11:54,1.503
1997-08-06 12:00,1.504
1997-08-06 12:06,1.504
1997-08-06 12:12,1.504
1997-08-06 12:18,1.504
1997-08-06 12:24,1.504
1997-08-06 12:30,1.504
1997-08-06 12:36,1.504
1997-08-06 12:42,1.503
1997-08-06 12:48,1.502
1997-08-06 12:54,1.501
1997-08-06 13:00,1.500
1997-08-06 13:06,1.499
1997-08-06 13:12,1.498
1997-08-06 13:18,1.497
1997-08-06 13:24,1.495
1997-08-06 13:30,1.494
1997-08-06 13:36,1.492
1997-08-06 13:42,1.490
1997-08-06 13:48,1.489
1997-08-06 13:54,1.487
1997-08-06 14:00,1.485
1997-08-06 14:06,1.483
1997-08-06 14:12,1.481
1997-08-06 14:18,1.479
1997-08-06 14:24,1.477
1997-08-06 14:30,1.476
1997-08-06 14:36,1.474
1997-08-06 14:42,1.472
1997-08-06 14:48,1.470
1997-08-06 14:54,1.468
1997-08-06 15:00,1.466
1997-08-06 15:06,1.464
1997-08-06 15:12,1.462
1997-08-06 15:18,1.460
1997-08-06 15:24,1.459
1997-08-06 15:30,1.457
1997-08-06 15:36,1.455
1997-08-06 15:42,1.453
1997-08-06 15:48,1.451
1997-08-06 15:54,1.450
1997-08-06 16:00,1.448
1997-08-06 16:06,1.446
1997-08-06 16:12,1.445
1997-08-06 16:18,1.443
1997-08-06 16:24,1.441
1997-08-06 16:30,1.440
1997-08-06 16:36,1.438
1997-08-06 16:42,1.436
1997-08-06 16:48,1.435
1997-08-06 16:54,1.433
1997-08-06 17:00,1.432
1997-08-06 17:06,1.430
1997-08-06 17:12,1.429
1997-08-06 17:18,1.428
1997-08-06 17:24,1.427
1997-08-06 17:30,1.425
1997-08-06 17:36,1.424
1997-08-06 17:42,1.423
1997-08-06 17:48,1.423
1997-08-06 17:54,1.422
1997-08-06 18:00,1.421
1997-08-06 18:06,1.421
1997-08-06 18:12,1.420
1997-08-06 18:18,1.420
1997-08-06 18:24,1.420
1997-08-06 18:30,1.420
1997-08-06 18:36,1.420
1997-08-06 18:42,1.420
1997-08-06 18:48,1.421
1997-08-06 18:54,1.421
1997-08-06 19:00,1.422
1997-08-06 19:06,1.422
1997-08-06 19:12,1.423
1997-08-06 19:18,1.424
1997-08-06 19:24,1.425
1997-08-06 19:30,1.426
1997-08-06 19:36,1.427
1997-08-06 19:42,1.429
1997-08-06 19:48,1.430
1997-08-06 19:54,1.431
1997-08-06 20:00,1.433
1997-08-06 20:06,1.434
1997-08-06 20:12,1.435
1997-08-06 20:18,1.437
1997-08-06 20:24,1.438
1997-08-06 20:30,1.439
1997-08-06 20:36,1.440
1997-08-06 20:42,1.441
1997-08-06 20:48,1.443
1997-08-06 20:54,1.444
1997-08-06 21:00,1.445
1997-08-06 21:06,1.446
1997-08-06 21:12,1.446
1997-08-06 21:18,1.447
1997-08-06 21:24,1.448
1997-08-06 21:30,1.448
1997-08-06 21:36,1.449
1997-08-06 21:42,1.449
1997-08-06 21:48,1.450
1997-08-06 21:54,1.450
1997-08-06 22:00,1.450
1997-08-06 22:06,1.450
1997-08-06 22:12,1.450
1997-08-06 22:18,1.449
1997-08-06 22:24,1.449
1997-08-06 22:30,1.449
1997-08-06 22:36,1.448
1997-08-06 22:42,1.448
1997-08-06 22:48,1.447
1997-08-06 22:54,1.446
1997-08-06 23:00,1.445
1997-08-06 23:06,1.444
1997-08-06 23:12,1.443
1997-08-06 23:18,1.441
1997-08-06 23:24,1.440
1997-08-06 23:30,1.438
1997-08-06 23:36,1.436
1997-08-06 23:42,1.434
1997-08-06 23:48,1.432
1997-08-06 23:54,1.430
1997-08-07 00:00,1.428
1997-08-07 00:06,1.425
1997-08-07 00:12,1.423
1997-08-07 00:18,1.420
1997-08-07 00:24,1.417
1997-08-07 00:30,1.414
1997-08-07 00:36,1.410
1997-08-07 00:42,1.407
1997-08-07 00:48,1.404
1997-08-07 00:54,1.400
1997-08-07 01:00,1.396
1997-08-07 01:06,1.392
1997-08-07 01:12,1.389
1997-08-07 01:18,1.385
1997-08-07 01:24,1.381
1997-08-07 01:30,1.377
1997-08-07 01:36,1.372
1997-08-07 01:42,1.368
1997-08-07 01:48,1.364
1997-08-07 01:54,1.360
1997-08-07 02:00,1.356
1997-08-07 02:06,1.352
1997-08-07 02:12,1.348
1997-08-07 02:18,1.344
1997-08-07 02:24,1.340
1997-08-07 02:30,1.336
1997-08-07 02:36,1.333
1997-08-07 02:42,1.329
1997-08-07 02:48,1.325
1997-08-07 02:54,1.322
1997-08-07 03:00,1.319
1997-08-07 03:06,1.316
1997-08-07 03:12,1.313
1997-08-07 03:18,1.310
1997-08-07 03:24,1.307
1997-08-07 03:30,1.305
1997-08-07 03:36,1.302
1997-08-07 03:42,1.300
1997-08-07 03:48,1.298
1997-08-07 03:54,1.296
1997-08-07 04:00,1.294
1997-08-07 04:06,1.292
1997-08-07 04:12,1.290
1997-08-07 04:18,1.289
1997-08-07 04:24,1.287
1997-08-07 04:30,1.286
1997-08-07 04:36,1.285
1997-08-07 04:42,1.284
1997-08-07 04:48,1.284
1997-08-07 04:54,1.283
1997-08-07 05:00,1.282
1997-08-07 05:06,1.282
1997-08-07 05:12,1.282
1997-08-07 05:18,1.282
1997-08-07 05:24,1.282
1997-08-07 05:30,1.283
1997-08-07 05:36,1.283
1997-08-07 05:42,1.284
1997-08-07 05:48,1.285
1997-08-07 05:54,1.286
1997-08-07 06:00,1.288
1997-08-07 06:06,1.289
1997-08-07 06:12,1.291
1997-08-07 06:18,1.293
1997-08-07 06:24,1.295
1997-08-07 06:30,1.298
1997-08-07 06:36,1.301
1997-08-07 06:42,1.304
1997-08-07 06:48,1.307
1997-08-07 06:54,1.310
1997-08-07 07:00,1.314
1997-08-07 07:06,1.317
1997-08-07 07:12,1.321
1997-08-07 07:18,1.326
1997-08-07 07:24,1.330
1997-08-07 07:30,1.334
1997-08-07 07:36,1.339
1997-08-07 07:42,1.343
1997-08-07 07:48,1.348
1997-08-07 07:54,1.353
1997-08-07 08:00,1.358
1997-08-07 08:06,1.363
1997-08-07 08:12,1.368
1997-08-07 08:18,1.373
1997-08-07 08:24,1.378
1997-08-07 08:30,1.383
1997-08-07 08:36,1.388
1997-08-07 08:42,1.393
1997-08-07 08:48,1.398
1997-08-07 08:54,1.402
1997-08-07 09:00,1.407
1997-08-07 09:06,1.412
1997-08-07 09:12,1.416
1997-08-07 09:18,1.421
1997-08-07 09:24,1.425
1997-08-07 09:30,1.429
1997-08-07 09:36,1.433
1997-08-07 09:42,1.437
1997-08-07 09:48,1.441
1997-08-07 09:54,1.445
1997-08-07 10:00,1.448
1997-08-07 10:06,1.452
1997-08-07 10:12,1.455
1997-08-07 10:18,1.459
1997-08-07 10:24,1.462
1997-08-07 10:30,1.465
1997-08-07 10:36,1.468
1997-08-07 10:42,1.471
1997-08-07 10:48,1.473
1997-08-07 10:54,1.476
1997-08-07 11:00,1.478
1997-08-07 11:06,1.481
1997-08-07 11:12,1.483
1997-08-07 11:18,1.485
1997-08-07 11:24,1.487
1997-08-07 11:30,1.488
1997-08-07 11:36,1.490
1997-08-07 11:42,1.491
1997-08-07 11:48,1.493
1997-08-07 11:54,1.494
1997-08-07 12:00,1.495
1997-08-07 12:06,1.495
1997-08-07 12:12,1.496
1997-08-07 12:18,1.496
1997-08-07 12:24,1.496
1997-08-07 12:30,1.496
1997-08-07 12:36,1.496
1997-08-07 12:42,1.496
1997-08-07 12:48,1.495
1997-08-07 12:54,1.495
1997-08-07 13:00,1.494
1997-08-07 13:06,1.492
1997-08-07 13:12,1.491
1997-08-07 13:18,1.490
1997-08-07 13:24,1.488
1997-08-07 13:30,1.487
1997-08-07 13:36,1.485
1997-08-07 13:42,1.483
1997-08-07 13:48,1.481
1997-08-07 13:54,1.479
1997-08-07 14:00,1.476
1997-08-07 14:06,1.474
1997-08-07 14:12,1.472
1997-08-07 14:18,1.469
1997-08-07 14:24,1.467
1997-08-07 14:30,1.464
1997-08-07 14:36,1.462
1997-08-07 14:42,1.459
1997-08-07 14:48,1.457
1997-08-07 14:54,1.455
1997-08-07 15:00,1.452
1997-08-07 15:06,1.450
1997-08-07 15:12,1.447
1997-08-07 15:18,1.445
1997-08-07 15:24,1.443
1997-08-07 15:30,1.440
1997-08-07 15:36,1.438
1997-08-07 15:42,1.436
1997-08-07 15:48,1.433
1997-08-07 15:54,1.431
1997-08-07 16:00,1.429
1997-08-07 16:06,1.427
1997-08-07 16:12,1.425
1997-08-07 16:18,1.422
1997-08-07 16:24,1.420
1997-08-07 16:30,1.418
1997-08-07 16:36,1.416
1997-08-07 16:42,1.414
1997-08-07 16:48,1.412
1997-08-07 16:54,1.410
1997-08-07 17:00,1.408
1997-08-07 17:06,1.406
1997-08-07 17:12,1.404
1997-08-07 17:18,1.402
1997-08-07 17:24,1.400
1997-08-07 17:30,1.398
1997-08-07 17:36,1.396
1997-08-07 17:42,1.395
1997-08-07 17:48,1.393
1997-08-07 17:54,1.392
1997-08-07 18:00,1.390
1997-08-07 18:06,1.389
1997-08-07 18:12,1.388
1997-08-07 18:18,1.387
1997-08-07 18:24,1.386
1997-08-07 18:30,1.386
1997-08-07 18:36,1.385
1997-08-07 18:42,1.385
1997-08-07 18:48,1.385
1997-08-07 18:54,1.385
1997-08-07 19:00,1.385
1997-08-07 19:06,1.385
1997-08-07 19:12,1.386
1997-08-07 19:18,1.386
1997-08-07 19:24,1.387
1997-08-07 19:30,1.388
1997-08-07 19:36,1.389
1997-08-07 19:42,1.391
1997-08-07 19:48,1.392
1997-08-07 19:54,1.394
1997-08-07 20:00,1.395
1997-08-07 20:06,1.397
1997-08-07 20:12,1.399
1997-08-07 20:18,1.400
1997-08-07 20:24,1.402
1997-08-07 20:30,1.404
1997-08-07 20:36,1.406
1997-08-07 20:42,1.408
1997-08-07 20:48,1.410
1997-08-07 20:54,1.412
1997-08-07 21:00,1.413
1997-08-07 21:06,1.415
1997-08-07 21:12,1.417
1997-08-07 21:18,1.418
1997-08-07 21:24,1.420
1997-08-07 21:30,1.422
1997-08-07 21:36,1.423
1997-08-07 21:42,1.424
1997-08-07 21:48,1.426
1997-08-07 21:54,1.427
1997-08-07 22:00,1.428
1997-08-07 22:06,1.429
1997-08-07 22:12,1.430
1997-08-07 22:18,1.431
1997-08-07 22:24,1.432
1997-08-07 22:30,1.433
1997-08-07 22:36,1.434
1997-08-07 22:42,1.435
1997-08-07 22:48,1.435
1997-08-07 22:54,1.436
1997-08-07 23:00,1.436
1997-08-07 23:06,1.437
1997-08-07 23:12,1.437
1997-08-07 23:18,1.438
1997-08-07 23:24,1.438
1997-08-07 23:30,1.438
1997-08-07 23:36,1.438
1997-08-07 23:42,1.438
1997-08-07 23:48,1.438
1997-08-07 23:54,1.438
1997-08-08 00:00,1.437
1997-08-08 00:06,1.437
1997-08-08 00:12,1.436
1997-08-08 00:18,1.436
1997-08-08 00:24,1.435
1997-08-08 00:30,1.434
1997-08-08 00:36,1.433
1997-08-08 00:42,1.431
1997-08-08 00:48,1.430
1997-08-08 00:54,1.428
1997-08-08 01:00,1.427
1997-08-08 01:06,1.425
1997-08-08 01:12,1.423
1997-08-08 01:18,1.420
1997-08-08 01:24,1.418
1997-08-08 01:30,1.416
1997-08-08 01:36,1.413
1997-08-08 01:42,1.411
1997-08-08 01:48,1.408
1997-08-08 01:54,1.405
1997-08-08 02:00,1.402
1997-08-08 02:06,1.399
1997-08-08 02:12,1.397
1997-08-08 02:18,1.394
1997-08-08 02:24,1.391
1997-08-08 02:30,1.388
1997-08-08 02:36,1.385
1997-08-08 02:42,1.382
1997-08-08 02:48,1.379
1997-08-08 02:54,1.376
1997-08-08 03:00,1.373
1997-08-08 03:06,1.371
1997-08-08 03:12,1.368
1997-08-08 03:18,1.365
1997-08-08 03:24,1.363
1997-08-08 03:30,1.360
1997-08-08 03:36,1.358
1997-08-08 03:42,1.356
1997-08-08 03:48,1.354
1997-08-08 03:54,1.352
1997-08-08 04:00,1.350
1997-08-08 04:06,1.348
1997-08-08 04:12,1.346
1997-08-08 04:18,1.344
1997-08-08 04:24,1.343
1997-08-08 04:30,1.341
1997-08-08 04:36,1.340
1997-08-08 04:42,1.338
1997-08-08 04:48,1.337
1997-08-08 04:54,1.336
1997-08-08 05:00,1.335
1997-08-08 05:06,1.334
1997-08-08 05:12,1.333
1997-08-08 05:18,1.332
1997-08-08 05:24,1.331
1997-08-08 05:30,1.331
1997-08-08 05:36,1.330
1997-08-08 05:42,1.330
1997-08-08 05:48,1.330
1997-08-08 05:54,1.330
1997-08-08 06:00,1.330
1997-08-08 06:06,1.330
1997-08-08 06:12,1.330
1997-08-08 06:18,1.331
1997-08-08 06:24,1.332
1997-08-08 06:30,1.333
1997-08-08 06:36,1.334
1997-08-08 06:42,1.335
1997-08-08 06:48,1.337
1997-08-08 06:54,1.338
1997-08-08 07:00,1.340
1997-08-08 07:06,1.343
1997-08-08 07:12,1.345
1997-08-08 07:18,1.348
1997-08-08 07:24,1.350
1997-08-08 07:30,1.353
1997-08-08 07:36,1.356
1997-08-08 07:42,1.360
1997-08-08 07:48,1.363
1997-08-08 07:54,1.367
1997-08-08 08:00,1.371
1997-08-08 08:06,1.374
1997-08-08 08:12,1.378
1997-08-08 08:18,1.382
1997-08-08 08:24,1.386
1997-08-08 08:30,1.391
1997-08-08 08:36,1.395
1997-08-08 08:42,1.399
1997-08-08 08:48,1.403
1997-08-08 08:54,1.407
1997-08-08 09:00,1.411
1997-08-08 09:06,1.415
1997-08-08 09:12,1.419
1997-08-08 09:18,1.423
1997-08-08 09:24,1.427
1997-08-08 09:30,1.430
1997-08-08 09:36,1.434
1997-08-08 09:42,1.438
1997-08-08 09:48,1.441
1997-08-08 09:54,1.444
1997-08-08 10:00,1.448
1997-08-08 10:06,1.451
1997-08-08 10:12,1.454
1997-08-08 10:18,1.456
1997-08-08 10:24,1.459
1997-08-08 10:30,1.462
1997-08-08 10:36,1.464
1997-08-08 10:42,1.467
1997-08-08 10:48,1.469
1997-08-08 10:54,1.471
1997-08-08 11:00,1.474
1997-08-08 11:06,1.476
1997-08-08 11:12,1.477
1997-08-08 11:18,1.479
1997-08-08 11:24,1.481
1997-08-08 11:30,1.483
1997-08-08 11:36,1.484
1997-08-08 11:42,1.485
1997-08-08 11:48,1.487
1997-08-08 11:54,1.488
1997-08-08 12:00,1.489
1997-08-08 12:06,1.490
1997-08-08 12:12,1.490
1997-08-08 12:18,1.491
1997-08-08 12:24,1.491
1997-08-08 12:30,1.491
1997-08-08 12:36,1.492
1997-08-08 12:42,1.491
1997-08-08 12:48,1.491
1997-08-08 12:54,1.491
1997-08-08 13:00,1.490
1997-08-08 13:06,1.489
1997-08-08 13:12,1.488
1997-08-08 13:18,1.487
1997-08-08 13:24,1.486
1997-08-08 13:30,1.484
1997-08-08 13:36,1.482
1997-08-08 13:42,1.480
1997-08-08 13:48,1.478
1997-08-08 13:54,1.476
1997-08-08 14:00,1.474
1997-08-08 14:06,1.472
1997-08-08 14:12,1.469
1997-08-08 14:18,1.466
1997-08-08 14:24,1.464
1997-08-08 14:30,1.461
1997-08-08 14:36,1.458
1997-08-08 14:42,1.455
1997-08-08 14:48,1.452
1997-08-08 14:54,1.449
1997-08-08 15:00,1.446
1997-08-08 15:06,1.443
1997-08-08 15:12,1.440
1997-08-08 15:18,1.437
1997-08-08 15:24,1.434
1997-08-08 15:30,1.431
1997-08-08 15:36,1.428
1997-08-08 15:42,1.425
1997-08-08 15:48,1.422
1997-08-08 15:54,1.419
1997-08-08 16:00,1.416
1997-08-08 16:06,1.413
1997-08-08 16:12,1.411
1997-08-08 16:18,1.408
1997-08-08 16:24,1.405
1997-08-08 16:30,1.402
1997-08-08 16:36,1.399
1997-08-08 16:42,1.396
1997-08-08 16:48,1.394
1997-08-08 16:54,1.391
1997-08-08 17:00,1.388
1997-08-08 17:06,1.385
1997-08-08 17:12,1.383
1997-08-08 17:18,1.380
1997-08-08 17:24,1.378
1997-08-08 17:30,1.375
1997-08-08 17:36,1.372
1997-08-08 17:42,1.370
1997-08-08 17:48,1.368
1997-08-08 17:54,1.365
1997-08-08 18:00,1.363
1997-08-08 18:06,1.361
1997-08-08 18:12,1.359
1997-08-08 18:18,1.357
1997-08-08 18:24,1.355
1997-08-08 18:30,1.354
1997-08-08 18:36,1.352
1997-08-08 18:42,1.351
1997-08-08 18:48,1.350
1997-08-08 18:54,1.349
1997-08-08 19:00,1.348
1997-08-08 19:06,1.348
1997-08-08 19:12,1.347
1997-08-08 19:18,1.347
1997-08-08 19:24,1.347
1997-08-08 19:30,1.348
1997-08-08 19:36,1.348
1997-08-08 19:42,1.349
1997-08-08 19:48,1.350
1997-08-08 19:54,1.351
1997-08-08 20:00,1.352
1997-08-08 20:06,1.353
1997-08-08 20:12,1.355
1997-08-08 20:18,1.356
1997-08-08 20:24,1.358
1997-08-08 20:30,1.360
1997-08-08 20:36,1.362
1997-08-08 20:42,1.364
1997-08-08 20:48,1.366
1997-08-08 20:54,1.368
1997-08-08 21:00,1.371
1997-08-08 21:06,1.373
1997-08-08 21:12,1.375
1997-08-08 21:18,1.377
1997-08-08 21:24,1.380
1997-08-08 21:30,1.382
1997-08-08 21:36,1.384
1997-08-08 21:42,1.386
1997-08-08 21:48,1.389
1997-08-08 21:54,1.391
1997-08-08 22:00,1.393
1997-08-08 22:06,1.395
1997-08-08 22:12,1.397
1997-08-08 22:18,1.399
1997-08-08 22:24,1.401
1997-08-08 22:30,1.403
1997-08-08 22:36,1.405
1997-08-08 22:42,1.407
1997-08-08 22:48,1.409
1997-08-08 22:54,1.411
1997-08-08 23:00,1.413
1997-08-08 23:06,1.414
1997-08-08 23:12,1.416
1997-08-08 23:18,1.418
1997-08-08 23:24,1.419
1997-08-08 23:30,1.421
1997-08-08 23:36,1.422
1997-08-08 23:42,1.424
1997-08-08 23:48,1.425
1997-08-08 23:54,1.427
1997-08-09 00:00,1.428
1997-08-09 00:06,1.429
1997-08-09 00:12,1.431
1997-08-09 00:18,1.432
1997-08-09 00:24,1.433
1997-08-09 00:30,1.434
1997-08-09 00:36,1.435
1997-08-09 00:42,1.435
1997-08-09 00:48,1.436
1997-08-09 00:54,1.436
1997-08-09 01:00,1.437
1997-08-09 01:06,1.437
1997-08-09 01:12,1.437
1997-08-09 01:18,1.437
1997-08-09 01:24,1.437
1997-08-09 01:30,1.436
1997-08-09 01:36,1.436
1997-08-09 01:42,1.435
1997-08-09 01:48,1.435
1997-08-09 01:54,1.434
1997-08-09 02:00,1.433
1997-08-09 02:06,1.432
1997-08-09 02:12,1.431
1997-08-09 02:18,1.430
1997-08-09 02:24,1.428
1997-08-09 02:30,1.427
1997-08-09 02:36,1.425
1997-08-09 02:42,1.424
1997-08-09 02:48,1.422
1997-08-09 02:54,1.421
1997-08-09 03:00,1.419
1997-08-09 03:06,1.417
1997-08-09 03:12,1.416
1997-08-09 03:18,1.414
1997-08-09 03:24,1.413
1997-08-09 03:30,1.411
1997-08-09 03:36,1.409
1997-08-09 03:42,1.408
1997-08-09 03:48,1.406
1997-08-09 03:54,1.405
1997-08-09 04:00,1.403
1997-08-09 04:06,1.402
1997-08-09 04:12,1.400
1997-08-09 04:18,1.399
1997-08-09 04:24,1.397
1997-08-09 04:30,1.396
1997-08-09 04:36,1.395
1997-08-09 04:42,1.394
1997-08-09 04:48,1.392
1997-08-09 04:54,1.391
1997-08-09 05:00,1.390
1997-08-09 05:06,1.389
1997-08-09 05:12,1.388
1997-08-09 05:18,1.387
1997-08-09 05:24,1.386
1997-08-09 05:30,1.385
1997-08-09 05:36,1.384
1997-08-09 05:42,1.383
1997-08-09 05:48,1.382
1997-08-09 05:54,1.381
1997-08-09 06:00,1.381
1997-08-09 06:06,1.380
1997-08-09 06:12,1.380
1997-08-09 06:18,1.380
1997-08-09 06:24,1.379
1997-08-09 06:30,1.379
1997-08-09 06:36,1.379
1997-08-09 06:42,1.380
1997-08-09 06:48,1.380
1997-08-09 06:54,1.380
1997-08-09 07:00,1.381
1997-08-09 07:06,1.382
1997-08-09 07:12,1.383
1997-08-09 07:18,1.384
1997-08-09 07:24,1.385
1997-08-09 07:30,1.387
1997-08-09 07:36,1.388
1997-08-09 07:42,1.390
1997-08-09 07:48,1.392
1997-08-09 07:54,1.394
1997-08-09 08:00,1.397
1997-08-09 08:06,1.399
1997-08-09 08:12,1.402
1997-08-09 08:18,1.404
1997-08-09 08:24,1.407
1997-08-09 08:30,1.410
1997-08-09 08:36,1.413
1997-08-09 08:42,1.416
1997-08-09 08:48,1.419
1997-08-09 08:54,1.422
1997-08-09 09:00,1.425
1997-08-09 09:06,1.428
1997-08-09 09:12,1.431
1997-08-09 09:18,1.434
1997-08-09 09:24,1.437
1997-08-09 09:30,1.440
1997-08-09 09:36,1.443
1997-08-09 09:42,1.446
1997-08-09 09:48,1.449
1997-08-09 09:54,1.452
1997-08-09 10:00,1.455
1997-08-09 10:06,1.457
1997-08-09 10:12,1.460
1997-08-09 10:18,1.462
1997-08-09 10:24,1.465
1997-08-09 10:30,1.467
1997-08-09 10:36,1.469
1997-08-09 10:42,1.471
1997-08-09 10:48,1.473
1997-08-09 10:54,1.475
1997-08-09 11:00,1.477
1997-08-09 11:06,1.479
1997-08-09 11:12,1.480
1997-08-09 11:18,1.482
1997-08-09 11:24,1.483
1997-08-09 11:30,1.484
1997-08-09 11:36,1.486
1997-08-09 11:42,1.487
1997-08-09 11:48,1.488
1997-08-09 11:54,1.489
1997-08-09 12:00,1.489
1997-08-09 12:06,1.490
1997-08-09 12:12,1.491
1997-08-09 12:18,1.491
1997-08-09 12:24,1.491
1997-08-09 12:30,1.491
1997-08-09 12:36,1.491
1997-08-09 12:42,1.491
1997-08-09 12:48,1.491
1997-08-09 12:54,1.491
1997-08-09 13:00,1.490
1997-08-09 13:06,1.490
1997-08-09 13:12,1.489
1997-08-09 13:18,1.488
1997-08-09 13:24,1.487
1997-08-09 13:30,1.485
1997-08-09 13:36,1.484
1997-08-09 13:42,1.482
1997-08-09 13:48,1.480
1997-08-09 13:54,1.478
1997-08-09 14:00,1.476
1997-08-09 14:06,1.474
1997-08-09 14:12,1.472
1997-08-09 14:18,1.469
1997-08-09 14:24,1.467
1997-08-09 14:30,1.464
1997-08-09 14:36,1.461
1997-08-09 14:42,1.458
1997-08-09 14:48,1.455
1997-08-09 14:54,1.452
1997-08-09 15:00,1.449
1997-08-09 15:06,1.445
1997-08-09 15:12,1.442
1997-08-09 15:18,1.439
1997-08-09 15:24,1.435
1997-08-09 15:30,1.432
1997-08-09 15:36,1.428
1997-08-09 15:42,1.424
1997-08-09 15:48,1.421
1997-08-09 15:54,1.417
1997-08-09 16:00,1.413
1997-08-09 16:06,1.410
1997-08-09 16:12,1.406
1997-08-09 16:18,1.402
1997-08-09 16:24,1.399
1997-08-09 16:30,1.395
1997-08-09 16:36,1.392
1997-08-09 16:42,1.388
1997-08-09 16:48,1.384
1997-08-09 16:54,1.381
1997-08-09 17:00,1.377
1997-08-09 17:06,1.373
1997-08-09 17:12,1.370
1997-08-09 17:18,1.366
1997-08-09 17:24,1.363
1997-08-09 17:30,1.359
1997-08-09 17:36,1.356
1997-08-09 17:42,1.353
1997-08-09 17:48,1.349
1997-08-09 17:54,1.346
1997-08-09 18:00,1.343
1997-08-09 18:06,1.340
1997-08-09 18:12,1.337
1997-08-09 18:18,1.334
1997-08-09 18:24,1.331
1997-08-09 18:30,1.329
1997-08-09 18:36,1.326
1997-08-09 18:42,1.324
1997-08-09 18:48,1.322
1997-08-09 18:54,1.320
1997-08-09 19:00,1.318
1997-08-09 19:06,1.316
1997-08-09 19:12,1.315
1997-08-09 19:18,1.313
1997-08-09 19:24,1.312
1997-08-09 19:30,1.311
1997-08-09 19:36,1.311
1997-08-09 19:42,1.310
1997-08-09 19:48,1.310
1997-08-09 19:54,1.310
1997-08-09 20:00,1.310
1997-08-09 20:06,1.310
1997-08-09 20:12,1.311
1997-08-09 20:18,1.311
1997-08-09 20:24,1.312
1997-08-09 20:30,1.313
1997-08-09 20:36,1.315
1997-08-09 20:42,1.316
1997-08-09 20:48,1.318
1997-08-09 20:54,1.319
1997-08-09 21:00,1.321
1997-08-09 21:06,1.323
1997-08-09 21:12,1.325
1997-08-09 21:18,1.328
1997-08-09 21:24,1.330
1997-08-09 21:30,1.332
1997-08-09 21:36,1.335
1997-08-09 21:42,1.337
1997-08-09 21:48,1.340
1997-08-09 21:54,1.343
1997-08-09 22:00,1.345
1997-08-09 22:06,1.348
1997-08-09 22:12,1.351
1997-08-09 22:18,1.354
1997-08-09 22:24,1.357
1997-08-09 22:30,1.359
1997-08-09 22:36,1.362
1997-08-09 22:42,1.365
1997-08-09 22:48,1.368
1997-08-09 22:54,1.371
1997-08-09 23:00,1.374
1997-08-09 23:06,1.377
1997-08-09 23:12,1.380
1997-08-09 23:18,1.382
1997-08-09 23:24,1.385
1997-08-09 23:30,1.388
1997-08-09 23:36,1.391
1997-08-09 23:42,1.394
1997-08-09 23:48,1.397
1997-08-09 23:54,1.399
1997-08-10 00:00,1.402
1997-08-10 00:06,1.405
1997-08-10 00:12,1.407
1997-08-10 00:18,1.410
1997-08-10 00:24,1.412
1997-08-10 00:30,1.415
1997-08-10 00:36,1.417
1997-08-10 00:42,1.420
1997-08-10 00:48,1.422
1997-08-10 00:54,1.424
1997-08-10 01:00,1.427
1997-08-10 01:06,1.429
1997-08-10 01:12,1.431
1997-08-10 01:18,1.433
1997-08-10 01:24,1.434
1997-08-10 01:30,1.436
1997-08-10 01:36,1.438
1997-08-10 01:42,1.439
1997-08-10 01:48,1.441
1997-08-10 01:54,1.442
1997-08-10 02:00,1.443
1997-08-10 02:06,1.444
1997-08-10 02:12,1.445
1997-08-10 02:18,1.446
1997-08-10 02:24,1.447
1997-08-10 02:30,1.447
1997-08-10 02:36,1.448
1997-08-10 02:42,1.449
1997-08-10 02:48,1.449
1997-08-10 02:54,1.449
1997-08-10 03:00,1.449
1997-08-10 03:06,1.450
1997-08-10 03:12,1.450
1997-08-10 03:18,1.450
1997-08-10 03:24,1.449
1997-08-10 03:30,1.449
1997-08-10 03:36,1.449
1997-08-10 03:42,1.449
1997-08-10 03:48,1.448
1997-08-10 03:54,1.448
1997-08-10 04:00,1.448
1997-08-10 04:06,1.447
1997-08-10 04:12,1.447
1997-08-10 04:18,1.446
1997-08-10 04:24,1.445
1997-08-10 04:30,1.445
1997-08-10 04:36,1.444
1997-08-10 04:42,1.443
1997-08-10 04:48,1.443
1997-08-10 04:54,1.442
1997-08-10 05:00,1.441
1997-08-10 05:06,1.440
1997-08-10 05:12,1.440
1997-08-10 05:18,1.439
1997-08-10 05:24,1.438
1997-08-10 05:30,1.437
1997-08-10 05:36,1.437
1997-08-10 05:42,1.436
1997-08-10 05:48,1.435
1997-08-10 05:54,1.434
1997-08-10 06:00,1.434
1997-08-10 06:06,1.433
1997-08-10 06:12,1.433
1997-08-10 06:18,1.432
1997-08-10 06:24,1.431
1997-08-10 06:30,1.431
1997-08-10 06:36,1.431
1997-08-10 06:42,1.430
1997-08-10 06:48,1.430
1997-08-10 06:54,1.430
1997-08-10 07:00,1.430
1997-08-10 07:06,1.430
1997-08-10 07:12,1.430
1997-08-10 07:18,1.430
1997-08-10 07:24,1.431
1997-08-10 07:30,1.431
1997-08-10 07:36,1.432
1997-08-10 07:42,1.432
1997-08-10 07:48,1.433
1997-08-10 07:54,1.434
1997-08-10 08:00,1.435
1997-08-10 08:06,1.436
1997-08-10 08:12,1.437
1997-08-10 08:18,1.439
1997-08-10 08:24,1.440
1997-08-10 08:30,1.442
1997-08-10 08:36,1.443
1997-08-10 08:42,1.445
1997-08-10 08:48,1.447
1997-08-10 08:54,1.448
1997-08-10 09:00,1.450
1997-08-10 09:06,1.452
1997-08-10 09:12,1.454
1997-08-10 09:18,1.456
1997-08-10 09:24,1.458
1997-08-10 09:30,1.460
1997-08-10 09:36,1.462
1997-08-10 09:42,1.464
1997-08-10 09:48,1.466
1997-08-10 09:54,1.468
1997-08-10 10:00,1.470
1997-08-10 10:06,1.472
1997-08-10 10:12,1.474
1997-08-10 10:18,1.476
1997-08-10 10:24,1.478
1997-08-10 10:30,1.480
1997-08-10 10:36,1.482
1997-08-10 10:42,1.483
1997-08-10 10:48,1.485
1997-08-10 10:54,1.486
1997-08-10 11:00,1.488
1997-08-10 11:06,1.489
1997-08-10 11:12,1.491
1997-08-10 11:18,1.492
1997-08-10 11:24,1.493
1997-08-10 11:30,1.494
1997-08-10 11:36,1.495
1997-08-10 11:42,1.496
1997-08-10 11:48,1.497
1997-08-10 11:54,1.497
1997-08-10 12:00,1.498
1997-08-10 12:06,1.498
1997-08-10 12:12,1.498
1997-08-10 12:18,1.499
1997-08-10 12:24,1.499
1997-08-10 12:30,1.499
1997-08-10 12:36,1.499
1997-08-10 12:42,1.498
1997-08-10 12:48,1.498
1997-08-10 12:54,1.497
1997-08-10 13:00,1.497
1997-08-10 13:06,1.496
1997-08-10 13:12,1.495
1997-08-10 13:18,1.494
1997-08-10 13:24,1.493
1997-08-10 13:30,1.492
1997-08-10 13:36,1.490
1997-08-10 13:42,1.489
1997-08-10 13:48,1.487
1997-08-10 13:54,1.485
1997-08-10 14:00,1.483
1997-08-10 14:06,1.481
1997-08-10 14:12,1.479
1997-08-10 14:18,1.477
1997-08-10 14:24,1.475
1997-08-10 14:30,1.472
1997-08-10 14:36,1.470
1997-08-10 14:42,1.467
1997-08-10 14:48,1.464
1997-08-10 14:54,1.461
1997-08-10 15:00,1.458
1997-08-10 15:06,1.455
1997-08-10 15:12,1.451
1997-08-10 15:18,1.448
1997-08-10 15:24,1.445
1997-08-10 15:30,1.441
1997-08-10 15:36,1.437
1997-08-10 15:42,1.433
1997-08-10 15:48,1.430
1997-08-10 15:54,1.426
1997-08-10 16:00,1.422
1997-08-10 16:06,1.417
1997-08-10 16:12,1.413
1997-08-10 16:18,1.409
1997-08-10 16:24,1.405
1997-08-10 16:30,1.400
1997-08-10 16:36,1.396
1997-08-10 16:42,1.392
1997-08-10 16:48,1.387
1997-08-10 16:54,1.383
1997-08-10 17:00,1.378
1997-08-10 17:06,1.374
1997-08-10 17:12,1.369
1997-08-10 17:18,1.364
1997-08-10 17:24,1.360
1997-08-10 17:30,1.355
1997-08-10 17:36,1.351
1997-08-10 17:42,1.347
1997-08-10 17:48,1.342
1997-08-10 17:54,1.338
1997-08-10 18:00,1.334
1997-08-10 18:06,1.330
1997-08-10 18:12,1.326
1997-08-10 18:18,1.322
1997-08-10 18:24,1.318
1997-08-10 18:30,1.314
1997-08-10 18:36,1.310
1997-08-10 18:42,1.307
1997-08-10 18:48,1.304
1997-08-10 18:54,1.300
1997-08-10 19:00,1.297
1997-08-10 19:06,1.294
1997-08-10 19:12,1.292
1997-08-10 19:18,1.289
1997-08-10 19:24,1.287
1997-08-10 19:30,1.284
1997-08-10 19:36,1.282
1997-08-10 19:42,1.281
1997-08-10 19:48,1.279
1997-08-10 19:54,1.277
1997-08-10 20:00,1.276
1997-08-10 20:06,1.275
1997-08-10 20:12,1.274
1997-08-10 20:18,1.273
1997-08-10 20:24,1.273
1997-08-10 20:30,1.273
1997-08-10 20:36,1.272
1997-08-10 20:42,1.273
1997-08-10 20:48,1.273
1997-08-10 20:54,1.273
1997-08-10 21:00,1.274
1997-08-10 21:06,1.275
1997-08-10 21:12,1.276
1997-08-10 21:18,1.277
1997-08-10 21:24,1.278
1997-08-10 21:30,1.280
1997-08-10 21:36,1.282
1997-08-10 21:42,1.284
1997-08-10 21:48,1.286
1997-08-10 21:54,1.288
1997-08-10 22:00,1.290
1997-08-10 22:06,1.293
1997-08-10 22:12,1.296
1997-08-10 22:18,1.298
1997-08-10 22:24,1.301
1997-08-10 22:30,1.304
1997-08-10 22:36,1.308
1997-08-10 22:42,1.311
1997-08-10 22:48,1.314
1997-08-10 22:54,1.318
1997-08-10 23:00,1.321
1997-08-10 23:06,1.325
1997-08-10 23:12,1.329
1997-08-10 23:18,1.332
1997-08-10 23:24,1.336
1997-08-10 23:30,1.340
1997-08-10 23:36,1.344
1997-08-10 23:42,1.348
1997-08-10 23:48,1.351
1997-08-10 23:54,1.355
1997-08-11 00:00,1.359
1997-08-11 00:06,1.363
1997-08-11 00:12,1.367
1997-08-11 00:18,1.371
1997-08-11 00:24,1.375
1997-08-11 00:30,1.379
1997-08-11 00:36,1.383
1997-08-11 00:42,1.386
1997-08-11 00:48,1.390
1997-08-11 00:54,1.394
1997-08-11 01:00,1.397
1997-08-11 01:06,1.401
1997-08-11 01:12,1.405
1997-08-11 01:18,1.408
1997-08-11 01:24,1.412
1997-08-11 01:30,1.415
1997-08-11 01:36,1.418
1997-08-11 01:42,1.422
1997-08-11 01:48,1.425
1997-08-11 01:54,1.428
1997-08-11 02:00,1.431
1997-08-11 02:06,1.434
1997-08-11 02:12,1.437
1997-08-11 02:18,1.440
1997-08-11 02:24,1.443
1997-08-11 02:30,1.446
1997-08-11 02:36,1.449
1997-08-11 02:42,1.451
1997-08-11 02:48,1.454
1997-08-11 02:54,1.456
1997-08-11 03:00,1.459
1997-08-11 03:06,1.461
1997-08-11 03:12,1.463
1997-08-11 03:18,1.465
1997-08-11 03:24,1.467
1997-08-11 03:30,1.469
1997-08-11 03:36,1.471
1997-08-11 03:42,1.472
1997-08-11 03:48,1.474
1997-08-11 03:54,1.475
1997-08-11 04:00,1.477
1997-08-11 04:06,1.478
1997-08-11 04:12,1.479
1997-08-11 04:18,1.480
1997-08-11 04:24,1.481
1997-08-11 04:30,1.481
1997-08-11 04:36,1.482
1997-08-11 04:42,1.482
1997-08-11 04:48,1.483
1997-08-11 04:54,1.483
1997-08-11 05:00,1.483
1997-08-11 05:06,1.483
1997-08-11 05:12,1.483
1997-08-11 05:18,1.483
1997-08-11 05:24,1.483
1997-08-11 05:30,1.483
1997-08-11 05:36,1.483
1997-08-11 05:42,1.483
1997-08-11 05:48,1.483
1997-08-11 05:54,1.482
1997-08-11 06:00,1.482
1997-08-11 06:06,1.482
1997-08-11 06:12,1.481
1997-08-11 06:18,1.481
1997-08-11 06:24,1.481
1997-08-11 06:30,1.481
1997-08-11 06:36,1.480
1997-08-11 06:42,1.480
1997-08-11 06:48,1.480
1997-08-11 06:54,1.480
1997-08-11 07:00,1.480
1997-08-11 07:06,1.480
1997-08-11 07:12,1.480
1997-08-11 07:18,1.480
1997-08-11 07:24,1.480
1997-08-11 07:30,1.480
1997-08-11 07:36,1.480
1997-08-11 07:42,1.480
1997-08-11 07:48,1.480
1997-08-11 07:54,1.481
1997-08-11 08:00,1.481
1997-08-11 08:06,1.481
1997-08-11 08:12,1.482
1997-08-11 08:18,1.482
1997-08-11 08:24,1.483
1997-08-11 08:30,1.483
1997-08-11 08:36,1.484
1997-08-11 08:42,1.484
1997-08-11 08:48,1.485
1997-08-11 08:54,1.486
1997-08-11 09:00,1.486
1997-08-11 09:06,1.487
1997-08-11 09:12,1.488
1997-08-11 09:18,1.489
1997-08-11 09:24,1.489
1997-08-11 09:30,1.490
1997-08-11 09:36,1.491
1997-08-11 09:42,1.492
1997-08-11 09:48,1.493
1997-08-11 09:54,1.494
1997-08-11 10:00,1.495
1997-08-11 10:06,1.496
1997-08-11 10:12,1.497
1997-08-11 10:18,1.498
1997-08-11 10:24,1.499
1997-08-11 10:30,1.500
1997-08-11 10:36,1.501
1997-08-11 10:42,1.502
1997-08-11 10:48,1.503
1997-08-11 10:54,1.504
1997-08-11 11:00,1.505
1997-08-11 11:06,1.506
1997-08-11 11:12,1.507
1997-08-11 11:18,1.508
1997-08-11 11:24,1.509
1997-08-11 11:30,1.510
1997-08-11 11:36,1.511
1997-08-11 11:42,1.511
1997-08-11 11:48,1.512
1997-08-11 11:54,1.513
1997-08-11 12:00,1.513
1997-08-11 12:06,1.513
1997-08-11 12:12,1.514
1997-08-11 12:18,1.514
1997-08-11 12:24,1.514
1997-08-11 12:30,1.514
1997-08-11 12:36,1.513
1997-08-11 12:42,1.513
1997-08-11 12:48,1.512
1997-08-11 12:54,1.512
1997-08-11 13:00,1.511
1997-08-11 13:06,1.510
1997-08-11 13:12,1.509
1997-08-11 13:18,1.508
1997-08-11 13:24,1.507
1997-08-11 13:30,1.506
1997-08-11 13:36,1.504
1997-08-11 13:42,1.503
1997-08-11 13:48,1.501
1997-08-11 13:54,1.499
1997-08-11 14:00,1.497
1997-08-11 14:06,1.495
1997-08-11 14:12,1.493
1997-08-11 14:18,1.491
1997-08-11 14:24,1.489
1997-08-11 14:30,1.487
1997-08-11 14:36,1.484
1997-08-11 14:42,1.482
1997-08-11 14:48,1.479
1997-08-11 14:54,1.476
1997-08-11 15:00,1.474
1997-08-11 15:06,1.471
1997-08-11 15:12,1.468
1997-08-11 15:18,1.465
1997-08-11 15:24,1.461
1997-08-11 15:30,1.458
1997-08-11 15:36,1.455
1997-08-11 15:42,1.451
1997-08-11 15:48,1.447
1997-08-11 15:54,1.443
1997-08-11 16:00,1.439
1997-08-11 16:06,1.435
1997-08-11 16:12,1.431
1997-08-11 16:18,1.427
1997-08-11 16:24,1.422
1997-08-11 16:30,1.418
1997-08-11 16:36,1.413
1997-08-11 16:42,1.408
1997-08-11 16:48,1.403
1997-08-11 16:54,1.398
1997-08-11 17:00,1.393
1997-08-11 17:06,1.388
1997-08-11 17:12,1.383
1997-08-11 17:18,1.377
1997-08-11 17:24,1.372
1997-08-11 17:30,1.367
1997-08-11 17:36,1.361
1997-08-11 17:42,1.356
1997-08-11 17:48,1.350
1997-08-11 17:54,1.345
1997-08-11 18:00,1.340
1997-08-11 18:06,1.334
1997-08-11 18:12,1.329
1997-08-11 18:18,1.324
1997-08-11 18:24,1.319
1997-08-11 18:30,1.314
1997-08-11 18:36,1.309
1997-08-11 18:42,1.304
1997-08-11 18:48,1.299
1997-08-11 18:54,1.295
1997-08-11 19:00,1.291
1997-08-11 19:06,1.286
1997-08-11 19:12,1.282
1997-08-11 19:18,1.278
1997-08-11 19:24,1.274
1997-08-11 19:30,1.271
1997-08-11 19:36,1.267
1997-08-11 19:42,1.264
1997-08-11 19:48,1.261
1997-08-11 19:54,1.258
1997-08-11 20:00,1.255
1997-08-11 20:06,1.253
1997-08-11 20:12,1.250
1997-08-11 20:18,1.248
1997-08-11 20:24,1.246
1997-08-11 20:30,1.244
1997-08-11 20:36,1.242
1997-08-11 20:42,1.240
1997-08-11 20:48,1.239
1997-08-11 20:54,1.238
1997-08-11 21:00,1.237
1997-08-11 21:06,1.236
1997-08-11 21:12,1.235
1997-08-11 21:18,1.235
1997-08-11 21:24,1.235
1997-08-11 21:30,1.234
1997-08-11 21:36,1.235
1997-08-11 21:42,1.235
1997-08-11 21:48,1.236
1997-08-11 21:54,1.236
1997-08-11 22:00,1.238
1997-08-11 22:06,1.239
1997-08-11 22:12,1.240
1997-08-11 22:18,1.242
1997-08-11 22:24,1.244
1997-08-11 22:30,1.246
1997-08-11 22:36,1.249
1997-08-11 22:42,1.251
1997-08-11 22:48,1.254
1997-08-11 22:54,1.257
1997-08-11 23:00,1.260
1997-08-11 23:06,1.264
1997-08-11 23:12,1.267
1997-08-11 23:18,1.271
1997-08-11 23:24,1.275
1997-08-11 23:30,1.279
1997-08-11 23:36,1.283
1997-08-11 23:42,1.288
1997-08-11 23:48,1.292
1997-08-11 23:54,1.297
1997-08-12 00:00,1.301
1997-08-12 00:06,1.306
1997-08-12 00:12,1.311
1997-08-12 00:18,1.316
1997-08-12 00:24,1.321
1997-08-12 00:30,1.325
1997-08-12 00:36,1.330
1997-08-12 00:42,1.335
1997-08-12 00:48,1.340
1997-08-12 00:54,1.345
1997-08-12 01:00,1.350
1997-08-12 01:06,1.355
1997-08-12 01:12,1.360
1997-08-12 01:18,1.365
1997-08-12 01:24,1.370
1997-08-12 01:30,1.374
1997-08-12 01:36,1.379
1997-08-12 01:42,1.384
1997-08-12 01:48,1.389
1997-08-12 01:54,1.394
1997-08-12 02:00,1.398
1997-08-12 02:06,1.403
1997-08-12 02:12,1.408
1997-08-12 02:18,1.412
1997-08-12 02:24,1.417
1997-08-12 02:30,1.422
1997-08-12 02:36,1.426
1997-08-12 02:42,1.431
1997-08-12 02:48,1.435
1997-08-12 02:54,1.440
1997-08-12 03:00,1.444
1997-08-12 03:06,1.449
1997-08-12 03:12,1.453
1997-08-12 03:18,1.457
1997-08-12 03:24,1.461
1997-08-12 03:30,1.465
1997-08-12 03:36,1.469
1997-08-12 03:42,1.473
1997-08-12 03:48,1.477
1997-08-12 03:54,1.480
1997-08-12 04:00,1.484
1997-08-12 04:06,1.487
1997-08-12 04:12,1.490
1997-08-12 04:18,1.493
1997-08-12 04:24,1.496
1997-08-12 04:30,1.499
1997-08-12 04:36,1.501
1997-08-12 04:42,1.503
1997-08-12 04:48,1.506
1997-08-12 04:54,1.508
1997-08-12 05:00,1.509
1997-08-12 05:06,1.511
1997-08-12 05:12,1.513
1997-08-12 05:18,1.514
1997-08-12 05:24,1.515
1997-08-12 05:30,1.516
1997-08-12 05:36,1.517
1997-08-12 05:42,1.518
1997-08-12 05:48,1.519
1997-08-12 05:54,1.520
1997-08-12 06:00,1.520
1997-08-12 06:06,1.521
1997-08-12 06:12,1.521
1997-08-12 06:18,1.522
1997-08-12 06:24,1.522
1997-08-12 06:30,1.522
1997-08-12 06:36,1.522
1997-08-12 06:42,1.523
1997-08-12 06:48,1.523
1997-08-12 06:54,1.523
1997-08-12 07:00,1.524
1997-08-12 07:06,1.524
1997-08-12 07:12,1.524
1997-08-12 07:18,1.524
1997-08-12 07:24,1.525
1997-08-12 07:30,1.525
1997-08-12 07:36,1.525
1997-08-12 07:42,1.526
1997-08-12 07:48,1.526
1997-08-12 07:54,1.526
1997-08-12 08:00,1.527
1997-08-12 08:06,1.527
1997-08-12 08:12,1.527
1997-08-12 08:18,1.527
1997-08-12 08:24,1.528
1997-08-12 08:30,1.528
1997-08-12 08:36,1.528
1997-08-12 08:42,1.528
1997-08-12 08:48,1.528
1997-08-12 08:54,1.528
1997-08-12 09:00,1.528
1997-08-12 09:06,1.528
1997-08-12 09:12,1.528
1997-08-12 09:18,1.528
1997-08-12 09:24,1.528
1997-08-12 09:30,1.528
1997-08-12 09:36,1.528
1997-08-12 09:42,1.528
1997-08-12 09:48,1.528
1997-08-12 09:54,1.528
1997-08-12 10:00,1.528
1997-08-12 10:06,1.528
1997-08-12 10:12,1.528
1997-08-12 10:18,1.528
1997-08-12 10:24,1.528
1997-08-12 10:30,1.528
1997-08-12 10:36,1.528
1997-08-12 10:42,1.529
1997-08-12 10:48,1.529
1997-08-12 10:54,1.529
1997-08-12 11:00,1.529
1997-08-12 11:06,1.530
1997-08-12 11:12,1.530
1997-08-12 11:18,1.530
1997-08-12 11:24,1.531
1997-08-12 11:30,1.531
1997-08-12 11:36,1.532
1997-08-12 11:42,1.532
1997-08-12 11:48,1.532
1997-08-12 11:54,1.533
1997-08-12 12:00,1.533
1997-08-12 12:06,1.533
1997-08-12 12:12,1.533
1997-08-12 12:18,1.533
1997-08-12 12:24,1.533
1997-08-12 12:30,1.533
1997-08-12 12:36,1.533
1997-08-12 12:42,1.533
1997-08-12 12:48,1.533
1997-08-12 12:54,1.532
1997-08-12 13:00,1.531
1997-08-12 13:06,1.531
1997-08-12 13:12,1.530
1997-08-12 13:18,1.529
1997-08-12 13:24,1.528
1997-08-12 13:30,1.527
1997-08-12 13:36,1.525
1997-08-12 13:42,1.524
1997-08-12 13:48,1.522
1997-08-12 13:54,1.521
1997-08-12 14:00,1.519
1997-08-12 14:06,1.517
1997-08-12 14:12,1.515
1997-08-12 14:18,1.513
1997-08-12 14:24,1.511
1997-08-12 14:30,1.509
1997-08-12 14:36,1.506
1997-08-12 14:42,1.504
1997-08-12 14:48,1.502
1997-08-12 14:54,1.499
1997-08-12 15:00,1.497
1997-08-12 15:06,1.494
1997-08-12 15:12,1.491
1997-08-12 15:18,1.488
1997-08-12 15:24,1.486
1997-08-12 15:30,1.482
1997-08-12 15:36,1.479
1997-08-12 15:42,1.476
1997-08-12 15:48,1.473
1997-08-12 15:54,1.469
1997-08-12 16:00,1.466
1997-08-12 16:06,1.462
1997-08-12 16:12,1.458
1997-08-12 16:18,1.454
1997-08-12 16:24,1.450
1997-08-12 16:30,1.446
1997-08-12 16:36,1.441
1997-08-12 16:42,1.436
1997-08-12 16:48,1.432
1997-08-12 16:54,1.427
1997-08-12 17:00,1.421
1997-08-12 17:06,1.416
1997-08-12 17:12,1.411
1997-08-12 17:18,1.405
1997-08-12 17:24,1.400
1997-08-12 17:30,1.394
1997-08-12 17:36,1.388
1997-08-12 17:42,1.382
1997-08-12 17:48,1.376
1997-08-12 17:54,1.370
1997-08-12 18:00,1.364
1997-08-12 18:06,1.357
1997-08-12 18:12,1.351
1997-08-12 18:18,1.345
1997-08-12 18:24,1.339
1997-08-12 18:30,1.333
1997-08-12 18:36,1.326
1997-08-12 18:42,1.320
1997-08-12 18:48,1.314
1997-08-12 18:54,1.308
1997-08-12 19:00,1.303
1997-08-12 19:06,1.297
1997-08-12 19:12,1.291
1997-08-12 19:18,1.286
1997-08-12 19:24,1.281
1997-08-12 19:30,1.276
1997-08-12 19:36,1.271
1997-08-12 19:42,1.266
1997-08-12 19:48,1.261
1997-08-12 19:54,1.256
1997-08-12 20:00,1.252
1997-08-12 20:06,1.248
1997-08-12 20:12,1.244
1997-08-12 20:18,1.240
1997-08-12 20:24,1.236
1997-08-12 20:30,1.232
1997-08-12 20:36,1.229
1997-08-12 20:42,1.225
1997-08-12 20:48,1.222
1997-08-12 20:54,1.219
1997-08-12 21:00,1.216
1997-08-12 21:06,1.213
1997-08-12 21:12,1.211
1997-08-12 21:18,1.208
1997-08-12 21:24,1.206
1997-08-12 21:30,1.204
1997-08-12 21:36,1.202
1997-08-12 21:42,1.201
1997-08-12 21:48,1.199
1997-08-12 21:54,1.198
1997-08-12 22:00,1.197
1997-08-12 22:06,1.197
1997-08-12 22:12,1.196
1997-08-12 22:18,1.196
1997-08-12 22:24,1.196
1997-08-12 22:30,1.196
1997-08-12 22:36,1.197
1997-08-12 22:42,1.198
1997-08-12 22:48,1.199
1997-08-12 22:54,1.201
1997-08-12 23:00,1.202
1997-08-12 23:06,1.204
1997-08-12 23:12,1.207
1997-08-12 23:18,1.209
1997-08-12 23:24,1.212
1997-08-12 23:30,1.215
1997-08-12 23:36,1.219
1997-08-12 23:42,1.222
1997-08-12 23:48,1.226
1997-08-12 23:54,1.230
1997-08-13 00:00,1.235
1997-08-13 00:06,1.239
1997-08-13 00:12,1.244
1997-08-13 00:18,1.249
1997-08-13 00:24,1.254
1997-08-13 00:30,1.259
1997-08-13 00:36,1.264
1997-08-13 00:42,1.269
1997-08-13 00:48,1.275
1997-08-13 00:54,1.280
1997-08-13 01:00,1.286
1997-08-13 01:06,1.292
1997-08-13 01:12,1.298
1997-08-13 01:18,1.303
1997-08-13 01:24,1.309
1997-08-13 01:30,1.315
1997-08-13 01:36,1.321
1997-08-13 01:42,1.327
1997-08-13 01:48,1.333
1997-08-13 01:54,1.339
1997-08-13 02:00,1.345
1997-08-13 02:06,1.351
1997-08-13 02:12,1.357
1997-08-13 02:18,1.363
1997-08-13 02:24,1.369
1997-08-13 02:30,1.376
1997-08-13 02:36,1.382
1997-08-13 02:42,1.388
1997-08-13 02:48,1.394
1997-08-13 02:54,1.400
1997-08-13 03:00,1.406
1997-08-13 03:06,1.412
1997-08-13 03:12,1.418
1997-08-13 03:18,1.425
1997-08-13 03:24,1.431
1997-08-13 03:30,1.437
1997-08-13 03:36,1.443
1997-08-13 03:42,1.448
1997-08-13 03:48,1.454
1997-08-13 03:54,1.460
1997-08-13 04:00,1.465
1997-08-13 04:06,1.471
1997-08-13 04:12,1.476
1997-08-13 04:18,1.482
1997-08-13 04:24,1.487
1997-08-13 04:30,1.492
1997-08-13 04:36,1.496
1997-08-13 04:42,1.501
1997-08-13 04:48,1.505
1997-08-13 04:54,1.509
1997-08-13 05:00,1.513
1997-08-13 05:06,1.517
1997-08-13 05:12,1.521
1997-08-13 05:18,1.524
1997-08-13 05:24,1.527
1997-08-13 05:30,1.530
1997-08-13 05:36,1.533
1997-08-13 05:42,1.536
1997-08-13 05:48,1.538
1997-08-13 05:54,1.540
1997-08-13 06:00,1.542
1997-08-13 06:06,1.544
1997-08-13 06:12,1.546
1997-08-13 06:18,1.548
1997-08-13 06:24,1.549
1997-08-13 06:30,1.551
1997-08-13 06:36,1.552
1997-08-13 06:42,1.553
1997-08-13 06:48,1.554
1997-08-13 06:54,1.555
1997-08-13 07:00,1.556
1997-08-13 07:06,1.557
1997-08-13 07:12,1.558
1997-08-13 07:18,1.559
1997-08-13 07:24,1.560
1997-08-13 07:30,1.561
1997-08-13 07:36,1.562
1997-08-13 07:42,1.562
1997-08-13 07:48,1.563
1997-08-13 07:54,1.564
1997-08-13 08:00,1.565
1997-08-13 08:06,1.565
1997-08-13 08:12,1.566
1997-08-13 08:18,1.566
1997-08-13 08:24,1.567
1997-08-13 08:30,1.567
1997-08-13 08:36,1.567
1997-08-13 08:42,1.568
1997-08-13 08:48,1.568
1997-08-13 08:54,1.568
1997-08-13 09:00,1.568
1997-08-13 09:06,1.568
1997-08-13 09:12,1.568
1997-08-13 09:18,1.568
1997-08-13 09:24,1.567
1997-08-13 09:30,1.567
1997-08-13 09:36,1.567
1997-08-13 09:42,1.566
1997-08-13 09:48,1.566
1997-08-13 09:54,1.565
1997-08-13 10:00,1.565
1997-08-13 10:06,1.564
1997-08-13 10:12,1.564
1997-08-13 10:18,1.563
1997-08-13 10:24,1.562
1997-08-13 10:30,1.562
1997-08-13 10:36,1.561
1997-08-13 10:42,1.561
1997-08-13 10:48,1.560
1997-08-13 10:54,1.559
1997-08-13 11:00,1.559
1997-08-13 11:06,1.558
1997-08-13 11:12,1.558
1997-08-13 11:18,1.558
1997-08-13 11:24,1.557
1997-08-13 11:30,1.557
1997-08-13 11:36,1.557
1997-08-13 11:42,1.557
1997-08-13 11:48,1.556
1997-08-13 11:54,1.556
1997-08-13 12:00,1.556
1997-08-13 12:06,1.556
1997-08-13 12:12,1.556
1997-08-13 12:18,1.556
1997-08-13 12:24,1.555
1997-08-13 12:30,1.555
1997-08-13 12:36,1.555
1997-08-13 12:42,1.555
1997-08-13 12:48,1.554
1997-08-13 12:54,1.554
1997-08-13 13:00,1.554
1997-08-13 13:06,1.553
1997-08-13 13:12,1.552
1997-08-13 13:18,1.552
1997-08-13 13:24,1.551
1997-08-13 13:30,1.550
1997-08-13 13:36,1.549
1997-08-13 13:42,1.548
1997-08-13 13:48,1.547
1997-08-13 13:54,1.546
1997-08-13 14:00,1.544
1997-08-13 14:06,1.543
1997-08-13 14:12,1.541
1997-08-13 14:18,1.539
1997-08-13 14:24,1.538
1997-08-13 14:30,1.536
1997-08-13 14:36,1.534
1997-08-13 14:42,1.532
1997-08-13 14:48,1.530
1997-08-13 14:54,1.528
1997-08-13 15:00,1.526
1997-08-13 15:06,1.523
1997-08-13 15:12,1.521
1997-08-13 15:18,1.519
1997-08-13 15:24,1.516
1997-08-13 15:30,1.514
1997-08-13 15:36,1.511
1997-08-13 15:42,1.508
1997-08-13 15:48,1.505
1997-08-13 15:54,1.502
1997-08-13 16:00,1.499
1997-08-13 16:06,1.496
1997-08-13 16:12,1.493
1997-08-13 16:18,1.489
1997-08-13 16:24,1.485
1997-08-13 16:30,1.482
1997-08-13 16:36,1.478
1997-08-13 16:42,1.474
1997-08-13 16:48,1.469
1997-08-13 16:54,1.465
1997-08-13 17:00,1.460
1997-08-13 17:06,1.455
1997-08-13 17:12,1.450
1997-08-13 17:18,1.445
1997-08-13 17:24,1.440
1997-08-13 17:30,1.434
1997-08-13 17:36,1.429
1997-08-13 17:42,1.423
1997-08-13 17:48,1.417
1997-08-13 17:54,1.411
1997-08-13 18:00,1.404
1997-08-13 18:06,1.398
1997-08-13 18:12,1.391
1997-08-13 18:18,1.385
1997-08-13 18:24,1.378
1997-08-13 18:30,1.371
1997-08-13 18:36,1.364
1997-08-13 18:42,1.358
1997-08-13 18:48,1.351
1997-08-13 18:54,1.344
1997-08-13 19:00,1.337
1997-08-13 19:06,1.330
1997-08-13 19:12,1.324
1997-08-13 19:18,1.317
1997-08-13 19:24,1.310
1997-08-13 19:30,1.304
1997-08-13 19:36,1.297
1997-08-13 19:42,1.291
1997-08-13 19:48,1.284
1997-08-13 19:54,1.278
1997-08-13 20:00,1.272
1997-08-13 20:06,1.266
1997-08-13 20:12,1.260
1997-08-13 20:18,1.255
1997-08-13 20:24,1.249
1997-08-13 20:30,1.243
1997-08-13 20:36,1.238
1997-08-13 20:42,1.233
1997-08-13 20:48,1.228
1997-08-13 20:54,1.223
1997-08-13 21:00,1.218
1997-08-13 21:06,1.213
1997-08-13 21:12,1.209
1997-08-13 21:18,1.204
1997-08-13 21:24,1.200
1997-08-13 21:30,1.196
1997-08-13 21:36,1.192
1997-08-13 21:42,1.188
1997-08-13 21:48,1.185
1997-08-13 21:54,1.181
1997-08-13 22:00,1.178
1997-08-13 22:06,1.175
1997-08-13 22:12,1.173
1997-08-13 22:18,1.170
1997-08-13 22:24,1.168
1997-08-13 22:30,1.166
1997-08-13 22:36,1.164
1997-08-13 22:42,1.163
1997-08-13 22:48,1.162
1997-08-13 22:54,1.161
1997-08-13 23:00,1.160
1997-08-13 23:06,1.160
1997-08-13 23:12,1.160
1997-08-13 23:18,1.161
1997-08-13 23:24,1.161
1997-08-13 23:30,1.162
1997-08-13 23:36,1.164
1997-08-13 23:42,1.165
1997-08-13 23:48,1.168
1997-08-13 23:54,1.170
1997-08-14 00:00,1.173
1997-08-14 00:06,1.175
1997-08-14 00:12,1.179
1997-08-14 00:18,1.182
1997-08-14 00:24,1.186
1997-08-14 00:30,1.190
1997-08-14 00:36,1.194
1997-08-14 00:42,1.199
1997-08-14 00:48,1.204
1997-08-14 00:54,1.209
1997-08-14 01:00,1.214
1997-08-14 01:06,1.220
1997-08-14 01:12,1.225
1997-08-14 01:18,1.231
1997-08-14 01:24,1.237
1997-08-14 01:30,1.243
1997-08-14 01:36,1.249
1997-08-14 01:42,1.256
1997-08-14 01:48,1.262
1997-08-14 01:54,1.269
1997-08-14 02:00,1.275
1997-08-14 02:06,1.282
1997-08-14 02:12,1.289
1997-08-14 02:18,1.296
1997-08-14 02:24,1.303
1997-08-14 02:30,1.310
1997-08-14 02:36,1.317
1997-08-14 02:42,1.325
1997-08-14 02:48,1.332
1997-08-14 02:54,1.339
1997-08-14 03:00,1.347
1997-08-14 03:06,1.354
1997-08-14 03:12,1.362
1997-08-14 03:18,1.369
1997-08-14 03:24,1.377
1997-08-14 03:30,1.384
1997-08-14 03:36,1.392
1997-08-14 03:42,1.399
1997-08-14 03:48,1.407
1997-08-14 03:54,1.414
1997-08-14 04:00,1.422
1997-08-14 04:06,1.429
1997-08-14 04:12,1.436
1997-08-14 04:18,1.444
1997-08-14 04:24,1.451
1997-08-14 04:30,1.458
1997-08-14 04:36,1.464
1997-08-14 04:42,1.471
1997-08-14 04:48,1.478
1997-08-14 04:54,1.484
1997-08-14 05:00,1.490
1997-08-14 05:06,1.496
1997-08-14 05:12,1.502
1997-08-14 05:18,1.508
1997-08-14 05:24,1.513
1997-08-14 05:30,1.518
1997-08-14 05:36,1.523
1997-08-14 05:42,1.528
1997-08-14 05:48,1.533
1997-08-14 05:54,1.537
1997-08-14 06:00,1.541
1997-08-14 06:06,1.545
1997-08-14 06:12,1.549
1997-08-14 06:18,1.553
1997-08-14 06:24,1.556
1997-08-14 06:30,1.559
1997-08-14 06:36,1.562
1997-08-14 06:42,1.565
1997-08-14 06:48,1.568
1997-08-14 06:54,1.570
1997-08-14 07:00,1.573
1997-08-14 07:06,1.575
1997-08-14 07:12,1.577
1997-08-14 07:18,1.579
1997-08-14 07:24,1.581
1997-08-14 07:30,1.583
1997-08-14 07:36,1.584
1997-08-14 07:42,1.586
1997-08-14 07:48,1.587
1997-08-14 07:54,1.589
1997-08-14 08:00,1.590
1997-08-14 08:06,1.591
1997-08-14 08:12,1.592
1997-08-14 08:18,1.593
1997-08-14 08:24,1.594
1997-08-14 08:30,1.595
1997-08-14 08:36,1.596
1997-08-14 08:42,1.597
1997-08-14 08:48,1.597
1997-08-14 08:54,1.598
1997-08-14 09:00,1.598
1997-08-14 09:06,1.598
1997-08-14 09:12,1.599
1997-08-14 09:18,1.599
1997-08-14 09:24,1.599
1997-08-14 09:30,1.599
1997-08-14 09:36,1.598
1997-08-14 09:42,1.598
1997-08-14 09:48,1.598
1997-08-14 09:54,1.597
1997-08-14 10:00,1.597
1997-08-14 10:06,1.596
1997-08-14 10:12,1.596
1997-08-14 10:18,1.595
1997-08-14 10:24,1.594
1997-08-14 10:30,1.593
1997-08-14 10:36,1.592
1997-08-14 10:42,1.591
1997-08-14 10:48,1.590
1997-08-14 10:54,1.589
1997-08-14 11:00,1.589
1997-08-14 11:06,1.588
1997-08-14 11:12,1.587
1997-08-14 11:18,1.586
1997-08-14 11:24,1.585
1997-08-14 11:30,1.584
1997-08-14 11:36,1.583
1997-08-14 11:42,1.582
1997-08-14 11:48,1.581
1997-08-14 11:54,1.581
1997-08-14 12:00,1.580
1997-08-14 12:06,1.579
1997-08-14 12:12,1.578
1997-08-14 12:18,1.578
1997-08-14 12:24,1.577
1997-08-14 12:30,1.577
1997-08-14 12:36,1.576
1997-08-14 12:42,1.576
1997-08-14 12:48,1.575
1997-08-14 12:54,1.574
1997-08-14 13:00,1.574
1997-08-14 13:06,1.573
1997-08-14 13:12,1.573
1997-08-14 13:18,1.572
1997-08-14 13:24,1.572
1997-08-14 13:30,1.571
1997-08-14 13:36,1.570
1997-08-14 13:42,1.569
1997-08-14 13:48,1.569
1997-08-14 13:54,1.568
1997-08-14 14:00,1.567
1997-08-14 14:06,1.566
1997-08-14 14:12,1.565
1997-08-14 14:18,1.564
1997-08-14 14:24,1.563
1997-08-14 14:30,1.562
1997-08-14 14:36,1.561
1997-08-14 14:42,1.559
1997-08-14 14:48,1.558
1997-08-14 14:54,1.556
1997-08-14 15:00,1.555
1997-08-14 15:06,1.553
1997-08-14 15:12,1.552
1997-08-14 15:18,1.550
1997-08-14 15:24,1.548
1997-08-14 15:30,1.546
1997-08-14 15:36,1.544
1997-08-14 15:42,1.542
1997-08-14 15:48,1.540
1997-08-14 15:54,1.538
1997-08-14 16:00,1.536
1997-08-14 16:06,1.533
1997-08-14 16:12,1.531
1997-08-14 16:18,1.528
1997-08-14 16:24,1.525
1997-08-14 16:30,1.522
1997-08-14 16:36,1.519
1997-08-14 16:42,1.516
1997-08-14 16:48,1.512
1997-08-14 16:54,1.508
1997-08-14 17:00,1.505
1997-08-14 17:06,1.501
1997-08-14 17:12,1.497
1997-08-14 17:18,1.492
1997-08-14 17:24,1.488
1997-08-14 17:30,1.483
1997-08-14 17:36,1.478
1997-08-14 17:42,1.473
1997-08-14 17:48,1.468
1997-08-14 17:54,1.462
1997-08-14 18:00,1.457
1997-08-14 18:06,1.451
1997-08-14 18:12,1.445
1997-08-14 18:18,1.439
1997-08-14 18:24,1.432
1997-08-14 18:30,1.426
1997-08-14 18:36,1.419
1997-08-14 18:42,1.413
1997-08-14 18:48,1.406
1997-08-14 18:54,1.399
1997-08-14 19:00,1.392
1997-08-14 19:06,1.385
1997-08-14 19:12,1.378
1997-08-14 19:18,1.370
1997-08-14 19:24,1.363
1997-08-14 19:30,1.356
1997-08-14 19:36,1.348
1997-08-14 19:42,1.341
1997-08-14 19:48,1.334
1997-08-14 19:54,1.326
1997-08-14 20:00,1.319
1997-08-14 20:06,1.312
1997-08-14 20:12,1.304
1997-08-14 20:18,1.297
1997-08-14 20:24,1.290
1997-08-14 20:30,1.283
1997-08-14 20:36,1.276
1997-08-14 20:42,1.269
1997-08-14 20:48,1.262
1997-08-14 20:54,1.255
1997-08-14 21:00,1.249
1997-08-14 21:06,1.242
1997-08-14 21:12,1.235
1997-08-14 21:18,1.229
1997-08-14 21:24,1.223
1997-08-14 21:30,1.217
1997-08-14 21:36,1.211
1997-08-14 21:42,1.205
1997-08-14 21:48,1.199
1997-08-14 21:54,1.193
1997-08-14 22:00,1.188
1997-08-14 22:06,1.183
1997-08-14 22:12,1.178
1997-08-14 22:18,1.173
1997-08-14 22:24,1.169
1997-08-14 22:30,1.164
1997-08-14 22:36,1.160
1997-08-14 22:42,1.156
1997-08-14 22:48,1.152
1997-08-14 22:54,1.149
1997-08-14 23:00,1.146
1997-08-14 23:06,1.143
1997-08-14 23:12,1.141
1997-08-14 23:18,1.138
1997-08-14 23:24,1.136
1997-08-14 23:30,1.135
1997-08-14 23:36,1.134
1997-08-14 23:42,1.133
1997-08-14 23:48,1.132
1997-08-14 23:54,1.132
1997-08-15 00:00,1.132
1997-08-15 00:06,1.132
1997-08-15 00:12,1.133
1997-08-15 00:18,1.134
1997-08-15 00:24,1.135
1997-08-15 00:30,1.137
1997-08-15 00:36,1.139
1997-08-15 00:42,1.141
1997-08-15 00:48,1.144
1997-08-15 00:54,1.147
1997-08-15 01:00,1.151
1997-08-15 01:06,1.154
1997-08-15 01:12,1.158
1997-08-15 01:18,1.162
1997-08-15 01:24,1.167
1997-08-15 01:30,1.172
1997-08-15 01:36,1.177
1997-08-15 01:42,1.182
1997-08-15 01:48,1.188
1997-08-15 01:54,1.194
1997-08-15 02:00,1.200
1997-08-15 02:06,1.206
1997-08-15 02:12,1.213
1997-08-15 02:18,1.220
1997-08-15 02:24,1.227
1997-08-15 02:30,1.234
1997-08-15 02:36,1.241
1997-08-15 02:42,1.249
1997-08-15 02:48,1.257
1997-08-15 02:54,1.264
1997-08-15 03:00,1.272
1997-08-15 03:06,1.280
1997-08-15 03:12,1.289
1997-08-15 03:18,1.297
1997-08-15 03:24,1.305
1997-08-15 03:30,1.314
1997-08-15 03:36,1.322
1997-08-15 03:42,1.331
1997-08-15 03:48,1.340
1997-08-15 03:54,1.348
1997-08-15 04:00,1.357
1997-08-15 04:06,1.365
1997-08-15 04:12,1.374
1997-08-15 04:18,1.383
1997-08-15 04:24,1.391
1997-08-15 04:30,1.400
1997-08-15 04:36,1.408
1997-08-15 04:42,1.417
1997-08-15 04:48,1.425
1997-08-15 04:54,1.433
1997-08-15 05:00,1.441
1997-08-15 05:06,1.449
1997-08-15 05:12,1.457
1997-08-15 05:18,1.465
1997-08-15 05:24,1.472
1997-08-15 05:30,1.479
1997-08-15 05:36,1.487
1997-08-15 05:42,1.494
1997-08-15 05:48,1.500
1997-08-15 05:54,1.507
1997-08-15 06:00,1.513
1997-08-15 06:06,1.520
1997-08-15 06:12,1.526
1997-08-15 06:18,1.531
1997-08-15 06:24,1.537
1997-08-15 06:30,1.542
1997-08-15 06:36,1.547
1997-08-15 06:42,1.552
1997-08-15 06:48,1.557
1997-08-15 06:54,1.562
1997-08-15 07:00,1.566
1997-08-15 07:06,1.570
1997-08-15 07:12,1.574
1997-08-15 07:18,1.578
1997-08-15 07:24,1.581
1997-08-15 07:30,1.585
1997-08-15 07:36,1.588
1997-08-15 07:42,1.591
1997-08-15 07:48,1.594
1997-08-15 07:54,1.596
1997-08-15 08:00,1.599
1997-08-15 08:06,1.601
1997-08-15 08:12,1.603
1997-08-15 08:18,1.605
1997-08-15 08:24,1.607
1997-08-15 08:30,1.608
1997-08-15 08:36,1.610
1997-08-15 08:42,1.611
1997-08-15 08:48,1.612
1997-08-15 08:54,1.613
1997-08-15 09:00,1.614
1997-08-15 09:06,1.615
1997-08-15 09:12,1.616
1997-08-15 09:18,1.616
1997-08-15 09:24,1.617
1997-08-15 09:30,1.617
1997-08-15 09:36,1.617
1997-08-15 09:42,1.617
1997-08-15 09:48,1.617
1997-08-15 09:54,1.617
1997-08-15 10:00,1.617
1997-08-15 10:06,1.616
1997-08-15 10:12,1.616
1997-08-15 10:18,1.616
1997-08-15 10:24,1.615
1997-08-15 10:30,1.614
1997-08-15 10:36,1.614
1997-08-15 10:42,1.613
1997-08-15 10:48,1.612
1997-08-15 10:54,1.611
1997-08-15 11:00,1.610
1997-08-15 11:06,1.609
1997-08-15 11:12,1.608
1997-08-15 11:18,1.607
1997-08-15 11:24,1.606
1997-08-15 11:30,1.605
1997-08-15 11:36,1.604
1997-08-15 11:42,1.603
1997-08-15 11:48,1.602
1997-08-15 11:54,1.600
1997-08-15 12:00,1.599
1997-08-15 12:06,1.598
1997-08-15 12:12,1.597
1997-08-15 12:18,1.596
1997-08-15 12:24,1.595
1997-08-15 12:30,1.594
1997-08-15 12:36,1.593
1997-08-15 12:42,1.592
1997-08-15 12:48,1.591
1997-08-15 12:54,1.590
1997-08-15 13:00,1.589
1997-08-15 13:06,1.588
1997-08-15 13:12,1.587
1997-08-15 13:18,1.586
1997-08-15 13:24,1.586
1997-08-15 13:30,1.585
1997-08-15 13:36,1.584
1997-08-15 13:42,1.583
1997-08-15 13:48,1.583
1997-08-15 13:54,1.582
1997-08-15 14:00,1.581
1997-08-15 14:06,1.581
1997-08-15 14:12,1.580
1997-08-15 14:18,1.580
1997-08-15 14:24,1.579
1997-08-15 14:30,1.578
1997-08-15 14:36,1.578
1997-08-15 14:42,1.577
1997-08-15 14:48,1.577
1997-08-15 14:54,1.576
1997-08-15 15:00,1.575
1997-08-15 15:06,1.575
1997-08-15 15:12,1.574
1997-08-15 15:18,1.573
1997-08-15 15:24,1.573
1997-08-15 15:30,1.572
1997-08-15 15:36,1.571
1997-08-15 15:42,1.570
1997-08-15 15:48,1.569
1997-08-15 15:54,1.568
1997-08-15 16:00,1.566
1997-08-15 16:06,1.565
1997-08-15 16:12,1.563
1997-08-15 16:18,1.562
1997-08-15 16:24,1.560
1997-08-15 16:30,1.558
1997-08-15 16:36,1.556
1997-08-15 16:42,1.554
1997-08-15 16:48,1.552
1997-08-15 16:54,1.549
1997-08-15 17:00,1.547
1997-08-15 17:06,1.544
1997-08-15 17:12,1.541
1997-08-15 17:18,1.538
1997-08-15 17:24,1.535
1997-08-15 17:30,1.531
1997-08-15 17:36,1.528
1997-08-15 17:42,1.524
1997-08-15 17:48,1.520
1997-08-15 17:54,1.516
1997-08-15 18:00,1.511
1997-08-15 18:06,1.507
1997-08-15 18:12,1.502
1997-08-15 18:18,1.497
1997-08-15 18:24,1.492
1997-08-15 18:30,1.487
1997-08-15 18:36,1.481
1997-08-15 18:42,1.476
1997-08-15 18:48,1.470
1997-08-15 18:54,1.464
1997-08-15 19:00,1.458
1997-08-15 19:06,1.452
1997-08-15 19:12,1.445
1997-08-15 19:18,1.438
1997-08-15 19:24,1.432
1997-08-15 19:30,1.425
1997-08-15 19:36,1.418
1997-08-15 19:42,1.411
1997-08-15 19:48,1.403
1997-08-15 19:54,1.396
1997-08-15 20:00,1.388
1997-08-15 20:06,1.381
1997-08-15 20:12,1.373
1997-08-15 20:18,1.365
1997-08-15 20:24,1.358
1997-08-15 20:30,1.350
1997-08-15 20:36,1.342
1997-08-15 20:42,1.334
1997-08-15 20:48,1.326
1997-08-15 20:54,1.318
1997-08-15 21:00,1.310
1997-08-15 21:06,1.302
1997-08-15 21:12,1.294
1997-08-15 21:18,1.286
1997-08-15 21:24,1.278
1997-08-15 21:30,1.270
1997-08-15 21:36,1.262
1997-08-15 21:42,1.254
1997-08-15 21:48,1.247
1997-08-15 21:54,1.239
1997-08-15 22:00,1.232
1997-08-15 22:06,1.224
1997-08-15 22:12,1.217
1997-08-15 22:18,1.210
1997-08-15 22:24,1.204
1997-08-15 22:30,1.197
1997-08-15 22:36,1.191
1997-08-15 22:42,1.184
1997-08-15 22:48,1.178
1997-08-15 22:54,1.173
1997-08-15 23:00,1.167
1997-08-15 23:06,1.162
1997-08-15 23:12,1.157
1997-08-15 23:18,1.152
1997-08-15 23:24,1.147
1997-08-15 23:30,1.143
1997-08-15 23:36,1.139
1997-08-15 23:42,1.135
1997-08-15 23:48,1.132
1997-08-15 23:54,1.129
1997-08-16 00:00,1.126
1997-08-16 00:06,1.123
1997-08-16 00:12,1.121
1997-08-16 00:18,1.119
1997-08-16 00:24,1.117
1997-08-16 00:30,1.116
1997-08-16 00:36,1.115
1997-08-16 00:42,1.115
1997-08-16 00:48,1.114
1997-08-16 00:54,1.115
1997-08-16 01:00,1.115
1997-08-16 01:06,1.116
1997-08-16 01:12,1.117
1997-08-16 01:18,1.118
1997-08-16 01:24,1.120
1997-08-16 01:30,1.123
1997-08-16 01:36,1.125
1997-08-16 01:42,1.128
1997-08-16 01:48,1.131
1997-08-16 01:54,1.135
1997-08-16 02:00,1.139
1997-08-16 02:06,1.144
1997-08-16 02:12,1.148
1997-08-16 02:18,1.153
1997-08-16 02:24,1.159
1997-08-16 02:30,1.164
1997-08-16 02:36,1.170
1997-08-16 02:42,1.177
1997-08-16 02:48,1.183
1997-08-16 02:54,1.190
1997-08-16 03:00,1.198
1997-08-16 03:06,1.205
1997-08-16 03:12,1.213
1997-08-16 03:18,1.221
1997-08-16 03:24,1.229
1997-08-16 03:30,1.237
1997-08-16 03:36,1.245
1997-08-16 03:42,1.254
1997-08-16 03:48,1.263
1997-08-16 03:54,1.272
1997-08-16 04:00,1.281
1997-08-16 04:06,1.290
1997-08-16 04:12,1.299
1997-08-16 04:18,1.308
1997-08-16 04:24,1.318
1997-08-16 04:30,1.327
1997-08-16 04:36,1.336
1997-08-16 04:42,1.345
1997-08-16 04:48,1.355
1997-08-16 04:54,1.364
1997-08-16 05:00,1.373
1997-08-16 05:06,1.382
1997-08-16 05:12,1.391
1997-08-16 05:18,1.400
1997-08-16 05:24,1.409
1997-08-16 05:30,1.418
1997-08-16 05:36,1.427
1997-08-16 05:42,1.435
1997-08-16 05:48,1.444
1997-08-16 05:54,1.452
1997-08-16 06:00,1.461
1997-08-16 06:06,1.469
1997-08-16 06:12,1.477
1997-08-16 06:18,1.484
1997-08-16 06:24,1.492
1997-08-16 06:30,1.499
1997-08-16 06:36,1.507
1997-08-16 06:42,1.514
1997-08-16 06:48,1.521
1997-08-16 06:54,1.527
1997-08-16 07:00,1.534
1997-08-16 07:06,1.540
1997-08-16 07:12,1.546
1997-08-16 07:18,1.552
1997-08-16 07:24,1.557
1997-08-16 07:30,1.563
1997-08-16 07:36,1.568
1997-08-16 07:42,1.573
1997-08-16 07:48,1.578
1997-08-16 07:54,1.582
1997-08-16 08:00,1.586
1997-08-16 08:06,1.590
1997-08-16 08:12,1.594
1997-08-16 08:18,1.597
1997-08-16 08:24,1.600
1997-08-16 08:30,1.603
1997-08-16 08:36,1.606
1997-08-16 08:42,1.608
1997-08-16 08:48,1.610
1997-08-16 08:54,1.612
1997-08-16 09:00,1.614
1997-08-16 09:06,1.616
1997-08-16 09:12,1.617
1997-08-16 09:18,1.618
1997-08-16 09:24,1.619
1997-08-16 09:30,1.620
1997-08-16 09:36,1.621
1997-08-16 09:42,1.621
1997-08-16 09:48,1.622
1997-08-16 09:54,1.622
1997-08-16 10:00,1.622
1997-08-16 10:06,1.622
1997-08-16 10:12,1.622
1997-08-16 10:18,1.622
1997-08-16 10:24,1.621
1997-08-16 10:30,1.621
1997-08-16 10:36,1.620
1997-08-16 10:42,1.620
1997-08-16 10:48,1.619
1997-08-16 10:54,1.618
1997-08-16 11:00,1.618
1997-08-16 11:06,1.617
1997-08-16 11:12,1.616
1997-08-16 11:18,1.615
1997-08-16 11:24,1.614
1997-08-16 11:30,1.613
1997-08-16 11:36,1.612
1997-08-16 11:42,1.611
1997-08-16 11:48,1.610
1997-08-16 11:54,1.609
1997-08-16 12:00,1.608
1997-08-16 12:06,1.606
1997-08-16 12:12,1.605
1997-08-16 12:18,1.604
1997-08-16 12:24,1.603
1997-08-16 12:30,1.601
1997-08-16 12:36,1.600
1997-08-16 12:42,1.599
1997-08-16 12:48,1.597
1997-08-16 12:54,1.596
1997-08-16 13:00,1.595
1997-08-16 13:06,1.593
1997-08-16 13:12,1.592
1997-08-16 13:18,1.591
1997-08-16 13:24,1.590
1997-08-16 13:30,1.588
1997-08-16 13:36,1.587
1997-08-16 13:42,1.586
1997-08-16 13:48,1.585
1997-08-16 13:54,1.584
1997-08-16 14:00,1.584
1997-08-16 14:06,1.583
1997-08-16 14:12,1.582
1997-08-16 14:18,1.582
1997-08-16 14:24,1.581
1997-08-16 14:30,1.581
1997-08-16 14:36,1.580
1997-08-16 14:42,1.580
1997-08-16 14:48,1.580
1997-08-16 14:54,1.580
1997-08-16 15:00,1.579
1997-08-16 15:06,1.579
1997-08-16 15:12,1.579
1997-08-16 15:18,1.579
1997-08-16 15:24,1.579
1997-08-16 15:30,1.580
1997-08-16 15:36,1.580
1997-08-16 15:42,1.580
1997-08-16 15:48,1.580
1997-08-16 15:54,1.580
1997-08-16 16:00,1.580
1997-08-16 16:06,1.580
1997-08-16 16:12,1.580
1997-08-16 16:18,1.579
1997-08-16 16:24,1.579
1997-08-16 16:30,1.579
1997-08-16 16:36,1.578
1997-08-16 16:42,1.577
1997-08-16 16:48,1.577
1997-08-16 16:54,1.576
1997-08-16 17:00,1.575
1997-08-16 17:06,1.574
1997-08-16 17:12,1.572
1997-08-16 17:18,1.571
1997-08-16 17:24,1.569
1997-08-16 17:30,1.567
1997-08-16 17:36,1.565
1997-08-16 17:42,1.563
1997-08-16 17:48,1.561
1997-08-16 17:54,1.559
1997-08-16 18:00,1.556
1997-08-16 18:06,1.553
1997-08-16 18:12,1.550
1997-08-16 18:18,1.547
1997-08-16 18:24,1.544
1997-08-16 18:30,1.540
1997-08-16 18:36,1.537
1997-08-16 18:42,1.533
1997-08-16 18:48,1.529
1997-08-16 18:54,1.525
1997-08-16 19:00,1.521
1997-08-16 19:06,1.516
1997-08-16 19:12,1.511
1997-08-16 19:18,1.506
1997-08-16 19:24,1.501
1997-08-16 19:30,1.496
1997-08-16 19:36,1.490
1997-08-16 19:42,1.485
1997-08-16 19:48,1.479
1997-08-16 19:54,1.473
1997-08-16 20:00,1.467
1997-08-16 20:06,1.460
1997-08-16 20:12,1.453
1997-08-16 20:18,1.446
1997-08-16 20:24,1.439
1997-08-16 20:30,1.432
1997-08-16 20:36,1.425
1997-08-16 20:42,1.417
1997-08-16 20:48,1.409
1997-08-16 20:54,1.401
1997-08-16 21:00,1.393
1997-08-16 21:06,1.385
1997-08-16 21:12,1.377
1997-08-16 21:18,1.368
1997-08-16 21:24,1.360
1997-08-16 21:30,1.351
1997-08-16 21:36,1.342
1997-08-16 21:42,1.334
1997-08-16 21:48,1.325
1997-08-16 21:54,1.316
1997-08-16 22:00,1.308
1997-08-16 22:06,1.299
1997-08-16 22:12,1.290
1997-08-16 22:18,1.282
1997-08-16 22:24,1.274
1997-08-16 22:30,1.265
1997-08-16 22:36,1.257
1997-08-16 22:42,1.249
1997-08-16 22:48,1.241
1997-08-16 22:54,1.233
1997-08-16 23:00,1.226
1997-08-16 23:06,1.218
1997-08-16 23:12,1.211
1997-08-16 23:18,1.204
1997-08-16 23:24,1.198
1997-08-16 23:30,1.191
1997-08-16 23:36,1.185
1997-08-16 23:42,1.179
1997-08-16 23:48,1.173
1997-08-16 23:54,1.167
1997-08-17 00:00,1.162
1997-08-17 00:06,1.156
1997-08-17 00:12,1.152
1997-08-17 00:18,1.147
1997-08-17 00:24,1.143
1997-08-17 00:30,1.138
1997-08-17 00:36,1.135
1997-08-17 00:42,1.131
1997-08-17 00:48,1.128
1997-08-17 00:54,1.125
1997-08-17 01:00,1.122
1997-08-17 01:06,1.120
1997-08-17 01:12,1.118
1997-08-17 01:18,1.116
1997-08-17 01:24,1.115
1997-08-17 01:30,1.114
1997-08-17 01:36,1.113
1997-08-17 01:42,1.113
1997-08-17 01:48,1.113
1997-08-17 01:54,1.113
1997-08-17 02:00,1.114
1997-08-17 02:06,1.115
1997-08-17 02:12,1.117
1997-08-17 02:18,1.119
1997-08-17 02:24,1.121
1997-08-17 02:30,1.124
1997-08-17 02:36,1.127
1997-08-17 02:42,1.131
1997-08-17 02:48,1.135
1997-08-17 02:54,1.140
1997-08-17 03:00,1.144
1997-08-17 03:06,1.150
1997-08-17 03:12,1.155
1997-08-17 03:18,1.161
1997-08-17 03:24,1.167
1997-08-17 03:30,1.174
1997-08-17 03:36,1.181
1997-08-17 03:42,1.188
1997-08-17 03:48,1.196
1997-08-17 03:54,1.203
1997-08-17 04:00,1.211
1997-08-17 04:06,1.219
1997-08-17 04:12,1.228
1997-08-17 04:18,1.236
1997-08-17 04:24,1.245
1997-08-17 04:30,1.254
1997-08-17 04:36,1.263
1997-08-17 04:42,1.272
1997-08-17 04:48,1.281
1997-08-17 04:54,1.290
1997-08-17 05:00,1.300
1997-08-17 05:06,1.309
1997-08-17 05:12,1.318
1997-08-17 05:18,1.328
1997-08-17 05:24,1.337
1997-08-17 05:30,1.347
1997-08-17 05:36,1.356
1997-08-17 05:42,1.365
1997-08-17 05:48,1.375
1997-08-17 05:54,1.384
1997-08-17 06:00,1.393
1997-08-17 06:06,1.402
1997-08-17 06:12,1.411
1997-08-17 06:18,1.420
1997-08-17 06:24,1.429
1997-08-17 06:30,1.438
1997-08-17 06:36,1.447
1997-08-17 06:42,1.455
1997-08-17 06:48,1.464
1997-08-17 06:54,1.472
1997-08-17 07:00,1.480
1997-08-17 07:06,1.488
1997-08-17 07:12,1.496
1997-08-17 07:18,1.504
1997-08-17 07:24,1.511
1997-08-17 07:30,1.518
1997-08-17 07:36,1.525
1997-08-17 07:42,1.532
1997-08-17 07:48,1.539
1997-08-17 07:54,1.545
1997-08-17 08:00,1.551
1997-08-17 08:06,1.557
1997-08-17 08:12,1.563
1997-08-17 08:18,1.568
1997-08-17 08:24,1.573
1997-08-17 08:30,1.578
1997-08-17 08:36,1.582
1997-08-17 08:42,1.586
1997-08-17 08:48,1.590
1997-08-17 08:54,1.593
1997-08-17 09:00,1.596
1997-08-17 09:06,1.599
1997-08-17 09:12,1.602
1997-08-17 09:18,1.604
1997-08-17 09:24,1.606
1997-08-17 09:30,1.608
1997-08-17 09:36,1.609
1997-08-17 09:42,1.610
1997-08-17 09:48,1.611
1997-08-17 09:54,1.612
1997-08-17 10:00,1.613
1997-08-17 10:06,1.613
1997-08-17 10:12,1.613
1997-08-17 10:18,1.614
1997-08-17 10:24,1.614
1997-08-17 10:30,1.613
1997-08-17 10:36,1.613
1997-08-17 10:42,1.613
1997-08-17 10:48,1.612
1997-08-17 10:54,1.611
1997-08-17 11:00,1.611
1997-08-17 11:06,1.610
1997-08-17 11:12,1.609
1997-08-17 11:18,1.608
1997-08-17 11:24,1.608
1997-08-17 11:30,1.607
1997-08-17 11:36,1.606
1997-08-17 11:42,1.604
1997-08-17 11:48,1.603
1997-08-17 11:54,1.602
1997-08-17 12:00,1.601
1997-08-17 12:06,1.600
1997-08-17 12:12,1.599
1997-08-17 12:18,1.597
1997-08-17 12:24,1.596
1997-08-17 12:30,1.594
1997-08-17 12:36,1.593
1997-08-17 12:42,1.592
1997-08-17 12:48,1.590
1997-08-17 12:54,1.589
1997-08-17 13:00,1.587
1997-08-17 13:06,1.585
1997-08-17 13:12,1.584
1997-08-17 13:18,1.582
1997-08-17 13:24,1.581
1997-08-17 13:30,1.579
1997-08-17 13:36,1.578
1997-08-17 13:42,1.576
1997-08-17 13:48,1.575
1997-08-17 13:54,1.573
1997-08-17 14:00,1.572
1997-08-17 14:06,1.571
1997-08-17 14:12,1.570
1997-08-17 14:18,1.569
1997-08-17 14:24,1.568
1997-08-17 14:30,1.567
1997-08-17 14:36,1.566
1997-08-17 14:42,1.566
1997-08-17 14:48,1.565
1997-08-17 14:54,1.565
1997-08-17 15:00,1.565
1997-08-17 15:06,1.565
1997-08-17 15:12,1.565
1997-08-17 15:18,1.565
1997-08-17 15:24,1.565
1997-08-17 15:30,1.566
1997-08-17 15:36,1.566
1997-08-17 15:42,1.567
1997-08-17 15:48,1.567
1997-08-17 15:54,1.568
1997-08-17 16:00,1.569
1997-08-17 16:06,1.570
1997-08-17 16:12,1.570
1997-08-17 16:18,1.571
1997-08-17 16:24,1.572
1997-08-17 16:30,1.573
1997-08-17 16:36,1.574
1997-08-17 16:42,1.575
1997-08-17 16:48,1.575
1997-08-17 16:54,1.576
1997-08-17 17:00,1.577
1997-08-17 17:06,1.577
1997-08-17 17:12,1.577
1997-08-17 17:18,1.578
1997-08-17 17:24,1.578
1997-08-17 17:30,1.578
1997-08-17 17:36,1.578
1997-08-17 17:42,1.578
1997-08-17 17:48,1.577
1997-08-17 17:54,1.577
1997-08-17 18:00,1.576
1997-08-17 18:06,1.576
1997-08-17 18:12,1.575
1997-08-17 18:18,1.574
1997-08-17 18:24,1.573
1997-08-17 18:30,1.572
1997-08-17 18:36,1.570
1997-08-17 18:42,1.569
1997-08-17 18:48,1.567
1997-08-17 18:54,1.565
1997-08-17 19:00,1.563
1997-08-17 19:06,1.561
1997-08-17 19:12,1.559
1997-08-17 19:18,1.556
1997-08-17 19:24,1.554
1997-08-17 19:30,1.551
1997-08-17 19:36,1.548
1997-08-17 19:42,1.544
1997-08-17 19:48,1.541
1997-08-17 19:54,1.537
1997-08-17 20:00,1.533
1997-08-17 20:06,1.529
1997-08-17 20:12,1.525
1997-08-17 20:18,1.520
1997-08-17 20:24,1.515
1997-08-17 20:30,1.510
1997-08-17 20:36,1.504
1997-08-17 20:42,1.499
1997-08-17 20:48,1.493
1997-08-17 20:54,1.486
1997-08-17 21:00,1.480
1997-08-17 21:06,1.473
1997-08-17 21:12,1.466
1997-08-17 21:18,1.459
1997-08-17 21:24,1.452
1997-08-17 21:30,1.444
1997-08-17 21:36,1.436
1997-08-17 21:42,1.428
1997-08-17 21:48,1.420
1997-08-17 21:54,1.411
1997-08-17 22:00,1.403
1997-08-17 22:06,1.394
1997-08-17 22:12,1.386
1997-08-17 22:18,1.377
1997-08-17 22:24,1.368
1997-08-17 22:30,1.360
1997-08-17 22:36,1.351
1997-08-17 22:42,1.342
1997-08-17 22:48,1.333
1997-08-17 22:54,1.325
1997-08-17 23:00,1.316
1997-08-17 23:06,1.307
1997-08-17 23:12,1.299
1997-08-17 23:18,1.291
1997-08-17 23:24,1.283
1997-08-17 23:30,1.275
1997-08-17 23:36,1.267
1997-08-17 23:42,1.259
1997-08-17 23:48,1.251
1997-08-17 23:54,1.244
1997-08-18 00:00,1.237
1997-08-18 00:06,1.230
1997-08-18 00:12,1.223
1997-08-18 00:18,1.216
1997-08-18 00:24,1.210
1997-08-18 00:30,1.203
1997-08-18 00:36,1.197
1997-08-18 00:42,1.191
1997-08-18 00:48,1.186
1997-08-18 00:54,1.180
1997-08-18 01:00,1.175
1997-08-18 01:06,1.170
1997-08-18 01:12,1.165
1997-08-18 01:18,1.161
1997-08-18 01:24,1.157
1997-08-18 01:30,1.153
1997-08-18 01:36,1.149
1997-08-18 01:42,1.146
1997-08-18 01:48,1.143
1997-08-18 01:54,1.140
1997-08-18 02:00,1.137
1997-08-18 02:06,1.135
1997-08-18 02:12,1.134
1997-08-18 02:18,1.132
1997-08-18 02:24,1.131
1997-08-18 02:30,1.131
1997-08-18 02:36,1.131
1997-08-18 02:42,1.131
1997-08-18 02:48,1.131
1997-08-18 02:54,1.132
1997-08-18 03:00,1.134
1997-08-18 03:06,1.136
1997-08-18 03:12,1.138
1997-08-18 03:18,1.141
1997-08-18 03:24,1.144
1997-08-18 03:30,1.147
1997-08-18 03:36,1.151
1997-08-18 03:42,1.156
1997-08-18 03:48,1.160
1997-08-18 03:54,1.165
1997-08-18 04:00,1.171
1997-08-18 04:06,1.176
1997-08-18 04:12,1.183
1997-08-18 04:18,1.189
1997-08-18 04:24,1.196
1997-08-18 04:30,1.202
1997-08-18 04:36,1.210
1997-08-18 04:42,1.217
1997-08-18 04:48,1.225
1997-08-18 04:54,1.233
1997-08-18 05:00,1.241
1997-08-18 05:06,1.249
1997-08-18 05:12,1.257
1997-08-18 05:18,1.265
1997-08-18 05:24,1.274
1997-08-18 05:30,1.283
1997-08-18 05:36,1.291
1997-08-18 05:42,1.300
1997-08-18 05:48,1.309
1997-08-18 05:54,1.318
1997-08-18 06:00,1.327
1997-08-18 06:06,1.336
1997-08-18 06:12,1.345
1997-08-18 06:18,1.354
1997-08-18 06:24,1.363
1997-08-18 06:30,1.372
1997-08-18 06:36,1.382
1997-08-18 06:42,1.391
1997-08-18 06:48,1.400
1997-08-18 06:54,1.409
1997-08-18 07:00,1.418
1997-08-18 07:06,1.426
1997-08-18 07:12,1.435
1997-08-18 07:18,1.444
1997-08-18 07:24,1.452
1997-08-18 07:30,1.461
1997-08-18 07:36,1.469
1997-08-18 07:42,1.477
1997-08-18 07:48,1.485
1997-08-18 07:54,1.493
1997-08-18 08:00,1.501
1997-08-18 08:06,1.508
1997-08-18 08:12,1.515
1997-08-18 08:18,1.522
1997-08-18 08:24,1.529
1997-08-18 08:30,1.535
1997-08-18 08:36,1.541
1997-08-18 08:42,1.547
1997-08-18 08:48,1.552
1997-08-18 08:54,1.557
1997-08-18 09:00,1.562
1997-08-18 09:06,1.566
1997-08-18 09:12,1.570
1997-08-18 09:18,1.574
1997-08-18 09:24,1.578
1997-08-18 09:30,1.581
1997-08-18 09:36,1.583
1997-08-18 09:42,1.586
1997-08-18 09:48,1.588
1997-08-18 09:54,1.590
1997-08-18 10:00,1.591
1997-08-18 10:06,1.593
1997-08-18 10:12,1.594
1997-08-18 10:18,1.594
1997-08-18 10:24,1.595
1997-08-18 10:30,1.595
1997-08-18 10:36,1.595
1997-08-18 10:42,1.595
1997-08-18 10:48,1.595
1997-08-18 10:54,1.595
1997-08-18 11:00,1.594
1997-08-18 11:06,1.593
1997-08-18 11:12,1.593
1997-08-18 11:18,1.592
1997-08-18 11:24,1.591
1997-08-18 11:30,1.590
1997-08-18 11:36,1.588
1997-08-18 11:42,1.587
1997-08-18 11:48,1.586
1997-08-18 11:54,1.585
1997-08-18 12:00,1.583
1997-08-18 12:06,1.582
1997-08-18 12:12,1.580
1997-08-18 12:18,1.579
1997-08-18 12:24,1.577
1997-08-18 12:30,1.575
1997-08-18 12:36,1.574
1997-08-18 12:42,1.572
1997-08-18 12:48,1.570
1997-08-18 12:54,1.568
1997-08-18 13:00,1.567
1997-08-18 13:06,1.565
1997-08-18 13:12,1.563
1997-08-18 13:18,1.561
1997-08-18 13:24,1.559
1997-08-18 13:30,1.557
1997-08-18 13:36,1.555
1997-08-18 13:42,1.553
1997-08-18 13:48,1.551
1997-08-18 13:54,1.549
1997-08-18 14:00,1.548
1997-08-18 14:06,1.546
1997-08-18 14:12,1.544
1997-08-18 14:18,1.543
1997-08-18 14:24,1.541
1997-08-18 14:30,1.540
1997-08-18 14:36,1.538
1997-08-18 14:42,1.537
1997-08-18 14:48,1.536
1997-08-18 14:54,1.535
1997-08-18 15:00,1.534
1997-08-18 15:06,1.533
1997-08-18 15:12,1.533
1997-08-18 15:18,1.532
1997-08-18 15:24,1.532
1997-08-18 15:30,1.532
1997-08-18 15:36,1.532
1997-08-18 15:42,1.532
1997-08-18 15:48,1.533
1997-08-18 15:54,1.533
1997-08-18 16:00,1.534
1997-08-18 16:06,1.535
1997-08-18 16:12,1.536
1997-08-18 16:18,1.537
1997-08-18 16:24,1.538
1997-08-18 16:30,1.539
1997-08-18 16:36,1.541
1997-08-18 16:42,1.542
1997-08-18 16:48,1.544
1997-08-18 16:54,1.545
1997-08-18 17:00,1.547
1997-08-18 17:06,1.548
1997-08-18 17:12,1.550
1997-08-18 17:18,1.552
1997-08-18 17:24,1.553
1997-08-18 17:30,1.555
1997-08-18 17:36,1.556
1997-08-18 17:42,1.558
1997-08-18 17:48,1.559
1997-08-18 17:54,1.561
1997-08-18 18:00,1.562
1997-08-18 18:06,1.563
1997-08-18 18:12,1.565
1997-08-18 18:18,1.566
1997-08-18 18:24,1.567
1997-08-18 18:30,1.568
1997-08-18 18:36,1.569
1997-08-18 18:42,1.570
1997-08-18 18:48,1.570
1997-08-18 18:54,1.571
1997-08-18 19:00,1.572
1997-08-18 19:06,1.572
1997-08-18 19:12,1.572
1997-08-18 19:18,1.572
1997-08-18 19:24,1.572
1997-08-18 19:30,1.572
1997-08-18 19:36,1.572
1997-08-18 19:42,1.572
1997-08-18 19:48,1.571
1997-08-18 19:54,1.570
1997-08-18 20:00,1.569
1997-08-18 20:06,1.568
1997-08-18 20:12,1.567
1997-08-18 20:18,1.565
1997-08-18 20:24,1.563
1997-08-18 20:30,1.561
1997-08-18 20:36,1.558
1997-08-18 20:42,1.556
1997-08-18 20:48,1.553
1997-08-18 20:54,1.549
1997-08-18 21:00,1.546
1997-08-18 21:06,1.542
1997-08-18 21:12,1.538
1997-08-18 21:18,1.533
1997-08-18 21:24,1.528
1997-08-18 21:30,1.523
1997-08-18 21:36,1.518
1997-08-18 21:42,1.512
1997-08-18 21:48,1.506
1997-08-18 21:54,1.500
1997-08-18 22:00,1.494
1997-08-18 22:06,1.487
1997-08-18 22:12,1.480
1997-08-18 22:18,1.473
1997-08-18 22:24,1.466
1997-08-18 22:30,1.458
1997-08-18 22:36,1.451
1997-08-18 22:42,1.443
1997-08-18 22:48,1.435
1997-08-18 22:54,1.427
1997-08-18 23:00,1.419
1997-08-18 23:06,1.411
1997-08-18 23:12,1.403
1997-08-18 23:18,1.395
1997-08-18 23:24,1.387
1997-08-18 23:30,1.378
1997-08-18 23:36,1.370
1997-08-18 23:42,1.362
1997-08-18 23:48,1.354
1997-08-18 23:54,1.346
1997-08-19 00:00,1.338
1997-08-19 00:06,1.331
1997-08-19 00:12,1.323
1997-08-19 00:18,1.315
1997-08-19 00:24,1.308
1997-08-19 00:30,1.300
1997-08-19 00:36,1.293
1997-08-19 00:42,1.286
1997-08-19 00:48,1.279
1997-08-19 00:54,1.272
1997-08-19 01:00,1.265
1997-08-19 01:06,1.259
1997-08-19 01:12,1.252
1997-08-19 01:18,1.246
1997-08-19 01:24,1.240
1997-08-19 01:30,1.234
1997-08-19 01:36,1.229
1997-08-19 01:42,1.223
1997-08-19 01:48,1.218
1997-08-19 01:54,1.213
1997-08-19 02:00,1.208
1997-08-19 02:06,1.203
1997-08-19 02:12,1.199
1997-08-19 02:18,1.195
1997-08-19 02:24,1.191
1997-08-19 02:30,1.188
1997-08-19 02:36,1.185
1997-08-19 02:42,1.182
1997-08-19 02:48,1.179
1997-08-19 02:54,1.177
1997-08-19 03:00,1.175
1997-08-19 03:06,1.174
1997-08-19 03:12,1.173
1997-08-19 03:18,1.172
1997-08-19 03:24,1.172
1997-08-19 03:30,1.172
1997-08-19 03:36,1.172
1997-08-19 03:42,1.173
1997-08-19 03:48,1.174
1997-08-19 03:54,1.176
1997-08-19 04:00,1.178
1997-08-19 04:06,1.180
1997-08-19 04:12,1.182
1997-08-19 04:18,1.186
1997-08-19 04:24,1.189
1997-08-19 04:30,1.193
1997-08-19 04:36,1.197
1997-08-19 04:42,1.201
1997-08-19 04:48,1.206
1997-08-19 04:54,1.211
1997-08-19 05:00,1.216
1997-08-19 05:06,1.222
1997-08-19 05:12,1.228
1997-08-19 05:18,1.234
1997-08-19 05:24,1.240
1997-08-19 05:30,1.247
1997-08-19 05:36,1.253
1997-08-19 05:42,1.260
1997-08-19 05:48,1.267
1997-08-19 05:54,1.275
1997-08-19 06:00,1.282
1997-08-19 06:06,1.290
1997-08-19 06:12,1.298
1997-08-19 06:18,1.306
1997-08-19 06:24,1.314
1997-08-19 06:30,1.322
1997-08-19 06:36,1.330
1997-08-19 06:42,1.338
1997-08-19 06:48,1.347
1997-08-19 06:54,1.355
1997-08-19 07:00,1.364
1997-08-19 07:06,1.372
1997-08-19 07:12,1.381
1997-08-19 07:18,1.389
1997-08-19 07:24,1.398
1997-08-19 07:30,1.406
1997-08-19 07:36,1.415
1997-08-19 07:42,1.423
1997-08-19 07:48,1.431
1997-08-19 07:54,1.439
1997-08-19 08:00,1.447
1997-08-19 08:06,1.455
1997-08-19 08:12,1.463
1997-08-19 08:18,1.471
1997-08-19 08:24,1.478
1997-08-19 08:30,1.486
1997-08-19 08:36,1.493
1997-08-19 08:42,1.499
1997-08-19 08:48,1.506
1997-08-19 08:54,1.512
1997-08-19 09:00,1.518
1997-08-19 09:06,1.524
1997-08-19 09:12,1.529
1997-08-19 09:18,1.535
1997-08-19 09:24,1.539
1997-08-19 09:30,1.544
1997-08-19 09:36,1.548
1997-08-19 09:42,1.552
1997-08-19 09:48,1.555
1997-08-19 09:54,1.558
1997-08-19 10:00,1.561
1997-08-19 10:06,1.564
1997-08-19 10:12,1.566
1997-08-19 10:18,1.568
1997-08-19 10:24,1.569
1997-08-19 10:30,1.570
1997-08-19 10:36,1.571
1997-08-19 10:42,1.572
1997-08-19 10:48,1.573
1997-08-19 10:54,1.573
1997-08-19 11:00,1.573
1997-08-19 11:06,1.572
1997-08-19 11:12,1.572
1997-08-19 11:18,1.571
1997-08-19 11:24,1.570
1997-08-19 11:30,1.569
1997-08-19 11:36,1.568
1997-08-19 11:42,1.567
1997-08-19 11:48,1.565
1997-08-19 11:54,1.564
1997-08-19 12:00,1.562
1997-08-19 12:06,1.560
1997-08-19 12:12,1.558
1997-08-19 12:18,1.556
1997-08-19 12:24,1.554
1997-08-19 12:30,1.552
1997-08-19 12:36,1.550
1997-08-19 12:42,1.548
1997-08-19 12:48,1.545
1997-08-19 12:54,1.543
1997-08-19 13:00,1.541
1997-08-19 13:06,1.538
1997-08-19 13:12,1.536
1997-08-19 13:18,1.533
1997-08-19 13:24,1.531
1997-08-19 13:30,1.528
1997-08-19 13:36,1.526
1997-08-19 13:42,1.523
1997-08-19 13:48,1.521
1997-08-19 13:54,1.518
1997-08-19 14:00,1.516
1997-08-19 14:06,1.513
1997-08-19 14:12,1.511
1997-08-19 14:18,1.509
1997-08-19 14:24,1.506
1997-08-19 14:30,1.504
1997-08-19 14:36,1.502
1997-08-19 14:42,1.500
1997-08-19 14:48,1.498
1997-08-19 14:54,1.496
1997-08-19 15:00,1.494
1997-08-19 15:06,1.493
1997-08-19 15:12,1.491
1997-08-19 15:18,1.490
1997-08-19 15:24,1.489
1997-08-19 15:30,1.488
1997-08-19 15:36,1.487
1997-08-19 15:42,1.486
1997-08-19 15:48,1.485
1997-08-19 15:54,1.485
1997-08-19 16:00,1.485
1997-08-19 16:06,1.485
1997-08-19 16:12,1.485
1997-08-19 16:18,1.485
1997-08-19 16:24,1.486
1997-08-19 16:30,1.486
1997-08-19 16:36,1.487
1997-08-19 16:42,1.488
1997-08-19 16:48,1.489
1997-08-19 16:54,1.490
1997-08-19 17:00,1.492
1997-08-19 17:06,1.493
1997-08-19 17:12,1.495
1997-08-19 17:18,1.497
1997-08-19 17:24,1.499
1997-08-19 17:30,1.501
1997-08-19 17:36,1.503
1997-08-19 17:42,1.505
1997-08-19 17:48,1.507
1997-08-19 17:54,1.510
1997-08-19 18:00,1.512
1997-08-19 18:06,1.515
1997-08-19 18:12,1.517
1997-08-19 18:18,1.520
1997-08-19 18:24,1.522
1997-08-19 18:30,1.525
1997-08-19 18:36,1.528
1997-08-19 18:42,1.530
1997-08-19 18:48,1.533
1997-08-19 18:54,1.536
1997-08-19 19:00,1.538
1997-08-19 19:06,1.541
1997-08-19 19:12,1.544
1997-08-19 19:18,1.546
1997-08-19 19:24,1.549
1997-08-19 19:30,1.551
1997-08-19 19:36,1.553
1997-08-19 19:42,1.556
1997-08-19 19:48,1.558
1997-08-19 19:54,1.560
1997-08-19 20:00,1.562
1997-08-19 20:06,1.563
1997-08-19 20:12,1.565
1997-08-19 20:18,1.566
1997-08-19 20:24,1.567
1997-08-19 20:30,1.568
1997-08-19 20:36,1.569
1997-08-19 20:42,1.570
1997-08-19 20:48,1.570
1997-08-19 20:54,1.570
1997-08-19 21:00,1.570
1997-08-19 21:06,1.570
1997-08-19 21:12,1.569
1997-08-19 21:18,1.568
1997-08-19 21:24,1.567
1997-08-19 21:30,1.565
1997-08-19 21:36,1.563
1997-08-19 21:42,1.561
1997-08-19 21:48,1.559
1997-08-19 21:54,1.556
1997-08-19 22:00,1.553
1997-08-19 22:06,1.550
1997-08-19 22:12,1.546
1997-08-19 22:18,1.542
1997-08-19 22:24,1.538
1997-08-19 22:30,1.534
1997-08-19 22:36,1.529
1997-08-19 22:42,1.524
1997-08-19 22:48,1.519
1997-08-19 22:54,1.513
1997-08-19 23:00,1.508
1997-08-19 23:06,1.502
1997-08-19 23:12,1.496
1997-08-19 23:18,1.490
1997-08-19 23:24,1.484
1997-08-19 23:30,1.477
1997-08-19 23:36,1.471
1997-08-19 23:42,1.464
1997-08-19 23:48,1.457
1997-08-19 23:54,1.450
1997-08-20 00:00,1.444
1997-08-20 00:06,1.437
1997-08-20 00:12,1.430
1997-08-20 00:18,1.423
1997-08-20 00:24,1.416
1997-08-20 00:30,1.408
1997-08-20 00:36,1.401
1997-08-20 00:42,1.394
1997-08-20 00:48,1.387
1997-08-20 00:54,1.381
1997-08-20 01:00,1.374
1997-08-20 01:06,1.367
1997-08-20 01:12,1.360
1997-08-20 01:18,1.353
1997-08-20 01:24,1.347
1997-08-20 01:30,1.340
1997-08-20 01:36,1.334
1997-08-20 01:42,1.328
1997-08-20 01:48,1.321
1997-08-20 01:54,1.315
1997-08-20 02:00,1.310
1997-08-20 02:06,1.304
1997-08-20 02:12,1.298
1997-08-20 02:18,1.293
1997-08-20 02:24,1.288
1997-08-20 02:30,1.283
1997-08-20 02:36,1.278
1997-08-20 02:42,1.273
1997-08-20 02:48,1.269
1997-08-20 02:54,1.265
1997-08-20 03:00,1.261
1997-08-20 03:06,1.257
1997-08-20 03:12,1.253
1997-08-20 03:18,1.250
1997-08-20 03:24,1.247
1997-08-20 03:30,1.245
1997-08-20 03:36,1.242
1997-08-20 03:42,1.240
1997-08-20 03:48,1.238
1997-08-20 03:54,1.237
1997-08-20 04:00,1.235
1997-08-20 04:06,1.235
1997-08-20 04:12,1.234
1997-08-20 04:18,1.234
1997-08-20 04:24,1.234
1997-08-20 04:30,1.234
1997-08-20 04:36,1.234
1997-08-20 04:42,1.235
1997-08-20 04:48,1.237
1997-08-20 04:54,1.238
1997-08-20 05:00,1.240
1997-08-20 05:06,1.242
1997-08-20 05:12,1.245
1997-08-20 05:18,1.248
1997-08-20 05:24,1.251
1997-08-20 05:30,1.254
1997-08-20 05:36,1.258
1997-08-20 05:42,1.262
1997-08-20 05:48,1.266
1997-08-20 05:54,1.270
1997-08-20 06:00,1.275
1997-08-20 06:06,1.280
1997-08-20 06:12,1.286
1997-08-20 06:18,1.291
1997-08-20 06:24,1.297
1997-08-20 06:30,1.303
1997-08-20 06:36,1.309
1997-08-20 06:42,1.315
1997-08-20 06:48,1.322
1997-08-20 06:54,1.328
1997-08-20 07:00,1.335
1997-08-20 07:06,1.342
1997-08-20 07:12,1.349
1997-08-20 07:18,1.356
1997-08-20 07:24,1.364
1997-08-20 07:30,1.371
1997-08-20 07:36,1.378
1997-08-20 07:42,1.386
1997-08-20 07:48,1.393
1997-08-20 07:54,1.401
1997-08-20 08:00,1.408
1997-08-20 08:06,1.416
1997-08-20 08:12,1.423
1997-08-20 08:18,1.430
1997-08-20 08:24,1.438
1997-08-20 08:30,1.445
1997-08-20 08:36,1.452
1997-08-20 08:42,1.459
1997-08-20 08:48,1.465
1997-08-20 08:54,1.472
1997-08-20 09:00,1.478
1997-08-20 09:06,1.484
1997-08-20 09:12,1.490
1997-08-20 09:18,1.496
1997-08-20 09:24,1.501
1997-08-20 09:30,1.507
1997-08-20 09:36,1.511
1997-08-20 09:42,1.516
1997-08-20 09:48,1.521
1997-08-20 09:54,1.525
1997-08-20 10:00,1.529
1997-08-20 10:06,1.532
1997-08-20 10:12,1.535
1997-08-20 10:18,1.538
1997-08-20 10:24,1.541
1997-08-20 10:30,1.543
1997-08-20 10:36,1.545
1997-08-20 10:42,1.547
1997-08-20 10:48,1.548
1997-08-20 10:54,1.550
1997-08-20 11:00,1.550
1997-08-20 11:06,1.551
1997-08-20 11:12,1.551
1997-08-20 11:18,1.551
1997-08-20 11:24,1.551
1997-08-20 11:30,1.551
1997-08-20 11:36,1.550
1997-08-20 11:42,1.549
1997-08-20 11:48,1.548
1997-08-20 11:54,1.546
1997-08-20 12:00,1.545
1997-08-20 12:06,1.543
1997-08-20 12:12,1.541
1997-08-20 12:18,1.539
1997-08-20 12:24,1.537
1997-08-20 12:30,1.534
1997-08-20 12:36,1.531
1997-08-20 12:42,1.529
1997-08-20 12:48,1.526
1997-08-20 12:54,1.523
1997-08-20 13:00,1.520
1997-08-20 13:06,1.517
1997-08-20 13:12,1.514
1997-08-20 13:18,1.510
1997-08-20 13:24,1.507
1997-08-20 13:30,1.504
1997-08-20 13:36,1.500
1997-08-20 13:42,1.497
1997-08-20 13:48,1.493
1997-08-20 13:54,1.490
1997-08-20 14:00,1.487
1997-08-20 14:06,1.483
1997-08-20 14:12,1.480
1997-08-20 14:18,1.477
1997-08-20 14:24,1.474
1997-08-20 14:30,1.470
1997-08-20 14:36,1.467
1997-08-20 14:42,1.464
1997-08-20 14:48,1.461
1997-08-20 14:54,1.458
1997-08-20 15:00,1.456
1997-08-20 15:06,1.453
1997-08-20 15:12,1.450
1997-08-20 15:18,1.448
1997-08-20 15:24,1.445
1997-08-20 15:30,1.443
1997-08-20 15:36,1.441
1997-08-20 15:42,1.439
1997-08-20 15:48,1.437
1997-08-20 15:54,1.435
1997-08-20 16:00,1.434
1997-08-20 16:06,1.432
1997-08-20 16:12,1.431
1997-08-20 16:18,1.430
1997-08-20 16:24,1.429
1997-08-20 16:30,1.428
1997-08-20 16:36,1.428
1997-08-20 16:42,1.427
1997-08-20 16:48,1.427
1997-08-20 16:54,1.427
1997-08-20 17:00,1.427
1997-08-20 17:06,1.428
1997-08-20 17:12,1.428
1997-08-20 17:18,1.429
1997-08-20 17:24,1.430
1997-08-20 17:30,1.431
1997-08-20 17:36,1.432
1997-08-20 17:42,1.434
1997-08-20 17:48,1.435
1997-08-20 17:54,1.437
1997-08-20 18:00,1.439
1997-08-20 18:06,1.442
1997-08-20 18:12,1.444
1997-08-20 18:18,1.447
1997-08-20 18:24,1.450
1997-08-20 18:30,1.453
1997-08-20 18:36,1.456
1997-08-20 18:42,1.459
1997-08-20 18:48,1.463
1997-08-20 18:54,1.466
1997-08-20 19:00,1.470
1997-08-20 19:06,1.474
1997-08-20 19:12,1.477
1997-08-20 19:18,1.481
1997-08-20 19:24,1.485
1997-08-20 19:30,1.489
1997-08-20 19:36,1.493
1997-08-20 19:42,1.498
1997-08-20 19:48,1.502
1997-08-20 19:54,1.506
1997-08-20 20:00,1.510
1997-08-20 20:06,1.514
1997-08-20 20:12,1.518
1997-08-20 20:18,1.521
1997-08-20 20:24,1.525
1997-08-20 20:30,1.529
1997-08-20 20:36,1.532
1997-08-20 20:42,1.536
1997-08-20 20:48,1.539
1997-08-20 20:54,1.542
1997-08-20 21:00,1.545
1997-08-20 21:06,1.548
1997-08-20 21:12,1.550
1997-08-20 21:18,1.553
1997-08-20 21:24,1.555
1997-08-20 21:30,1.557
1997-08-20 21:36,1.558
1997-08-20 21:42,1.560
1997-08-20 21:48,1.561
1997-08-20 21:54,1.562
1997-08-20 22:00,1.562
1997-08-20 22:06,1.563
1997-08-20 22:12,1.563
1997-08-20 22:18,1.563
1997-08-20 22:24,1.563
1997-08-20 22:30,1.562
1997-08-20 22:36,1.561
1997-08-20 22:42,1.560
1997-08-20 22:48,1.559
1997-08-20 22:54,1.557
1997-08-20 23:00,1.555
1997-08-20 23:06,1.553
1997-08-20 23:12,1.551
1997-08-20 23:18,1.548
1997-08-20 23:24,1.545
1997-08-20 23:30,1.542
1997-08-20 23:36,1.539
1997-08-20 23:42,1.535
1997-08-20 23:48,1.532
1997-08-20 23:54,1.528
1997-08-21 00:00,1.524
1997-08-21 00:06,1.519
1997-08-21 00:12,1.515
1997-08-21 00:18,1.510
1997-08-21 00:24,1.505
1997-08-21 00:30,1.500
1997-08-21 00:36,1.495
1997-08-21 00:42,1.490
1997-08-21 00:48,1.485
1997-08-21 00:54,1.480
1997-08-21 01:00,1.474
1997-08-21 01:06,1.469
1997-08-21 01:12,1.463
1997-08-21 01:18,1.457
1997-08-21 01:24,1.452
1997-08-21 01:30,1.446
1997-08-21 01:36,1.440
1997-08-21 01:42,1.435
1997-08-21 01:48,1.429
1997-08-21 01:54,1.423
1997-08-21 02:00,1.418
1997-08-21 02:06,1.412
1997-08-21 02:12,1.407
1997-08-21 02:18,1.402
1997-08-21 02:24,1.397
1997-08-21 02:30,1.391
1997-08-21 02:36,1.386
1997-08-21 02:42,1.381
1997-08-21 02:48,1.377
1997-08-21 02:54,1.372
1997-08-21 03:00,1.367
1997-08-21 03:06,1.363
1997-08-21 03:12,1.359
1997-08-21 03:18,1.355
1997-08-21 03:24,1.351
1997-08-21 03:30,1.347
1997-08-21 03:36,1.343
1997-08-21 03:42,1.340
1997-08-21 03:48,1.336
1997-08-21 03:54,1.333
1997-08-21 04:00,1.330
1997-08-21 04:06,1.327
1997-08-21 04:12,1.324
1997-08-21 04:18,1.322
1997-08-21 04:24,1.320
1997-08-21 04:30,1.317
1997-08-21 04:36,1.316
1997-08-21 04:42,1.314
1997-08-21 04:48,1.312
1997-08-21 04:54,1.311
1997-08-21 05:00,1.310
1997-08-21 05:06,1.309
1997-08-21 05:12,1.309
1997-08-21 05:18,1.308
1997-08-21 05:24,1.308
1997-08-21 05:30,1.308
1997-08-21 05:36,1.309
1997-08-21 05:42,1.309
1997-08-21 05:48,1.310
1997-08-21 05:54,1.312
1997-08-21 06:00,1.313
1997-08-21 06:06,1.315
1997-08-21 06:12,1.317
1997-08-21 06:18,1.320
1997-08-21 06:24,1.322
1997-08-21 06:30,1.325
1997-08-21 06:36,1.328
1997-08-21 06:42,1.332
1997-08-21 06:48,1.336
1997-08-21 06:54,1.340
1997-08-21 07:00,1.344
1997-08-21 07:06,1.348
1997-08-21 07:12,1.353
1997-08-21 07:18,1.358
1997-08-21 07:24,1.363
1997-08-21 07:30,1.368
1997-08-21 07:36,1.373
1997-08-21 07:42,1.379
1997-08-21 07:48,1.384
1997-08-21 07:54,1.390
1997-08-21 08:00,1.396
1997-08-21 08:06,1.402
1997-08-21 08:12,1.408
1997-08-21 08:18,1.414
1997-08-21 08:24,1.420
1997-08-21 08:30,1.426
1997-08-21 08:36,1.431
1997-08-21 08:42,1.437
1997-08-21 08:48,1.443
1997-08-21 08:54,1.449
1997-08-21 09:00,1.454
1997-08-21 09:06,1.460
1997-08-21 09:12,1.465
1997-08-21 09:18,1.471
1997-08-21 09:24,1.476
1997-08-21 09:30,1.481
1997-08-21 09:36,1.486
1997-08-21 09:42,1.490
1997-08-21 09:48,1.495
1997-08-21 09:54,1.499
1997-08-21 10:00,1.503
1997-08-21 10:06,1.507
1997-08-21 10:12,1.511
1997-08-21 10:18,1.514
1997-08-21 10:24,1.517
1997-08-21 10:30,1.520
1997-08-21 10:36,1.523
1997-08-21 10:42,1.526
1997-08-21 10:48,1.528
1997-08-21 10:54,1.530
1997-08-21 11:00,1.532
1997-08-21 11:06,1.533
1997-08-21 11:12,1.534
1997-08-21 11:18,1.535
1997-08-21 11:24,1.536
1997-08-21 11:30,1.536
1997-08-21 11:36,1.537
1997-08-21 11:42,1.536
1997-08-21 11:48,1.536
1997-08-21 11:54,1.535
1997-08-21 12:00,1.534
1997-08-21 12:06,1.533
1997-08-21 12:12,1.532
1997-08-21 12:18,1.530
1997-08-21 12:24,1.528
1997-08-21 12:30,1.526
1997-08-21 12:36,1.523
1997-08-21 12:42,1.521
1997-08-21 12:48,1.518
1997-08-21 12:54,1.515
1997-08-21 13:00,1.512
1997-08-21 13:06,1.508
1997-08-21 13:12,1.505
1997-08-21 13:18,1.501
1997-08-21 13:24,1.497
1997-08-21 13:30,1.493
1997-08-21 13:36,1.489
1997-08-21 13:42,1.485
1997-08-21 13:48,1.481
1997-08-21 13:54,1.476
1997-08-21 14:00,1.472
1997-08-21 14:06,1.468
1997-08-21 14:12,1.463
1997-08-21 14:18,1.459
1997-08-21 14:24,1.455
1997-08-21 14:30,1.450
1997-08-21 14:36,1.446
1997-08-21 14:42,1.442
1997-08-21 14:48,1.438
1997-08-21 14:54,1.434
1997-08-21 15:00,1.430
1997-08-21 15:06,1.426
1997-08-21 15:12,1.422
1997-08-21 15:18,1.418
1997-08-21 15:24,1.415
1997-08-21 15:30,1.411
1997-08-21 15:36,1.408
1997-08-21 15:42,1.404
1997-08-21 15:48,1.401
1997-08-21 15:54,1.398
1997-08-21 16:00,1.395
1997-08-21 16:06,1.392
1997-08-21 16:12,1.389
1997-08-21 16:18,1.386
1997-08-21 16:24,1.384
1997-08-21 16:30,1.381
1997-08-21 16:36,1.379
1997-08-21 16:42,1.377
1997-08-21 16:48,1.375
1997-08-21 16:54,1.373
1997-08-21 17:00,1.371
1997-08-21 17:06,1.370
1997-08-21 17:12,1.369
1997-08-21 17:18,1.367
1997-08-21 17:24,1.367
1997-08-21 17:30,1.366
1997-08-21 17:36,1.365
1997-08-21 17:42,1.365
1997-08-21 17:48,1.365
1997-08-21 17:54,1.365
1997-08-21 18:00,1.366
1997-08-21 18:06,1.366
1997-08-21 18:12,1.367
1997-08-21 18:18,1.369
1997-08-21 18:24,1.370
1997-08-21 18:30,1.372
1997-08-21 18:36,1.374
1997-08-21 18:42,1.376
1997-08-21 18:48,1.379
1997-08-21 18:54,1.382
1997-08-21 19:00,1.385
1997-08-21 19:06,1.388
1997-08-21 19:12,1.392
1997-08-21 19:18,1.395
1997-08-21 19:24,1.399
1997-08-21 19:30,1.404
1997-08-21 19:36,1.408
1997-08-21 19:42,1.412
1997-08-21 19:48,1.417
1997-08-21 19:54,1.422
1997-08-21 20:00,1.427
1997-08-21 20:06,1.432
1997-08-21 20:12,1.437
1997-08-21 20:18,1.442
1997-08-21 20:24,1.447
1997-08-21 20:30,1.452
1997-08-21 20:36,1.457
1997-08-21 20:42,1.462
1997-08-21 20:48,1.467
1997-08-21 20:54,1.472
1997-08-21 21:00,1.477
1997-08-21 21:06,1.482
1997-08-21 21:12,1.486
1997-08-21 21:18,1.491
1997-08-21 21:24,1.496
1997-08-21 21:30,1.500
1997-08-21 21:36,1.504
1997-08-21 21:42,1.509
1997-08-21 21:48,1.513
1997-08-21 21:54,1.516
1997-08-21 22:00,1.520
1997-08-21 22:06,1.524
1997-08-21 22:12,1.527
1997-08-21 22:18,1.530
1997-08-21 22:24,1.533
1997-08-21 22:30,1.536
1997-08-21 22:36,1.539
1997-08-21 22:42,1.542
1997-08-21 22:48,1.544
1997-08-21 22:54,1.546
1997-08-21 23:00,1.548
1997-08-21 23:06,1.550
1997-08-21 23:12,1.551
1997-08-21 23:18,1.553
1997-08-21 23:24,1.554
1997-08-21 23:30,1.555
1997-08-21 23:36,1.555
1997-08-21 23:42,1.556
1997-08-21 23:48,1.556
1997-08-21 23:54,1.556
1997-08-22 00:00,1.555
1997-08-22 00:06,1.555
1997-08-22 00:12,1.554
1997-08-22 00:18,1.553
1997-08-22 00:24,1.552
1997-08-22 00:30,1.551
1997-08-22 00:36,1.549
1997-08-22 00:42,1.547
1997-08-22 00:48,1.545
1997-08-22 00:54,1.543
1997-08-22 01:00,1.540
1997-08-22 01:06,1.537
1997-08-22 01:12,1.534
1997-08-22 01:18,1.531
1997-08-22 01:24,1.528
1997-08-22 01:30,1.525
1997-08-22 01:36,1.522
1997-08-22 01:42,1.518
1997-08-22 01:48,1.514
1997-08-22 01:54,1.511
1997-08-22 02:00,1.507
1997-08-22 02:06,1.503
1997-08-22 02:12,1.499
1997-08-22 02:18,1.495
1997-08-22 02:24,1.491
1997-08-22 02:30,1.488
1997-08-22 02:36,1.484
1997-08-22 02:42,1.480
1997-08-22 02:48,1.476
1997-08-22 02:54,1.472
1997-08-22 03:00,1.469
1997-08-22 03:06,1.465
1997-08-22 03:12,1.461
1997-08-22 03:18,1.458
1997-08-22 03:24,1.454
1997-08-22 03:30,1.451
1997-08-22 03:36,1.447
1997-08-22 03:42,1.444
1997-08-22 03:48,1.441
1997-08-22 03:54,1.438
1997-08-22 04:00,1.434
1997-08-22 04:06,1.431
1997-08-22 04:12,1.428
1997-08-22 04:18,1.425
1997-08-22 04:24,1.422
1997-08-22 04:30,1.419
1997-08-22 04:36,1.417
1997-08-22 04:42,1.414
1997-08-22 04:48,1.411
1997-08-22 04:54,1.409
1997-08-22 05:00,1.406
1997-08-22 05:06,1.404
1997-08-22 05:12,1.402
1997-08-22 05:18,1.399
1997-08-22 05:24,1.397
1997-08-22 05:30,1.395
1997-08-22 05:36,1.394
1997-08-22 05:42,1.392
1997-08-22 05:48,1.391
1997-08-22 05:54,1.389
1997-08-22 06:00,1.388
1997-08-22 06:06,1.387
1997-08-22 06:12,1.387
1997-08-22 06:18,1.386
1997-08-22 06:24,1.386
1997-08-22 06:30,1.386
1997-08-22 06:36,1.387
1997-08-22 06:42,1.387
1997-08-22 06:48,1.388
1997-08-22 06:54,1.389
1997-08-22 07:00,1.390
1997-08-22 07:06,1.392
1997-08-22 07:12,1.394
1997-08-22 07:18,1.396
1997-08-22 07:24,1.398
1997-08-22 07:30,1.401
1997-08-22 07:36,1.403
1997-08-22 07:42,1.406
1997-08-22 07:48,1.410
1997-08-22 07:54,1.413
1997-08-22 08:00,1.416
1997-08-22 08:06,1.420
1997-08-22 08:12,1.424
1997-08-22 08:18,1.427
1997-08-22 08:24,1.431
1997-08-22 08:30,1.435
1997-08-22 08:36,1.439
1997-08-22 08:42,1.443
1997-08-22 08:48,1.448
1997-08-22 08:54,1.452
1997-08-22 09:00,1.456
1997-08-22 09:06,1.460
1997-08-22 09:12,1.464
1997-08-22 09:18,1.468
1997-08-22 09:24,1.472
1997-08-22 09:30,1.476
1997-08-22 09:36,1.480
1997-08-22 09:42,1.483
1997-08-22 09:48,1.487
1997-08-22 09:54,1.490
1997-08-22 10:00,1.494
1997-08-22 10:06,1.497
1997-08-22 10:12,1.500
1997-08-22 10:18,1.503
1997-08-22 10:24,1.506
1997-08-22 10:30,1.509
1997-08-22 10:36,1.512
1997-08-22 10:42,1.514
1997-08-22 10:48,1.517
1997-08-22 10:54,1.519
1997-08-22 11:00,1.521
1997-08-22 11:06,1.523
1997-08-22 11:12,1.525
1997-08-22 11:18,1.526
1997-08-22 11:24,1.527
1997-08-22 11:30,1.529
1997-08-22 11:36,1.529
1997-08-22 11:42,1.530
1997-08-22 11:48,1.531
1997-08-22 11:54,1.531
1997-08-22 12:00,1.531
1997-08-22 12:06,1.530
1997-08-22 12:12,1.530
1997-08-22 12:18,1.529
1997-08-22 12:24,1.528
1997-08-22 12:30,1.527
1997-08-22 12:36,1.525
1997-08-22 12:42,1.523
1997-08-22 12:48,1.521
1997-08-22 12:54,1.518
1997-08-22 13:00,1.516
1997-08-22 13:06,1.513
1997-08-22 13:12,1.510
1997-08-22 13:18,1.506
1997-08-22 13:24,1.503
1997-08-22 13:30,1.499
1997-08-22 13:36,1.495
1997-08-22 13:42,1.490
1997-08-22 13:48,1.486
1997-08-22 13:54,1.482
1997-08-22 14:00,1.477
1997-08-22 14:06,1.472
1997-08-22 14:12,1.467
1997-08-22 14:18,1.462
1997-08-22 14:24,1.457
1997-08-22 14:30,1.452
1997-08-22 14:36,1.447
1997-08-22 14:42,1.442
1997-08-22 14:48,1.437
1997-08-22 14:54,1.432
1997-08-22 15:00,1.427
1997-08-22 15:06,1.422
1997-08-22 15:12,1.417
1997-08-22 15:18,1.412
1997-08-22 15:24,1.407
1997-08-22 15:30,1.402
1997-08-22 15:36,1.397
1997-08-22 15:42,1.392
1997-08-22 15:48,1.388
1997-08-22 15:54,1.383
1997-08-22 16:00,1.379
1997-08-22 16:06,1.374
1997-08-22 16:12,1.370
1997-08-22 16:18,1.366
1997-08-22 16:24,1.362
1997-08-22 16:30,1.358
1997-08-22 16:36,1.354
1997-08-22 16:42,1.350
1997-08-22 16:48,1.346
1997-08-22 16:54,1.342
1997-08-22 17:00,1.339
1997-08-22 17:06,1.335
1997-08-22 17:12,1.332
1997-08-22 17:18,1.329
1997-08-22 17:24,1.326
1997-08-22 17:30,1.323
1997-08-22 17:36,1.320
1997-08-22 17:42,1.318
1997-08-22 17:48,1.316
1997-08-22 17:54,1.314
1997-08-22 18:00,1.312
1997-08-22 18:06,1.310
1997-08-22 18:12,1.309
1997-08-22 18:18,1.308
1997-08-22 18:24,1.307
1997-08-22 18:30,1.307
1997-08-22 18:36,1.307
1997-08-22 18:42,1.307
1997-08-22 18:48,1.307
1997-08-22 18:54,1.308
1997-08-22 19:00,1.309
1997-08-22 19:06,1.310
1997-08-22 19:12,1.312
1997-08-22 19:18,1.314
1997-08-22 19:24,1.316
1997-08-22 19:30,1.319
1997-08-22 19:36,1.322
1997-08-22 19:42,1.325
1997-08-22 19:48,1.329
1997-08-22 19:54,1.332
1997-08-22 20:00,1.336
1997-08-22 20:06,1.341
1997-08-22 20:12,1.345
1997-08-22 20:18,1.349
1997-08-22 20:24,1.354
1997-08-22 20:30,1.359
1997-08-22 20:36,1.364
1997-08-22 20:42,1.369
1997-08-22 20:48,1.375
1997-08-22 20:54,1.380
1997-08-22 21:00,1.385
1997-08-22 21:06,1.391
1997-08-22 21:12,1.396
1997-08-22 21:18,1.402
1997-08-22 21:24,1.407
1997-08-22 21:30,1.413
1997-08-22 21:36,1.418
1997-08-22 21:42,1.424
1997-08-22 21:48,1.429
1997-08-22 21:54,1.435
1997-08-22 22:00,1.440
1997-08-22 22:06,1.446
1997-08-22 22:12,1.451
1997-08-22 22:18,1.456
1997-08-22 22:24,1.461
1997-08-22 22:30,1.467
1997-08-22 22:36,1.472
1997-08-22 22:42,1.477
1997-08-22 22:48,1.481
1997-08-22 22:54,1.486
1997-08-22 23:00,1.491
1997-08-22 23:06,1.496
1997-08-22 23:12,1.500
1997-08-22 23:18,1.505
1997-08-22 23:24,1.509
1997-08-22 23:30,1.513
1997-08-22 23:36,1.517
1997-08-22 23:42,1.521
1997-08-22 23:48,1.525
1997-08-22 23:54,1.528
1997-08-23 00:00,1.532
1997-08-23 00:06,1.535
1997-08-23 00:12,1.538
1997-08-23 00:18,1.541
1997-08-23 00:24,1.543
1997-08-23 00:30,1.546
1997-08-23 00:36,1.548
1997-08-23 00:42,1.550
1997-08-23 00:48,1.551
1997-08-23 00:54,1.553
1997-08-23 01:00,1.554
1997-08-23 01:06,1.555
1997-08-23 01:12,1.556
1997-08-23 01:18,1.556
1997-08-23 01:24,1.557
1997-08-23 01:30,1.557
1997-08-23 01:36,1.557
1997-08-23 01:42,1.557
1997-08-23 01:48,1.556
1997-08-23 01:54,1.555
1997-08-23 02:00,1.555
1997-08-23 02:06,1.554
1997-08-23 02:12,1.553
1997-08-23 02:18,1.551
1997-08-23 02:24,1.550
1997-08-23 02:30,1.549
1997-08-23 02:36,1.547
1997-08-23 02:42,1.546
1997-08-23 02:48,1.544
1997-08-23 02:54,1.542
1997-08-23 03:00,1.541
1997-08-23 03:06,1.539
1997-08-23 03:12,1.537
1997-08-23 03:18,1.535
1997-08-23 03:24,1.533
1997-08-23 03:30,1.531
1997-08-23 03:36,1.529
1997-08-23 03:42,1.528
1997-08-23 03:48,1.526
1997-08-23 03:54,1.524
1997-08-23 04:00,1.522
1997-08-23 04:06,1.520
1997-08-23 04:12,1.518
1997-08-23 04:18,1.516
1997-08-23 04:24,1.514
1997-08-23 04:30,1.512
1997-08-23 04:36,1.509
1997-08-23 04:42,1.507
1997-08-23 04:48,1.505
1997-08-23 04:54,1.503
1997-08-23 05:00,1.501
1997-08-23 05:06,1.499
1997-08-23 05:12,1.496
1997-08-23 05:18,1.494
1997-08-23 05:24,1.492
1997-08-23 05:30,1.489
1997-08-23 05:36,1.487
1997-08-23 05:42,1.485
1997-08-23 05:48,1.483
1997-08-23 05:54,1.481
1997-08-23 06:00,1.478
1997-08-23 06:06,1.476
1997-08-23 06:12,1.474
1997-08-23 06:18,1.473
1997-08-23 06:24,1.471
1997-08-23 06:30,1.469
1997-08-23 06:36,1.468
1997-08-23 06:42,1.466
1997-08-23 06:48,1.465
1997-08-23 06:54,1.464
1997-08-23 07:00,1.463
1997-08-23 07:06,1.463
1997-08-23 07:12,1.462
1997-08-23 07:18,1.462
1997-08-23 07:24,1.462
1997-08-23 07:30,1.462
1997-08-23 07:36,1.462
1997-08-23 07:42,1.463
1997-08-23 07:48,1.463
1997-08-23 07:54,1.464
1997-08-23 08:00,1.465
1997-08-23 08:06,1.466
1997-08-23 08:12,1.468
1997-08-23 08:18,1.469
1997-08-23 08:24,1.471
1997-08-23 08:30,1.473
1997-08-23 08:36,1.474
1997-08-23 08:42,1.476
1997-08-23 08:48,1.478
1997-08-23 08:54,1.480
1997-08-23 09:00,1.483
1997-08-23 09:06,1.485
1997-08-23 09:12,1.487
1997-08-23 09:18,1.489
1997-08-23 09:24,1.491
1997-08-23 09:30,1.494
1997-08-23 09:36,1.496
1997-08-23 09:42,1.498
1997-08-23 09:48,1.500
1997-08-23 09:54,1.502
1997-08-23 10:00,1.505
1997-08-23 10:06,1.507
1997-08-23 10:12,1.509
1997-08-23 10:18,1.511
1997-08-23 10:24,1.513
1997-08-23 10:30,1.515
1997-08-23 10:36,1.517
1997-08-23 10:42,1.518
1997-08-23 10:48,1.520
1997-08-23 10:54,1.522
1997-08-23 11:00,1.523
1997-08-23 11:06,1.525
1997-08-23 11:12,1.526
1997-08-23 11:18,1.528
1997-08-23 11:24,1.529
1997-08-23 11:30,1.530
1997-08-23 11:36,1.531
1997-08-23 11:42,1.532
1997-08-23 11:48,1.533
1997-08-23 11:54,1.533
1997-08-23 12:00,1.534
1997-08-23 12:06,1.534
1997-08-23 12:12,1.534
1997-08-23 12:18,1.534
1997-08-23 12:24,1.534
1997-08-23 12:30,1.533
1997-08-23 12:36,1.532
1997-08-23 12:42,1.531
1997-08-23 12:48,1.530
1997-08-23 12:54,1.529
1997-08-23 13:00,1.527
1997-08-23 13:06,1.525
1997-08-23 13:12,1.523
1997-08-23 13:18,1.521
1997-08-23 13:24,1.518
1997-08-23 13:30,1.515
1997-08-23 13:36,1.512
1997-08-23 13:42,1.508
1997-08-23 13:48,1.505
1997-08-23 13:54,1.501
1997-08-23 14:00,1.497
1997-08-23 14:06,1.492
1997-08-23 14:12,1.488
1997-08-23 14:18,1.483
1997-08-23 14:24,1.479
1997-08-23 14:30,1.474
1997-08-23 14:36,1.468
1997-08-23 14:42,1.463
1997-08-23 14:48,1.458
1997-08-23 14:54,1.453
1997-08-23 15:00,1.447
1997-08-23 15:06,1.442
1997-08-23 15:12,1.436
1997-08-23 15:18,1.430
1997-08-23 15:24,1.425
1997-08-23 15:30,1.419
1997-08-23 15:36,1.413
1997-08-23 15:42,1.408
1997-08-23 15:48,1.402
1997-08-23 15:54,1.396
1997-08-23 16:00,1.391
1997-08-23 16:06,1.385
1997-08-23 16:12,1.380
1997-08-23 16:18,1.374
1997-08-23 16:24,1.369
1997-08-23 16:30,1.363
1997-08-23 16:36,1.358
1997-08-23 16:42,1.353
1997-08-23 16:48,1.347
1997-08-23 16:54,1.342
1997-08-23 17:00,1.337
1997-08-23 17:06,1.332
1997-08-23 17:12,1.327
1997-08-23 17:18,1.322
1997-08-23 17:24,1.317
1997-08-23 17:30,1.313
1997-08-23 17:36,1.308
1997-08-23 17:42,1.304
1997-08-23 17:48,1.299
1997-08-23 17:54,1.295
1997-08-23 18:00,1.291
1997-08-23 18:06,1.287
1997-08-23 18:12,1.284
1997-08-23 18:18,1.281
1997-08-23 18:24,1.277
1997-08-23 18:30,1.274
1997-08-23 18:36,1.272
1997-08-23 18:42,1.269
1997-08-23 18:48,1.267
1997-08-23 18:54,1.265
1997-08-23 19:00,1.264
1997-08-23 19:06,1.263
1997-08-23 19:12,1.262
1997-08-23 19:18,1.261
1997-08-23 19:24,1.261
1997-08-23 19:30,1.261
1997-08-23 19:36,1.261
1997-08-23 19:42,1.262
1997-08-23 19:48,1.263
1997-08-23 19:54,1.264
1997-08-23 20:00,1.266
1997-08-23 20:06,1.268
1997-08-23 20:12,1.270
1997-08-23 20:18,1.272
1997-08-23 20:24,1.275
1997-08-23 20:30,1.278
1997-08-23 20:36,1.282
1997-08-23 20:42,1.285
1997-08-23 20:48,1.289
1997-08-23 20:54,1.293
1997-08-23 21:00,1.297
1997-08-23 21:06,1.301
1997-08-23 21:12,1.306
1997-08-23 21:18,1.311
1997-08-23 21:24,1.316
1997-08-23 21:30,1.321
1997-08-23 21:36,1.326
1997-08-23 21:42,1.331
1997-08-23 21:48,1.336
1997-08-23 21:54,1.342
1997-08-23 22:00,1.347
1997-08-23 22:06,1.353
1997-08-23 22:12,1.358
1997-08-23 22:18,1.364
1997-08-23 22:24,1.370
1997-08-23 22:30,1.375
1997-08-23 22:36,1.381
1997-08-23 22:42,1.387
1997-08-23 22:48,1.393
1997-08-23 22:54,1.399
1997-08-23 23:00,1.405
1997-08-23 23:06,1.411
1997-08-23 23:12,1.417
1997-08-23 23:18,1.423
1997-08-23 23:24,1.429
1997-08-23 23:30,1.435
1997-08-23 23:36,1.441
1997-08-23 23:42,1.447
1997-08-23 23:48,1.452
1997-08-23 23:54,1.458
1997-08-24 00:00,1.464
1997-08-24 00:06,1.470
1997-08-24 00:12,1.475
1997-08-24 00:18,1.481
1997-08-24 00:24,1.486
1997-08-24 00:30,1.491
1997-08-24 00:36,1.497
1997-08-24 00:42,1.502
1997-08-24 00:48,1.507
1997-08-24 00:54,1.511
1997-08-24 01:00,1.516
1997-08-24 01:06,1.520
1997-08-24 01:12,1.524
1997-08-24 01:18,1.528
1997-08-24 01:24,1.532
1997-08-24 01:30,1.536
1997-08-24 01:36,1.539
1997-08-24 01:42,1.543
1997-08-24 01:48,1.546
1997-08-24 01:54,1.548
1997-08-24 02:00,1.551
1997-08-24 02:06,1.554
1997-08-24 02:12,1.556
1997-08-24 02:18,1.558
1997-08-24 02:24,1.560
1997-08-24 02:30,1.562
1997-08-24 02:36,1.563
1997-08-24 02:42,1.565
1997-08-24 02:48,1.566
1997-08-24 02:54,1.567
1997-08-24 03:00,1.568
1997-08-24 03:06,1.569
1997-08-24 03:12,1.570
1997-08-24 03:18,1.571
1997-08-24 03:24,1.572
1997-08-24 03:30,1.572
1997-08-24 03:36,1.573
1997-08-24 03:42,1.573
1997-08-24 03:48,1.573
1997-08-24 03:54,1.573
1997-08-24 04:00,1.573
1997-08-24 04:06,1.573
1997-08-24 04:12,1.573
1997-08-24 04:18,1.573
1997-08-24 04:24,1.573
1997-08-24 04:30,1.573
1997-08-24 04:36,1.572
1997-08-24 04:42,1.572
1997-08-24 04:48,1.571
1997-08-24 04:54,1.570
1997-08-24 05:00,1.570
1997-08-24 05:06,1.569
1997-08-24 05:12,1.568
1997-08-24 05:18,1.567
1997-08-24 05:24,1.566
1997-08-24 05:30,1.564
1997-08-24 05:36,1.563
1997-08-24 05:42,1.562
1997-08-24 05:48,1.560
1997-08-24 05:54,1.559
1997-08-24 06:00,1.557
1997-08-24 06:06,1.556
1997-08-24 06:12,1.554
1997-08-24 06:18,1.552
1997-08-24 06:24,1.551
1997-08-24 06:30,1.549
1997-08-24 06:36,1.547
1997-08-24 06:42,1.546
1997-08-24 06:48,1.544
1997-08-24 06:54,1.543
1997-08-24 07:00,1.541
1997-08-24 07:06,1.539
1997-08-24 07:12,1.538
1997-08-24 07:18,1.537
1997-08-24 07:24,1.535
1997-08-24 07:30,1.534
1997-08-24 07:36,1.533
1997-08-24 07:42,1.532
1997-08-24 07:48,1.531
1997-08-24 07:54,1.530
1997-08-24 08:00,1.530
1997-08-24 08:06,1.529
1997-08-24 08:12,1.529
1997-08-24 08:18,1.528
1997-08-24 08:24,1.528
1997-08-24 08:30,1.528
1997-08-24 08:36,1.528
1997-08-24 08:42,1.528
1997-08-24 08:48,1.528
1997-08-24 08:54,1.528
1997-08-24 09:00,1.528
1997-08-24 09:06,1.528
1997-08-24 09:12,1.529
1997-08-24 09:18,1.529
1997-08-24 09:24,1.529
1997-08-24 09:30,1.530
1997-08-24 09:36,1.530
1997-08-24 09:42,1.531
1997-08-24 09:48,1.531
1997-08-24 09:54,1.532
1997-08-24 10:00,1.533
1997-08-24 10:06,1.533
1997-08-24 10:12,1.534
1997-08-24 10:18,1.535
1997-08-24 10:24,1.535
1997-08-24 10:30,1.536
1997-08-24 10:36,1.537
1997-08-24 10:42,1.537
1997-08-24 10:48,1.538
1997-08-24 10:54,1.539
1997-08-24 11:00,1.539
1997-08-24 11:06,1.540
1997-08-24 11:12,1.540
1997-08-24 11:18,1.541
1997-08-24 11:24,1.542
1997-08-24 11:30,1.542
1997-08-24 11:36,1.543
1997-08-24 11:42,1.543
1997-08-24 11:48,1.543
1997-08-24 11:54,1.544
1997-08-24 12:00,1.544
1997-08-24 12:06,1.544
1997-08-24 12:12,1.544
1997-08-24 12:18,1.544
1997-08-24 12:24,1.544
1997-08-24 12:30,1.544
1997-08-24 12:36,1.544
1997-08-24 12:42,1.543
1997-08-24 12:48,1.543
1997-08-24 12:54,1.542
1997-08-24 13:00,1.541
1997-08-24 13:06,1.540
1997-08-24 13:12,1.539
1997-08-24 13:18,1.537
1997-08-24 13:24,1.536
1997-08-24 13:30,1.534
1997-08-24 13:36,1.532
1997-08-24 13:42,1.530
1997-08-24 13:48,1.527
1997-08-24 13:54,1.525
1997-08-24 14:00,1.522
1997-08-24 14:06,1.519
1997-08-24 14:12,1.515
1997-08-24 14:18,1.512
1997-08-24 14:24,1.508
1997-08-24 14:30,1.504
1997-08-24 14:36,1.500
1997-08-24 14:42,1.496
1997-08-24 14:48,1.492
1997-08-24 14:54,1.487
1997-08-24 15:00,1.482
1997-08-24 15:06,1.477
1997-08-24 15:12,1.472
1997-08-24 15:18,1.467
1997-08-24 15:24,1.462
1997-08-24 15:30,1.456
1997-08-24 15:36,1.451
1997-08-24 15:42,1.445
1997-08-24 15:48,1.439
1997-08-24 15:54,1.433
1997-08-24 16:00,1.427
1997-08-24 16:06,1.421
1997-08-24 16:12,1.415
1997-08-24 16:18,1.409
1997-08-24 16:24,1.403
1997-08-24 16:30,1.397
1997-08-24 16:36,1.391
1997-08-24 16:42,1.385
1997-08-24 16:48,1.378
1997-08-24 16:54,1.372
1997-08-24 17:00,1.366
1997-08-24 17:06,1.360
1997-08-24 17:12,1.354
1997-08-24 17:18,1.347
1997-08-24 17:24,1.341
1997-08-24 17:30,1.335
1997-08-24 17:36,1.329
1997-08-24 17:42,1.323
1997-08-24 17:48,1.318
1997-08-24 17:54,1.312
1997-08-24 18:00,1.306
1997-08-24 18:06,1.301
1997-08-24 18:12,1.295
1997-08-24 18:18,1.290
1997-08-24 18:24,1.285
1997-08-24 18:30,1.280
1997-08-24 18:36,1.275
1997-08-24 18:42,1.271
1997-08-24 18:48,1.266
1997-08-24 18:54,1.262
1997-08-24 19:00,1.258
1997-08-24 19:06,1.254
1997-08-24 19:12,1.251
1997-08-24 19:18,1.248
1997-08-24 19:24,1.245
1997-08-24 19:30,1.242
1997-08-24 19:36,1.240
1997-08-24 19:42,1.238
1997-08-24 19:48,1.236
1997-08-24 19:54,1.234
1997-08-24 20:00,1.233
1997-08-24 20:06,1.232
1997-08-24 20:12,1.232
1997-08-24 20:18,1.231
1997-08-24 20:24,1.231
1997-08-24 20:30,1.231
1997-08-24 20:36,1.232
1997-08-24 20:42,1.233
1997-08-24 20:48,1.234
1997-08-24 20:54,1.235
1997-08-24 21:00,1.237
1997-08-24 21:06,1.239
1997-08-24 21:12,1.241
1997-08-24 21:18,1.243
1997-08-24 21:24,1.246
1997-08-24 21:30,1.249
1997-08-24 21:36,1.252
1997-08-24 21:42,1.255
1997-08-24 21:48,1.259
1997-08-24 21:54,1.263
1997-08-24 22:00,1.267
1997-08-24 22:06,1.271
1997-08-24 22:12,1.275
1997-08-24 22:18,1.280
1997-08-24 22:24,1.284
1997-08-24 22:30,1.289
1997-08-24 22:36,1.294
1997-08-24 22:42,1.300
1997-08-24 22:48,1.305
1997-08-24 22:54,1.310
1997-08-24 23:00,1.316
1997-08-24 23:06,1.322
1997-08-24 23:12,1.327
1997-08-24 23:18,1.333
1997-08-24 23:24,1.339
1997-08-24 23:30,1.345
1997-08-24 23:36,1.352
1997-08-24 23:42,1.358
1997-08-24 23:48,1.364
1997-08-24 23:54,1.371
1997-08-25 00:00,1.377
1997-08-25 00:06,1.384
1997-08-25 00:12,1.390
1997-08-25 00:18,1.397
1997-08-25 00:24,1.403
1997-08-25 00:30,1.410
1997-08-25 00:36,1.416
1997-08-25 00:42,1.423
1997-08-25 00:48,1.429
1997-08-25 00:54,1.436
1997-08-25 01:00,1.442
1997-08-25 01:06,1.449
1997-08-25 01:12,1.455
1997-08-25 01:18,1.461
1997-08-25 01:24,1.467
1997-08-25 01:30,1.473
1997-08-25 01:36,1.479
1997-08-25 01:42,1.485
1997-08-25 01:48,1.491
1997-08-25 01:54,1.497
1997-08-25 02:00,1.502
1997-08-25 02:06,1.508
1997-08-25 02:12,1.513
1997-08-25 02:18,1.518
1997-08-25 02:24,1.523
1997-08-25 02:30,1.528
1997-08-25 02:36,1.532
1997-08-25 02:42,1.537
1997-08-25 02:48,1.541
1997-08-25 02:54,1.546
1997-08-25 03:00,1.550
1997-08-25 03:06,1.554
1997-08-25 03:12,1.558
1997-08-25 03:18,1.561
1997-08-25 03:24,1.565
1997-08-25 03:30,1.568
1997-08-25 03:36,1.571
1997-08-25 03:42,1.574
1997-08-25 03:48,1.577
1997-08-25 03:54,1.580
1997-08-25 04:00,1.582
1997-08-25 04:06,1.585
1997-08-25 04:12,1.587
1997-08-25 04:18,1.589
1997-08-25 04:24,1.591
1997-08-25 04:30,1.593
1997-08-25 04:36,1.595
1997-08-25 04:42,1.597
1997-08-25 04:48,1.598
1997-08-25 04:54,1.599
1997-08-25 05:00,1.600
1997-08-25 05:06,1.602
1997-08-25 05:12,1.602
1997-08-25 05:18,1.603
1997-08-25 05:24,1.604
1997-08-25 05:30,1.604
1997-08-25 05:36,1.605
1997-08-25 05:42,1.605
1997-08-25 05:48,1.605
1997-08-25 05:54,1.606
1997-08-25 06:00,1.606
1997-08-25 06:06,1.605
1997-08-25 06:12,1.605
1997-08-25 06:18,1.605
1997-08-25 06:24,1.605
1997-08-25 06:30,1.604
1997-08-25 06:36,1.604
1997-08-25 06:42,1.603
1997-08-25 06:48,1.602
1997-08-25 06:54,1.602
1997-08-25 07:00,1.601
1997-08-25 07:06,1.600
1997-08-25 07:12,1.599
1997-08-25 07:18,1.598
1997-08-25 07:24,1.597
1997-08-25 07:30,1.596
1997-08-25 07:36,1.595
1997-08-25 07:42,1.594
1997-08-25 07:48,1.593
1997-08-25 07:54,1.592
1997-08-25 08:00,1.591
1997-08-25 08:06,1.590
1997-08-25 08:12,1.589
1997-08-25 08:18,1.587
1997-08-25 08:24,1.586
1997-08-25 08:30,1.585
1997-08-25 08:36,1.584
1997-08-25 08:42,1.583
1997-08-25 08:48,1.582
1997-08-25 08:54,1.581
1997-08-25 09:00,1.580
1997-08-25 09:06,1.579
1997-08-25 09:12,1.578
1997-08-25 09:18,1.577
1997-08-25 09:24,1.576
1997-08-25 09:30,1.575
1997-08-25 09:36,1.574
1997-08-25 09:42,1.573
1997-08-25 09:48,1.572
1997-08-25 09:54,1.571
1997-08-25 10:00,1.570
1997-08-25 10:06,1.570
1997-08-25 10:12,1.569
1997-08-25 10:18,1.568
1997-08-25 10:24,1.568
1997-08-25 10:30,1.567
1997-08-25 10:36,1.566
1997-08-25 10:42,1.566
1997-08-25 10:48,1.565
1997-08-25 10:54,1.565
1997-08-25 11:00,1.564
1997-08-25 11:06,1.564
1997-08-25 11:12,1.564
1997-08-25 11:18,1.563
1997-08-25 11:24,1.563
1997-08-25 11:30,1.562
1997-08-25 11:36,1.562
1997-08-25 11:42,1.562
1997-08-25 11:48,1.561
1997-08-25 11:54,1.561
1997-08-25 12:00,1.561
1997-08-25 12:06,1.560
1997-08-25 12:12,1.560
1997-08-25 12:18,1.560
1997-08-25 12:24,1.559
1997-08-25 12:30,1.559
1997-08-25 12:36,1.558
1997-08-25 12:42,1.558
1997-08-25 12:48,1.557
1997-08-25 12:54,1.556
1997-08-25 13:00,1.556
1997-08-25 13:06,1.555
1997-08-25 13:12,1.554
1997-08-25 13:18,1.553
1997-08-25 13:24,1.552
1997-08-25 13:30,1.551
1997-08-25 13:36,1.550
1997-08-25 13:42,1.548
1997-08-25 13:48,1.547
1997-08-25 13:54,1.545
1997-08-25 14:00,1.544
1997-08-25 14:06,1.542
1997-08-25 14:12,1.540
1997-08-25 14:18,1.538
1997-08-25 14:24,1.535
1997-08-25 14:30,1.533
1997-08-25 14:36,1.530
1997-08-25 14:42,1.527
1997-08-25 14:48,1.524
1997-08-25 14:54,1.521
1997-08-25 15:00,1.518
1997-08-25 15:06,1.515
1997-08-25 15:12,1.511
1997-08-25 15:18,1.507
1997-08-25 15:24,1.503
1997-08-25 15:30,1.499
1997-08-25 15:36,1.495
1997-08-25 15:42,1.490
1997-08-25 15:48,1.485
1997-08-25 15:54,1.480
1997-08-25 16:00,1.475
1997-08-25 16:06,1.470
1997-08-25 16:12,1.465
1997-08-25 16:18,1.459
1997-08-25 16:24,1.454
1997-08-25 16:30,1.448
1997-08-25 16:36,1.442
1997-08-25 16:42,1.436
1997-08-25 16:48,1.429
1997-08-25 16:54,1.423
1997-08-25 17:00,1.417
1997-08-25 17:06,1.410
1997-08-25 17:12,1.404
1997-08-25 17:18,1.397
1997-08-25 17:24,1.390
1997-08-25 17:30,1.384
1997-08-25 17:36,1.377
1997-08-25 17:42,1.370
1997-08-25 17:48,1.364
1997-08-25 17:54,1.357
1997-08-25 18:00,1.350
1997-08-25 18:06,1.344
1997-08-25 18:12,1.337
1997-08-25 18:18,1.331
1997-08-25 18:24,1.324
1997-08-25 18:30,1.318
1997-08-25 18:36,1.312
1997-08-25 18:42,1.306
1997-08-25 18:48,1.300
1997-08-25 18:54,1.294
1997-08-25 19:00,1.289
1997-08-25 19:06,1.283
1997-08-25 19:12,1.278
1997-08-25 19:18,1.273
1997-08-25 19:24,1.268
1997-08-25 19:30,1.263
1997-08-25 19:36,1.259
1997-08-25 19:42,1.254
1997-08-25 19:48,1.250
1997-08-25 19:54,1.246
1997-08-25 20:00,1.243
1997-08-25 20:06,1.239
1997-08-25 20:12,1.236
1997-08-25 20:18,1.233
1997-08-25 20:24,1.230
1997-08-25 20:30,1.228
1997-08-25 20:36,1.225
1997-08-25 20:42,1.223
1997-08-25 20:48,1.221
1997-08-25 20:54,1.220
1997-08-25 21:00,1.218
1997-08-25 21:06,1.217
1997-08-25 21:12,1.217
1997-08-25 21:18,1.216
1997-08-25 21:24,1.216
1997-08-25 21:30,1.216
1997-08-25 21:36,1.216
1997-08-25 21:42,1.216
1997-08-25 21:48,1.217
1997-08-25 21:54,1.218
1997-08-25 22:00,1.220
1997-08-25 22:06,1.221
1997-08-25 22:12,1.223
1997-08-25 22:18,1.225
1997-08-25 22:24,1.228
1997-08-25 22:30,1.230
1997-08-25 22:36,1.233
1997-08-25 22:42,1.236
1997-08-25 22:48,1.240
1997-08-25 22:54,1.243
1997-08-25 23:00,1.247
1997-08-25 23:06,1.251
1997-08-25 23:12,1.256
1997-08-25 23:18,1.260
1997-08-25 23:24,1.265
1997-08-25 23:30,1.270
1997-08-25 23:36,1.275
1997-08-25 23:42,1.280
1997-08-25 23:48,1.285
1997-08-25 23:54,1.291
1997-08-26 00:00,1.297
1997-08-26 00:06,1.302
1997-08-26 00:12,1.308
1997-08-26 00:18,1.314
1997-08-26 00:24,1.321
1997-08-26 00:30,1.327
1997-08-26 00:36,1.333
1997-08-26 00:42,1.340
1997-08-26 00:48,1.346
1997-08-26 00:54,1.353
1997-08-26 01:00,1.359
1997-08-26 01:06,1.366
1997-08-26 01:12,1.373
1997-08-26 01:18,1.380
1997-08-26 01:24,1.386
1997-08-26 01:30,1.393
1997-08-26 01:36,1.400
1997-08-26 01:42,1.407
1997-08-26 01:48,1.414
1997-08-26 01:54,1.421
1997-08-26 02:00,1.428
1997-08-26 02:06,1.435
1997-08-26 02:12,1.441
1997-08-26 02:18,1.448
1997-08-26 02:24,1.455
1997-08-26 02:30,1.462
1997-08-26 02:36,1.469
1997-08-26 02:42,1.475
1997-08-26 02:48,1.482
1997-08-26 02:54,1.488
1997-08-26 03:00,1.495
1997-08-26 03:06,1.501
1997-08-26 03:12,1.507
1997-08-26 03:18,1.514
1997-08-26 03:24,1.520
1997-08-26 03:30,1.525
1997-08-26 03:36,1.531
1997-08-26 03:42,1.537
1997-08-26 03:48,1.542
1997-08-26 03:54,1.548
1997-08-26 04:00,1.553
1997-08-26 04:06,1.558
1997-08-26 04:12,1.562
1997-08-26 04:18,1.567
1997-08-26 04:24,1.571
1997-08-26 04:30,1.576
1997-08-26 04:36,1.580
1997-08-26 04:42,1.583
1997-08-26 04:48,1.587
1997-08-26 04:54,1.591
1997-08-26 05:00,1.594
1997-08-26 05:06,1.597
1997-08-26 05:12,1.600
1997-08-26 05:18,1.603
1997-08-26 05:24,1.605
1997-08-26 05:30,1.608
1997-08-26 05:36,1.610
1997-08-26 05:42,1.612
1997-08-26 05:48,1.614
1997-08-26 05:54,1.616
1997-08-26 06:00,1.618
1997-08-26 06:06,1.620
1997-08-26 06:12,1.621
1997-08-26 06:18,1.623
1997-08-26 06:24,1.624
1997-08-26 06:30,1.625
1997-08-26 06:36,1.626
1997-08-26 06:42,1.627
1997-08-26 06:48,1.628
1997-08-26 06:54,1.629
1997-08-26 07:00,1.630
1997-08-26 07:06,1.630
1997-08-26 07:12,1.631
1997-08-26 07:18,1.631
1997-08-26 07:24,1.632
1997-08-26 07:30,1.632
1997-08-26 07:36,1.632
1997-08-26 07:42,1.632
1997-08-26 07:48,1.632
1997-08-26 07:54,1.632
1997-08-26 08:00,1.632
1997-08-26 08:06,1.631
1997-08-26 08:12,1.631
1997-08-26 08:18,1.630
1997-08-26 08:24,1.630
1997-08-26 08:30,1.629
1997-08-26 08:36,1.628
1997-08-26 08:42,1.627
1997-08-26 08:48,1.626
1997-08-26 08:54,1.625
1997-08-26 09:00,1.623
1997-08-26 09:06,1.622
1997-08-26 09:12,1.621
1997-08-26 09:18,1.619
1997-08-26 09:24,1.618
1997-08-26 09:30,1.616
1997-08-26 09:36,1.614
1997-08-26 09:42,1.613
1997-08-26 09:48,1.611
1997-08-26 09:54,1.610
1997-08-26 10:00,1.608
1997-08-26 10:06,1.606
1997-08-26 10:12,1.605
1997-08-26 10:18,1.603
1997-08-26 10:24,1.601
1997-08-26 10:30,1.600
1997-08-26 10:36,1.598
1997-08-26 10:42,1.597
1997-08-26 10:48,1.595
1997-08-26 10:54,1.594
1997-08-26 11:00,1.592
1997-08-26 11:06,1.591
1997-08-26 11:12,1.590
1997-08-26 11:18,1.588
1997-08-26 11:24,1.587
1997-08-26 11:30,1.586
1997-08-26 11:36,1.585
1997-08-26 11:42,1.584
1997-08-26 11:48,1.583
1997-08-26 11:54,1.581
1997-08-26 12:00,1.580
1997-08-26 12:06,1.579
1997-08-26 12:12,1.578
1997-08-26 12:18,1.577
1997-08-26 12:24,1.576
1997-08-26 12:30,1.575
1997-08-26 12:36,1.574
1997-08-26 12:42,1.573
1997-08-26 12:48,1.572
1997-08-26 12:54,1.571
1997-08-26 13:00,1.570
1997-08-26 13:06,1.569
1997-08-26 13:12,1.568
1997-08-26 13:18,1.567
1997-08-26 13:24,1.566
1997-08-26 13:30,1.565
1997-08-26 13:36,1.564
1997-08-26 13:42,1.563
1997-08-26 13:48,1.562
1997-08-26 13:54,1.561
1997-08-26 14:00,1.559
1997-08-26 14:06,1.558
1997-08-26 14:12,1.557
1997-08-26 14:18,1.556
1997-08-26 14:24,1.554
1997-08-26 14:30,1.553
1997-08-26 14:36,1.551
1997-08-26 14:42,1.550
1997-08-26 14:48,1.548
1997-08-26 14:54,1.546
1997-08-26 15:00,1.545
1997-08-26 15:06,1.543
1997-08-26 15:12,1.541
1997-08-26 15:18,1.538
1997-08-26 15:24,1.536
1997-08-26 15:30,1.534
1997-08-26 15:36,1.531
1997-08-26 15:42,1.528
1997-08-26 15:48,1.525
1997-08-26 15:54,1.522
1997-08-26 16:00,1.519
1997-08-26 16:06,1.515
1997-08-26 16:12,1.512
1997-08-26 16:18,1.508
1997-08-26 16:24,1.503
1997-08-26 16:30,1.499
1997-08-26 16:36,1.494
1997-08-26 16:42,1.490
1997-08-26 16:48,1.485
1997-08-26 16:54,1.479
1997-08-26 17:00,1.474
1997-08-26 17:06,1.468
1997-08-26 17:12,1.462
1997-08-26 17:18,1.457
1997-08-26 17:24,1.450
1997-08-26 17:30,1.444
1997-08-26 17:36,1.438
1997-08-26 17:42,1.431
1997-08-26 17:48,1.425
1997-08-26 17:54,1.418
1997-08-26 18:00,1.412
1997-08-26 18:06,1.405
1997-08-26 18:12,1.398
1997-08-26 18:18,1.391
1997-08-26 18:24,1.384
1997-08-26 18:30,1.378
1997-08-26 18:36,1.371
1997-08-26 18:42,1.364
1997-08-26 18:48,1.358
1997-08-26 18:54,1.351
1997-08-26 19:00,1.345
1997-08-26 19:06,1.338
1997-08-26 19:12,1.332
1997-08-26 19:18,1.326
1997-08-26 19:24,1.320
1997-08-26 19:30,1.314
1997-08-26 19:36,1.308
1997-08-26 19:42,1.302
1997-08-26 19:48,1.296
1997-08-26 19:54,1.291
1997-08-26 20:00,1.286
1997-08-26 20:06,1.280
1997-08-26 20:12,1.275
1997-08-26 20:18,1.270
1997-08-26 20:24,1.266
1997-08-26 20:30,1.261
1997-08-26 20:36,1.257
1997-08-26 20:42,1.252
1997-08-26 20:48,1.248
1997-08-26 20:54,1.244
1997-08-26 21:00,1.240
1997-08-26 21:06,1.237
1997-08-26 21:12,1.233
1997-08-26 21:18,1.230
1997-08-26 21:24,1.227
1997-08-26 21:30,1.224
1997-08-26 21:36,1.222
1997-08-26 21:42,1.219
1997-08-26 21:48,1.217
1997-08-26 21:54,1.216
1997-08-26 22:00,1.214
1997-08-26 22:06,1.213
1997-08-26 22:12,1.212
1997-08-26 22:18,1.211
1997-08-26 22:24,1.210
1997-08-26 22:30,1.210
1997-08-26 22:36,1.210
1997-08-26 22:42,1.211
1997-08-26 22:48,1.211
1997-08-26 22:54,1.212
1997-08-26 23:00,1.214
1997-08-26 23:06,1.215
1997-08-26 23:12,1.217
1997-08-26 23:18,1.219
1997-08-26 23:24,1.222
1997-08-26 23:30,1.224
1997-08-26 23:36,1.227
1997-08-26 23:42,1.230
1997-08-26 23:48,1.234
1997-08-26 23:54,1.237
1997-08-27 00:00,1.241
1997-08-27 00:06,1.245
1997-08-27 00:12,1.250
1997-08-27 00:18,1.254
1997-08-27 00:24,1.259
1997-08-27 00:30,1.263
1997-08-27 00:36,1.268
1997-08-27 00:42,1.274
1997-08-27 00:48,1.279
1997-08-27 00:54,1.284
1997-08-27 01:00,1.290
1997-08-27 01:06,1.296
1997-08-27 01:12,1.301
1997-08-27 01:18,1.307
1997-08-27 01:24,1.313
1997-08-27 01:30,1.320
1997-08-27 01:36,1.326
1997-08-27 01:42,1.332
1997-08-27 01:48,1.339
1997-08-27 01:54,1.345
1997-08-27 02:00,1.352
1997-08-27 02:06,1.359
1997-08-27 02:12,1.366
1997-08-27 02:18,1.373
1997-08-27 02:24,1.380
1997-08-27 02:30,1.387
1997-08-27 02:36,1.394
1997-08-27 02:42,1.402
1997-08-27 02:48,1.409
1997-08-27 02:54,1.416
1997-08-27 03:00,1.424
1997-08-27 03:06,1.431
1997-08-27 03:12,1.439
1997-08-27 03:18,1.446
1997-08-27 03:24,1.453
1997-08-27 03:30,1.461
1997-08-27 03:36,1.468
1997-08-27 03:42,1.475
1997-08-27 03:48,1.483
1997-08-27 03:54,1.490
1997-08-27 04:00,1.497
1997-08-27 04:06,1.504
1997-08-27 04:12,1.510
1997-08-27 04:18,1.517
1997-08-27 04:24,1.523
1997-08-27 04:30,1.530
1997-08-27 04:36,1.536
1997-08-27 04:42,1.542
1997-08-27 04:48,1.547
1997-08-27 04:54,1.553
1997-08-27 05:00,1.558
1997-08-27 05:06,1.563
1997-08-27 05:12,1.568
1997-08-27 05:18,1.573
1997-08-27 05:24,1.577
1997-08-27 05:30,1.582
1997-08-27 05:36,1.586
1997-08-27 05:42,1.590
1997-08-27 05:48,1.593
1997-08-27 05:54,1.597
1997-08-27 06:00,1.600
1997-08-27 06:06,1.604
1997-08-27 06:12,1.607
1997-08-27 06:18,1.610
1997-08-27 06:24,1.613
1997-08-27 06:30,1.616
1997-08-27 06:36,1.618
1997-08-27 06:42,1.621
1997-08-27 06:48,1.623
1997-08-27 06:54,1.626
1997-08-27 07:00,1.628
1997-08-27 07:06,1.630
1997-08-27 07:12,1.632
1997-08-27 07:18,1.634
1997-08-27 07:24,1.636
1997-08-27 07:30,1.637
1997-08-27 07:36,1.639
1997-08-27 07:42,1.641
1997-08-27 07:48,1.642
1997-08-27 07:54,1.643
1997-08-27 08:00,1.644
1997-08-27 08:06,1.645
1997-08-27 08:12,1.646
1997-08-27 08:18,1.647
1997-08-27 08:24,1.647
1997-08-27 08:30,1.648
1997-08-27 08:36,1.648
1997-08-27 08:42,1.648
1997-08-27 08:48,1.648
1997-08-27 08:54,1.648
1997-08-27 09:00,1.647
1997-08-27 09:06,1.647
1997-08-27 09:12,1.646
1997-08-27 09:18,1.645
1997-08-27 09:24,1.644
1997-08-27 09:30,1.643
1997-08-27 09:36,1.642
1997-08-27 09:42,1.640
1997-08-27 09:48,1.639
1997-08-27 09:54,1.637
1997-08-27 10:00,1.635
1997-08-27 10:06,1.634
1997-08-27 10:12,1.632
1997-08-27 10:18,1.630
1997-08-27 10:24,1.628
1997-08-27 10:30,1.626
1997-08-27 10:36,1.624
1997-08-27 10:42,1.622
1997-08-27 10:48,1.620
1997-08-27 10:54,1.618
1997-08-27 11:00,1.616
1997-08-27 11:06,1.614
1997-08-27 11:12,1.612
1997-08-27 11:18,1.610
1997-08-27 11:24,1.609
1997-08-27 11:30,1.607
1997-08-27 11:36,1.605
1997-08-27 11:42,1.603
1997-08-27 11:48,1.602
1997-08-27 11:54,1.600
1997-08-27 12:00,1.598
1997-08-27 12:06,1.597
1997-08-27 12:12,1.595
1997-08-27 12:18,1.594
1997-08-27 12:24,1.592
1997-08-27 12:30,1.591
1997-08-27 12:36,1.589
1997-08-27 12:42,1.588
1997-08-27 12:48,1.586
1997-08-27 12:54,1.585
1997-08-27 13:00,1.584
1997-08-27 13:06,1.582
1997-08-27 13:12,1.581
1997-08-27 13:18,1.579
1997-08-27 13:24,1.578
1997-08-27 13:30,1.577
1997-08-27 13:36,1.575
1997-08-27 13:42,1.574
1997-08-27 13:48,1.573
1997-08-27 13:54,1.572
1997-08-27 14:00,1.570
1997-08-27 14:06,1.569
1997-08-27 14:12,1.568
1997-08-27 14:18,1.567
1997-08-27 14:24,1.566
1997-08-27 14:30,1.565
1997-08-27 14:36,1.564
1997-08-27 14:42,1.563
1997-08-27 14:48,1.562
1997-08-27 14:54,1.561
1997-08-27 15:00,1.560
1997-08-27 15:06,1.559
1997-08-27 15:12,1.558
1997-08-27 15:18,1.557
1997-08-27 15:24,1.556
1997-08-27 15:30,1.555
1997-08-27 15:36,1.553
1997-08-27 15:42,1.552
1997-08-27 15:48,1.551
1997-08-27 15:54,1.549
1997-08-27 16:00,1.548
1997-08-27 16:06,1.546
1997-08-27 16:12,1.544
1997-08-27 16:18,1.542
1997-08-27 16:24,1.540
1997-08-27 16:30,1.537
1997-08-27 16:36,1.534
1997-08-27 16:42,1.532
1997-08-27 16:48,1.528
1997-08-27 16:54,1.525
1997-08-27 17:00,1.522
1997-08-27 17:06,1.518
1997-08-27 17:12,1.514
1997-08-27 17:18,1.510
1997-08-27 17:24,1.505
1997-08-27 17:30,1.500
1997-08-27 17:36,1.495
1997-08-27 17:42,1.490
1997-08-27 17:48,1.485
1997-08-27 17:54,1.480
1997-08-27 18:00,1.474
1997-08-27 18:06,1.468
1997-08-27 18:12,1.462
1997-08-27 18:18,1.456
1997-08-27 18:24,1.450
1997-08-27 18:30,1.444
1997-08-27 18:36,1.437
1997-08-27 18:42,1.431
1997-08-27 18:48,1.424
1997-08-27 18:54,1.418
1997-08-27 19:00,1.412
1997-08-27 19:06,1.405
1997-08-27 19:12,1.399
1997-08-27 19:18,1.392
1997-08-27 19:24,1.386
1997-08-27 19:30,1.379
1997-08-27 19:36,1.373
1997-08-27 19:42,1.367
1997-08-27 19:48,1.360
1997-08-27 19:54,1.354
1997-08-27 20:00,1.348
1997-08-27 20:06,1.342
1997-08-27 20:12,1.336
1997-08-27 20:18,1.330
1997-08-27 20:24,1.324
1997-08-27 20:30,1.319
1997-08-27 20:36,1.313
1997-08-27 20:42,1.307
1997-08-27 20:48,1.302
1997-08-27 20:54,1.296
1997-08-27 21:00,1.291
1997-08-27 21:06,1.286
1997-08-27 21:12,1.281
1997-08-27 21:18,1.276
1997-08-27 21:24,1.271
1997-08-27 21:30,1.266
1997-08-27 21:36,1.261
1997-08-27 21:42,1.257
1997-08-27 21:48,1.253
1997-08-27 21:54,1.248
1997-08-27 22:00,1.244
1997-08-27 22:06,1.241
1997-08-27 22:12,1.237
1997-08-27 22:18,1.234
1997-08-27 22:24,1.231
1997-08-27 22:30,1.228
1997-08-27 22:36,1.225
1997-08-27 22:42,1.223
1997-08-27 22:48,1.221
1997-08-27 22:54,1.219
1997-08-27 23:00,1.218
1997-08-27 23:06,1.216
1997-08-27 23:12,1.216
1997-08-27 23:18,1.215
1997-08-27 23:24,1.215
1997-08-27 23:30,1.215
1997-08-27 23:36,1.215
1997-08-27 23:42,1.216
1997-08-27 23:48,1.216
1997-08-27 23:54,1.218
1997-08-28 00:00,1.219
1997-08-28 00:06,1.221
1997-08-28 00:12,1.223
1997-08-28 00:18,1.225
1997-08-28 00:24,1.227
1997-08-28 00:30,1.230
1997-08-28 00:36,1.233
1997-08-28 00:42,1.236
1997-08-28 00:48,1.240
1997-08-28 00:54,1.243
1997-08-28 01:00,1.247
1997-08-28 01:06,1.251
1997-08-28 01:12,1.255
1997-08-28 01:18,1.259
1997-08-28 01:24,1.264
1997-08-28 01:30,1.269
1997-08-28 01:36,1.273
1997-08-28 01:42,1.278
1997-08-28 01:48,1.284
1997-08-28 01:54,1.289
1997-08-28 02:00,1.294
1997-08-28 02:06,1.300
1997-08-28 02:12,1.306
1997-08-28 02:18,1.312
1997-08-28 02:24,1.318
1997-08-28 02:30,1.324
1997-08-28 02:36,1.331
1997-08-28 02:42,1.337
1997-08-28 02:48,1.344
1997-08-28 02:54,1.351
1997-08-28 03:00,1.358
1997-08-28 03:06,1.365
1997-08-28 03:12,1.372
1997-08-28 03:18,1.379
1997-08-28 03:24,1.387
1997-08-28 03:30,1.394
1997-08-28 03:36,1.402
1997-08-28 03:42,1.410
1997-08-28 03:48,1.417
1997-08-28 03:54,1.425
1997-08-28 04:00,1.432
1997-08-28 04:06,1.440
1997-08-28 04:12,1.448
1997-08-28 04:18,1.455
1997-08-28 04:24,1.463
1997-08-28 04:30,1.470
1997-08-28 04:36,1.478
1997-08-28 04:42,1.485
1997-08-28 04:48,1.492
1997-08-28 04:54,1.499
1997-08-28 05:00,1.505
1997-08-28 05:06,1.512
1997-08-28 05:12,1.519
1997-08-28 05:18,1.525
1997-08-28 05:24,1.531
1997-08-28 05:30,1.537
1997-08-28 05:36,1.542
1997-08-28 05:42,1.548
1997-08-28 05:48,1.553
1997-08-28 05:54,1.558
1997-08-28 06:00,1.563
1997-08-28 06:06,1.568
1997-08-28 06:12,1.573
1997-08-28 06:18,1.577
1997-08-28 06:24,1.581
1997-08-28 06:30,1.586
1997-08-28 06:36,1.590
1997-08-28 06:42,1.593
1997-08-28 06:48,1.597
1997-08-28 06:54,1.601
1997-08-28 07:00,1.604
1997-08-28 07:06,1.608
1997-08-28 07:12,1.611
1997-08-28 07:18,1.614
1997-08-28 07:24,1.617
1997-08-28 07:30,1.620
1997-08-28 07:36,1.623
1997-08-28 07:42,1.625
1997-08-28 07:48,1.628
1997-08-28 07:54,1.630
1997-08-28 08:00,1.633
1997-08-28 08:06,1.635
1997-08-28 08:12,1.637
1997-08-28 08:18,1.639
1997-08-28 08:24,1.641
1997-08-28 08:30,1.642
1997-08-28 08:36,1.644
1997-08-28 08:42,1.645
1997-08-28 08:48,1.646
1997-08-28 08:54,1.647
1997-08-28 09:00,1.648
1997-08-28 09:06,1.649
1997-08-28 09:12,1.649
1997-08-28 09:18,1.649
1997-08-28 09:24,1.649
1997-08-28 09:30,1.649
1997-08-28 09:36,1.649
1997-08-28 09:42,1.648
1997-08-28 09:48,1.648
1997-08-28 09:54,1.647
1997-08-28 10:00,1.646
1997-08-28 10:06,1.645
1997-08-28 10:12,1.644
1997-08-28 10:18,1.642
1997-08-28 10:24,1.641
1997-08-28 10:30,1.639
1997-08-28 10:36,1.637
1997-08-28 10:42,1.636
1997-08-28 10:48,1.634
1997-08-28 10:54,1.632
1997-08-28 11:00,1.630
1997-08-28 11:06,1.628
1997-08-28 11:12,1.626
1997-08-28 11:18,1.624
1997-08-28 11:24,1.622
1997-08-28 11:30,1.620
1997-08-28 11:36,1.618
1997-08-28 11:42,1.616
1997-08-28 11:48,1.614
1997-08-28 11:54,1.612
1997-08-28 12:00,1.610
1997-08-28 12:06,1.608
1997-08-28 12:12,1.606
1997-08-28 12:18,1.605
1997-08-28 12:24,1.603
1997-08-28 12:30,1.601
1997-08-28 12:36,1.599
1997-08-28 12:42,1.597
1997-08-28 12:48,1.596
1997-08-28 12:54,1.594
1997-08-28 13:00,1.592
1997-08-28 13:06,1.591
1997-08-28 13:12,1.589
1997-08-28 13:18,1.587
1997-08-28 13:24,1.586
1997-08-28 13:30,1.584
1997-08-28 13:36,1.583
1997-08-28 13:42,1.581
1997-08-28 13:48,1.580
1997-08-28 13:54,1.578
1997-08-28 14:00,1.577
1997-08-28 14:06,1.576
1997-08-28 14:12,1.574
1997-08-28 14:18,1.573
1997-08-28 14:24,1.572
1997-08-28 14:30,1.571
1997-08-28 14:36,1.570
1997-08-28 14:42,1.569
1997-08-28 14:48,1.568
1997-08-28 14:54,1.567
1997-08-28 15:00,1.566
1997-08-28 15:06,1.566
1997-08-28 15:12,1.565
1997-08-28 15:18,1.564
1997-08-28 15:24,1.564
1997-08-28 15:30,1.563
1997-08-28 15:36,1.563
1997-08-28 15:42,1.562
1997-08-28 15:48,1.562
1997-08-28 15:54,1.561
1997-08-28 16:00,1.561
1997-08-28 16:06,1.560
1997-08-28 16:12,1.560
1997-08-28 16:18,1.559
1997-08-28 16:24,1.558
1997-08-28 16:30,1.557
1997-08-28 16:36,1.556
1997-08-28 16:42,1.555
1997-08-28 16:48,1.554
1997-08-28 16:54,1.552
1997-08-28 17:00,1.551
1997-08-28 17:06,1.549
1997-08-28 17:12,1.547
1997-08-28 17:18,1.545
1997-08-28 17:24,1.542
1997-08-28 17:30,1.540
1997-08-28 17:36,1.537
1997-08-28 17:42,1.534
1997-08-28 17:48,1.530
1997-08-28 17:54,1.527
1997-08-28 18:00,1.523
1997-08-28 18:06,1.519
1997-08-28 18:12,1.515
1997-08-28 18:18,1.511
1997-08-28 18:24,1.506
1997-08-28 18:30,1.501
1997-08-28 18:36,1.496
1997-08-28 18:42,1.491
1997-08-28 18:48,1.486
1997-08-28 18:54,1.481
1997-08-28 19:00,1.475
1997-08-28 19:06,1.470
1997-08-28 19:12,1.464
1997-08-28 19:18,1.458
1997-08-28 19:24,1.453
1997-08-28 19:30,1.447
1997-08-28 19:36,1.441
1997-08-28 19:42,1.435
1997-08-28 19:48,1.429
1997-08-28 19:54,1.423
1997-08-28 20:00,1.417
1997-08-28 20:06,1.410
1997-08-28 20:12,1.404
1997-08-28 20:18,1.398
1997-08-28 20:24,1.392
1997-08-28 20:30,1.386
1997-08-28 20:36,1.380
1997-08-28 20:42,1.374
1997-08-28 20:48,1.368
1997-08-28 20:54,1.362
1997-08-28 21:00,1.356
1997-08-28 21:06,1.350
1997-08-28 21:12,1.344
1997-08-28 21:18,1.338
1997-08-28 21:24,1.332
1997-08-28 21:30,1.326
1997-08-28 21:36,1.320
1997-08-28 21:42,1.315
1997-08-28 21:48,1.309
1997-08-28 21:54,1.303
1997-08-28 22:00,1.298
1997-08-28 22:06,1.293
1997-08-28 22:12,1.288
1997-08-28 22:18,1.283
1997-08-28 22:24,1.278
1997-08-28 22:30,1.273
1997-08-28 22:36,1.268
1997-08-28 22:42,1.264
1997-08-28 22:48,1.260
1997-08-28 22:54,1.256
1997-08-28 23:00,1.252
1997-08-28 23:06,1.249
1997-08-28 23:12,1.246
1997-08-28 23:18,1.243
1997-08-28 23:24,1.240
1997-08-28 23:30,1.237
1997-08-28 23:36,1.235
1997-08-28 23:42,1.233
1997-08-28 23:48,1.232
1997-08-28 23:54,1.230
1997-08-29 00:00,1.229
1997-08-29 00:06,1.228
1997-08-29 00:12,1.228
1997-08-29 00:18,1.228
1997-08-29 00:24,1.228
1997-08-29 00:30,1.228
1997-08-29 00:36,1.229
1997-08-29 00:42,1.229
1997-08-29 00:48,1.231
1997-08-29 00:54,1.232
1997-08-29 01:00,1.234
1997-08-29 01:06,1.235
1997-08-29 01:12,1.237
1997-08-29 01:18,1.240
1997-08-29 01:24,1.242
1997-08-29 01:30,1.245
1997-08-29 01:36,1.248
1997-08-29 01:42,1.251
1997-08-29 01:48,1.255
1997-08-29 01:54,1.258
1997-08-29 02:00,1.262
1997-08-29 02:06,1.266
1997-08-29 02:12,1.270
1997-08-29 02:18,1.275
1997-08-29 02:24,1.279
1997-08-29 02:30,1.284
1997-08-29 02:36,1.289
1997-08-29 02:42,1.294
1997-08-29 02:48,1.300
1997-08-29 02:54,1.305
1997-08-29 03:00,1.311
1997-08-29 03:06,1.317
1997-08-29 03:12,1.323
1997-08-29 03:18,1.329
1997-08-29 03:24,1.336
1997-08-29 03:30,1.342
1997-08-29 03:36,1.349
1997-08-29 03:42,1.356
1997-08-29 03:48,1.363
1997-08-29 03:54,1.370
1997-08-29 04:00,1.377
1997-08-29 04:06,1.384
1997-08-29 04:12,1.392
1997-08-29 04:18,1.399
1997-08-29 04:24,1.406
1997-08-29 04:30,1.414
1997-08-29 04:36,1.421
1997-08-29 04:42,1.429
1997-08-29 04:48,1.436
1997-08-29 04:54,1.443
1997-08-29 05:00,1.451
1997-08-29 05:06,1.458
1997-08-29 05:12,1.465
1997-08-29 05:18,1.472
1997-08-29 05:24,1.479
1997-08-29 05:30,1.486
1997-08-29 05:36,1.492
1997-08-29 05:42,1.499
1997-08-29 05:48,1.505
1997-08-29 05:54,1.511
1997-08-29 06:00,1.518
1997-08-29 06:06,1.524
1997-08-29 06:12,1.529
1997-08-29 06:18,1.535
1997-08-29 06:24,1.540
1997-08-29 06:30,1.546
1997-08-29 06:36,1.551
1997-08-29 06:42,1.556
1997-08-29 06:48,1.561
1997-08-29 06:54,1.565
1997-08-29 07:00,1.570
1997-08-29 07:06,1.574
1997-08-29 07:12,1.578
1997-08-29 07:18,1.583
1997-08-29 07:24,1.586
1997-08-29 07:30,1.590
1997-08-29 07:36,1.594
1997-08-29 07:42,1.598
1997-08-29 07:48,1.601
1997-08-29 07:54,1.604
1997-08-29 08:00,1.607
1997-08-29 08:06,1.610
1997-08-29 08:12,1.613
1997-08-29 08:18,1.616
1997-08-29 08:24,1.619
1997-08-29 08:30,1.621
1997-08-29 08:36,1.623
1997-08-29 08:42,1.626
1997-08-29 08:48,1.628
1997-08-29 08:54,1.629
1997-08-29 09:00,1.631
1997-08-29 09:06,1.633
1997-08-29 09:12,1.634
1997-08-29 09:18,1.635
1997-08-29 09:24,1.636
1997-08-29 09:30,1.637
1997-08-29 09:36,1.638
1997-08-29 09:42,1.638
1997-08-29 09:48,1.639
1997-08-29 09:54,1.639
1997-08-29 10:00,1.639
1997-08-29 10:06,1.639
1997-08-29 10:12,1.638
1997-08-29 10:18,1.638
1997-08-29 10:24,1.637
1997-08-29 10:30,1.636
1997-08-29 10:36,1.635
1997-08-29 10:42,1.634
1997-08-29 10:48,1.633
1997-08-29 10:54,1.632
1997-08-29 11:00,1.631
1997-08-29 11:06,1.629
1997-08-29 11:12,1.628
1997-08-29 11:18,1.626
1997-08-29 11:24,1.624
1997-08-29 11:30,1.623
1997-08-29 11:36,1.621
1997-08-29 11:42,1.619
1997-08-29 11:48,1.617
1997-08-29 11:54,1.615
1997-08-29 12:00,1.613
1997-08-29 12:06,1.612
1997-08-29 12:12,1.610
1997-08-29 12:18,1.608
1997-08-29 12:24,1.606
1997-08-29 12:30,1.604
1997-08-29 12:36,1.602
1997-08-29 12:42,1.600
1997-08-29 12:48,1.598
1997-08-29 12:54,1.596
1997-08-29 13:00,1.594
1997-08-29 13:06,1.592
1997-08-29 13:12,1.591
1997-08-29 13:18,1.589
1997-08-29 13:24,1.587
1997-08-29 13:30,1.585
1997-08-29 13:36,1.584
1997-08-29 13:42,1.582
1997-08-29 13:48,1.581
1997-08-29 13:54,1.579
1997-08-29 14:00,1.578
1997-08-29 14:06,1.576
1997-08-29 14:12,1.575
1997-08-29 14:18,1.574
1997-08-29 14:24,1.572
1997-08-29 14:30,1.571
1997-08-29 14:36,1.570
1997-08-29 14:42,1.569
1997-08-29 14:48,1.568
1997-08-29 14:54,1.567
1997-08-29 15:00,1.567
1997-08-29 15:06,1.566
1997-08-29 15:12,1.565
1997-08-29 15:18,1.565
1997-08-29 15:24,1.564
1997-08-29 15:30,1.564
1997-08-29 15:36,1.564
1997-08-29 15:42,1.563
1997-08-29 15:48,1.563
1997-08-29 15:54,1.563
1997-08-29 16:00,1.563
1997-08-29 16:06,1.563
1997-08-29 16:12,1.563
1997-08-29 16:18,1.563
1997-08-29 16:24,1.563
1997-08-29 16:30,1.563
1997-08-29 16:36,1.563
1997-08-29 16:42,1.562
1997-08-29 16:48,1.562
1997-08-29 16:54,1.562
1997-08-29 17:00,1.562
1997-08-29 17:06,1.561
1997-08-29 17:12,1.561
1997-08-29 17:18,1.560
1997-08-29 17:24,1.559
1997-08-29 17:30,1.559
1997-08-29 17:36,1.557
1997-08-29 17:42,1.556
1997-08-29 17:48,1.555
1997-08-29 17:54,1.553
1997-08-29 18:00,1.552
1997-08-29 18:06,1.550
1997-08-29 18:12,1.548
1997-08-29 18:18,1.545
1997-08-29 18:24,1.543
1997-08-29 18:30,1.540
1997-08-29 18:36,1.537
1997-08-29 18:42,1.534
1997-08-29 18:48,1.531
1997-08-29 18:54,1.528
1997-08-29 19:00,1.524
1997-08-29 19:06,1.520
1997-08-29 19:12,1.516
1997-08-29 19:18,1.512
1997-08-29 19:24,1.508
1997-08-29 19:30,1.504
1997-08-29 19:36,1.499
1997-08-29 19:42,1.494
1997-08-29 19:48,1.489
1997-08-29 19:54,1.484
1997-08-29 20:00,1.479
1997-08-29 20:06,1.474
1997-08-29 20:12,1.468
1997-08-29 20:18,1.463
1997-08-29 20:24,1.457
1997-08-29 20:30,1.452
1997-08-29 20:36,1.446
1997-08-29 20:42,1.440
1997-08-29 20:48,1.434
1997-08-29 20:54,1.428
1997-08-29 21:00,1.422
1997-08-29 21:06,1.416
1997-08-29 21:12,1.410
1997-08-29 21:18,1.404
1997-08-29 21:24,1.398
1997-08-29 21:30,1.392
1997-08-29 21:36,1.385
1997-08-29 21:42,1.379
1997-08-29 21:48,1.373
1997-08-29 21:54,1.367
1997-08-29 22:00,1.361
1997-08-29 22:06,1.355
1997-08-29 22:12,1.349
1997-08-29 22:18,1.343
1997-08-29 22:24,1.337
1997-08-29 22:30,1.332
1997-08-29 22:36,1.326
1997-08-29 22:42,1.321
1997-08-29 22:48,1.315
1997-08-29 22:54,1.310
1997-08-29 23:00,1.305
1997-08-29 23:06,1.300
1997-08-29 23:12,1.295
1997-08-29 23:18,1.291
1997-08-29 23:24,1.287
1997-08-29 23:30,1.282
1997-08-29 23:36,1.278
1997-08-29 23:42,1.275
1997-08-29 23:48,1.271
1997-08-29 23:54,1.268
1997-08-30 00:00,1.265
1997-08-30 00:06,1.262
1997-08-30 00:12,1.259
1997-08-30 00:18,1.257
1997-08-30 00:24,1.254
1997-08-30 00:30,1.253
1997-08-30 00:36,1.251
1997-08-30 00:42,1.249
1997-08-30 00:48,1.248
1997-08-30 00:54,1.247
1997-08-30 01:00,1.247
1997-08-30 01:06,1.246
1997-08-30 01:12,1.246
1997-08-30 01:18,1.247
1997-08-30 01:24,1.247
1997-08-30 01:30,1.248
1997-08-30 01:36,1.249
1997-08-30 01:42,1.250
1997-08-30 01:48,1.251
1997-08-30 01:54,1.253
1997-08-30 02:00,1.255
1997-08-30 02:06,1.257
1997-08-30 02:12,1.260
1997-08-30 02:18,1.262
1997-08-30 02:24,1.265
1997-08-30 02:30,1.268
1997-08-30 02:36,1.272
1997-08-30 02:42,1.275
1997-08-30 02:48,1.279
1997-08-30 02:54,1.283
1997-08-30 03:00,1.287
1997-08-30 03:06,1.292
1997-08-30 03:12,1.297
1997-08-30 03:18,1.301
1997-08-30 03:24,1.307
1997-08-30 03:30,1.312
1997-08-30 03:36,1.317
1997-08-30 03:42,1.323
1997-08-30 03:48,1.329
1997-08-30 03:54,1.334
1997-08-30 04:00,1.340
1997-08-30 04:06,1.347
1997-08-30 04:12,1.353
1997-08-30 04:18,1.359
1997-08-30 04:24,1.366
1997-08-30 04:30,1.372
1997-08-30 04:36,1.379
1997-08-30 04:42,1.386
1997-08-30 04:48,1.392
1997-08-30 04:54,1.399
1997-08-30 05:00,1.406
1997-08-30 05:06,1.413
1997-08-30 05:12,1.420
1997-08-30 05:18,1.426
1997-08-30 05:24,1.433
1997-08-30 05:30,1.440
1997-08-30 05:36,1.447
1997-08-30 05:42,1.453
1997-08-30 05:48,1.460
1997-08-30 05:54,1.467
1997-08-30 06:00,1.473
1997-08-30 06:06,1.480
1997-08-30 06:12,1.486
1997-08-30 06:18,1.492
1997-08-30 06:24,1.498
1997-08-30 06:30,1.504
1997-08-30 06:36,1.510
1997-08-30 06:42,1.516
1997-08-30 06:48,1.522
1997-08-30 06:54,1.527
1997-08-30 07:00,1.533
1997-08-30 07:06,1.538
1997-08-30 07:12,1.543
1997-08-30 07:18,1.548
1997-08-30 07:24,1.553
1997-08-30 07:30,1.557
1997-08-30 07:36,1.562
1997-08-30 07:42,1.566
1997-08-30 07:48,1.570
1997-08-30 07:54,1.574
1997-08-30 08:00,1.578
1997-08-30 08:06,1.582
1997-08-30 08:12,1.585
1997-08-30 08:18,1.589
1997-08-30 08:24,1.592
1997-08-30 08:30,1.595
1997-08-30 08:36,1.597
1997-08-30 08:42,1.600
1997-08-30 08:48,1.603
1997-08-30 08:54,1.605
1997-08-30 09:00,1.607
1997-08-30 09:06,1.609
1997-08-30 09:12,1.611
1997-08-30 09:18,1.612
1997-08-30 09:24,1.614
1997-08-30 09:30,1.615
1997-08-30 09:36,1.616
1997-08-30 09:42,1.617
1997-08-30 09:48,1.618
1997-08-30 09:54,1.619
1997-08-30 10:00,1.620
1997-08-30 10:06,1.620
1997-08-30 10:12,1.620
1997-08-30 10:18,1.621
1997-08-30 10:24,1.621
1997-08-30 10:30,1.621
1997-08-30 10:36,1.620
1997-08-30 10:42,1.620
1997-08-30 10:48,1.620
1997-08-30 10:54,1.619
1997-08-30 11:00,1.619
1997-08-30 11:06,1.618
1997-08-30 11:12,1.617
1997-08-30 11:18,1.616
1997-08-30 11:24,1.615
1997-08-30 11:30,1.614
1997-08-30 11:36,1.612
1997-08-30 11:42,1.611
1997-08-30 11:48,1.610
1997-08-30 11:54,1.608
1997-08-30 12:00,1.607
1997-08-30 12:06,1.605
1997-08-30 12:12,1.603
1997-08-30 12:18,1.602
1997-08-30 12:24,1.600
1997-08-30 12:30,1.598
1997-08-30 12:36,1.596
1997-08-30 12:42,1.595
1997-08-30 12:48,1.593
1997-08-30 12:54,1.591
1997-08-30 13:00,1.589
1997-08-30 13:06,1.587
1997-08-30 13:12,1.585
1997-08-30 13:18,1.583
1997-08-30 13:24,1.581
1997-08-30 13:30,1.580
1997-08-30 13:36,1.578
1997-08-30 13:42,1.576
1997-08-30 13:48,1.574
1997-08-30 13:54,1.573
1997-08-30 14:00,1.571
1997-08-30 14:06,1.570
1997-08-30 14:12,1.568
1997-08-30 14:18,1.567
1997-08-30 14:24,1.566
1997-08-30 14:30,1.565
1997-08-30 14:36,1.564
1997-08-30 14:42,1.563
1997-08-30 14:48,1.562
1997-08-30 14:54,1.561
1997-08-30 15:00,1.560
1997-08-30 15:06,1.560
1997-08-30 15:12,1.559
1997-08-30 15:18,1.559
1997-08-30 15:24,1.558
1997-08-30 15:30,1.558
1997-08-30 15:36,1.558
1997-08-30 15:42,1.558
1997-08-30 15:48,1.558
1997-08-30 15:54,1.558
1997-08-30 16:00,1.558
1997-08-30 16:06,1.558
1997-08-30 16:12,1.558
1997-08-30 16:18,1.558
1997-08-30 16:24,1.558
1997-08-30 16:30,1.559
1997-08-30 16:36,1.559
1997-08-30 16:42,1.559
1997-08-30 16:48,1.560
1997-08-30 16:54,1.560
1997-08-30 17:00,1.560
1997-08-30 17:06,1.560
1997-08-30 17:12,1.561
1997-08-30 17:18,1.561
1997-08-30 17:24,1.561
1997-08-30 17:30,1.561
1997-08-30 17:36,1.561
1997-08-30 17:42,1.561
1997-08-30 17:48,1.561
1997-08-30 17:54,1.561
1997-08-30 18:00,1.561
1997-08-30 18:06,1.561
1997-08-30 18:12,1.560
1997-08-30 18:18,1.560
1997-08-30 18:24,1.559
1997-08-30 18:30,1.558
1997-08-30 18:36,1.557
1997-08-30 18:42,1.556
1997-08-30 18:48,1.555
1997-08-30 18:54,1.554
1997-08-30 19:00,1.552
1997-08-30 19:06,1.550
1997-08-30 19:12,1.549
1997-08-30 19:18,1.546
1997-08-30 19:24,1.544
1997-08-30 19:30,1.542
1997-08-30 19:36,1.539
1997-08-30 19:42,1.536
1997-08-30 19:48,1.533
1997-08-30 19:54,1.530
1997-08-30 20:00,1.527
1997-08-30 20:06,1.523
1997-08-30 20:12,1.519
1997-08-30 20:18,1.515
1997-08-30 20:24,1.511
1997-08-30 20:30,1.507
1997-08-30 20:36,1.502
1997-08-30 20:42,1.497
1997-08-30 20:48,1.492
1997-08-30 20:54,1.487
1997-08-30 21:00,1.482
1997-08-30 21:06,1.477
1997-08-30 21:12,1.471
1997-08-30 21:18,1.466
1997-08-30 21:24,1.460
1997-08-30 21:30,1.454
1997-08-30 21:36,1.448
1997-08-30 21:42,1.442
1997-08-30 21:48,1.436
1997-08-30 21:54,1.430
1997-08-30 22:00,1.424
1997-08-30 22:06,1.418
1997-08-30 22:12,1.412
1997-08-30 22:18,1.406
1997-08-30 22:24,1.400
1997-08-30 22:30,1.394
1997-08-30 22:36,1.388
1997-08-30 22:42,1.382
1997-08-30 22:48,1.376
1997-08-30 22:54,1.371
1997-08-30 23:00,1.365
1997-08-30 23:06,1.359
1997-08-30 23:12,1.354
1997-08-30 23:18,1.349
1997-08-30 23:24,1.343
1997-08-30 23:30,1.338
1997-08-30 23:36,1.333
1997-08-30 23:42,1.328
1997-08-30 23:48,1.324
1997-08-30 23:54,1.319
1997-08-31 00:00,1.315
1997-08-31 00:06,1.311
1997-08-31 00:12,1.306
1997-08-31 00:18,1.303
1997-08-31 00:24,1.299
1997-08-31 00:30,1.295
1997-08-31 00:36,1.292
1997-08-31 00:42,1.289
1997-08-31 00:48,1.286
1997-08-31 00:54,1.283
1997-08-31 01:00,1.281
1997-08-31 01:06,1.279
1997-08-31 01:12,1.277
1997-08-31 01:18,1.275
1997-08-31 01:24,1.273
1997-08-31 01:30,1.272
1997-08-31 01:36,1.271
1997-08-31 01:42,1.270
1997-08-31 01:48,1.270
1997-08-31 01:54,1.269
1997-08-31 02:00,1.269
1997-08-31 02:06,1.270
1997-08-31 02:12,1.270
1997-08-31 02:18,1.271
1997-08-31 02:24,1.272
1997-08-31 02:30,1.274
1997-08-31 02:36,1.275
1997-08-31 02:42,1.277
1997-08-31 02:48,1.279
1997-08-31 02:54,1.282
1997-08-31 03:00,1.285
1997-08-31 03:06,1.287
1997-08-31 03:12,1.291
1997-08-31 03:18,1.294
1997-08-31 03:24,1.298
1997-08-31 03:30,1.302
1997-08-31 03:36,1.306
1997-08-31 03:42,1.310
1997-08-31 03:48,1.314
1997-08-31 03:54,1.319
1997-08-31 04:00,1.324
1997-08-31 04:06,1.329
1997-08-31 04:12,1.334
1997-08-31 04:18,1.339
1997-08-31 04:24,1.344
1997-08-31 04:30,1.350
1997-08-31 04:36,1.355
1997-08-31 04:42,1.361
1997-08-31 04:48,1.366
1997-08-31 04:54,1.372
1997-08-31 05:00,1.378
1997-08-31 05:06,1.384
1997-08-31 05:12,1.390
1997-08-31 05:18,1.396
1997-08-31 05:24,1.402
1997-08-31 05:30,1.408
1997-08-31 05:36,1.414
1997-08-31 05:42,1.420
1997-08-31 05:48,1.426
1997-08-31 05:54,1.432
1997-08-31 06:00,1.439
1997-08-31 06:06,1.445
1997-08-31 06:12,1.451
1997-08-31 06:18,1.457
1997-08-31 06:24,1.463
1997-08-31 06:30,1.469
1997-08-31 06:36,1.475
1997-08-31 06:42,1.481
1997-08-31 06:48,1.487
1997-08-31 06:54,1.493
1997-08-31 07:00,1.499
1997-08-31 07:06,1.505
1997-08-31 07:12,1.510
1997-08-31 07:18,1.516
1997-08-31 07:24,1.521
1997-08-31 07:30,1.526
1997-08-31 07:36,1.531
1997-08-31 07:42,1.536
1997-08-31 07:48,1.541
1997-08-31 07:54,1.546
1997-08-31 08:00,1.550
1997-08-31 08:06,1.554
1997-08-31 08:12,1.558
1997-08-31 08:18,1.562
1997-08-31 08:24,1.566
1997-08-31 08:30,1.569
1997-08-31 08:36,1.573
1997-08-31 08:42,1.576
1997-08-31 08:48,1.578
1997-08-31 08:54,1.581
1997-08-31 09:00,1.584
1997-08-31 09:06,1.586
1997-08-31 09:12,1.588
1997-08-31 09:18,1.590
1997-08-31 09:24,1.591
1997-08-31 09:30,1.593
1997-08-31 09:36,1.594
1997-08-31 09:42,1.595
1997-08-31 09:48,1.596
1997-08-31 09:54,1.597
1997-08-31 10:00,1.598
1997-08-31 10:06,1.598
1997-08-31 10:12,1.599
1997-08-31 10:18,1.599
1997-08-31 10:24,1.600
1997-08-31 10:30,1.600
1997-08-31 10:36,1.600
1997-08-31 10:42,1.600
1997-08-31 10:48,1.600
1997-08-31 10:54,1.599
1997-08-31 11:00,1.599
1997-08-31 11:06,1.599
1997-08-31 11:12,1.598
1997-08-31 11:18,1.598
1997-08-31 11:24,1.597
1997-08-31 11:30,1.596
1997-08-31 11:36,1.595
1997-08-31 11:42,1.594
1997-08-31 11:48,1.593
1997-08-31 11:54,1.592
1997-08-31 12:00,1.591
1997-08-31 12:06,1.590
1997-08-31 12:12,1.589
1997-08-31 12:18,1.587
1997-08-31 12:24,1.586
1997-08-31 12:30,1.585
1997-08-31 12:36,1.583
1997-08-31 12:42,1.581
1997-08-31 12:48,1.580
1997-08-31 12:54,1.578
1997-08-31 13:00,1.576
1997-08-31 13:06,1.574
1997-08-31 13:12,1.573
1997-08-31 13:18,1.571
1997-08-31 13:24,1.569
1997-08-31 13:30,1.567
1997-08-31 13:36,1.565
1997-08-31 13:42,1.563
1997-08-31 13:48,1.562
1997-08-31 13:54,1.560
1997-08-31 14:00,1.558
1997-08-31 14:06,1.557
1997-08-31 14:12,1.555
1997-08-31 14:18,1.554
1997-08-31 14:24,1.552
1997-08-31 14:30,1.551
1997-08-31 14:36,1.550
1997-08-31 14:42,1.549
1997-08-31 14:48,1.548
1997-08-31 14:54,1.547
1997-08-31 15:00,1.546
1997-08-31 15:06,1.546
1997-08-31 15:12,1.545
1997-08-31 15:18,1.545
1997-08-31 15:24,1.545
1997-08-31 15:30,1.544
1997-08-31 15:36,1.544
1997-08-31 15:42,1.544
1997-08-31 15:48,1.544
1997-08-31 15:54,1.545
1997-08-31 16:00,1.545
1997-08-31 16:06,1.545
1997-08-31 16:12,1.546
1997-08-31 16:18,1.546
1997-08-31 16:24,1.546
1997-08-31 16:30,1.547
1997-08-31 16:36,1.547
1997-08-31 16:42,1.548
1997-08-31 16:48,1.549
1997-08-31 16:54,1.549
1997-08-31 17:00,1.550
1997-08-31 17:06,1.550
1997-08-31 17:12,1.551
1997-08-31 17:18,1.552
1997-08-31 17:24,1.552
1997-08-31 17:30,1.553
1997-08-31 17:36,1.554
1997-08-31 17:42,1.554
1997-08-31 17:48,1.555
1997-08-31 17:54,1.556
1997-08-31 18:00,1.556
1997-08-31 18:06,1.557
1997-08-31 18:12,1.557
1997-08-31 18:18,1.558
1997-08-31 18:24,1.558
1997-08-31 18:30,1.559
1997-08-31 18:36,1.559
1997-08-31 18:42,1.560
1997-08-31 18:48,1.560
1997-08-31 18:54,1.560
1997-08-31 19:00,1.560
1997-08-31 19:06,1.560
1997-08-31 19:12,1.560
1997-08-31 19:18,1.560
1997-08-31 19:24,1.560
1997-08-31 19:30,1.559
1997-08-31 19:36,1.559
1997-08-31 19:42,1.558
1997-08-31 19:48,1.557
1997-08-31 19:54,1.556
1997-08-31 20:00,1.554
1997-08-31 20:06,1.553
1997-08-31 20:12,1.551
1997-08-31 20:18,1.549
1997-08-31 20:24,1.547
1997-08-31 20:30,1.544
1997-08-31 20:36,1.542
1997-08-31 20:42,1.539
1997-08-31 20:48,1.536
1997-08-31 20:54,1.532
1997-08-31 21:00,1.528
1997-08-31 21:06,1.525
1997-08-31 21:12,1.521
1997-08-31 21:18,1.516
1997-08-31 21:24,1.512
1997-08-31 21:30,1.507
1997-08-31 21:36,1.502
1997-08-31 21:42,1.497
1997-08-31 21:48,1.492
1997-08-31 21:54,1.487
1997-08-31 22:00,1.481
1997-08-31 22:06,1.476
1997-08-31 22:12,1.470
1997-08-31 22:18,1.465
1997-08-31 22:24,1.459
1997-08-31 22:30,1.453
1997-08-31 22:36,1.447
1997-08-31 22:42,1.442
1997-08-31 22:48,1.436
1997-08-31 22:54,1.430
1997-08-31 23:00,1.424
1997-08-31 23:06,1.419
1997-08-31 23:12,1.413
1997-08-31 23:18,1.408
1997-08-31 23:24,1.402
1997-08-31 23:30,1.397
1997-08-31 23:36,1.391
1997-08-31 23:42,1.386
1997-08-31 23:48,1.381
1997-08-31 23:54,1.376
1997-09-01 00:00,1.371
1997-09-01 00:06,1.366
1997-09-01 00:12,1.362
1997-09-01 00:18,1.357
1997-09-01 00:24,1.352
1997-09-01 00:30,1.348
1997-09-01 00:36,1.344
1997-09-01 00:42,1.340
1997-09-01 00:48,1.336
1997-09-01 00:54,1.332
1997-09-01 01:00,1.328
1997-09-01 01:06,1.325
1997-09-01 01:12,1.321
1997-09-01 01:18,1.318
1997-09-01 01:24,1.315
1997-09-01 01:30,1.312
1997-09-01 01:36,1.309
1997-09-01 01:42,1.307
1997-09-01 01:48,1.305
1997-09-01 01:54,1.303
1997-09-01 02:00,1.301
1997-09-01 02:06,1.300
1997-09-01 02:12,1.299
1997-09-01 02:18,1.298
1997-09-01 02:24,1.297
1997-09-01 02:30,1.297
1997-09-01 02:36,1.297
1997-09-01 02:42,1.297
1997-09-01 02:48,1.297
1997-09-01 02:54,1.298
1997-09-01 03:00,1.299
1997-09-01 03:06,1.300
1997-09-01 03:12,1.302
1997-09-01 03:18,1.304
1997-09-01 03:24,1.306
1997-09-01 03:30,1.308
1997-09-01 03:36,1.311
1997-09-01 03:42,1.314
1997-09-01 03:48,1.317
1997-09-01 03:54,1.320
1997-09-01 04:00,1.324
1997-09-01 04:06,1.327
1997-09-01 04:12,1.331
1997-09-01 04:18,1.335
1997-09-01 04:24,1.339
1997-09-01 04:30,1.344
1997-09-01 04:36,1.348
1997-09-01 04:42,1.353
1997-09-01 04:48,1.357
1997-09-01 04:54,1.362
1997-09-01 05:00,1.367
1997-09-01 05:06,1.372
1997-09-01 05:12,1.377
1997-09-01 05:18,1.382
1997-09-01 05:24,1.387
1997-09-01 05:30,1.392
1997-09-01 05:36,1.397
1997-09-01 05:42,1.402
1997-09-01 05:48,1.407
1997-09-01 05:54,1.413
1997-09-01 06:00,1.418
1997-09-01 06:06,1.424
1997-09-01 06:12,1.429
1997-09-01 06:18,1.435
1997-09-01 06:24,1.440
1997-09-01 06:30,1.446
1997-09-01 06:36,1.451
1997-09-01 06:42,1.457
1997-09-01 06:48,1.462
1997-09-01 06:54,1.468
1997-09-01 07:00,1.474
1997-09-01 07:06,1.479
1997-09-01 07:12,1.485
1997-09-01 07:18,1.490
1997-09-01 07:24,1.496
1997-09-01 07:30,1.501
1997-09-01 07:36,1.506
1997-09-01 07:42,1.511
1997-09-01 07:48,1.516
1997-09-01 07:54,1.521
1997-09-01 08:00,1.526
1997-09-01 08:06,1.531
1997-09-01 08:12,1.535
1997-09-01 08:18,1.540
1997-09-01 08:24,1.544
1997-09-01 08:30,1.548
1997-09-01 08:36,1.551
1997-09-01 08:42,1.555
1997-09-01 08:48,1.558
1997-09-01 08:54,1.561
1997-09-01 09:00,1.564
1997-09-01 09:06,1.567
1997-09-01 09:12,1.569
1997-09-01 09:18,1.571
1997-09-01 09:24,1.573
1997-09-01 09:30,1.575
1997-09-01 09:36,1.576
1997-09-01 09:42,1.577
1997-09-01 09:48,1.579
1997-09-01 09:54,1.579
1997-09-01 10:00,1.580
1997-09-01 10:06,1.581
1997-09-01 10:12,1.581
1997-09-01 10:18,1.581
1997-09-01 10:24,1.581
1997-09-01 10:30,1.581
1997-09-01 10:36,1.581
1997-09-01 10:42,1.581
1997-09-01 10:48,1.581
1997-09-01 10:54,1.580
1997-09-01 11:00,1.580
1997-09-01 11:06,1.579
1997-09-01 11:12,1.579
1997-09-01 11:18,1.578
1997-09-01 11:24,1.577
1997-09-01 11:30,1.577
1997-09-01 11:36,1.576
1997-09-01 11:42,1.575
1997-09-01 11:48,1.574
1997-09-01 11:54,1.573
1997-09-01 12:00,1.572
1997-09-01 12:06,1.571
1997-09-01 12:12,1.570
1997-09-01 12:18,1.568
1997-09-01 12:24,1.567
1997-09-01 12:30,1.566
1997-09-01 12:36,1.564
1997-09-01 12:42,1.563
1997-09-01 12:48,1.561
1997-09-01 12:54,1.560
1997-09-01 13:00,1.558
1997-09-01 13:06,1.556
1997-09-01 13:12,1.555
1997-09-01 13:18,1.553
1997-09-01 13:24,1.551
1997-09-01 13:30,1.549
1997-09-01 13:36,1.547
1997-09-01 13:42,1.546
1997-09-01 13:48,1.544
1997-09-01 13:54,1.542
1997-09-01 14:00,1.540
1997-09-01 14:06,1.538
1997-09-01 14:12,1.537
1997-09-01 14:18,1.535
1997-09-01 14:24,1.533
1997-09-01 14:30,1.532
1997-09-01 14:36,1.531
1997-09-01 14:42,1.529
1997-09-01 14:48,1.528
1997-09-01 14:54,1.527
1997-09-01 15:00,1.526
1997-09-01 15:06,1.525
1997-09-01 15:12,1.525
1997-09-01 15:18,1.524
1997-09-01 15:24,1.524
1997-09-01 15:30,1.524
1997-09-01 15:36,1.523
1997-09-01 15:42,1.523
1997-09-01 15:48,1.523
1997-09-01 15:54,1.524
1997-09-01 16:00,1.524
1997-09-01 16:06,1.524
1997-09-01 16:12,1.525
1997-09-01 16:18,1.525
1997-09-01 16:24,1.526
1997-09-01 16:30,1.527
1997-09-01 16:36,1.528
1997-09-01 16:42,1.528
1997-09-01 16:48,1.529
1997-09-01 16:54,1.530
1997-09-01 17:00,1.531
1997-09-01 17:06,1.532
1997-09-01 17:12,1.533
1997-09-01 17:18,1.534
1997-09-01 17:24,1.535
1997-09-01 17:30,1.536
1997-09-01 17:36,1.537
1997-09-01 17:42,1.538
1997-09-01 17:48,1.539
1997-09-01 17:54,1.541
1997-09-01 18:00,1.542
1997-09-01 18:06,1.543
1997-09-01 18:12,1.544
1997-09-01 18:18,1.545
1997-09-01 18:24,1.546
1997-09-01 18:30,1.548
1997-09-01 18:36,1.549
1997-09-01 18:42,1.550
1997-09-01 18:48,1.551
1997-09-01 18:54,1.552
1997-09-01 19:00,1.554
1997-09-01 19:06,1.555
1997-09-01 19:12,1.556
1997-09-01 19:18,1.557
1997-09-01 19:24,1.558
1997-09-01 19:30,1.559
1997-09-01 19:36,1.560
1997-09-01 19:42,1.561
1997-09-01 19:48,1.561
1997-09-01 19:54,1.562
1997-09-01 20:00,1.562
1997-09-01 20:06,1.563
1997-09-01 20:12,1.563
1997-09-01 20:18,1.563
1997-09-01 20:24,1.563
1997-09-01 20:30,1.562
1997-09-01 20:36,1.561
1997-09-01 20:42,1.561
1997-09-01 20:48,1.560
1997-09-01 20:54,1.558
1997-09-01 21:00,1.557
1997-09-01 21:06,1.555
1997-09-01 21:12,1.553
1997-09-01 21:18,1.550
1997-09-01 21:24,1.548
1997-09-01 21:30,1.545
1997-09-01 21:36,1.542
1997-09-01 21:42,1.538
1997-09-01 21:48,1.535
1997-09-01 21:54,1.531
1997-09-01 22:00,1.527
1997-09-01 22:06,1.523
1997-09-01 22:12,1.518
1997-09-01 22:18,1.514
1997-09-01 22:24,1.509
1997-09-01 22:30,1.505
1997-09-01 22:36,1.500
1997-09-01 22:42,1.495
1997-09-01 22:48,1.490
1997-09-01 22:54,1.485
1997-09-01 23:00,1.479
1997-09-01 23:06,1.474
1997-09-01 23:12,1.469
1997-09-01 23:18,1.464
1997-09-01 23:24,1.459
1997-09-01 23:30,1.453
1997-09-01 23:36,1.448
1997-09-01 23:42,1.443
1997-09-01 23:48,1.438
1997-09-01 23:54,1.433
1997-09-02 00:00,1.428
1997-09-02 00:06,1.423
1997-09-02 00:12,1.418
1997-09-02 00:18,1.413
1997-09-02 00:24,1.408
1997-09-02 00:30,1.404
1997-09-02 00:36,1.399
1997-09-02 00:42,1.395
1997-09-02 00:48,1.390
1997-09-02 00:54,1.386
1997-09-02 01:00,1.382
1997-09-02 01:06,1.377
1997-09-02 01:12,1.373
1997-09-02 01:18,1.369
1997-09-02 01:24,1.366
1997-09-02 01:30,1.362
1997-09-02 01:36,1.358
1997-09-02 01:42,1.355
1997-09-02 01:48,1.352
1997-09-02 01:54,1.349
1997-09-02 02:00,1.346
1997-09-02 02:06,1.343
1997-09-02 02:12,1.341
1997-09-02 02:18,1.338
1997-09-02 02:24,1.336
1997-09-02 02:30,1.334
1997-09-02 02:36,1.333
1997-09-02 02:42,1.331
1997-09-02 02:48,1.330
1997-09-02 02:54,1.330
1997-09-02 03:00,1.329
1997-09-02 03:06,1.329
1997-09-02 03:12,1.329
1997-09-02 03:18,1.329
1997-09-02 03:24,1.329
1997-09-02 03:30,1.330
1997-09-02 03:36,1.331
1997-09-02 03:42,1.333
1997-09-02 03:48,1.334
1997-09-02 03:54,1.336
1997-09-02 04:00,1.338
1997-09-02 04:06,1.340
1997-09-02 04:12,1.343
1997-09-02 04:18,1.346
1997-09-02 04:24,1.348
1997-09-02 04:30,1.351
1997-09-02 04:36,1.355
1997-09-02 04:42,1.358
1997-09-02 04:48,1.362
1997-09-02 04:54,1.365
1997-09-02 05:00,1.369
1997-09-02 05:06,1.373
1997-09-02 05:12,1.377
1997-09-02 05:18,1.381
1997-09-02 05:24,1.385
1997-09-02 05:30,1.389
1997-09-02 05:36,1.394
1997-09-02 05:42,1.398
1997-09-02 05:48,1.402
1997-09-02 05:54,1.407
1997-09-02 06:00,1.411
1997-09-02 06:06,1.416
1997-09-02 06:12,1.421
1997-09-02 06:18,1.425
1997-09-02 06:24,1.430
1997-09-02 06:30,1.435
1997-09-02 06:36,1.440
1997-09-02 06:42,1.445
1997-09-02 06:48,1.450
1997-09-02 06:54,1.455
1997-09-02 07:00,1.459
1997-09-02 07:06,1.464
1997-09-02 07:12,1.469
1997-09-02 07:18,1.474
1997-09-02 07:24,1.479
1997-09-02 07:30,1.484
1997-09-02 07:36,1.489
1997-09-02 07:42,1.494
1997-09-02 07:48,1.499
1997-09-02 07:54,1.504
1997-09-02 08:00,1.509
1997-09-02 08:06,1.513
1997-09-02 08:12,1.518
1997-09-02 08:18,1.522
1997-09-02 08:24,1.527
1997-09-02 08:30,1.531
1997-09-02 08:36,1.535
1997-09-02 08:42,1.538
1997-09-02 08:48,1.542
1997-09-02 08:54,1.545
1997-09-02 09:00,1.549
1997-09-02 09:06,1.551
1997-09-02 09:12,1.554
1997-09-02 09:18,1.557
1997-09-02 09:24,1.559
1997-09-02 09:30,1.561
1997-09-02 09:36,1.563
1997-09-02 09:42,1.564
1997-09-02 09:48,1.566
1997-09-02 09:54,1.567
1997-09-02 10:00,1.568
1997-09-02 10:06,1.568
1997-09-02 10:12,1.569
1997-09-02 10:18,1.569
1997-09-02 10:24,1.569
1997-09-02 10:30,1.569
1997-09-02 10:36,1.569
1997-09-02 10:42,1.569
1997-09-02 10:48,1.568
1997-09-02 10:54,1.567
1997-09-02 11:00,1.567
1997-09-02 11:06,1.566
1997-09-02 11:12,1.565
1997-09-02 11:18,1.564
1997-09-02 11:24,1.563
1997-09-02 11:30,1.562
1997-09-02 11:36,1.560
1997-09-02 11:42,1.559
1997-09-02 11:48,1.558
1997-09-02 11:54,1.556
1997-09-02 12:00,1.555
1997-09-02 12:06,1.554
1997-09-02 12:12,1.552
1997-09-02 12:18,1.551
1997-09-02 12:24,1.549
1997-09-02 12:30,1.547
1997-09-02 12:36,1.546
1997-09-02 12:42,1.544
1997-09-02 12:48,1.542
1997-09-02 12:54,1.540
1997-09-02 13:00,1.539
1997-09-02 13:06,1.537
1997-09-02 13:12,1.535
1997-09-02 13:18,1.533
1997-09-02 13:24,1.531
1997-09-02 13:30,1.529
1997-09-02 13:36,1.527
1997-09-02 13:42,1.525
1997-09-02 13:48,1.523
1997-09-02 13:54,1.521
1997-09-02 14:00,1.519
1997-09-02 14:06,1.517
1997-09-02 14:12,1.516
1997-09-02 14:18,1.514
1997-09-02 14:24,1.512
1997-09-02 14:30,1.510
1997-09-02 14:36,1.508
1997-09-02 14:42,1.507
1997-09-02 14:48,1.505
1997-09-02 14:54,1.504
1997-09-02 15:00,1.503
1997-09-02 15:06,1.501
1997-09-02 15:12,1.500
1997-09-02 15:18,1.499
1997-09-02 15:24,1.499
1997-09-02 15:30,1.498
1997-09-02 15:36,1.498
1997-09-02 15:42,1.497
1997-09-02 15:48,1.497
1997-09-02 15:54,1.497
1997-09-02 16:00,1.497
1997-09-02 16:06,1.497
1997-09-02 16:12,1.497
1997-09-02 16:18,1.498
1997-09-02 16:24,1.498
1997-09-02 16:30,1.499
1997-09-02 16:36,1.500
1997-09-02 16:42,1.500
1997-09-02 16:48,1.501
1997-09-02 16:54,1.502
1997-09-02 17:00,1.504
1997-09-02 17:06,1.505
1997-09-02 17:12,1.506
1997-09-02 17:18,1.507
1997-09-02 17:24,1.509
1997-09-02 17:30,1.510
1997-09-02 17:36,1.511
1997-09-02 17:42,1.513
1997-09-02 17:48,1.514
1997-09-02 17:54,1.516
1997-09-02 18:00,1.518
1997-09-02 18:06,1.519
1997-09-02 18:12,1.521
1997-09-02 18:18,1.523
1997-09-02 18:24,1.524
1997-09-02 18:30,1.526
1997-09-02 18:36,1.528
1997-09-02 18:42,1.530
1997-09-02 18:48,1.532
1997-09-02 18:54,1.534
1997-09-02 19:00,1.536
1997-09-02 19:06,1.538
1997-09-02 19:12,1.540
1997-09-02 19:18,1.541
1997-09-02 19:24,1.543
1997-09-02 19:30,1.545
1997-09-02 19:36,1.547
1997-09-02 19:42,1.549
1997-09-02 19:48,1.551
1997-09-02 19:54,1.553
1997-09-02 20:00,1.555
1997-09-02 20:06,1.556
1997-09-02 20:12,1.558
1997-09-02 20:18,1.559
1997-09-02 20:24,1.561
1997-09-02 20:30,1.562
1997-09-02 20:36,1.563
1997-09-02 20:42,1.564
1997-09-02 20:48,1.564
1997-09-02 20:54,1.565
1997-09-02 21:00,1.565
1997-09-02 21:06,1.565
1997-09-02 21:12,1.565
1997-09-02 21:18,1.565
1997-09-02 21:24,1.564
1997-09-02 21:30,1.564
1997-09-02 21:36,1.563
1997-09-02 21:42,1.561
1997-09-02 21:48,1.560
1997-09-02 21:54,1.558
1997-09-02 22:00,1.556
1997-09-02 22:06,1.554
1997-09-02 22:12,1.551
1997-09-02 22:18,1.549
1997-09-02 22:24,1.546
1997-09-02 22:30,1.543
1997-09-02 22:36,1.539
1997-09-02 22:42,1.536
1997-09-02 22:48,1.532
1997-09-02 22:54,1.529
1997-09-02 23:00,1.525
1997-09-02 23:06,1.521
1997-09-02 23:12,1.517
1997-09-02 23:18,1.512
1997-09-02 23:24,1.508
1997-09-02 23:30,1.504
1997-09-02 23:36,1.499
1997-09-02 23:42,1.495
1997-09-02 23:48,1.490
1997-09-02 23:54,1.486
1997-09-03 00:00,1.481
1997-09-03 00:06,1.477
1997-09-03 00:12,1.472
1997-09-03 00:18,1.468
1997-09-03 00:24,1.463
1997-09-03 00:30,1.458
1997-09-03 00:36,1.454
1997-09-03 00:42,1.450
1997-09-03 00:48,1.445
1997-09-03 00:54,1.441
1997-09-03 01:00,1.436
1997-09-03 01:06,1.432
1997-09-03 01:12,1.428
1997-09-03 01:18,1.424
1997-09-03 01:24,1.420
1997-09-03 01:30,1.416
1997-09-03 01:36,1.412
1997-09-03 01:42,1.408
1997-09-03 01:48,1.404
1997-09-03 01:54,1.401
1997-09-03 02:00,1.397
1997-09-03 02:06,1.394
1997-09-03 02:12,1.391
1997-09-03 02:18,1.388
1997-09-03 02:24,1.385
1997-09-03 02:30,1.382
1997-09-03 02:36,1.380
1997-09-03 02:42,1.377
1997-09-03 02:48,1.375
1997-09-03 02:54,1.373
1997-09-03 03:00,1.371
1997-09-03 03:06,1.370
1997-09-03 03:12,1.369
1997-09-03 03:18,1.367
1997-09-03 03:24,1.367
1997-09-03 03:30,1.366
1997-09-03 03:36,1.365
1997-09-03 03:42,1.365
1997-09-03 03:48,1.365
1997-09-03 03:54,1.366
1997-09-03 04:00,1.366
1997-09-03 04:06,1.367
1997-09-03 04:12,1.368
1997-09-03 04:18,1.369
1997-09-03 04:24,1.371
1997-09-03 04:30,1.372
1997-09-03 04:36,1.374
1997-09-03 04:42,1.376
1997-09-03 04:48,1.378
1997-09-03 04:54,1.380
1997-09-03 05:00,1.383
1997-09-03 05:06,1.386
1997-09-03 05:12,1.389
1997-09-03 05:18,1.391
1997-09-03 05:24,1.395
1997-09-03 05:30,1.398
1997-09-03 05:36,1.401
1997-09-03 05:42,1.405
1997-09-03 05:48,1.408
1997-09-03 05:54,1.412
1997-09-03 06:00,1.415
1997-09-03 06:06,1.419
1997-09-03 06:12,1.423
1997-09-03 06:18,1.427
1997-09-03 06:24,1.431
1997-09-03 06:30,1.435
1997-09-03 06:36,1.439
1997-09-03 06:42,1.444
1997-09-03 06:48,1.448
1997-09-03 06:54,1.452
1997-09-03 07:00,1.456
1997-09-03 07:06,1.461
1997-09-03 07:12,1.465
1997-09-03 07:18,1.469
1997-09-03 07:24,1.474
1997-09-03 07:30,1.478
1997-09-03 07:36,1.483
1997-09-03 07:42,1.487
1997-09-03 07:48,1.491
1997-09-03 07:54,1.496
1997-09-03 08:00,1.500
1997-09-03 08:06,1.504
1997-09-03 08:12,1.508
1997-09-03 08:18,1.512
1997-09-03 08:24,1.516
1997-09-03 08:30,1.520
1997-09-03 08:36,1.524
1997-09-03 08:42,1.528
1997-09-03 08:48,1.531
1997-09-03 08:54,1.535
1997-09-03 09:00,1.538
1997-09-03 09:06,1.541
1997-09-03 09:12,1.544
1997-09-03 09:18,1.546
1997-09-03 09:24,1.549
1997-09-03 09:30,1.551
1997-09-03 09:36,1.553
1997-09-03 09:42,1.555
1997-09-03 09:48,1.557
1997-09-03 09:54,1.558
1997-09-03 10:00,1.559
1997-09-03 10:06,1.560
1997-09-03 10:12,1.561
1997-09-03 10:18,1.562
1997-09-03 10:24,1.562
1997-09-03 10:30,1.562
1997-09-03 10:36,1.562
1997-09-03 10:42,1.562
1997-09-03 10:48,1.561
1997-09-03 10:54,1.561
1997-09-03 11:00,1.560
1997-09-03 11:06,1.559
1997-09-03 11:12,1.558
1997-09-03 11:18,1.557
1997-09-03 11:24,1.556
1997-09-03 11:30,1.554
1997-09-03 11:36,1.553
1997-09-03 11:42,1.551
1997-09-03 11:48,1.549
1997-09-03 11:54,1.547
1997-09-03 12:00,1.545
1997-09-03 12:06,1.544
1997-09-03 12:12,1.541
1997-09-03 12:18,1.539
1997-09-03 12:24,1.537
1997-09-03 12:30,1.535
1997-09-03 12:36,1.533
1997-09-03 12:42,1.531
1997-09-03 12:48,1.528
1997-09-03 12:54,1.526
1997-09-03 13:00,1.524
1997-09-03 13:06,1.521
1997-09-03 13:12,1.519
1997-09-03 13:18,1.517
1997-09-03 13:24,1.514
1997-09-03 13:30,1.512
1997-09-03 13:36,1.509
1997-09-03 13:42,1.507
1997-09-03 13:48,1.505
1997-09-03 13:54,1.502
1997-09-03 14:00,1.500
1997-09-03 14:06,1.498
1997-09-03 14:12,1.495
1997-09-03 14:18,1.493
1997-09-03 14:24,1.491
1997-09-03 14:30,1.489
1997-09-03 14:36,1.487
1997-09-03 14:42,1.485
1997-09-03 14:48,1.483
1997-09-03 14:54,1.481
1997-09-03 15:00,1.479
1997-09-03 15:06,1.478
1997-09-03 15:12,1.476
1997-09-03 15:18,1.475
1997-09-03 15:24,1.473
1997-09-03 15:30,1.472
1997-09-03 15:36,1.471
1997-09-03 15:42,1.470
1997-09-03 15:48,1.469
1997-09-03 15:54,1.469
1997-09-03 16:00,1.468
1997-09-03 16:06,1.468
1997-09-03 16:12,1.467
1997-09-03 16:18,1.467
1997-09-03 16:24,1.467
1997-09-03 16:30,1.467
1997-09-03 16:36,1.467
1997-09-03 16:42,1.468
1997-09-03 16:48,1.468
1997-09-03 16:54,1.469
1997-09-03 17:00,1.470
1997-09-03 17:06,1.471
1997-09-03 17:12,1.472
1997-09-03 17:18,1.473
1997-09-03 17:24,1.474
1997-09-03 17:30,1.476
1997-09-03 17:36,1.477
1997-09-03 17:42,1.479
1997-09-03 17:48,1.480
1997-09-03 17:54,1.482
1997-09-03 18:00,1.484
1997-09-03 18:06,1.486
1997-09-03 18:12,1.488
1997-09-03 18:18,1.490
1997-09-03 18:24,1.492
1997-09-03 18:30,1.495
1997-09-03 18:36,1.497
1997-09-03 18:42,1.500
1997-09-03 18:48,1.502
1997-09-03 18:54,1.505
1997-09-03 19:00,1.507
1997-09-03 19:06,1.510
1997-09-03 19:12,1.512
1997-09-03 19:18,1.515
1997-09-03 19:24,1.518
1997-09-03 19:30,1.521
1997-09-03 19:36,1.523
1997-09-03 19:42,1.526
1997-09-03 19:48,1.529
1997-09-03 19:54,1.532
1997-09-03 20:00,1.534
1997-09-03 20:06,1.537
1997-09-03 20:12,1.539
1997-09-03 20:18,1.542
1997-09-03 20:24,1.544
1997-09-03 20:30,1.547
1997-09-03 20:36,1.549
1997-09-03 20:42,1.551
1997-09-03 20:48,1.553
1997-09-03 20:54,1.555
1997-09-03 21:00,1.557
1997-09-03 21:06,1.559
1997-09-03 21:12,1.560
1997-09-03 21:18,1.562
1997-09-03 21:24,1.563
1997-09-03 21:30,1.564
1997-09-03 21:36,1.565
1997-09-03 21:42,1.565
1997-09-03 21:48,1.566
1997-09-03 21:54,1.566
1997-09-03 22:00,1.566
1997-09-03 22:06,1.566
1997-09-03 22:12,1.565
1997-09-03 22:18,1.565
1997-09-03 22:24,1.564
1997-09-03 22:30,1.563
1997-09-03 22:36,1.562
1997-09-03 22:42,1.560
1997-09-03 22:48,1.559
1997-09-03 22:54,1.557
1997-09-03 23:00,1.555
1997-09-03 23:06,1.553
1997-09-03 23:12,1.550
1997-09-03 23:18,1.548
1997-09-03 23:24,1.545
1997-09-03 23:30,1.542
1997-09-03 23:36,1.539
1997-09-03 23:42,1.536
1997-09-03 23:48,1.533
1997-09-03 23:54,1.530
1997-09-04 00:00,1.526
1997-09-04 00:06,1.523
1997-09-04 00:12,1.519
1997-09-04 00:18,1.516
1997-09-04 00:24,1.512
1997-09-04 00:30,1.508
1997-09-04 00:36,1.504
1997-09-04 00:42,1.500
1997-09-04 00:48,1.496
1997-09-04 00:54,1.493
1997-09-04 01:00,1.489
1997-09-04 01:06,1.485
1997-09-04 01:12,1.481
1997-09-04 01:18,1.477
1997-09-04 01:24,1.473
1997-09-04 01:30,1.469
1997-09-04 01:36,1.465
1997-09-04 01:42,1.462
1997-09-04 01:48,1.458
1997-09-04 01:54,1.454
1997-09-04 02:00,1.451
1997-09-04 02:06,1.448
1997-09-04 02:12,1.444
1997-09-04 02:18,1.441
1997-09-04 02:24,1.438
1997-09-04 02:30,1.435
1997-09-04 02:36,1.432
1997-09-04 02:42,1.429
1997-09-04 02:48,1.426
1997-09-04 02:54,1.424
1997-09-04 03:00,1.422
1997-09-04 03:06,1.419
1997-09-04 03:12,1.417
1997-09-04 03:18,1.415
1997-09-04 03:24,1.414
1997-09-04 03:30,1.412
1997-09-04 03:36,1.411
1997-09-04 03:42,1.409
1997-09-04 03:48,1.408
1997-09-04 03:54,1.407
1997-09-04 04:00,1.407
1997-09-04 04:06,1.406
1997-09-04 04:12,1.406
1997-09-04 04:18,1.406
1997-09-04 04:24,1.406
1997-09-04 04:30,1.406
1997-09-04 04:36,1.406
1997-09-04 04:42,1.407
1997-09-04 04:48,1.407
1997-09-04 04:54,1.408
1997-09-04 05:00,1.409
1997-09-04 05:06,1.411
1997-09-04 05:12,1.412
1997-09-04 05:18,1.414
1997-09-04 05:24,1.415
1997-09-04 05:30,1.417
1997-09-04 05:36,1.419
1997-09-04 05:42,1.422
1997-09-04 05:48,1.424
1997-09-04 05:54,1.426
1997-09-04 06:00,1.429
1997-09-04 06:06,1.432
1997-09-04 06:12,1.435
1997-09-04 06:18,1.438
1997-09-04 06:24,1.441
1997-09-04 06:30,1.444
1997-09-04 06:36,1.448
1997-09-04 06:42,1.451
1997-09-04 06:48,1.455
1997-09-04 06:54,1.458
1997-09-04 07:00,1.462
1997-09-04 07:06,1.466
1997-09-04 07:12,1.469
1997-09-04 07:18,1.473
1997-09-04 07:24,1.477
1997-09-04 07:30,1.481
1997-09-04 07:36,1.485
1997-09-04 07:42,1.489
1997-09-04 07:48,1.492
1997-09-04 07:54,1.496
1997-09-04 08:00,1.500
1997-09-04 08:06,1.504
1997-09-04 08:12,1.507
1997-09-04 08:18,1.511
1997-09-04 08:24,1.514
1997-09-04 08:30,1.518
1997-09-04 08:36,1.521
1997-09-04 08:42,1.525
1997-09-04 08:48,1.528
1997-09-04 08:54,1.531
1997-09-04 09:00,1.534
1997-09-04 09:06,1.536
1997-09-04 09:12,1.539
1997-09-04 09:18,1.541
1997-09-04 09:24,1.544
1997-09-04 09:30,1.546
1997-09-04 09:36,1.548
1997-09-04 09:42,1.550
1997-09-04 09:48,1.551
1997-09-04 09:54,1.553
1997-09-04 10:00,1.554
1997-09-04 10:06,1.555
1997-09-04 10:12,1.556
1997-09-04 10:18,1.557
1997-09-04 10:24,1.558
1997-09-04 10:30,1.558
1997-09-04 10:36,1.558
1997-09-04 10:42,1.558
1997-09-04 10:48,1.558
1997-09-04 10:54,1.558
1997-09-04 11:00,1.557
1997-09-04 11:06,1.557
1997-09-04 11:12,1.556
1997-09-04 11:18,1.555
1997-09-04 11:24,1.554
1997-09-04 11:30,1.552
1997-09-04 11:36,1.551
1997-09-04 11:42,1.549
1997-09-04 11:48,1.547
1997-09-04 11:54,1.545
1997-09-04 12:00,1.543
1997-09-04 12:06,1.541
1997-09-04 12:12,1.539
1997-09-04 12:18,1.536
1997-09-04 12:24,1.534
1997-09-04 12:30,1.531
1997-09-04 12:36,1.529
1997-09-04 12:42,1.526
1997-09-04 12:48,1.523
1997-09-04 12:54,1.520
1997-09-04 13:00,1.517
1997-09-04 13:06,1.514
1997-09-04 13:12,1.511
1997-09-04 13:18,1.508
1997-09-04 13:24,1.505
1997-09-04 13:30,1.502
1997-09-04 13:36,1.499
1997-09-04 13:42,1.496
1997-09-04 13:48,1.493
1997-09-04 13:54,1.490
1997-09-04 14:00,1.487
1997-09-04 14:06,1.484
1997-09-04 14:12,1.481
1997-09-04 14:18,1.478
1997-09-04 14:24,1.475
1997-09-04 14:30,1.472
1997-09-04 14:36,1.470
1997-09-04 14:42,1.467
1997-09-04 14:48,1.465
1997-09-04 14:54,1.462
1997-09-04 15:00,1.460
1997-09-04 15:06,1.458
1997-09-04 15:12,1.455
1997-09-04 15:18,1.453
1997-09-04 15:24,1.451
1997-09-04 15:30,1.450
1997-09-04 15:36,1.448
1997-09-04 15:42,1.446
1997-09-04 15:48,1.445
1997-09-04 15:54,1.443
1997-09-04 16:00,1.442
1997-09-04 16:06,1.441
1997-09-04 16:12,1.440
1997-09-04 16:18,1.439
1997-09-04 16:24,1.438
1997-09-04 16:30,1.437
1997-09-04 16:36,1.437
1997-09-04 16:42,1.436
1997-09-04 16:48,1.436
1997-09-04 16:54,1.436
1997-09-04 17:00,1.436
1997-09-04 17:06,1.436
1997-09-04 17:12,1.436
1997-09-04 17:18,1.437
1997-09-04 17:24,1.437
1997-09-04 17:30,1.438
1997-09-04 17:36,1.439
1997-09-04 17:42,1.440
1997-09-04 17:48,1.442
1997-09-04 17:54,1.443
1997-09-04 18:00,1.445
1997-09-04 18:06,1.446
1997-09-04 18:12,1.448
1997-09-04 18:18,1.450
1997-09-04 18:24,1.452
1997-09-04 18:30,1.455
1997-09-04 18:36,1.457
1997-09-04 18:42,1.460
1997-09-04 18:48,1.463
1997-09-04 18:54,1.466
1997-09-04 19:00,1.469
1997-09-04 19:06,1.472
1997-09-04 19:12,1.475
1997-09-04 19:18,1.478
1997-09-04 19:24,1.481
1997-09-04 19:30,1.485
1997-09-04 19:36,1.488
1997-09-04 19:42,1.492
1997-09-04 19:48,1.495
1997-09-04 19:54,1.499
1997-09-04 20:00,1.502
1997-09-04 20:06,1.506
1997-09-04 20:12,1.509
1997-09-04 20:18,1.513
1997-09-04 20:24,1.516
1997-09-04 20:30,1.520
1997-09-04 20:36,1.523
1997-09-04 20:42,1.526
1997-09-04 20:48,1.529
1997-09-04 20:54,1.532
1997-09-04 21:00,1.535
1997-09-04 21:06,1.538
1997-09-04 21:12,1.541
1997-09-04 21:18,1.544
1997-09-04 21:24,1.546
1997-09-04 21:30,1.548
1997-09-04 21:36,1.551
1997-09-04 21:42,1.553
1997-09-04 21:48,1.555
1997-09-04 21:54,1.557
1997-09-04 22:00,1.558
1997-09-04 22:06,1.560
1997-09-04 22:12,1.561
1997-09-04 22:18,1.562
1997-09-04 22:24,1.563
1997-09-04 22:30,1.564
1997-09-04 22:36,1.565
1997-09-04 22:42,1.566
1997-09-04 22:48,1.566
1997-09-04 22:54,1.566
1997-09-04 23:00,1.566
1997-09-04 23:06,1.566
1997-09-04 23:12,1.566
1997-09-04 23:18,1.565
1997-09-04 23:24,1.565
1997-09-04 23:30,1.564
1997-09-04 23:36,1.563
1997-09-04 23:42,1.562
1997-09-04 23:48,1.561
1997-09-04 23:54,1.559
1997-09-05 00:00,1.557
1997-09-05 00:06,1.556
1997-09-05 00:12,1.554
1997-09-05 00:18,1.552
1997-09-05 00:24,1.549
1997-09-05 00:30,1.547
1997-09-05 00:36,1.544
1997-09-05 00:42,1.542
1997-09-05 00:48,1.539
1997-09-05 00:54,1.536
1997-09-05 01:00,1.533
1997-09-05 01:06,1.530
1997-09-05 01:12,1.527
1997-09-05 01:18,1.524
1997-09-05 01:24,1.521
1997-09-05 01:30,1.518
1997-09-05 01:36,1.515
1997-09-05 01:42,1.511
1997-09-05 01:48,1.508
1997-09-05 01:54,1.505
1997-09-05 02:00,1.502
1997-09-05 02:06,1.499
1997-09-05 02:12,1.496
1997-09-05 02:18,1.493
1997-09-05 02:24,1.490
1997-09-05 02:30,1.487
1997-09-05 02:36,1.484
1997-09-05 02:42,1.481
1997-09-05 02:48,1.479
1997-09-05 02:54,1.476
1997-09-05 03:00,1.474
1997-09-05 03:06,1.471
1997-09-05 03:12,1.469
1997-09-05 03:18,1.467
1997-09-05 03:24,1.465
1997-09-05 03:30,1.463
1997-09-05 03:36,1.461
1997-09-05 03:42,1.460
1997-09-05 03:48,1.458
1997-09-05 03:54,1.457
1997-09-05 04:00,1.455
1997-09-05 04:06,1.454
1997-09-05 04:12,1.453
1997-09-05 04:18,1.452
1997-09-05 04:24,1.451
1997-09-05 04:30,1.450
1997-09-05 04:36,1.449
1997-09-05 04:42,1.449
1997-09-05 04:48,1.448
1997-09-05 04:54,1.448
1997-09-05 05:00,1.448
1997-09-05 05:06,1.448
1997-09-05 05:12,1.448
1997-09-05 05:18,1.448
1997-09-05 05:24,1.448
1997-09-05 05:30,1.449
1997-09-05 05:36,1.449
1997-09-05 05:42,1.450
1997-09-05 05:48,1.451
1997-09-05 05:54,1.452
1997-09-05 06:00,1.454
1997-09-05 06:06,1.455
1997-09-05 06:12,1.457
1997-09-05 06:18,1.459
1997-09-05 06:24,1.461
1997-09-05 06:30,1.463
1997-09-05 06:36,1.465
1997-09-05 06:42,1.467
1997-09-05 06:48,1.470
1997-09-05 06:54,1.472
1997-09-05 07:00,1.475
1997-09-05 07:06,1.478
1997-09-05 07:12,1.481
1997-09-05 07:18,1.484
1997-09-05 07:24,1.487
1997-09-05 07:30,1.491
1997-09-05 07:36,1.494
1997-09-05 07:42,1.497
1997-09-05 07:48,1.500
1997-09-05 07:54,1.504
1997-09-05 08:00,1.507
1997-09-05 08:06,1.510
1997-09-05 08:12,1.513
1997-09-05 08:18,1.517
1997-09-05 08:24,1.520
1997-09-05 08:30,1.523
1997-09-05 08:36,1.526
1997-09-05 08:42,1.529
1997-09-05 08:48,1.531
1997-09-05 08:54,1.534
1997-09-05 09:00,1.536
1997-09-05 09:06,1.539
1997-09-05 09:12,1.541
1997-09-05 09:18,1.543
1997-09-05 09:24,1.545
1997-09-05 09:30,1.547
1997-09-05 09:36,1.549
1997-09-05 09:42,1.550
1997-09-05 09:48,1.552
1997-09-05 09:54,1.553
1997-09-05 10:00,1.554
1997-09-05 10:06,1.555
1997-09-05 10:12,1.556
1997-09-05 10:18,1.557
1997-09-05 10:24,1.557
1997-09-05 10:30,1.558
1997-09-05 10:36,1.558
1997-09-05 10:42,1.558
1997-09-05 10:48,1.558
1997-09-05 10:54,1.558
1997-09-05 11:00,1.558
1997-09-05 11:06,1.557
1997-09-05 11:12,1.556
1997-09-05 11:18,1.556
1997-09-05 11:24,1.555
1997-09-05 11:30,1.554
1997-09-05 11:36,1.552
1997-09-05 11:42,1.551
1997-09-05 11:48,1.550
1997-09-05 11:54,1.548
1997-09-05 12:00,1.546
1997-09-05 12:06,1.544
1997-09-05 12:12,1.542
1997-09-05 12:18,1.539
1997-09-05 12:24,1.537
1997-09-05 12:30,1.534
1997-09-05 12:36,1.531
1997-09-05 12:42,1.529
1997-09-05 12:48,1.525
1997-09-05 12:54,1.522
1997-09-05 13:00,1.519
1997-09-05 13:06,1.516
1997-09-05 13:12,1.512
1997-09-05 13:18,1.509
1997-09-05 13:24,1.505
1997-09-05 13:30,1.501
1997-09-05 13:36,1.498
1997-09-05 13:42,1.494
1997-09-05 13:48,1.490
1997-09-05 13:54,1.486
1997-09-05 14:00,1.483
1997-09-05 14:06,1.479
1997-09-05 14:12,1.475
1997-09-05 14:18,1.472
1997-09-05 14:24,1.468
1997-09-05 14:30,1.464
1997-09-05 14:36,1.461
1997-09-05 14:42,1.458
1997-09-05 14:48,1.454
1997-09-05 14:54,1.451
1997-09-05 15:00,1.448
1997-09-05 15:06,1.445
1997-09-05 15:12,1.442
1997-09-05 15:18,1.439
1997-09-05 15:24,1.436
1997-09-05 15:30,1.434
1997-09-05 15:36,1.431
1997-09-05 15:42,1.429
1997-09-05 15:48,1.427
1997-09-05 15:54,1.424
1997-09-05 16:00,1.422
1997-09-05 16:06,1.420
1997-09-05 16:12,1.418
1997-09-05 16:18,1.417
1997-09-05 16:24,1.415
1997-09-05 16:30,1.413
1997-09-05 16:36,1.412
1997-09-05 16:42,1.411
1997-09-05 16:48,1.409
1997-09-05 16:54,1.408
1997-09-05 17:00,1.407
1997-09-05 17:06,1.406
1997-09-05 17:12,1.406
1997-09-05 17:18,1.405
1997-09-05 17:24,1.405
1997-09-05 17:30,1.404
1997-09-05 17:36,1.404
1997-09-05 17:42,1.404
1997-09-05 17:48,1.405
1997-09-05 17:54,1.405
1997-09-05 18:00,1.406
1997-09-05 18:06,1.407
1997-09-05 18:12,1.408
1997-09-05 18:18,1.409
1997-09-05 18:24,1.410
1997-09-05 18:30,1.412
1997-09-05 18:36,1.414
1997-09-05 18:42,1.416
1997-09-05 18:48,1.418
1997-09-05 18:54,1.421
1997-09-05 19:00,1.424
1997-09-05 19:06,1.427
1997-09-05 19:12,1.430
1997-09-05 19:18,1.433
1997-09-05 19:24,1.436
1997-09-05 19:30,1.440
1997-09-05 19:36,1.444
1997-09-05 19:42,1.447
1997-09-05 19:48,1.451
1997-09-05 19:54,1.455
1997-09-05 20:00,1.459
1997-09-05 20:06,1.464
1997-09-05 20:12,1.468
1997-09-05 20:18,1.472
1997-09-05 20:24,1.476
1997-09-05 20:30,1.480
1997-09-05 20:36,1.484
1997-09-05 20:42,1.489
1997-09-05 20:48,1.493
1997-09-05 20:54,1.497
1997-09-05 21:00,1.501
1997-09-05 21:06,1.505
1997-09-05 21:12,1.508
1997-09-05 21:18,1.512
1997-09-05 21:24,1.516
1997-09-05 21:30,1.519
1997-09-05 21:36,1.523
1997-09-05 21:42,1.526
1997-09-05 21:48,1.529
1997-09-05 21:54,1.532
1997-09-05 22:00,1.535
1997-09-05 22:06,1.538
1997-09-05 22:12,1.541
1997-09-05 22:18,1.544
1997-09-05 22:24,1.546
1997-09-05 22:30,1.549
1997-09-05 22:36,1.551
1997-09-05 22:42,1.553
1997-09-05 22:48,1.555
1997-09-05 22:54,1.557
1997-09-05 23:00,1.559
1997-09-05 23:06,1.561
1997-09-05 23:12,1.562
1997-09-05 23:18,1.564
1997-09-05 23:24,1.565
1997-09-05 23:30,1.566
1997-09-05 23:36,1.567
1997-09-05 23:42,1.568
1997-09-05 23:48,1.569
1997-09-05 23:54,1.570
1997-09-06 00:00,1.570
1997-09-06 00:06,1.570
1997-09-06 00:12,1.570
1997-09-06 00:18,1.570
1997-09-06 00:24,1.570
1997-09-06 00:30,1.569
1997-09-06 00:36,1.569
1997-09-06 00:42,1.568
1997-09-06 00:48,1.567
1997-09-06 00:54,1.566
1997-09-06 01:00,1.565
1997-09-06 01:06,1.563
1997-09-06 01:12,1.562
1997-09-06 01:18,1.560
1997-09-06 01:24,1.558
1997-09-06 01:30,1.557
1997-09-06 01:36,1.555
1997-09-06 01:42,1.552
1997-09-06 01:48,1.550
1997-09-06 01:54,1.548
1997-09-06 02:00,1.546
1997-09-06 02:06,1.544
1997-09-06 02:12,1.541
1997-09-06 02:18,1.539
1997-09-06 02:24,1.537
1997-09-06 02:30,1.534
1997-09-06 02:36,1.532
1997-09-06 02:42,1.530
1997-09-06 02:48,1.527
1997-09-06 02:54,1.525
1997-09-06 03:00,1.523
1997-09-06 03:06,1.521
1997-09-06 03:12,1.519
1997-09-06 03:18,1.517
1997-09-06 03:24,1.515
1997-09-06 03:30,1.514
1997-09-06 03:36,1.512
1997-09-06 03:42,1.510
1997-09-06 03:48,1.509
1997-09-06 03:54,1.507
1997-09-06 04:00,1.506
1997-09-06 04:06,1.504
1997-09-06 04:12,1.503
1997-09-06 04:18,1.502
1997-09-06 04:24,1.500
1997-09-06 04:30,1.499
1997-09-06 04:36,1.498
1997-09-06 04:42,1.497
1997-09-06 04:48,1.496
1997-09-06 04:54,1.495
1997-09-06 05:00,1.494
1997-09-06 05:06,1.493
1997-09-06 05:12,1.493
1997-09-06 05:18,1.492
1997-09-06 05:24,1.491
1997-09-06 05:30,1.491
1997-09-06 05:36,1.490
1997-09-06 05:42,1.490
1997-09-06 05:48,1.490
1997-09-06 05:54,1.490
1997-09-06 06:00,1.490
1997-09-06 06:06,1.490
1997-09-06 06:12,1.490
1997-09-06 06:18,1.491
1997-09-06 06:24,1.491
1997-09-06 06:30,1.492
1997-09-06 06:36,1.493
1997-09-06 06:42,1.494
1997-09-06 06:48,1.495
1997-09-06 06:54,1.497
1997-09-06 07:00,1.498
1997-09-06 07:06,1.500
1997-09-06 07:12,1.502
1997-09-06 07:18,1.504
1997-09-06 07:24,1.506
1997-09-06 07:30,1.508
1997-09-06 07:36,1.510
1997-09-06 07:42,1.513
1997-09-06 07:48,1.515
1997-09-06 07:54,1.518
1997-09-06 08:00,1.520
1997-09-06 08:06,1.523
1997-09-06 08:12,1.526
1997-09-06 08:18,1.528
1997-09-06 08:24,1.531
1997-09-06 08:30,1.534
1997-09-06 08:36,1.536
1997-09-06 08:42,1.539
1997-09-06 08:48,1.541
1997-09-06 08:54,1.543
1997-09-06 09:00,1.545
1997-09-06 09:06,1.547
1997-09-06 09:12,1.549
1997-09-06 09:18,1.551
1997-09-06 09:24,1.553
1997-09-06 09:30,1.555
1997-09-06 09:36,1.556
1997-09-06 09:42,1.557
1997-09-06 09:48,1.559
1997-09-06 09:54,1.560
1997-09-06 10:00,1.560
1997-09-06 10:06,1.561
1997-09-06 10:12,1.562
1997-09-06 10:18,1.562
1997-09-06 10:24,1.563
1997-09-06 10:30,1.563
1997-09-06 10:36,1.563
1997-09-06 10:42,1.563
1997-09-06 10:48,1.563
1997-09-06 10:54,1.562
1997-09-06 11:00,1.562
1997-09-06 11:06,1.562
1997-09-06 11:12,1.561
1997-09-06 11:18,1.560
1997-09-06 11:24,1.559
1997-09-06 11:30,1.558
1997-09-06 11:36,1.557
1997-09-06 11:42,1.556
1997-09-06 11:48,1.555
1997-09-06 11:54,1.553
1997-09-06 12:00,1.552
1997-09-06 12:06,1.550
1997-09-06 12:12,1.548
1997-09-06 12:18,1.546
1997-09-06 12:24,1.544
1997-09-06 12:30,1.541
1997-09-06 12:36,1.539
1997-09-06 12:42,1.536
1997-09-06 12:48,1.533
1997-09-06 12:54,1.530
1997-09-06 13:00,1.527
1997-09-06 13:06,1.524
1997-09-06 13:12,1.520
1997-09-06 13:18,1.517
1997-09-06 13:24,1.513
1997-09-06 13:30,1.509
1997-09-06 13:36,1.505
1997-09-06 13:42,1.501
1997-09-06 13:48,1.497
1997-09-06 13:54,1.493
1997-09-06 14:00,1.489
1997-09-06 14:06,1.484
1997-09-06 14:12,1.480
1997-09-06 14:18,1.476
1997-09-06 14:24,1.472
1997-09-06 14:30,1.467
1997-09-06 14:36,1.463
1997-09-06 14:42,1.459
1997-09-06 14:48,1.455
1997-09-06 14:54,1.451
1997-09-06 15:00,1.447
1997-09-06 15:06,1.443
1997-09-06 15:12,1.439
1997-09-06 15:18,1.435
1997-09-06 15:24,1.432
1997-09-06 15:30,1.428
1997-09-06 15:36,1.425
1997-09-06 15:42,1.422
1997-09-06 15:48,1.418
1997-09-06 15:54,1.415
1997-09-06 16:00,1.412
1997-09-06 16:06,1.409
1997-09-06 16:12,1.406
1997-09-06 16:18,1.404
1997-09-06 16:24,1.401
1997-09-06 16:30,1.398
1997-09-06 16:36,1.396
1997-09-06 16:42,1.394
1997-09-06 16:48,1.391
1997-09-06 16:54,1.389
1997-09-06 17:00,1.387
1997-09-06 17:06,1.385
1997-09-06 17:12,1.384
1997-09-06 17:18,1.382
1997-09-06 17:24,1.380
1997-09-06 17:30,1.379
1997-09-06 17:36,1.378
1997-09-06 17:42,1.377
1997-09-06 17:48,1.376
1997-09-06 17:54,1.375
1997-09-06 18:00,1.374
1997-09-06 18:06,1.374
1997-09-06 18:12,1.374
1997-09-06 18:18,1.374
1997-09-06 18:24,1.374
1997-09-06 18:30,1.374
1997-09-06 18:36,1.375
1997-09-06 18:42,1.376
1997-09-06 18:48,1.377
1997-09-06 18:54,1.378
1997-09-06 19:00,1.380
1997-09-06 19:06,1.382
1997-09-06 19:12,1.384
1997-09-06 19:18,1.387
1997-09-06 19:24,1.389
1997-09-06 19:30,1.392
1997-09-06 19:36,1.395
1997-09-06 19:42,1.399
1997-09-06 19:48,1.402
1997-09-06 19:54,1.406
1997-09-06 20:00,1.410
1997-09-06 20:06,1.414
1997-09-06 20:12,1.418
1997-09-06 20:18,1.422
1997-09-06 20:24,1.426
1997-09-06 20:30,1.431
1997-09-06 20:36,1.435
1997-09-06 20:42,1.440
1997-09-06 20:48,1.445
1997-09-06 20:54,1.449
1997-09-06 21:00,1.454
1997-09-06 21:06,1.459
1997-09-06 21:12,1.463
1997-09-06 21:18,1.468
1997-09-06 21:24,1.472
1997-09-06 21:30,1.477
1997-09-06 21:36,1.481
1997-09-06 21:42,1.485
1997-09-06 21:48,1.490
1997-09-06 21:54,1.494
1997-09-06 22:00,1.498
1997-09-06 22:06,1.502
1997-09-06 22:12,1.506
1997-09-06 22:18,1.510
1997-09-06 22:24,1.514
1997-09-06 22:30,1.517
1997-09-06 22:36,1.521
1997-09-06 22:42,1.525
1997-09-06 22:48,1.528
1997-09-06 22:54,1.531
1997-09-06 23:00,1.535
1997-09-06 23:06,1.538
1997-09-06 23:12,1.541
1997-09-06 23:18,1.544
1997-09-06 23:24,1.547
1997-09-06 23:30,1.550
1997-09-06 23:36,1.553
1997-09-06 23:42,1.555
1997-09-06 23:48,1.558
1997-09-06 23:54,1.560
1997-09-07 00:00,1.563
1997-09-07 00:06,1.565
1997-09-07 00:12,1.567
1997-09-07 00:18,1.569
1997-09-07 00:24,1.571
1997-09-07 00:30,1.572
1997-09-07 00:36,1.574
1997-09-07 00:42,1.575
1997-09-07 00:48,1.576
1997-09-07 00:54,1.577
1997-09-07 01:00,1.578
1997-09-07 01:06,1.578
1997-09-07 01:12,1.579
1997-09-07 01:18,1.579
1997-09-07 01:24,1.579
1997-09-07 01:30,1.579
1997-09-07 01:36,1.579
1997-09-07 01:42,1.579
1997-09-07 01:48,1.578
1997-09-07 01:54,1.577
1997-09-07 02:00,1.577
1997-09-07 02:06,1.576
1997-09-07 02:12,1.575
1997-09-07 02:18,1.574
1997-09-07 02:24,1.573
1997-09-07 02:30,1.572
1997-09-07 02:36,1.571
1997-09-07 02:42,1.569
1997-09-07 02:48,1.568
1997-09-07 02:54,1.567
1997-09-07 03:00,1.565
1997-09-07 03:06,1.564
1997-09-07 03:12,1.563
1997-09-07 03:18,1.562
1997-09-07 03:24,1.560
1997-09-07 03:30,1.559
1997-09-07 03:36,1.558
1997-09-07 03:42,1.557
1997-09-07 03:48,1.555
1997-09-07 03:54,1.554
1997-09-07 04:00,1.553
1997-09-07 04:06,1.552
1997-09-07 04:12,1.551
1997-09-07 04:18,1.550
1997-09-07 04:24,1.549
1997-09-07 04:30,1.548
1997-09-07 04:36,1.547
1997-09-07 04:42,1.546
1997-09-07 04:48,1.545
1997-09-07 04:54,1.544
1997-09-07 05:00,1.543
1997-09-07 05:06,1.542
1997-09-07 05:12,1.541
1997-09-07 05:18,1.540
1997-09-07 05:24,1.539
1997-09-07 05:30,1.538
1997-09-07 05:36,1.537
1997-09-07 05:42,1.536
1997-09-07 05:48,1.535
1997-09-07 05:54,1.534
1997-09-07 06:00,1.534
1997-09-07 06:06,1.533
1997-09-07 06:12,1.532
1997-09-07 06:18,1.532
1997-09-07 06:24,1.532
1997-09-07 06:30,1.531
1997-09-07 06:36,1.531
1997-09-07 06:42,1.531
1997-09-07 06:48,1.531
1997-09-07 06:54,1.531
1997-09-07 07:00,1.532
1997-09-07 07:06,1.532
1997-09-07 07:12,1.533
1997-09-07 07:18,1.533
1997-09-07 07:24,1.534
1997-09-07 07:30,1.535
1997-09-07 07:36,1.536
1997-09-07 07:42,1.538
1997-09-07 07:48,1.539
1997-09-07 07:54,1.541
1997-09-07 08:00,1.542
1997-09-07 08:06,1.544
1997-09-07 08:12,1.545
1997-09-07 08:18,1.547
1997-09-07 08:24,1.549
1997-09-07 08:30,1.551
1997-09-07 08:36,1.553
1997-09-07 08:42,1.555
1997-09-07 08:48,1.556
1997-09-07 08:54,1.558
1997-09-07 09:00,1.560
1997-09-07 09:06,1.562
1997-09-07 09:12,1.563
1997-09-07 09:18,1.565
1997-09-07 09:24,1.566
1997-09-07 09:30,1.567
1997-09-07 09:36,1.569
1997-09-07 09:42,1.570
1997-09-07 09:48,1.571
1997-09-07 09:54,1.572
1997-09-07 10:00,1.572
1997-09-07 10:06,1.573
1997-09-07 10:12,1.573
1997-09-07 10:18,1.574
1997-09-07 10:24,1.574
1997-09-07 10:30,1.574
1997-09-07 10:36,1.574
1997-09-07 10:42,1.574
1997-09-07 10:48,1.574
1997-09-07 10:54,1.573
1997-09-07 11:00,1.573
1997-09-07 11:06,1.572
1997-09-07 11:12,1.571
1997-09-07 11:18,1.570
1997-09-07 11:24,1.570
1997-09-07 11:30,1.569
1997-09-07 11:36,1.567
1997-09-07 11:42,1.566
1997-09-07 11:48,1.565
1997-09-07 11:54,1.563
1997-09-07 12:00,1.562
1997-09-07 12:06,1.560
1997-09-07 12:12,1.558
1997-09-07 12:18,1.556
1997-09-07 12:24,1.554
1997-09-07 12:30,1.552
1997-09-07 12:36,1.550
1997-09-07 12:42,1.547
1997-09-07 12:48,1.545
1997-09-07 12:54,1.542
1997-09-07 13:00,1.539
1997-09-07 13:06,1.536
1997-09-07 13:12,1.533
1997-09-07 13:18,1.529
1997-09-07 13:24,1.526
1997-09-07 13:30,1.522
1997-09-07 13:36,1.519
1997-09-07 13:42,1.515
1997-09-07 13:48,1.511
1997-09-07 13:54,1.507
1997-09-07 14:00,1.503
1997-09-07 14:06,1.498
1997-09-07 14:12,1.494
1997-09-07 14:18,1.490
1997-09-07 14:24,1.485
1997-09-07 14:30,1.481
1997-09-07 14:36,1.476
1997-09-07 14:42,1.472
1997-09-07 14:48,1.467
1997-09-07 14:54,1.462
1997-09-07 15:00,1.458
1997-09-07 15:06,1.453
1997-09-07 15:12,1.449
1997-09-07 15:18,1.444
1997-09-07 15:24,1.440
1997-09-07 15:30,1.435
1997-09-07 15:36,1.431
1997-09-07 15:42,1.427
1997-09-07 15:48,1.423
1997-09-07 15:54,1.418
1997-09-07 16:00,1.414
1997-09-07 16:06,1.410
1997-09-07 16:12,1.407
1997-09-07 16:18,1.403
1997-09-07 16:24,1.399
1997-09-07 16:30,1.395
1997-09-07 16:36,1.392
1997-09-07 16:42,1.388
1997-09-07 16:48,1.385
1997-09-07 16:54,1.382
1997-09-07 17:00,1.379
1997-09-07 17:06,1.376
1997-09-07 17:12,1.373
1997-09-07 17:18,1.370
1997-09-07 17:24,1.367
1997-09-07 17:30,1.365
1997-09-07 17:36,1.362
1997-09-07 17:42,1.360
1997-09-07 17:48,1.357
1997-09-07 17:54,1.355
1997-09-07 18:00,1.353
1997-09-07 18:06,1.352
1997-09-07 18:12,1.350
1997-09-07 18:18,1.349
1997-09-07 18:24,1.347
1997-09-07 18:30,1.346
1997-09-07 18:36,1.346
1997-09-07 18:42,1.345
1997-09-07 18:48,1.345
1997-09-07 18:54,1.345
1997-09-07 19:00,1.345
1997-09-07 19:06,1.345
1997-09-07 19:12,1.346
1997-09-07 19:18,1.347
1997-09-07 19:24,1.348
1997-09-07 19:30,1.350
1997-09-07 19:36,1.351
1997-09-07 19:42,1.353
1997-09-07 19:48,1.355
1997-09-07 19:54,1.358
1997-09-07 20:00,1.361
1997-09-07 20:06,1.364
1997-09-07 20:12,1.367
1997-09-07 20:18,1.370
1997-09-07 20:24,1.374
1997-09-07 20:30,1.378
1997-09-07 20:36,1.382
1997-09-07 20:42,1.386
1997-09-07 20:48,1.390
1997-09-07 20:54,1.394
1997-09-07 21:00,1.399
1997-09-07 21:06,1.403
1997-09-07 21:12,1.408
1997-09-07 21:18,1.413
1997-09-07 21:24,1.418
1997-09-07 21:30,1.422
1997-09-07 21:36,1.427
1997-09-07 21:42,1.432
1997-09-07 21:48,1.437
1997-09-07 21:54,1.442
1997-09-07 22:00,1.447
1997-09-07 22:06,1.452
1997-09-07 22:12,1.457
1997-09-07 22:18,1.462
1997-09-07 22:24,1.466
1997-09-07 22:30,1.471
1997-09-07 22:36,1.476
1997-09-07 22:42,1.481
1997-09-07 22:48,1.485
1997-09-07 22:54,1.490
1997-09-07 23:00,1.494
1997-09-07 23:06,1.499
1997-09-07 23:12,1.503
1997-09-07 23:18,1.508
1997-09-07 23:24,1.512
1997-09-07 23:30,1.516
1997-09-07 23:36,1.520
1997-09-07 23:42,1.525
1997-09-07 23:48,1.529
1997-09-07 23:54,1.533
1997-09-08 00:00,1.536
1997-09-08 00:06,1.540
1997-09-08 00:12,1.544
1997-09-08 00:18,1.548
1997-09-08 00:24,1.551
1997-09-08 00:30,1.554
1997-09-08 00:36,1.558
1997-09-08 00:42,1.561
1997-09-08 00:48,1.564
1997-09-08 00:54,1.567
1997-09-08 01:00,1.569
1997-09-08 01:06,1.572
1997-09-08 01:12,1.575
1997-09-08 01:18,1.577
1997-09-08 01:24,1.579
1997-09-08 01:30,1.581
1997-09-08 01:36,1.583
1997-09-08 01:42,1.585
1997-09-08 01:48,1.586
1997-09-08 01:54,1.588
1997-09-08 02:00,1.589
1997-09-08 02:06,1.590
1997-09-08 02:12,1.591
1997-09-08 02:18,1.592
1997-09-08 02:24,1.593
1997-09-08 02:30,1.593
1997-09-08 02:36,1.594
1997-09-08 02:42,1.594
1997-09-08 02:48,1.594
1997-09-08 02:54,1.595
1997-09-08 03:00,1.595
1997-09-08 03:06,1.595
1997-09-08 03:12,1.595
1997-09-08 03:18,1.595
1997-09-08 03:24,1.594
1997-09-08 03:30,1.594
1997-09-08 03:36,1.594
1997-09-08 03:42,1.594
1997-09-08 03:48,1.593
1997-09-08 03:54,1.593
1997-09-08 04:00,1.593
1997-09-08 04:06,1.592
1997-09-08 04:12,1.592
1997-09-08 04:18,1.591
1997-09-08 04:24,1.591
1997-09-08 04:30,1.590
1997-09-08 04:36,1.590
1997-09-08 04:42,1.589
1997-09-08 04:48,1.588
1997-09-08 04:54,1.588
1997-09-08 05:00,1.587
1997-09-08 05:06,1.586
1997-09-08 05:12,1.586
1997-09-08 05:18,1.585
1997-09-08 05:24,1.584
1997-09-08 05:30,1.583
1997-09-08 05:36,1.583
1997-09-08 05:42,1.582
1997-09-08 05:48,1.581
1997-09-08 05:54,1.580
1997-09-08 06:00,1.579
1997-09-08 06:06,1.578
1997-09-08 06:12,1.578
1997-09-08 06:18,1.577
1997-09-08 06:24,1.576
1997-09-08 06:30,1.575
1997-09-08 06:36,1.575
1997-09-08 06:42,1.574
1997-09-08 06:48,1.574
1997-09-08 06:54,1.573
1997-09-08 07:00,1.573
1997-09-08 07:06,1.572
1997-09-08 07:12,1.572
1997-09-08 07:18,1.572
1997-09-08 07:24,1.572
1997-09-08 07:30,1.572
1997-09-08 07:36,1.572
1997-09-08 07:42,1.572
1997-09-08 07:48,1.572
1997-09-08 07:54,1.573
1997-09-08 08:00,1.573
1997-09-08 08:06,1.574
1997-09-08 08:12,1.574
1997-09-08 08:18,1.575
1997-09-08 08:24,1.576
1997-09-08 08:30,1.577
1997-09-08 08:36,1.577
1997-09-08 08:42,1.578
1997-09-08 08:48,1.579
1997-09-08 08:54,1.580
1997-09-08 09:00,1.581
1997-09-08 09:06,1.582
1997-09-08 09:12,1.583
1997-09-08 09:18,1.584
1997-09-08 09:24,1.585
1997-09-08 09:30,1.586
1997-09-08 09:36,1.586
1997-09-08 09:42,1.587
1997-09-08 09:48,1.588
1997-09-08 09:54,1.588
1997-09-08 10:00,1.589
1997-09-08 10:06,1.589
1997-09-08 10:12,1.590
1997-09-08 10:18,1.590
1997-09-08 10:24,1.590
1997-09-08 10:30,1.590
1997-09-08 10:36,1.590
1997-09-08 10:42,1.590
1997-09-08 10:48,1.590
1997-09-08 10:54,1.589
1997-09-08 11:00,1.589
1997-09-08 11:06,1.588
1997-09-08 11:12,1.588
1997-09-08 11:18,1.587
1997-09-08 11:24,1.586
1997-09-08 11:30,1.585
1997-09-08 11:36,1.584
1997-09-08 11:42,1.582
1997-09-08 11:48,1.581
1997-09-08 11:54,1.580
1997-09-08 12:00,1.578
1997-09-08 12:06,1.576
1997-09-08 12:12,1.575
1997-09-08 12:18,1.573
1997-09-08 12:24,1.571
1997-09-08 12:30,1.569
1997-09-08 12:36,1.566
1997-09-08 12:42,1.564
1997-09-08 12:48,1.562
1997-09-08 12:54,1.559
1997-09-08 13:00,1.556
1997-09-08 13:06,1.554
1997-09-08 13:12,1.551
1997-09-08 13:18,1.548
1997-09-08 13:24,1.544
1997-09-08 13:30,1.541
1997-09-08 13:36,1.538
1997-09-08 13:42,1.534
1997-09-08 13:48,1.531
1997-09-08 13:54,1.527
1997-09-08 14:00,1.523
1997-09-08 14:06,1.519
1997-09-08 14:12,1.515
1997-09-08 14:18,1.511
1997-09-08 14:24,1.506
1997-09-08 14:30,1.502
1997-09-08 14:36,1.498
1997-09-08 14:42,1.493
1997-09-08 14:48,1.489
1997-09-08 14:54,1.484
1997-09-08 15:00,1.479
1997-09-08 15:06,1.475
1997-09-08 15:12,1.470
1997-09-08 15:18,1.465
1997-09-08 15:24,1.460
1997-09-08 15:30,1.455
1997-09-08 15:36,1.451
1997-09-08 15:42,1.446
1997-09-08 15:48,1.441
1997-09-08 15:54,1.436
1997-09-08 16:00,1.431
1997-09-08 16:06,1.426
1997-09-08 16:12,1.422
1997-09-08 16:18,1.417
1997-09-08 16:24,1.412
1997-09-08 16:30,1.408
1997-09-08 16:36,1.403
1997-09-08 16:42,1.398
1997-09-08 16:48,1.394
1997-09-08 16:54,1.389
1997-09-08 17:00,1.385
1997-09-08 17:06,1.381
1997-09-08 17:12,1.377
1997-09-08 17:18,1.372
1997-09-08 17:24,1.368
1997-09-08 17:30,1.365
1997-09-08 17:36,1.361
1997-09-08 17:42,1.357
1997-09-08 17:48,1.353
1997-09-08 17:54,1.350
1997-09-08 18:00,1.347
1997-09-08 18:06,1.344
1997-09-08 18:12,1.341
1997-09-08 18:18,1.338
1997-09-08 18:24,1.335
1997-09-08 18:30,1.333
1997-09-08 18:36,1.330
1997-09-08 18:42,1.328
1997-09-08 18:48,1.326
1997-09-08 18:54,1.325
1997-09-08 19:00,1.323
1997-09-08 19:06,1.322
1997-09-08 19:12,1.321
1997-09-08 19:18,1.320
1997-09-08 19:24,1.319
1997-09-08 19:30,1.319
1997-09-08 19:36,1.319
1997-09-08 19:42,1.319
1997-09-08 19:48,1.320
1997-09-08 19:54,1.321
1997-09-08 20:00,1.321
1997-09-08 20:06,1.323
1997-09-08 20:12,1.324
1997-09-08 20:18,1.326
1997-09-08 20:24,1.328
1997-09-08 20:30,1.330
1997-09-08 20:36,1.332
1997-09-08 20:42,1.335
1997-09-08 20:48,1.338
1997-09-08 20:54,1.341
1997-09-08 21:00,1.344
1997-09-08 21:06,1.348
1997-09-08 21:12,1.351
1997-09-08 21:18,1.355
1997-09-08 21:24,1.359
1997-09-08 21:30,1.363
1997-09-08 21:36,1.368
1997-09-08 21:42,1.372
1997-09-08 21:48,1.377
1997-09-08 21:54,1.381
1997-09-08 22:00,1.386
1997-09-08 22:06,1.391
1997-09-08 22:12,1.396
1997-09-08 22:18,1.401
1997-09-08 22:24,1.406
1997-09-08 22:30,1.412
1997-09-08 22:36,1.417
1997-09-08 22:42,1.422
1997-09-08 22:48,1.428
1997-09-08 22:54,1.433
1997-09-08 23:00,1.438
1997-09-08 23:06,1.444
1997-09-08 23:12,1.449
1997-09-08 23:18,1.454
1997-09-08 23:24,1.460
1997-09-08 23:30,1.465
1997-09-08 23:36,1.471
1997-09-08 23:42,1.476
1997-09-08 23:48,1.481
1997-09-08 23:54,1.486
1997-09-09 00:00,1.492
1997-09-09 00:06,1.497
1997-09-09 00:12,1.502
1997-09-09 00:18,1.507
1997-09-09 00:24,1.512
1997-09-09 00:30,1.517
1997-09-09 00:36,1.522
1997-09-09 00:42,1.526
1997-09-09 00:48,1.531
1997-09-09 00:54,1.535
1997-09-09 01:00,1.540
1997-09-09 01:06,1.544
1997-09-09 01:12,1.548
1997-09-09 01:18,1.553
1997-09-09 01:24,1.557
1997-09-09 01:30,1.560
1997-09-09 01:36,1.564
1997-09-09 01:42,1.568
1997-09-09 01:48,1.571
1997-09-09 01:54,1.575
1997-09-09 02:00,1.578
1997-09-09 02:06,1.581
1997-09-09 02:12,1.584
1997-09-09 02:18,1.587
1997-09-09 02:24,1.590
1997-09-09 02:30,1.593
1997-09-09 02:36,1.596
1997-09-09 02:42,1.598
1997-09-09 02:48,1.600
1997-09-09 02:54,1.603
1997-09-09 03:00,1.605
1997-09-09 03:06,1.607
1997-09-09 03:12,1.608
1997-09-09 03:18,1.610
1997-09-09 03:24,1.612
1997-09-09 03:30,1.613
1997-09-09 03:36,1.615
1997-09-09 03:42,1.616
1997-09-09 03:48,1.617
1997-09-09 03:54,1.618
1997-09-09 04:00,1.619
1997-09-09 04:06,1.620
1997-09-09 04:12,1.620
1997-09-09 04:18,1.621
1997-09-09 04:24,1.622
1997-09-09 04:30,1.622
1997-09-09 04:36,1.622
1997-09-09 04:42,1.622
1997-09-09 04:48,1.623
1997-09-09 04:54,1.623
1997-09-09 05:00,1.623
1997-09-09 05:06,1.623
1997-09-09 05:12,1.623
1997-09-09 05:18,1.622
1997-09-09 05:24,1.622
1997-09-09 05:30,1.622
1997-09-09 05:36,1.621
1997-09-09 05:42,1.621
1997-09-09 05:48,1.621
1997-09-09 05:54,1.620
1997-09-09 06:00,1.620
1997-09-09 06:06,1.619
1997-09-09 06:12,1.619
1997-09-09 06:18,1.618
1997-09-09 06:24,1.617
1997-09-09 06:30,1.617
1997-09-09 06:36,1.616
1997-09-09 06:42,1.616
1997-09-09 06:48,1.615
1997-09-09 06:54,1.615
1997-09-09 07:00,1.614
1997-09-09 07:06,1.614
1997-09-09 07:12,1.613
1997-09-09 07:18,1.613
1997-09-09 07:24,1.612
1997-09-09 07:30,1.612
1997-09-09 07:36,1.612
1997-09-09 07:42,1.611
1997-09-09 07:48,1.611
1997-09-09 07:54,1.611
1997-09-09 08:00,1.611
1997-09-09 08:06,1.610
1997-09-09 08:12,1.610
1997-09-09 08:18,1.610
1997-09-09 08:24,1.610
1997-09-09 08:30,1.610
1997-09-09 08:36,1.610
1997-09-09 08:42,1.610
1997-09-09 08:48,1.610
1997-09-09 08:54,1.610
1997-09-09 09:00,1.610
1997-09-09 09:06,1.610
1997-09-09 09:12,1.610
1997-09-09 09:18,1.610
1997-09-09 09:24,1.610
1997-09-09 09:30,1.610
1997-09-09 09:36,1.610
1997-09-09 09:42,1.610
1997-09-09 09:48,1.610
1997-09-09 09:54,1.610
1997-09-09 10:00,1.610
1997-09-09 10:06,1.610
1997-09-09 10:12,1.610
1997-09-09 10:18,1.610
1997-09-09 10:24,1.610
1997-09-09 10:30,1.610
1997-09-09 10:36,1.610
1997-09-09 10:42,1.609
1997-09-09 10:48,1.609
1997-09-09 10:54,1.609
1997-09-09 11:00,1.608
1997-09-09 11:06,1.608
1997-09-09 11:12,1.607
1997-09-09 11:18,1.607
1997-09-09 11:24,1.606
1997-09-09 11:30,1.605
1997-09-09 11:36,1.604
1997-09-09 11:42,1.603
1997-09-09 11:48,1.602
1997-09-09 11:54,1.601
1997-09-09 12:00,1.600
1997-09-09 12:06,1.598
1997-09-09 12:12,1.597
1997-09-09 12:18,1.595
1997-09-09 12:24,1.593
1997-09-09 12:30,1.591
1997-09-09 12:36,1.589
1997-09-09 12:42,1.587
1997-09-09 12:48,1.585
1997-09-09 12:54,1.583
1997-09-09 13:00,1.580
1997-09-09 13:06,1.578
1997-09-09 13:12,1.575
1997-09-09 13:18,1.572
1997-09-09 13:24,1.569
1997-09-09 13:30,1.566
1997-09-09 13:36,1.563
1997-09-09 13:42,1.560
1997-09-09 13:48,1.556
1997-09-09 13:54,1.553
1997-09-09 14:00,1.550
1997-09-09 14:06,1.546
1997-09-09 14:12,1.542
1997-09-09 14:18,1.538
1997-09-09 14:24,1.535
1997-09-09 14:30,1.531
1997-09-09 14:36,1.527
1997-09-09 14:42,1.523
1997-09-09 14:48,1.518
1997-09-09 14:54,1.514
1997-09-09 15:00,1.510
1997-09-09 15:06,1.505
1997-09-09 15:12,1.501
1997-09-09 15:18,1.496
1997-09-09 15:24,1.492
1997-09-09 15:30,1.487
1997-09-09 15:36,1.482
1997-09-09 15:42,1.477
1997-09-09 15:48,1.472
1997-09-09 15:54,1.467
1997-09-09 16:00,1.462
1997-09-09 16:06,1.457
1997-09-09 16:12,1.452
1997-09-09 16:18,1.447
1997-09-09 16:24,1.442
1997-09-09 16:30,1.436
1997-09-09 16:36,1.431
1997-09-09 16:42,1.426
1997-09-09 16:48,1.420
1997-09-09 16:54,1.415
1997-09-09 17:00,1.410
1997-09-09 17:06,1.404
1997-09-09 17:12,1.399
1997-09-09 17:18,1.394
1997-09-09 17:24,1.388
1997-09-09 17:30,1.383
1997-09-09 17:36,1.378
1997-09-09 17:42,1.373
1997-09-09 17:48,1.368
1997-09-09 17:54,1.363
1997-09-09 18:00,1.358
1997-09-09 18:06,1.354
1997-09-09 18:12,1.349
1997-09-09 18:18,1.345
1997-09-09 18:24,1.341
1997-09-09 18:30,1.337
1997-09-09 18:36,1.333
1997-09-09 18:42,1.329
1997-09-09 18:48,1.325
1997-09-09 18:54,1.322
1997-09-09 19:00,1.319
1997-09-09 19:06,1.316
1997-09-09 19:12,1.313
1997-09-09 19:18,1.311
1997-09-09 19:24,1.308
1997-09-09 19:30,1.306
1997-09-09 19:36,1.304
1997-09-09 19:42,1.303
1997-09-09 19:48,1.301
1997-09-09 19:54,1.300
1997-09-09 20:00,1.299
1997-09-09 20:06,1.298
1997-09-09 20:12,1.298
1997-09-09 20:18,1.297
1997-09-09 20:24,1.297
1997-09-09 20:30,1.297
1997-09-09 20:36,1.298
1997-09-09 20:42,1.298
1997-09-09 20:48,1.299
1997-09-09 20:54,1.300
1997-09-09 21:00,1.301
1997-09-09 21:06,1.303
1997-09-09 21:12,1.304
1997-09-09 21:18,1.306
1997-09-09 21:24,1.308
1997-09-09 21:30,1.311
1997-09-09 21:36,1.314
1997-09-09 21:42,1.316
1997-09-09 21:48,1.319
1997-09-09 21:54,1.323
1997-09-09 22:00,1.326
1997-09-09 22:06,1.330
1997-09-09 22:12,1.334
1997-09-09 22:18,1.338
1997-09-09 22:24,1.342
1997-09-09 22:30,1.347
1997-09-09 22:36,1.351
1997-09-09 22:42,1.356
1997-09-09 22:48,1.361
1997-09-09 22:54,1.366
1997-09-09 23:00,1.372
1997-09-09 23:06,1.377
1997-09-09 23:12,1.383
1997-09-09 23:18,1.388
1997-09-09 23:24,1.394
1997-09-09 23:30,1.400
1997-09-09 23:36,1.406
1997-09-09 23:42,1.412
1997-09-09 23:48,1.418
1997-09-09 23:54,1.424
1997-09-10 00:00,1.430
1997-09-10 00:06,1.436
1997-09-10 00:12,1.442
1997-09-10 00:18,1.448
1997-09-10 00:24,1.454
1997-09-10 00:30,1.460
1997-09-10 00:36,1.466
1997-09-10 00:42,1.472
1997-09-10 00:48,1.478
1997-09-10 00:54,1.484
1997-09-10 01:00,1.490
1997-09-10 01:06,1.495
1997-09-10 01:12,1.501
1997-09-10 01:18,1.507
1997-09-10 01:24,1.512
1997-09-10 01:30,1.518
1997-09-10 01:36,1.523
1997-09-10 01:42,1.528
1997-09-10 01:48,1.534
1997-09-10 01:54,1.539
1997-09-10 02:00,1.544
1997-09-10 02:06,1.549
1997-09-10 02:12,1.554
1997-09-10 02:18,1.559
1997-09-10 02:24,1.564
1997-09-10 02:30,1.568
1997-09-10 02:36,1.573
1997-09-10 02:42,1.577
1997-09-10 02:48,1.582
1997-09-10 02:54,1.586
1997-09-10 03:00,1.590
1997-09-10 03:06,1.594
1997-09-10 03:12,1.598
1997-09-10 03:18,1.602
1997-09-10 03:24,1.606
1997-09-10 03:30,1.609
1997-09-10 03:36,1.613
1997-09-10 03:42,1.616
1997-09-10 03:48,1.619
1997-09-10 03:54,1.622
1997-09-10 04:00,1.625
1997-09-10 04:06,1.628
1997-09-10 04:12,1.630
1997-09-10 04:18,1.633
1997-09-10 04:24,1.635
1997-09-10 04:30,1.637
1997-09-10 04:36,1.638
1997-09-10 04:42,1.640
1997-09-10 04:48,1.642
1997-09-10 04:54,1.643
1997-09-10 05:00,1.644
1997-09-10 05:06,1.645
1997-09-10 05:12,1.646
1997-09-10 05:18,1.647
1997-09-10 05:24,1.648
1997-09-10 05:30,1.648
1997-09-10 05:36,1.649
1997-09-10 05:42,1.649
1997-09-10 05:48,1.649
1997-09-10 05:54,1.649
1997-09-10 06:00,1.650
1997-09-10 06:06,1.650
1997-09-10 06:12,1.650
1997-09-10 06:18,1.650
1997-09-10 06:24,1.650
1997-09-10 06:30,1.649
1997-09-10 06:36,1.649
1997-09-10 06:42,1.649
1997-09-10 06:48,1.649
1997-09-10 06:54,1.649
1997-09-10 07:00,1.649
1997-09-10 07:06,1.648
1997-09-10 07:12,1.648
1997-09-10 07:18,1.648
1997-09-10 07:24,1.648
1997-09-10 07:30,1.648
1997-09-10 07:36,1.647
1997-09-10 07:42,1.647
1997-09-10 07:48,1.647
1997-09-10 07:54,1.647
1997-09-10 08:00,1.646
1997-09-10 08:06,1.646
1997-09-10 08:12,1.646
1997-09-10 08:18,1.645
1997-09-10 08:24,1.645
1997-09-10 08:30,1.644
1997-09-10 08:36,1.644
1997-09-10 08:42,1.643
1997-09-10 08:48,1.643
1997-09-10 08:54,1.642
1997-09-10 09:00,1.642
1997-09-10 09:06,1.641
1997-09-10 09:12,1.640
1997-09-10 09:18,1.640
1997-09-10 09:24,1.639
1997-09-10 09:30,1.638
1997-09-10 09:36,1.638
1997-09-10 09:42,1.637
1997-09-10 09:48,1.636
1997-09-10 09:54,1.636
1997-09-10 10:00,1.635
1997-09-10 10:06,1.634
1997-09-10 10:12,1.634
1997-09-10 10:18,1.633
1997-09-10 10:24,1.632
1997-09-10 10:30,1.632
1997-09-10 10:36,1.631
1997-09-10 10:42,1.631
1997-09-10 10:48,1.630
1997-09-10 10:54,1.630
1997-09-10 11:00,1.629
1997-09-10 11:06,1.628
1997-09-10 11:12,1.628
1997-09-10 11:18,1.627
1997-09-10 11:24,1.627
1997-09-10 11:30,1.626
1997-09-10 11:36,1.625
1997-09-10 11:42,1.625
1997-09-10 11:48,1.624
1997-09-10 11:54,1.623
1997-09-10 12:00,1.622
1997-09-10 12:06,1.621
1997-09-10 12:12,1.620
1997-09-10 12:18,1.619
1997-09-10 12:24,1.617
1997-09-10 12:30,1.616
1997-09-10 12:36,1.614
1997-09-10 12:42,1.613
1997-09-10 12:48,1.611
1997-09-10 12:54,1.609
1997-09-10 13:00,1.607
1997-09-10 13:06,1.605
1997-09-10 13:12,1.603
1997-09-10 13:18,1.601
1997-09-10 13:24,1.598
1997-09-10 13:30,1.596
1997-09-10 13:36,1.593
1997-09-10 13:42,1.590
1997-09-10 13:48,1.587
1997-09-10 13:54,1.584
1997-09-10 14:00,1.581
1997-09-10 14:06,1.578
1997-09-10 14:12,1.575
1997-09-10 14:18,1.572
1997-09-10 14:24,1.569
1997-09-10 14:30,1.565
1997-09-10 14:36,1.562
1997-09-10 14:42,1.558
1997-09-10 14:48,1.555
1997-09-10 14:54,1.551
1997-09-10 15:00,1.547
1997-09-10 15:06,1.543
1997-09-10 15:12,1.539
1997-09-10 15:18,1.535
1997-09-10 15:24,1.531
1997-09-10 15:30,1.527
1997-09-10 15:36,1.523
1997-09-10 15:42,1.519
1997-09-10 15:48,1.514
1997-09-10 15:54,1.510
1997-09-10 16:00,1.505
1997-09-10 16:06,1.500
1997-09-10 16:12,1.495
1997-09-10 16:18,1.490
1997-09-10 16:24,1.485
1997-09-10 16:30,1.480
1997-09-10 16:36,1.475
1997-09-10 16:42,1.469
1997-09-10 16:48,1.464
1997-09-10 16:54,1.458
1997-09-10 17:00,1.452
1997-09-10 17:06,1.447
1997-09-10 17:12,1.441
1997-09-10 17:18,1.435
1997-09-10 17:24,1.429
1997-09-10 17:30,1.423
1997-09-10 17:36,1.417
1997-09-10 17:42,1.411
1997-09-10 17:48,1.405
1997-09-10 17:54,1.399
1997-09-10 18:00,1.393
1997-09-10 18:06,1.387
1997-09-10 18:12,1.381
1997-09-10 18:18,1.375
1997-09-10 18:24,1.369
1997-09-10 18:30,1.364
1997-09-10 18:36,1.358
1997-09-10 18:42,1.353
1997-09-10 18:48,1.348
1997-09-10 18:54,1.343
1997-09-10 19:00,1.338
1997-09-10 19:06,1.333
1997-09-10 19:12,1.329
1997-09-10 19:18,1.324
1997-09-10 19:24,1.320
1997-09-10 19:30,1.316
1997-09-10 19:36,1.313
1997-09-10 19:42,1.309
1997-09-10 19:48,1.306
1997-09-10 19:54,1.302
1997-09-10 20:00,1.299
1997-09-10 20:06,1.297
1997-09-10 20:12,1.294
1997-09-10 20:18,1.291
1997-09-10 20:24,1.289
1997-09-10 20:30,1.287
1997-09-10 20:36,1.285
1997-09-10 20:42,1.284
1997-09-10 20:48,1.282
1997-09-10 20:54,1.281
1997-09-10 21:00,1.280
1997-09-10 21:06,1.279
1997-09-10 21:12,1.278
1997-09-10 21:18,1.278
1997-09-10 21:24,1.277
1997-09-10 21:30,1.277
1997-09-10 21:36,1.278
1997-09-10 21:42,1.278
1997-09-10 21:48,1.279
1997-09-10 21:54,1.280
1997-09-10 22:00,1.281
1997-09-10 22:06,1.282
1997-09-10 22:12,1.284
1997-09-10 22:18,1.286
1997-09-10 22:24,1.288
1997-09-10 22:30,1.291
1997-09-10 22:36,1.294
1997-09-10 22:42,1.297
1997-09-10 22:48,1.300
1997-09-10 22:54,1.304
1997-09-10 23:00,1.308
1997-09-10 23:06,1.312
1997-09-10 23:12,1.316
1997-09-10 23:18,1.321
1997-09-10 23:24,1.326
1997-09-10 23:30,1.331
1997-09-10 23:36,1.336
1997-09-10 23:42,1.341
1997-09-10 23:48,1.347
1997-09-10 23:54,1.353
1997-09-11 00:00,1.359
1997-09-11 00:06,1.365
1997-09-11 00:12,1.371
1997-09-11 00:18,1.377
1997-09-11 00:24,1.384
1997-09-11 00:30,1.390
1997-09-11 00:36,1.396
1997-09-11 00:42,1.403
1997-09-11 00:48,1.410
1997-09-11 00:54,1.416
1997-09-11 01:00,1.423
1997-09-11 01:06,1.429
1997-09-11 01:12,1.436
1997-09-11 01:18,1.443
1997-09-11 01:24,1.449
1997-09-11 01:30,1.456
1997-09-11 01:36,1.462
1997-09-11 01:42,1.469
1997-09-11 01:48,1.475
1997-09-11 01:54,1.482
1997-09-11 02:00,1.488
1997-09-11 02:06,1.495
1997-09-11 02:12,1.501
1997-09-11 02:18,1.507
1997-09-11 02:24,1.514
1997-09-11 02:30,1.520
1997-09-11 02:36,1.526
1997-09-11 02:42,1.532
1997-09-11 02:48,1.539
1997-09-11 02:54,1.545
1997-09-11 03:00,1.551
1997-09-11 03:06,1.557
1997-09-11 03:12,1.563
1997-09-11 03:18,1.568
1997-09-11 03:24,1.574
1997-09-11 03:30,1.580
1997-09-11 03:36,1.585
1997-09-11 03:42,1.591
1997-09-11 03:48,1.596
1997-09-11 03:54,1.601
1997-09-11 04:00,1.606
1997-09-11 04:06,1.611
1997-09-11 04:12,1.615
1997-09-11 04:18,1.620
1997-09-11 04:24,1.624
1997-09-11 04:30,1.628
1997-09-11 04:36,1.632
1997-09-11 04:42,1.636
1997-09-11 04:48,1.639
1997-09-11 04:54,1.642
1997-09-11 05:00,1.645
1997-09-11 05:06,1.648
1997-09-11 05:12,1.651
1997-09-11 05:18,1.653
1997-09-11 05:24,1.655
1997-09-11 05:30,1.657
1997-09-11 05:36,1.659
1997-09-11 05:42,1.661
1997-09-11 05:48,1.662
1997-09-11 05:54,1.663
1997-09-11 06:00,1.664
1997-09-11 06:06,1.665
1997-09-11 06:12,1.666
1997-09-11 06:18,1.667
1997-09-11 06:24,1.668
1997-09-11 06:30,1.669
1997-09-11 06:36,1.669
1997-09-11 06:42,1.670
1997-09-11 06:48,1.670
1997-09-11 06:54,1.670
1997-09-11 07:00,1.671
1997-09-11 07:06,1.671
1997-09-11 07:12,1.671
1997-09-11 07:18,1.672
1997-09-11 07:24,1.672
1997-09-11 07:30,1.672
1997-09-11 07:36,1.672
1997-09-11 07:42,1.672
1997-09-11 07:48,1.672
1997-09-11 07:54,1.672
1997-09-11 08:00,1.672
1997-09-11 08:06,1.672
1997-09-11 08:12,1.672
1997-09-11 08:18,1.672
1997-09-11 08:24,1.672
1997-09-11 08:30,1.671
1997-09-11 08:36,1.671
1997-09-11 08:42,1.671
1997-09-11 08:48,1.670
1997-09-11 08:54,1.670
1997-09-11 09:00,1.669
1997-09-11 09:06,1.668
1997-09-11 09:12,1.667
1997-09-11 09:18,1.666
1997-09-11 09:24,1.666
1997-09-11 09:30,1.665
1997-09-11 09:36,1.664
1997-09-11 09:42,1.662
1997-09-11 09:48,1.661
1997-09-11 09:54,1.660
1997-09-11 10:00,1.659
1997-09-11 10:06,1.658
1997-09-11 10:12,1.657
1997-09-11 10:18,1.655
1997-09-11 10:24,1.654
1997-09-11 10:30,1.653
1997-09-11 10:36,1.652
1997-09-11 10:42,1.651
1997-09-11 10:48,1.650
1997-09-11 10:54,1.649
1997-09-11 11:00,1.648
1997-09-11 11:06,1.647
1997-09-11 11:12,1.646
1997-09-11 11:18,1.645
1997-09-11 11:24,1.644
1997-09-11 11:30,1.644
1997-09-11 11:36,1.643
1997-09-11 11:42,1.642
1997-09-11 11:48,1.641
1997-09-11 11:54,1.641
1997-09-11 12:00,1.640
1997-09-11 12:06,1.639
1997-09-11 12:12,1.638
1997-09-11 12:18,1.638
1997-09-11 12:24,1.637
1997-09-11 12:30,1.636
1997-09-11 12:36,1.635
1997-09-11 12:42,1.634
1997-09-11 12:48,1.633
1997-09-11 12:54,1.632
1997-09-11 13:00,1.631
1997-09-11 13:06,1.629
1997-09-11 13:12,1.628
1997-09-11 13:18,1.626
1997-09-11 13:24,1.625
1997-09-11 13:30,1.623
1997-09-11 13:36,1.621
1997-09-11 13:42,1.619
1997-09-11 13:48,1.617
1997-09-11 13:54,1.615
1997-09-11 14:00,1.613
1997-09-11 14:06,1.611
1997-09-11 14:12,1.608
1997-09-11 14:18,1.606
1997-09-11 14:24,1.603
1997-09-11 14:30,1.601
1997-09-11 14:36,1.598
1997-09-11 14:42,1.595
1997-09-11 14:48,1.593
1997-09-11 14:54,1.590
1997-09-11 15:00,1.587
1997-09-11 15:06,1.584
1997-09-11 15:12,1.581
1997-09-11 15:18,1.578
1997-09-11 15:24,1.575
1997-09-11 15:30,1.571
1997-09-11 15:36,1.568
1997-09-11 15:42,1.565
1997-09-11 15:48,1.561
1997-09-11 15:54,1.557
1997-09-11 16:00,1.554
1997-09-11 16:06,1.550
1997-09-11 16:12,1.546
1997-09-11 16:18,1.542
1997-09-11 16:24,1.537
1997-09-11 16:30,1.533
1997-09-11 16:36,1.528
1997-09-11 16:42,1.524
1997-09-11 16:48,1.519
1997-09-11 16:54,1.514
1997-09-11 17:00,1.509
1997-09-11 17:06,1.503
1997-09-11 17:12,1.498
1997-09-11 17:18,1.492
1997-09-11 17:24,1.486
1997-09-11 17:30,1.480
1997-09-11 17:36,1.474
1997-09-11 17:42,1.468
1997-09-11 17:48,1.462
1997-09-11 17:54,1.455
1997-09-11 18:00,1.449
1997-09-11 18:06,1.443
1997-09-11 18:12,1.436
1997-09-11 18:18,1.429
1997-09-11 18:24,1.423
1997-09-11 18:30,1.416
1997-09-11 18:36,1.410
1997-09-11 18:42,1.403
1997-09-11 18:48,1.397
1997-09-11 18:54,1.391
1997-09-11 19:00,1.384
1997-09-11 19:06,1.378
1997-09-11 19:12,1.372
1997-09-11 19:18,1.366
1997-09-11 19:24,1.360
1997-09-11 19:30,1.355
1997-09-11 19:36,1.349
1997-09-11 19:42,1.344
1997-09-11 19:48,1.339
1997-09-11 19:54,1.333
1997-09-11 20:00,1.329
1997-09-11 20:06,1.324
1997-09-11 20:12,1.319
1997-09-11 20:18,1.315
1997-09-11 20:24,1.310
1997-09-11 20:30,1.306
1997-09-11 20:36,1.302
1997-09-11 20:42,1.298
1997-09-11 20:48,1.295
1997-09-11 20:54,1.291
1997-09-11 21:00,1.288
1997-09-11 21:06,1.284
1997-09-11 21:12,1.281
1997-09-11 21:18,1.278
1997-09-11 21:24,1.276
1997-09-11 21:30,1.273
1997-09-11 21:36,1.271
1997-09-11 21:42,1.269
1997-09-11 21:48,1.267
1997-09-11 21:54,1.265
1997-09-11 22:00,1.264
1997-09-11 22:06,1.263
1997-09-11 22:12,1.262
1997-09-11 22:18,1.261
1997-09-11 22:24,1.260
1997-09-11 22:30,1.260
1997-09-11 22:36,1.260
1997-09-11 22:42,1.261
1997-09-11 22:48,1.261
1997-09-11 22:54,1.262
1997-09-11 23:00,1.264
1997-09-11 23:06,1.265
1997-09-11 23:12,1.267
1997-09-11 23:18,1.270
1997-09-11 23:24,1.272
1997-09-11 23:30,1.275
1997-09-11 23:36,1.278
1997-09-11 23:42,1.282
1997-09-11 23:48,1.286
1997-09-11 23:54,1.290
1997-09-12 00:00,1.294
1997-09-12 00:06,1.299
1997-09-12 00:12,1.303
1997-09-12 00:18,1.308
1997-09-12 00:24,1.314
1997-09-12 00:30,1.319
1997-09-12 00:36,1.325
1997-09-12 00:42,1.331
1997-09-12 00:48,1.337
1997-09-12 00:54,1.343
1997-09-12 01:00,1.349
1997-09-12 01:06,1.356
1997-09-12 01:12,1.362
1997-09-12 01:18,1.369
1997-09-12 01:24,1.376
1997-09-12 01:30,1.383
1997-09-12 01:36,1.389
1997-09-12 01:42,1.396
1997-09-12 01:48,1.403
1997-09-12 01:54,1.411
1997-09-12 02:00,1.418
1997-09-12 02:06,1.425
1997-09-12 02:12,1.432
1997-09-12 02:18,1.439
1997-09-12 02:24,1.447
1997-09-12 02:30,1.454
1997-09-12 02:36,1.461
1997-09-12 02:42,1.469
1997-09-12 02:48,1.476
1997-09-12 02:54,1.483
1997-09-12 03:00,1.491
1997-09-12 03:06,1.498
1997-09-12 03:12,1.505
1997-09-12 03:18,1.512
1997-09-12 03:24,1.520
1997-09-12 03:30,1.527
1997-09-12 03:36,1.534
1997-09-12 03:42,1.541
1997-09-12 03:48,1.548
1997-09-12 03:54,1.555
1997-09-12 04:00,1.562
1997-09-12 04:06,1.569
1997-09-12 04:12,1.575
1997-09-12 04:18,1.582
1997-09-12 04:24,1.588
1997-09-12 04:30,1.594
1997-09-12 04:36,1.600
1997-09-12 04:42,1.605
1997-09-12 04:48,1.611
1997-09-12 04:54,1.616
1997-09-12 05:00,1.621
1997-09-12 05:06,1.626
1997-09-12 05:12,1.631
1997-09-12 05:18,1.635
1997-09-12 05:24,1.639
1997-09-12 05:30,1.643
1997-09-12 05:36,1.647
1997-09-12 05:42,1.650
1997-09-12 05:48,1.653
1997-09-12 05:54,1.656
1997-09-12 06:00,1.659
1997-09-12 06:06,1.662
1997-09-12 06:12,1.664
1997-09-12 06:18,1.666
1997-09-12 06:24,1.668
1997-09-12 06:30,1.670
1997-09-12 06:36,1.672
1997-09-12 06:42,1.673
1997-09-12 06:48,1.675
1997-09-12 06:54,1.676
1997-09-12 07:00,1.677
1997-09-12 07:06,1.678
1997-09-12 07:12,1.679
1997-09-12 07:18,1.680
1997-09-12 07:24,1.681
1997-09-12 07:30,1.682
1997-09-12 07:36,1.682
1997-09-12 07:42,1.683
1997-09-12 07:48,1.683
1997-09-12 07:54,1.684
1997-09-12 08:00,1.684
1997-09-12 08:06,1.684
1997-09-12 08:12,1.685
1997-09-12 08:18,1.685
1997-09-12 08:24,1.685
1997-09-12 08:30,1.685
1997-09-12 08:36,1.685
1997-09-12 08:42,1.685
1997-09-12 08:48,1.684
1997-09-12 08:54,1.684
1997-09-12 09:00,1.684
1997-09-12 09:06,1.683
1997-09-12 09:12,1.682
1997-09-12 09:18,1.682
1997-09-12 09:24,1.681
1997-09-12 09:30,1.680
1997-09-12 09:36,1.679
1997-09-12 09:42,1.678
1997-09-12 09:48,1.677
1997-09-12 09:54,1.676
1997-09-12 10:00,1.674
1997-09-12 10:06,1.673
1997-09-12 10:12,1.672
1997-09-12 10:18,1.670
1997-09-12 10:24,1.669
1997-09-12 10:30,1.667
1997-09-12 10:36,1.666
1997-09-12 10:42,1.664
1997-09-12 10:48,1.663
1997-09-12 10:54,1.662
1997-09-12 11:00,1.660
1997-09-12 11:06,1.659
1997-09-12 11:12,1.658
1997-09-12 11:18,1.656
1997-09-12 11:24,1.655
1997-09-12 11:30,1.654
1997-09-12 11:36,1.653
1997-09-12 11:42,1.652
1997-09-12 11:48,1.651
1997-09-12 11:54,1.650
1997-09-12 12:00,1.649
1997-09-12 12:06,1.648
1997-09-12 12:12,1.647
1997-09-12 12:18,1.647
1997-09-12 12:24,1.646
1997-09-12 12:30,1.645
1997-09-12 12:36,1.645
1997-09-12 12:42,1.644
1997-09-12 12:48,1.643
1997-09-12 12:54,1.643
1997-09-12 13:00,1.642
1997-09-12 13:06,1.641
1997-09-12 13:12,1.641
1997-09-12 13:18,1.640
1997-09-12 13:24,1.639
1997-09-12 13:30,1.638
1997-09-12 13:36,1.638
1997-09-12 13:42,1.637
1997-09-12 13:48,1.636
1997-09-12 13:54,1.635
1997-09-12 14:00,1.634
1997-09-12 14:06,1.633
1997-09-12 14:12,1.631
1997-09-12 14:18,1.630
1997-09-12 14:24,1.629
1997-09-12 14:30,1.627
1997-09-12 14:36,1.626
1997-09-12 14:42,1.625
1997-09-12 14:48,1.623
1997-09-12 14:54,1.621
1997-09-12 15:00,1.620
1997-09-12 15:06,1.618
1997-09-12 15:12,1.616
1997-09-12 15:18,1.615
1997-09-12 15:24,1.613
1997-09-12 15:30,1.611
1997-09-12 15:36,1.609
1997-09-12 15:42,1.607
1997-09-12 15:48,1.604
1997-09-12 15:54,1.602
1997-09-12 16:00,1.600
1997-09-12 16:06,1.597
1997-09-12 16:12,1.594
1997-09-12 16:18,1.592
1997-09-12 16:24,1.589
1997-09-12 16:30,1.586
1997-09-12 16:36,1.582
1997-09-12 16:42,1.579
1997-09-12 16:48,1.576
1997-09-12 16:54,1.572
1997-09-12 17:00,1.568
1997-09-12 17:06,1.564
1997-09-12 17:12,1.560
1997-09-12 17:18,1.555
1997-09-12 17:24,1.551
1997-09-12 17:30,1.546
1997-09-12 17:36,1.541
1997-09-12 17:42,1.536
1997-09-12 17:48,1.530
1997-09-12 17:54,1.525
1997-09-12 18:00,1.519
1997-09-12 18:06,1.513
1997-09-12 18:12,1.507
1997-09-12 18:18,1.501
1997-09-12 18:24,1.495
1997-09-12 18:30,1.488
1997-09-12 18:36,1.482
1997-09-12 18:42,1.475
1997-09-12 18:48,1.469
1997-09-12 18:54,1.462
1997-09-12 19:00,1.455
1997-09-12 19:06,1.449
1997-09-12 19:12,1.442
1997-09-12 19:18,1.435
1997-09-12 19:24,1.429
1997-09-12 19:30,1.422
1997-09-12 19:36,1.415
1997-09-12 19:42,1.409
1997-09-12 19:48,1.402
1997-09-12 19:54,1.396
1997-09-12 20:00,1.389
1997-09-12 20:06,1.383
1997-09-12 20:12,1.377
1997-09-12 20:18,1.370
1997-09-12 20:24,1.364
1997-09-12 20:30,1.358
1997-09-12 20:36,1.352
1997-09-12 20:42,1.347
1997-09-12 20:48,1.341
1997-09-12 20:54,1.335
1997-09-12 21:00,1.330
1997-09-12 21:06,1.325
1997-09-12 21:12,1.319
1997-09-12 21:18,1.314
1997-09-12 21:24,1.309
1997-09-12 21:30,1.305
1997-09-12 21:36,1.300
1997-09-12 21:42,1.295
1997-09-12 21:48,1.291
1997-09-12 21:54,1.287
1997-09-12 22:00,1.283
1997-09-12 22:06,1.279
1997-09-12 22:12,1.276
1997-09-12 22:18,1.272
1997-09-12 22:24,1.269
1997-09-12 22:30,1.266
1997-09-12 22:36,1.263
1997-09-12 22:42,1.261
1997-09-12 22:48,1.259
1997-09-12 22:54,1.257
1997-09-12 23:00,1.255
1997-09-12 23:06,1.254
1997-09-12 23:12,1.253
1997-09-12 23:18,1.252
1997-09-12 23:24,1.252
1997-09-12 23:30,1.252
1997-09-12 23:36,1.252
1997-09-12 23:42,1.252
1997-09-12 23:48,1.253
1997-09-12 23:54,1.254
1997-09-13 00:00,1.256
1997-09-13 00:06,1.258
1997-09-13 00:12,1.260
1997-09-13 00:18,1.262
1997-09-13 00:24,1.265
1997-09-13 00:30,1.268
1997-09-13 00:36,1.272
1997-09-13 00:42,1.276
1997-09-13 00:48,1.280
1997-09-13 00:54,1.284
1997-09-13 01:00,1.288
1997-09-13 01:06,1.293
1997-09-13 01:12,1.298
1997-09-13 01:18,1.304
1997-09-13 01:24,1.309
1997-09-13 01:30,1.315
1997-09-13 01:36,1.321
1997-09-13 01:42,1.327
1997-09-13 01:48,1.333
1997-09-13 01:54,1.340
1997-09-13 02:00,1.346
1997-09-13 02:06,1.353
1997-09-13 02:12,1.360
1997-09-13 02:18,1.367
1997-09-13 02:24,1.374
1997-09-13 02:30,1.382
1997-09-13 02:36,1.389
1997-09-13 02:42,1.397
1997-09-13 02:48,1.404
1997-09-13 02:54,1.412
1997-09-13 03:00,1.420
1997-09-13 03:06,1.428
1997-09-13 03:12,1.436
1997-09-13 03:18,1.443
1997-09-13 03:24,1.451
1997-09-13 03:30,1.460
1997-09-13 03:36,1.468
1997-09-13 03:42,1.476
1997-09-13 03:48,1.484
1997-09-13 03:54,1.492
1997-09-13 04:00,1.500
1997-09-13 04:06,1.508
1997-09-13 04:12,1.515
1997-09-13 04:18,1.523
1997-09-13 04:24,1.531
1997-09-13 04:30,1.539
1997-09-13 04:36,1.546
1997-09-13 04:42,1.553
1997-09-13 04:48,1.560
1997-09-13 04:54,1.567
1997-09-13 05:00,1.574
1997-09-13 05:06,1.581
1997-09-13 05:12,1.587
1997-09-13 05:18,1.594
1997-09-13 05:24,1.600
1997-09-13 05:30,1.606
1997-09-13 05:36,1.611
1997-09-13 05:42,1.617
1997-09-13 05:48,1.622
1997-09-13 05:54,1.627
1997-09-13 06:00,1.631
1997-09-13 06:06,1.636
1997-09-13 06:12,1.640
1997-09-13 06:18,1.644
1997-09-13 06:24,1.648
1997-09-13 06:30,1.651
1997-09-13 06:36,1.655
1997-09-13 06:42,1.658
1997-09-13 06:48,1.660
1997-09-13 06:54,1.663
1997-09-13 07:00,1.666
1997-09-13 07:06,1.668
1997-09-13 07:12,1.670
1997-09-13 07:18,1.672
1997-09-13 07:24,1.674
1997-09-13 07:30,1.675
1997-09-13 07:36,1.677
1997-09-13 07:42,1.678
1997-09-13 07:48,1.679
1997-09-13 07:54,1.680
1997-09-13 08:00,1.681
1997-09-13 08:06,1.682
1997-09-13 08:12,1.682
1997-09-13 08:18,1.683
1997-09-13 08:24,1.683
1997-09-13 08:30,1.683
1997-09-13 08:36,1.684
1997-09-13 08:42,1.684
1997-09-13 08:48,1.684
1997-09-13 08:54,1.683
1997-09-13 09:00,1.683
1997-09-13 09:06,1.683
1997-09-13 09:12,1.682
1997-09-13 09:18,1.682
1997-09-13 09:24,1.681
1997-09-13 09:30,1.680
1997-09-13 09:36,1.679
1997-09-13 09:42,1.678
1997-09-13 09:48,1.677
1997-09-13 09:54,1.676
1997-09-13 10:00,1.675
1997-09-13 10:06,1.673
1997-09-13 10:12,1.672
1997-09-13 10:18,1.671
1997-09-13 10:24,1.669
1997-09-13 10:30,1.668
1997-09-13 10:36,1.666
1997-09-13 10:42,1.665
1997-09-13 10:48,1.663
1997-09-13 10:54,1.662
1997-09-13 11:00,1.660
1997-09-13 11:06,1.658
1997-09-13 11:12,1.657
1997-09-13 11:18,1.655
1997-09-13 11:24,1.654
1997-09-13 11:30,1.652
1997-09-13 11:36,1.651
1997-09-13 11:42,1.649
1997-09-13 11:48,1.648
1997-09-13 11:54,1.647
1997-09-13 12:00,1.645
1997-09-13 12:06,1.644
1997-09-13 12:12,1.643
1997-09-13 12:18,1.642
1997-09-13 12:24,1.641
1997-09-13 12:30,1.640
1997-09-13 12:36,1.639
1997-09-13 12:42,1.639
1997-09-13 12:48,1.638
1997-09-13 12:54,1.637
1997-09-13 13:00,1.637
1997-09-13 13:06,1.636
1997-09-13 13:12,1.636
1997-09-13 13:18,1.635
1997-09-13 13:24,1.635
1997-09-13 13:30,1.635
1997-09-13 13:36,1.634
1997-09-13 13:42,1.634
1997-09-13 13:48,1.634
1997-09-13 13:54,1.634
1997-09-13 14:00,1.634
1997-09-13 14:06,1.634
1997-09-13 14:12,1.634
1997-09-13 14:18,1.633
1997-09-13 14:24,1.633
1997-09-13 14:30,1.633
1997-09-13 14:36,1.633
1997-09-13 14:42,1.633
1997-09-13 14:48,1.633
1997-09-13 14:54,1.633
1997-09-13 15:00,1.633
1997-09-13 15:06,1.633
1997-09-13 15:12,1.633
1997-09-13 15:18,1.633
1997-09-13 15:24,1.632
1997-09-13 15:30,1.632
1997-09-13 15:36,1.632
1997-09-13 15:42,1.631
1997-09-13 15:48,1.631
1997-09-13 15:54,1.630
1997-09-13 16:00,1.630
1997-09-13 16:06,1.629
1997-09-13 16:12,1.628
1997-09-13 16:18,1.627
1997-09-13 16:24,1.626
1997-09-13 16:30,1.625
1997-09-13 16:36,1.623
1997-09-13 16:42,1.622
1997-09-13 16:48,1.620
1997-09-13 16:54,1.618
1997-09-13 17:00,1.616
1997-09-13 17:06,1.614
1997-09-13 17:12,1.612
1997-09-13 17:18,1.610
1997-09-13 17:24,1.607
1997-09-13 17:30,1.604
1997-09-13 17:36,1.601
1997-09-13 17:42,1.598
1997-09-13 17:48,1.594
1997-09-13 17:54,1.591
1997-09-13 18:00,1.587
1997-09-13 18:06,1.583
1997-09-13 18:12,1.578
1997-09-13 18:18,1.574
1997-09-13 18:24,1.569
1997-09-13 18:30,1.564
1997-09-13 18:36,1.559
1997-09-13 18:42,1.554
1997-09-13 18:48,1.549
1997-09-13 18:54,1.543
1997-09-13 19:00,1.538
1997-09-13 19:06,1.532
1997-09-13 19:12,1.526
1997-09-13 19:18,1.520
1997-09-13 19:24,1.514
1997-09-13 19:30,1.507
1997-09-13 19:36,1.501
1997-09-13 19:42,1.494
1997-09-13 19:48,1.488
1997-09-13 19:54,1.481
1997-09-13 20:00,1.474
1997-09-13 20:06,1.468
1997-09-13 20:12,1.461
1997-09-13 20:18,1.454
1997-09-13 20:24,1.447
1997-09-13 20:30,1.440
1997-09-13 20:36,1.433
1997-09-13 20:42,1.426
1997-09-13 20:48,1.419
1997-09-13 20:54,1.413
1997-09-13 21:00,1.406
1997-09-13 21:06,1.399
1997-09-13 21:12,1.392
1997-09-13 21:18,1.385
1997-09-13 21:24,1.379
1997-09-13 21:30,1.372
1997-09-13 21:36,1.366
1997-09-13 21:42,1.359
1997-09-13 21:48,1.353
1997-09-13 21:54,1.347
1997-09-13 22:00,1.341
1997-09-13 22:06,1.335
1997-09-13 22:12,1.329
1997-09-13 22:18,1.324
1997-09-13 22:24,1.318
1997-09-13 22:30,1.313
1997-09-13 22:36,1.308
1997-09-13 22:42,1.303
1997-09-13 22:48,1.298
1997-09-13 22:54,1.294
1997-09-13 23:00,1.289
1997-09-13 23:06,1.285
1997-09-13 23:12,1.281
1997-09-13 23:18,1.278
1997-09-13 23:24,1.275
1997-09-13 23:30,1.272
1997-09-13 23:36,1.269
1997-09-13 23:42,1.266
1997-09-13 23:48,1.264
1997-09-13 23:54,1.262
1997-09-14 00:00,1.261
1997-09-14 00:06,1.259
1997-09-14 00:12,1.258
1997-09-14 00:18,1.257
1997-09-14 00:24,1.257
1997-09-14 00:30,1.257
1997-09-14 00:36,1.257
1997-09-14 00:42,1.258
1997-09-14 00:48,1.259
1997-09-14 00:54,1.260
1997-09-14 01:00,1.261
1997-09-14 01:06,1.263
1997-09-14 01:12,1.265
1997-09-14 01:18,1.268
1997-09-14 01:24,1.271
1997-09-14 01:30,1.274
1997-09-14 01:36,1.277
1997-09-14 01:42,1.281
1997-09-14 01:48,1.285
1997-09-14 01:54,1.290
1997-09-14 02:00,1.294
1997-09-14 02:06,1.299
1997-09-14 02:12,1.304
1997-09-14 02:18,1.310
1997-09-14 02:24,1.316
1997-09-14 02:30,1.322
1997-09-14 02:36,1.328
1997-09-14 02:42,1.334
1997-09-14 02:48,1.341
1997-09-14 02:54,1.348
1997-09-14 03:00,1.355
1997-09-14 03:06,1.362
1997-09-14 03:12,1.369
1997-09-14 03:18,1.377
1997-09-14 03:24,1.385
1997-09-14 03:30,1.393
1997-09-14 03:36,1.400
1997-09-14 03:42,1.408
1997-09-14 03:48,1.417
1997-09-14 03:54,1.425
1997-09-14 04:00,1.433
1997-09-14 04:06,1.441
1997-09-14 04:12,1.449
1997-09-14 04:18,1.458
1997-09-14 04:24,1.466
1997-09-14 04:30,1.474
1997-09-14 04:36,1.482
1997-09-14 04:42,1.490
1997-09-14 04:48,1.498
1997-09-14 04:54,1.506
1997-09-14 05:00,1.514
1997-09-14 05:06,1.522
1997-09-14 05:12,1.529
1997-09-14 05:18,1.537
1997-09-14 05:24,1.544
1997-09-14 05:30,1.551
1997-09-14 05:36,1.558
1997-09-14 05:42,1.565
1997-09-14 05:48,1.572
1997-09-14 05:54,1.578
1997-09-14 06:00,1.585
1997-09-14 06:06,1.591
1997-09-14 06:12,1.597
1997-09-14 06:18,1.602
1997-09-14 06:24,1.608
1997-09-14 06:30,1.613
1997-09-14 06:36,1.618
1997-09-14 06:42,1.623
1997-09-14 06:48,1.627
1997-09-14 06:54,1.632
1997-09-14 07:00,1.636
1997-09-14 07:06,1.640
1997-09-14 07:12,1.643
1997-09-14 07:18,1.647
1997-09-14 07:24,1.650
1997-09-14 07:30,1.653
1997-09-14 07:36,1.655
1997-09-14 07:42,1.658
1997-09-14 07:48,1.660
1997-09-14 07:54,1.662
1997-09-14 08:00,1.664
1997-09-14 08:06,1.665
1997-09-14 08:12,1.667
1997-09-14 08:18,1.668
1997-09-14 08:24,1.669
1997-09-14 08:30,1.670
1997-09-14 08:36,1.670
1997-09-14 08:42,1.670
1997-09-14 08:48,1.671
1997-09-14 08:54,1.671
1997-09-14 09:00,1.670
1997-09-14 09:06,1.670
1997-09-14 09:12,1.670
1997-09-14 09:18,1.669
1997-09-14 09:24,1.668
1997-09-14 09:30,1.667
1997-09-14 09:36,1.666
1997-09-14 09:42,1.665
1997-09-14 09:48,1.664
1997-09-14 09:54,1.663
1997-09-14 10:00,1.661
1997-09-14 10:06,1.660
1997-09-14 10:12,1.658
1997-09-14 10:18,1.657
1997-09-14 10:24,1.655
1997-09-14 10:30,1.654
1997-09-14 10:36,1.652
1997-09-14 10:42,1.650
1997-09-14 10:48,1.648
1997-09-14 10:54,1.647
1997-09-14 11:00,1.645
1997-09-14 11:06,1.643
1997-09-14 11:12,1.641
1997-09-14 11:18,1.639
1997-09-14 11:24,1.638
1997-09-14 11:30,1.636
1997-09-14 11:36,1.634
1997-09-14 11:42,1.632
1997-09-14 11:48,1.631
1997-09-14 11:54,1.629
1997-09-14 12:00,1.627
1997-09-14 12:06,1.626
1997-09-14 12:12,1.624
1997-09-14 12:18,1.623
1997-09-14 12:24,1.621
1997-09-14 12:30,1.620
1997-09-14 12:36,1.618
1997-09-14 12:42,1.617
1997-09-14 12:48,1.616
1997-09-14 12:54,1.615
1997-09-14 13:00,1.614
1997-09-14 13:06,1.613
1997-09-14 13:12,1.612
1997-09-14 13:18,1.612
1997-09-14 13:24,1.611
1997-09-14 13:30,1.611
1997-09-14 13:36,1.610
1997-09-14 13:42,1.610
1997-09-14 13:48,1.610
1997-09-14 13:54,1.610
1997-09-14 14:00,1.610
1997-09-14 14:06,1.610
1997-09-14 14:12,1.610
1997-09-14 14:18,1.611
1997-09-14 14:24,1.612
1997-09-14 14:30,1.612
1997-09-14 14:36,1.613
1997-09-14 14:42,1.614
1997-09-14 14:48,1.615
1997-09-14 14:54,1.616
1997-09-14 15:00,1.617
1997-09-14 15:06,1.618
1997-09-14 15:12,1.619
1997-09-14 15:18,1.621
1997-09-14 15:24,1.622
1997-09-14 15:30,1.623
1997-09-14 15:36,1.625
1997-09-14 15:42,1.626
1997-09-14 15:48,1.627
1997-09-14 15:54,1.629
1997-09-14 16:00,1.630
1997-09-14 16:06,1.631
1997-09-14 16:12,1.632
1997-09-14 16:18,1.634
1997-09-14 16:24,1.635
1997-09-14 16:30,1.636
1997-09-14 16:36,1.636
1997-09-14 16:42,1.637
1997-09-14 16:48,1.638
1997-09-14 16:54,1.638
1997-09-14 17:00,1.639
1997-09-14 17:06,1.639
1997-09-14 17:12,1.639
1997-09-14 17:18,1.639
1997-09-14 17:24,1.638
1997-09-14 17:30,1.638
1997-09-14 17:36,1.637
1997-09-14 17:42,1.637
1997-09-14 17:48,1.636
1997-09-14 17:54,1.635
1997-09-14 18:00,1.633
1997-09-14 18:06,1.632
1997-09-14 18:12,1.630
1997-09-14 18:18,1.628
1997-09-14 18:24,1.626
1997-09-14 18:30,1.624
1997-09-14 18:36,1.621
1997-09-14 18:42,1.619
1997-09-14 18:48,1.616
1997-09-14 18:54,1.613
1997-09-14 19:00,1.610
1997-09-14 19:06,1.606
1997-09-14 19:12,1.602
1997-09-14 19:18,1.599
1997-09-14 19:24,1.594
1997-09-14 19:30,1.590
1997-09-14 19:36,1.586
1997-09-14 19:42,1.581
1997-09-14 19:48,1.576
1997-09-14 19:54,1.571
1997-09-14 20:00,1.565
1997-09-14 20:06,1.560
1997-09-14 20:12,1.554
1997-09-14 20:18,1.548
1997-09-14 20:24,1.542
1997-09-14 20:30,1.536
1997-09-14 20:36,1.530
1997-09-14 20:42,1.523
1997-09-14 20:48,1.517
1997-09-14 20:54,1.510
1997-09-14 21:00,1.503
1997-09-14 21:06,1.496
1997-09-14 21:12,1.489
1997-09-14 21:18,1.482
1997-09-14 21:24,1.474
1997-09-14 21:30,1.467
1997-09-14 21:36,1.460
1997-09-14 21:42,1.453
1997-09-14 21:48,1.445
1997-09-14 21:54,1.438
1997-09-14 22:00,1.431
1997-09-14 22:06,1.424
1997-09-14 22:12,1.417
1997-09-14 22:18,1.410
1997-09-14 22:24,1.403
1997-09-14 22:30,1.396
1997-09-14 22:36,1.389
1997-09-14 22:42,1.383
1997-09-14 22:48,1.376
1997-09-14 22:54,1.370
1997-09-14 23:00,1.364
1997-09-14 23:06,1.358
1997-09-14 23:12,1.352
1997-09-14 23:18,1.346
1997-09-14 23:24,1.341
1997-09-14 23:30,1.335
1997-09-14 23:36,1.330
1997-09-14 23:42,1.325
1997-09-14 23:48,1.321
1997-09-14 23:54,1.316
1997-09-15 00:00,1.312
1997-09-15 00:06,1.308
1997-09-15 00:12,1.304
1997-09-15 00:18,1.300
1997-09-15 00:24,1.297
1997-09-15 00:30,1.294
1997-09-15 00:36,1.291
1997-09-15 00:42,1.289
1997-09-15 00:48,1.286
1997-09-15 00:54,1.284
1997-09-15 01:00,1.283
1997-09-15 01:06,1.281
1997-09-15 01:12,1.280
1997-09-15 01:18,1.279
1997-09-15 01:24,1.279
1997-09-15 01:30,1.278
1997-09-15 01:36,1.279
1997-09-15 01:42,1.279
1997-09-15 01:48,1.280
1997-09-15 01:54,1.281
1997-09-15 02:00,1.283
1997-09-15 02:06,1.284
1997-09-15 02:12,1.287
1997-09-15 02:18,1.289
1997-09-15 02:24,1.292
1997-09-15 02:30,1.295
1997-09-15 02:36,1.299
1997-09-15 02:42,1.303
1997-09-15 02:48,1.307
1997-09-15 02:54,1.312
1997-09-15 03:00,1.316
1997-09-15 03:06,1.322
1997-09-15 03:12,1.327
1997-09-15 03:18,1.333
1997-09-15 03:24,1.339
1997-09-15 03:30,1.345
1997-09-15 03:36,1.352
1997-09-15 03:42,1.358
1997-09-15 03:48,1.365
1997-09-15 03:54,1.372
1997-09-15 04:00,1.379
1997-09-15 04:06,1.387
1997-09-15 04:12,1.394
1997-09-15 04:18,1.401
1997-09-15 04:24,1.409
1997-09-15 04:30,1.417
1997-09-15 04:36,1.425
1997-09-15 04:42,1.432
1997-09-15 04:48,1.440
1997-09-15 04:54,1.448
1997-09-15 05:00,1.456
1997-09-15 05:06,1.463
1997-09-15 05:12,1.471
1997-09-15 05:18,1.479
1997-09-15 05:24,1.486
1997-09-15 05:30,1.494
1997-09-15 05:36,1.501
1997-09-15 05:42,1.509
1997-09-15 05:48,1.516
1997-09-15 05:54,1.523
1997-09-15 06:00,1.530
1997-09-15 06:06,1.537
1997-09-15 06:12,1.544
1997-09-15 06:18,1.551
1997-09-15 06:24,1.558
1997-09-15 06:30,1.564
1997-09-15 06:36,1.570
1997-09-15 06:42,1.576
1997-09-15 06:48,1.582
1997-09-15 06:54,1.588
1997-09-15 07:00,1.593
1997-09-15 07:06,1.599
1997-09-15 07:12,1.604
1997-09-15 07:18,1.609
1997-09-15 07:24,1.613
1997-09-15 07:30,1.617
1997-09-15 07:36,1.622
1997-09-15 07:42,1.625
1997-09-15 07:48,1.629
1997-09-15 07:54,1.632
1997-09-15 08:00,1.635
1997-09-15 08:06,1.638
1997-09-15 08:12,1.641
1997-09-15 08:18,1.643
1997-09-15 08:24,1.645
1997-09-15 08:30,1.646
1997-09-15 08:36,1.648
1997-09-15 08:42,1.649
1997-09-15 08:48,1.649
1997-09-15 08:54,1.650
1997-09-15 09:00,1.650
1997-09-15 09:06,1.650
1997-09-15 09:12,1.650
1997-09-15 09:18,1.650
1997-09-15 09:24,1.649
1997-09-15 09:30,1.648
1997-09-15 09:36,1.647
1997-09-15 09:42,1.646
1997-09-15 09:48,1.644
1997-09-15 09:54,1.643
1997-09-15 10:00,1.641
1997-09-15 10:06,1.639
1997-09-15 10:12,1.637
1997-09-15 10:18,1.635
1997-09-15 10:24,1.633
1997-09-15 10:30,1.631
1997-09-15 10:36,1.629
1997-09-15 10:42,1.627
1997-09-15 10:48,1.624
1997-09-15 10:54,1.622
1997-09-15 11:00,1.620
1997-09-15 11:06,1.618
1997-09-15 11:12,1.615
1997-09-15 11:18,1.613
1997-09-15 11:24,1.611
1997-09-15 11:30,1.608
1997-09-15 11:36,1.606
1997-09-15 11:42,1.604
1997-09-15 11:48,1.601
1997-09-15 11:54,1.599
1997-09-15 12:00,1.597
1997-09-15 12:06,1.595
1997-09-15 12:12,1.593
1997-09-15 12:18,1.591
1997-09-15 12:24,1.589
1997-09-15 12:30,1.587
1997-09-15 12:36,1.585
1997-09-15 12:42,1.583
1997-09-15 12:48,1.581
1997-09-15 12:54,1.579
1997-09-15 13:00,1.577
1997-09-15 13:06,1.576
1997-09-15 13:12,1.574
1997-09-15 13:18,1.573
1997-09-15 13:24,1.572
1997-09-15 13:30,1.570
1997-09-15 13:36,1.569
1997-09-15 13:42,1.568
1997-09-15 13:48,1.568
1997-09-15 13:54,1.567
1997-09-15 14:00,1.567
1997-09-15 14:06,1.566
1997-09-15 14:12,1.566
1997-09-15 14:18,1.566
1997-09-15 14:24,1.567
1997-09-15 14:30,1.567
1997-09-15 14:36,1.568
1997-09-15 14:42,1.569
1997-09-15 14:48,1.570
1997-09-15 14:54,1.571
1997-09-15 15:00,1.572
1997-09-15 15:06,1.574
1997-09-15 15:12,1.576
1997-09-15 15:18,1.577
1997-09-15 15:24,1.580
1997-09-15 15:30,1.582
1997-09-15 15:36,1.584
1997-09-15 15:42,1.587
1997-09-15 15:48,1.589
1997-09-15 15:54,1.592
1997-09-15 16:00,1.594
1997-09-15 16:06,1.597
1997-09-15 16:12,1.600
1997-09-15 16:18,1.603
1997-09-15 16:24,1.606
1997-09-15 16:30,1.609
1997-09-15 16:36,1.611
1997-09-15 16:42,1.614
1997-09-15 16:48,1.617
1997-09-15 16:54,1.620
1997-09-15 17:00,1.622
1997-09-15 17:06,1.625
1997-09-15 17:12,1.627
1997-09-15 17:18,1.630
1997-09-15 17:24,1.632
1997-09-15 17:30,1.634
1997-09-15 17:36,1.636
1997-09-15 17:42,1.638
1997-09-15 17:48,1.640
1997-09-15 17:54,1.641
1997-09-15 18:00,1.643
1997-09-15 18:06,1.644
1997-09-15 18:12,1.645
1997-09-15 18:18,1.646
1997-09-15 18:24,1.647
1997-09-15 18:30,1.648
1997-09-15 18:36,1.649
1997-09-15 18:42,1.649
1997-09-15 18:48,1.649
1997-09-15 18:54,1.650
1997-09-15 19:00,1.649
1997-09-15 19:06,1.649
1997-09-15 19:12,1.649
1997-09-15 19:18,1.648
1997-09-15 19:24,1.647
1997-09-15 19:30,1.646
1997-09-15 19:36,1.644
1997-09-15 19:42,1.643
1997-09-15 19:48,1.641
1997-09-15 19:54,1.639
1997-09-15 20:00,1.636
1997-09-15 20:06,1.634
1997-09-15 20:12,1.631
1997-09-15 20:18,1.628
1997-09-15 20:24,1.624
1997-09-15 20:30,1.620
1997-09-15 20:36,1.616
1997-09-15 20:42,1.612
1997-09-15 20:48,1.608
1997-09-15 20:54,1.603
1997-09-15 21:00,1.598
1997-09-15 21:06,1.592
1997-09-15 21:12,1.587
1997-09-15 21:18,1.581
1997-09-15 21:24,1.575
1997-09-15 21:30,1.569
1997-09-15 21:36,1.562
1997-09-15 21:42,1.556
1997-09-15 21:48,1.549
1997-09-15 21:54,1.543
1997-09-15 22:00,1.536
1997-09-15 22:06,1.529
1997-09-15 22:12,1.522
1997-09-15 22:18,1.514
1997-09-15 22:24,1.507
1997-09-15 22:30,1.500
1997-09-15 22:36,1.493
1997-09-15 22:42,1.486
1997-09-15 22:48,1.479
1997-09-15 22:54,1.472
1997-09-15 23:00,1.465
1997-09-15 23:06,1.458
1997-09-15 23:12,1.451
1997-09-15 23:18,1.444
1997-09-15 23:24,1.438
1997-09-15 23:30,1.431
1997-09-15 23:36,1.425
1997-09-15 23:42,1.419
1997-09-15 23:48,1.413
1997-09-15 23:54,1.407
1997-09-16 00:00,1.401
1997-09-16 00:06,1.395
1997-09-16 00:12,1.389
1997-09-16 00:18,1.384
1997-09-16 00:24,1.379
1997-09-16 00:30,1.374
1997-09-16 00:36,1.369
1997-09-16 00:42,1.364
1997-09-16 00:48,1.359
1997-09-16 00:54,1.355
1997-09-16 01:00,1.351
1997-09-16 01:06,1.347
1997-09-16 01:12,1.343
1997-09-16 01:18,1.339
1997-09-16 01:24,1.336
1997-09-16 01:30,1.333
1997-09-16 01:36,1.330
1997-09-16 01:42,1.327
1997-09-16 01:48,1.325
1997-09-16 01:54,1.323
1997-09-16 02:00,1.321
1997-09-16 02:06,1.320
1997-09-16 02:12,1.318
1997-09-16 02:18,1.318
1997-09-16 02:24,1.317
1997-09-16 02:30,1.317
1997-09-16 02:36,1.317
1997-09-16 02:42,1.318
1997-09-16 02:48,1.319
1997-09-16 02:54,1.320
1997-09-16 03:00,1.322
1997-09-16 03:06,1.324
1997-09-16 03:12,1.326
1997-09-16 03:18,1.329
1997-09-16 03:24,1.332
1997-09-16 03:30,1.335
1997-09-16 03:36,1.339
1997-09-16 03:42,1.343
1997-09-16 03:48,1.348
1997-09-16 03:54,1.352
1997-09-16 04:00,1.357
1997-09-16 04:06,1.362
1997-09-16 04:12,1.368
1997-09-16 04:18,1.373
1997-09-16 04:24,1.379
1997-09-16 04:30,1.385
1997-09-16 04:36,1.391
1997-09-16 04:42,1.397
1997-09-16 04:48,1.403
1997-09-16 04:54,1.410
1997-09-16 05:00,1.416
1997-09-16 05:06,1.423
1997-09-16 05:12,1.430
1997-09-16 05:18,1.437
1997-09-16 05:24,1.443
1997-09-16 05:30,1.450
1997-09-16 05:36,1.457
1997-09-16 05:42,1.464
1997-09-16 05:48,1.471
1997-09-16 05:54,1.478
1997-09-16 06:00,1.484
1997-09-16 06:06,1.491
1997-09-16 06:12,1.498
1997-09-16 06:18,1.505
1997-09-16 06:24,1.511
1997-09-16 06:30,1.518
1997-09-16 06:36,1.524
1997-09-16 06:42,1.531
1997-09-16 06:48,1.537
1997-09-16 06:54,1.543
1997-09-16 07:00,1.549
1997-09-16 07:06,1.555
1997-09-16 07:12,1.561
1997-09-16 07:18,1.567
1997-09-16 07:24,1.572
1997-09-16 07:30,1.578
1997-09-16 07:36,1.583
1997-09-16 07:42,1.588
1997-09-16 07:48,1.593
1997-09-16 07:54,1.597
1997-09-16 08:00,1.601
1997-09-16 08:06,1.605
1997-09-16 08:12,1.609
1997-09-16 08:18,1.612
1997-09-16 08:24,1.615
1997-09-16 08:30,1.618
1997-09-16 08:36,1.620
1997-09-16 08:42,1.623
1997-09-16 08:48,1.624
1997-09-16 08:54,1.626
1997-09-16 09:00,1.627
1997-09-16 09:06,1.628
1997-09-16 09:12,1.628
1997-09-16 09:18,1.629
1997-09-16 09:24,1.628
1997-09-16 09:30,1.628
1997-09-16 09:36,1.627
1997-09-16 09:42,1.626
1997-09-16 09:48,1.625
1997-09-16 09:54,1.624
1997-09-16 10:00,1.622
1997-09-16 10:06,1.620
1997-09-16 10:12,1.618
1997-09-16 10:18,1.615
1997-09-16 10:24,1.613
1997-09-16 10:30,1.610
1997-09-16 10:36,1.608
1997-09-16 10:42,1.605
1997-09-16 10:48,1.602
1997-09-16 10:54,1.599
1997-09-16 11:00,1.596
1997-09-16 11:06,1.593
1997-09-16 11:12,1.590
1997-09-16 11:18,1.587
1997-09-16 11:24,1.583
1997-09-16 11:30,1.580
1997-09-16 11:36,1.577
1997-09-16 11:42,1.574
1997-09-16 11:48,1.571
1997-09-16 11:54,1.568
1997-09-16 12:00,1.565
1997-09-16 12:06,1.561
1997-09-16 12:12,1.558
1997-09-16 12:18,1.555
1997-09-16 12:24,1.552
1997-09-16 12:30,1.550
1997-09-16 12:36,1.547
1997-09-16 12:42,1.544
1997-09-16 12:48,1.541
1997-09-16 12:54,1.538
1997-09-16 13:00,1.536
1997-09-16 13:06,1.533
1997-09-16 13:12,1.531
1997-09-16 13:18,1.528
1997-09-16 13:24,1.526
1997-09-16 13:30,1.524
1997-09-16 13:36,1.521
1997-09-16 13:42,1.519
1997-09-16 13:48,1.518
1997-09-16 13:54,1.516
1997-09-16 14:00,1.514
1997-09-16 14:06,1.513
1997-09-16 14:12,1.512
1997-09-16 14:18,1.511
1997-09-16 14:24,1.510
1997-09-16 14:30,1.509
1997-09-16 14:36,1.509
1997-09-16 14:42,1.509
1997-09-16 14:48,1.509
1997-09-16 14:54,1.509
1997-09-16 15:00,1.510
1997-09-16 15:06,1.511
1997-09-16 15:12,1.512
1997-09-16 15:18,1.513
1997-09-16 15:24,1.515
1997-09-16 15:30,1.517
1997-09-16 15:36,1.519
1997-09-16 15:42,1.521
1997-09-16 15:48,1.524
1997-09-16 15:54,1.526
1997-09-16 16:00,1.529
1997-09-16 16:06,1.532
1997-09-16 16:12,1.536
1997-09-16 16:18,1.539
1997-09-16 16:24,1.543
1997-09-16 16:30,1.546
1997-09-16 16:36,1.550
1997-09-16 16:42,1.554
1997-09-16 16:48,1.558
1997-09-16 16:54,1.562
1997-09-16 17:00,1.566
1997-09-16 17:06,1.570
1997-09-16 17:12,1.574
1997-09-16 17:18,1.579
1997-09-16 17:24,1.583
1997-09-16 17:30,1.587
1997-09-16 17:36,1.591
1997-09-16 17:42,1.595
1997-09-16 17:48,1.599
1997-09-16 17:54,1.603
1997-09-16 18:00,1.607
1997-09-16 18:06,1.611
1997-09-16 18:12,1.615
1997-09-16 18:18,1.619
1997-09-16 18:24,1.623
1997-09-16 18:30,1.626
1997-09-16 18:36,1.630
1997-09-16 18:42,1.633
1997-09-16 18:48,1.637
1997-09-16 18:54,1.640
1997-09-16 19:00,1.643
1997-09-16 19:06,1.646
1997-09-16 19:12,1.649
1997-09-16 19:18,1.651
1997-09-16 19:24,1.654
1997-09-16 19:30,1.656
1997-09-16 19:36,1.658
1997-09-16 19:42,1.660
1997-09-16 19:48,1.662
1997-09-16 19:54,1.664
1997-09-16 20:00,1.665
1997-09-16 20:06,1.666
1997-09-16 20:12,1.667
1997-09-16 20:18,1.667
1997-09-16 20:24,1.667
1997-09-16 20:30,1.667
1997-09-16 20:36,1.667
1997-09-16 20:42,1.666
1997-09-16 20:48,1.665
1997-09-16 20:54,1.664
1997-09-16 21:00,1.662
1997-09-16 21:06,1.660
1997-09-16 21:12,1.658
1997-09-16 21:18,1.655
1997-09-16 21:24,1.652
1997-09-16 21:30,1.649
1997-09-16 21:36,1.645
1997-09-16 21:42,1.641
1997-09-16 21:48,1.637
1997-09-16 21:54,1.632
1997-09-16 22:00,1.628
1997-09-16 22:06,1.623
1997-09-16 22:12,1.618
1997-09-16 22:18,1.612
1997-09-16 22:24,1.607
1997-09-16 22:30,1.601
1997-09-16 22:36,1.595
1997-09-16 22:42,1.589
1997-09-16 22:48,1.583
1997-09-16 22:54,1.577
1997-09-16 23:00,1.571
1997-09-16 23:06,1.565
1997-09-16 23:12,1.558
1997-09-16 23:18,1.552
1997-09-16 23:24,1.546
1997-09-16 23:30,1.539
1997-09-16 23:36,1.533
1997-09-16 23:42,1.527
1997-09-16 23:48,1.520
1997-09-16 23:54,1.514
1997-09-17 00:00,1.508
1997-09-17 00:06,1.502
1997-09-17 00:12,1.496
1997-09-17 00:18,1.490
1997-09-17 00:24,1.484
1997-09-17 00:30,1.478
1997-09-17 00:36,1.472
1997-09-17 00:42,1.466
1997-09-17 00:48,1.461
1997-09-17 00:54,1.455
1997-09-17 01:00,1.450
1997-09-17 01:06,1.444
1997-09-17 01:12,1.439
1997-09-17 01:18,1.434
1997-09-17 01:24,1.429
1997-09-17 01:30,1.424
1997-09-17 01:36,1.420
1997-09-17 01:42,1.415
1997-09-17 01:48,1.411
1997-09-17 01:54,1.406
1997-09-17 02:00,1.402
1997-09-17 02:06,1.399
1997-09-17 02:12,1.395
1997-09-17 02:18,1.392
1997-09-17 02:24,1.388
1997-09-17 02:30,1.386
1997-09-17 02:36,1.383
1997-09-17 02:42,1.381
1997-09-17 02:48,1.378
1997-09-17 02:54,1.377
1997-09-17 03:00,1.375
1997-09-17 03:06,1.374
1997-09-17 03:12,1.373
1997-09-17 03:18,1.373
1997-09-17 03:24,1.373
1997-09-17 03:30,1.373
1997-09-17 03:36,1.373
1997-09-17 03:42,1.374
1997-09-17 03:48,1.375
1997-09-17 03:54,1.377
1997-09-17 04:00,1.378
1997-09-17 04:06,1.380
1997-09-17 04:12,1.383
1997-09-17 04:18,1.385
1997-09-17 04:24,1.388
1997-09-17 04:30,1.391
1997-09-17 04:36,1.395
1997-09-17 04:42,1.398
1997-09-17 04:48,1.402
1997-09-17 04:54,1.406
1997-09-17 05:00,1.411
1997-09-17 05:06,1.415
1997-09-17 05:12,1.420
1997-09-17 05:18,1.424
1997-09-17 05:24,1.429
1997-09-17 05:30,1.434
1997-09-17 05:36,1.439
1997-09-17 05:42,1.445
1997-09-17 05:48,1.450
1997-09-17 05:54,1.455
1997-09-17 06:00,1.461
1997-09-17 06:06,1.466
1997-09-17 06:12,1.472
1997-09-17 06:18,1.478
1997-09-17 06:24,1.483
1997-09-17 06:30,1.489
1997-09-17 06:36,1.495
1997-09-17 06:42,1.501
1997-09-17 06:48,1.506
1997-09-17 06:54,1.512
1997-09-17 07:00,1.518
1997-09-17 07:06,1.523
1997-09-17 07:12,1.529
1997-09-17 07:18,1.535
1997-09-17 07:24,1.540
1997-09-17 07:30,1.546
1997-09-17 07:36,1.551
1997-09-17 07:42,1.556
1997-09-17 07:48,1.561
1997-09-17 07:54,1.566
1997-09-17 08:00,1.571
1997-09-17 08:06,1.575
1997-09-17 08:12,1.580
1997-09-17 08:18,1.584
1997-09-17 08:24,1.588
1997-09-17 08:30,1.591
1997-09-17 08:36,1.594
1997-09-17 08:42,1.598
1997-09-17 08:48,1.600
1997-09-17 08:54,1.603
1997-09-17 09:00,1.605
1997-09-17 09:06,1.607
1997-09-17 09:12,1.608
1997-09-17 09:18,1.609
1997-09-17 09:24,1.610
1997-09-17 09:30,1.611
1997-09-17 09:36,1.611
1997-09-17 09:42,1.611
1997-09-17 09:48,1.610
1997-09-17 09:54,1.609
1997-09-17 10:00,1.608
1997-09-17 10:06,1.607
1997-09-17 10:12,1.605
1997-09-17 10:18,1.603
1997-09-17 10:24,1.601
1997-09-17 10:30,1.598
1997-09-17 10:36,1.595
1997-09-17 10:42,1.592
1997-09-17 10:48,1.589
1997-09-17 10:54,1.586
1997-09-17 11:00,1.582
1997-09-17 11:06,1.579
1997-09-17 11:12,1.575
1997-09-17 11:18,1.571
1997-09-17 11:24,1.567
1997-09-17 11:30,1.563
1997-09-17 11:36,1.559
1997-09-17 11:42,1.555
1997-09-17 11:48,1.551
1997-09-17 11:54,1.547
1997-09-17 12:00,1.543
1997-09-17 12:06,1.538
1997-09-17 12:12,1.534
1997-09-17 12:18,1.530
1997-09-17 12:24,1.526
1997-09-17 12:30,1.522
1997-09-17 12:36,1.518
1997-09-17 12:42,1.513
1997-09-17 12:48,1.509
1997-09-17 12:54,1.505
1997-09-17 13:00,1.502
1997-09-17 13:06,1.498
1997-09-17 13:12,1.494
1997-09-17 13:18,1.490
1997-09-17 13:24,1.487
1997-09-17 13:30,1.483
1997-09-17 13:36,1.480
1997-09-17 13:42,1.476
1997-09-17 13:48,1.473
1997-09-17 13:54,1.470
1997-09-17 14:00,1.467
1997-09-17 14:06,1.464
1997-09-17 14:12,1.461
1997-09-17 14:18,1.459
1997-09-17 14:24,1.457
1997-09-17 14:30,1.454
1997-09-17 14:36,1.453
1997-09-17 14:42,1.451
1997-09-17 14:48,1.449
1997-09-17 14:54,1.448
1997-09-17 15:00,1.447
1997-09-17 15:06,1.447
1997-09-17 15:12,1.446
1997-09-17 15:18,1.446
1997-09-17 15:24,1.446
1997-09-17 15:30,1.446
1997-09-17 15:36,1.447
1997-09-17 15:42,1.448
1997-09-17 15:48,1.449
1997-09-17 15:54,1.451
1997-09-17 16:00,1.452
1997-09-17 16:06,1.454
1997-09-17 16:12,1.457
1997-09-17 16:18,1.459
1997-09-17 16:24,1.462
1997-09-17 16:30,1.465
1997-09-17 16:36,1.468
1997-09-17 16:42,1.472
1997-09-17 16:48,1.476
1997-09-17 16:54,1.480
1997-09-17 17:00,1.484
1997-09-17 17:06,1.488
1997-09-17 17:12,1.493
1997-09-17 17:18,1.497
1997-09-17 17:24,1.502
1997-09-17 17:30,1.507
1997-09-17 17:36,1.512
1997-09-17 17:42,1.517
1997-09-17 17:48,1.522
1997-09-17 17:54,1.527
1997-09-17 18:00,1.533
1997-09-17 18:06,1.538
1997-09-17 18:12,1.544
1997-09-17 18:18,1.549
1997-09-17 18:24,1.555
1997-09-17 18:30,1.561
1997-09-17 18:36,1.566
1997-09-17 18:42,1.572
1997-09-17 18:48,1.577
1997-09-17 18:54,1.583
1997-09-17 19:00,1.589
1997-09-17 19:06,1.594
1997-09-17 19:12,1.600
1997-09-17 19:18,1.605
1997-09-17 19:24,1.611
1997-09-17 19:30,1.616
1997-09-17 19:36,1.621
1997-09-17 19:42,1.626
1997-09-17 19:48,1.631
1997-09-17 19:54,1.636
1997-09-17 20:00,1.641
1997-09-17 20:06,1.645
1997-09-17 20:12,1.649
1997-09-17 20:18,1.654
1997-09-17 20:24,1.657
1997-09-17 20:30,1.661
1997-09-17 20:36,1.664
1997-09-17 20:42,1.668
1997-09-17 20:48,1.670
1997-09-17 20:54,1.673
1997-09-17 21:00,1.675
1997-09-17 21:06,1.677
1997-09-17 21:12,1.679
1997-09-17 21:18,1.680
1997-09-17 21:24,1.681
1997-09-17 21:30,1.682
1997-09-17 21:36,1.682
1997-09-17 21:42,1.682
1997-09-17 21:48,1.682
1997-09-17 21:54,1.681
1997-09-17 22:00,1.680
1997-09-17 22:06,1.678
1997-09-17 22:12,1.677
1997-09-17 22:18,1.675
1997-09-17 22:24,1.673
1997-09-17 22:30,1.670
1997-09-17 22:36,1.667
1997-09-17 22:42,1.664
1997-09-17 22:48,1.661
1997-09-17 22:54,1.657
1997-09-17 23:00,1.654
1997-09-17 23:06,1.650
1997-09-17 23:12,1.645
1997-09-17 23:18,1.641
1997-09-17 23:24,1.637
1997-09-17 23:30,1.632
1997-09-17 23:36,1.627
1997-09-17 23:42,1.623
1997-09-17 23:48,1.618
1997-09-17 23:54,1.613
1997-09-18 00:00,1.608
1997-09-18 00:06,1.603
1997-09-18 00:12,1.597
1997-09-18 00:18,1.592
1997-09-18 00:24,1.587
1997-09-18 00:30,1.582
1997-09-18 00:36,1.577
1997-09-18 00:42,1.571
1997-09-18 00:48,1.566
1997-09-18 00:54,1.561
1997-09-18 01:00,1.555
1997-09-18 01:06,1.550
1997-09-18 01:12,1.545
1997-09-18 01:18,1.540
1997-09-18 01:24,1.535
1997-09-18 01:30,1.530
1997-09-18 01:36,1.525
1997-09-18 01:42,1.520
1997-09-18 01:48,1.515
1997-09-18 01:54,1.510
1997-09-18 02:00,1.505
1997-09-18 02:06,1.500
1997-09-18 02:12,1.496
1997-09-18 02:18,1.491
1997-09-18 02:24,1.487
1997-09-18 02:30,1.483
1997-09-18 02:36,1.479
1997-09-18 02:42,1.475
1997-09-18 02:48,1.471
1997-09-18 02:54,1.467
1997-09-18 03:00,1.464
1997-09-18 03:06,1.461
1997-09-18 03:12,1.458
1997-09-18 03:18,1.455
1997-09-18 03:24,1.452
1997-09-18 03:30,1.450
1997-09-18 03:36,1.448
1997-09-18 03:42,1.446
1997-09-18 03:48,1.444
1997-09-18 03:54,1.443
1997-09-18 04:00,1.442
1997-09-18 04:06,1.441
1997-09-18 04:12,1.440
1997-09-18 04:18,1.440
1997-09-18 04:24,1.440
1997-09-18 04:30,1.440
1997-09-18 04:36,1.440
1997-09-18 04:42,1.441
1997-09-18 04:48,1.442
1997-09-18 04:54,1.443
1997-09-18 05:00,1.444
1997-09-18 05:06,1.446
1997-09-18 05:12,1.447
1997-09-18 05:18,1.449
1997-09-18 05:24,1.452
1997-09-18 05:30,1.454
1997-09-18 05:36,1.457
1997-09-18 05:42,1.459
1997-09-18 05:48,1.462
1997-09-18 05:54,1.466
1997-09-18 06:00,1.469
1997-09-18 06:06,1.472
1997-09-18 06:12,1.476
1997-09-18 06:18,1.480
1997-09-18 06:24,1.483
1997-09-18 06:30,1.487
1997-09-18 06:36,1.492
1997-09-18 06:42,1.496
1997-09-18 06:48,1.500
1997-09-18 06:54,1.504
1997-09-18 07:00,1.509
1997-09-18 07:06,1.513
1997-09-18 07:12,1.518
1997-09-18 07:18,1.522
1997-09-18 07:24,1.527
1997-09-18 07:30,1.531
1997-09-18 07:36,1.536
1997-09-18 07:42,1.541
1997-09-18 07:48,1.545
1997-09-18 07:54,1.549
1997-09-18 08:00,1.554
1997-09-18 08:06,1.558
1997-09-18 08:12,1.562
1997-09-18 08:18,1.566
1997-09-18 08:24,1.570
1997-09-18 08:30,1.574
1997-09-18 08:36,1.577
1997-09-18 08:42,1.581
1997-09-18 08:48,1.584
1997-09-18 08:54,1.587
1997-09-18 09:00,1.589
1997-09-18 09:06,1.592
1997-09-18 09:12,1.594
1997-09-18 09:18,1.596
1997-09-18 09:24,1.597
1997-09-18 09:30,1.599
1997-09-18 09:36,1.600
1997-09-18 09:42,1.600
1997-09-18 09:48,1.601
1997-09-18 09:54,1.601
1997-09-18 10:00,1.601
1997-09-18 10:06,1.600
1997-09-18 10:12,1.599
1997-09-18 10:18,1.598
1997-09-18 10:24,1.597
1997-09-18 10:30,1.595
1997-09-18 10:36,1.593
1997-09-18 10:42,1.590
1997-09-18 10:48,1.588
1997-09-18 10:54,1.585
1997-09-18 11:00,1.582
1997-09-18 11:06,1.578
1997-09-18 11:12,1.575
1997-09-18 11:18,1.571
1997-09-18 11:24,1.567
1997-09-18 11:30,1.563
1997-09-18 11:36,1.558
1997-09-18 11:42,1.554
1997-09-18 11:48,1.549
1997-09-18 11:54,1.545
1997-09-18 12:00,1.540
1997-09-18 12:06,1.535
1997-09-18 12:12,1.530
1997-09-18 12:18,1.525
1997-09-18 12:24,1.519
1997-09-18 12:30,1.514
1997-09-18 12:36,1.509
1997-09-18 12:42,1.504
1997-09-18 12:48,1.498
1997-09-18 12:54,1.493
1997-09-18 13:00,1.488
1997-09-18 13:06,1.482
1997-09-18 13:12,1.477
1997-09-18 13:18,1.472
1997-09-18 13:24,1.467
1997-09-18 13:30,1.462
1997-09-18 13:36,1.457
1997-09-18 13:42,1.452
1997-09-18 13:48,1.447
1997-09-18 13:54,1.443
1997-09-18 14:00,1.438
1997-09-18 14:06,1.434
1997-09-18 14:12,1.429
1997-09-18 14:18,1.425
1997-09-18 14:24,1.421
1997-09-18 14:30,1.418
1997-09-18 14:36,1.414
1997-09-18 14:42,1.410
1997-09-18 14:48,1.407
1997-09-18 14:54,1.404
1997-09-18 15:00,1.401
1997-09-18 15:06,1.399
1997-09-18 15:12,1.396
1997-09-18 15:18,1.394
1997-09-18 15:24,1.392
1997-09-18 15:30,1.391
1997-09-18 15:36,1.389
1997-09-18 15:42,1.388
1997-09-18 15:48,1.387
1997-09-18 15:54,1.387
1997-09-18 16:00,1.386
1997-09-18 16:06,1.386
1997-09-18 16:12,1.387
1997-09-18 16:18,1.387
1997-09-18 16:24,1.388
1997-09-18 16:30,1.389
1997-09-18 16:36,1.391
1997-09-18 16:42,1.392
1997-09-18 16:48,1.394
1997-09-18 16:54,1.397
1997-09-18 17:00,1.399
1997-09-18 17:06,1.402
1997-09-18 17:12,1.405
1997-09-18 17:18,1.409
1997-09-18 17:24,1.412
1997-09-18 17:30,1.416
1997-09-18 17:36,1.420
1997-09-18 17:42,1.425
1997-09-18 17:48,1.429
1997-09-18 17:54,1.434
1997-09-18 18:00,1.439
1997-09-18 18:06,1.445
1997-09-18 18:12,1.450
1997-09-18 18:18,1.456
1997-09-18 18:24,1.462
1997-09-18 18:30,1.468
1997-09-18 18:36,1.474
1997-09-18 18:42,1.480
1997-09-18 18:48,1.487
1997-09-18 18:54,1.494
1997-09-18 19:00,1.500
1997-09-18 19:06,1.507
1997-09-18 19:12,1.514
1997-09-18 19:18,1.521
1997-09-18 19:24,1.528
1997-09-18 19:30,1.535
1997-09-18 19:36,1.542
1997-09-18 19:42,1.549
1997-09-18 19:48,1.556
1997-09-18 19:54,1.563
1997-09-18 20:00,1.570
1997-09-18 20:06,1.577
1997-09-18 20:12,1.584
1997-09-18 20:18,1.591
1997-09-18 20:24,1.598
1997-09-18 20:30,1.604
1997-09-18 20:36,1.610
1997-09-18 20:42,1.617
1997-09-18 20:48,1.623
1997-09-18 20:54,1.628
1997-09-18 21:00,1.634
1997-09-18 21:06,1.639
1997-09-18 21:12,1.645
1997-09-18 21:18,1.649
1997-09-18 21:24,1.654
1997-09-18 21:30,1.659
1997-09-18 21:36,1.663
1997-09-18 21:42,1.666
1997-09-18 21:48,1.670
1997-09-18 21:54,1.673
1997-09-18 22:00,1.676
1997-09-18 22:06,1.679
1997-09-18 22:12,1.681
1997-09-18 22:18,1.683
1997-09-18 22:24,1.685
1997-09-18 22:30,1.686
1997-09-18 22:36,1.688
1997-09-18 22:42,1.688
1997-09-18 22:48,1.689
1997-09-18 22:54,1.689
1997-09-18 23:00,1.689
1997-09-18 23:06,1.689
1997-09-18 23:12,1.688
1997-09-18 23:18,1.688
1997-09-18 23:24,1.686
1997-09-18 23:30,1.685
1997-09-18 23:36,1.684
1997-09-18 23:42,1.682
1997-09-18 23:48,1.680
1997-09-18 23:54,1.678
1997-09-19 00:00,1.675
1997-09-19 00:06,1.673
1997-09-19 00:12,1.670
1997-09-19 00:18,1.667
1997-09-19 00:24,1.664
1997-09-19 00:30,1.661
1997-09-19 00:36,1.657
1997-09-19 00:42,1.654
1997-09-19 00:48,1.650
1997-09-19 00:54,1.646
1997-09-19 01:00,1.643
1997-09-19 01:06,1.639
1997-09-19 01:12,1.635
1997-09-19 01:18,1.631
1997-09-19 01:24,1.627
1997-09-19 01:30,1.623
1997-09-19 01:36,1.619
1997-09-19 01:42,1.614
1997-09-19 01:48,1.610
1997-09-19 01:54,1.606
1997-09-19 02:00,1.602
1997-09-19 02:06,1.598
1997-09-19 02:12,1.594
1997-09-19 02:18,1.590
1997-09-19 02:24,1.586
1997-09-19 02:30,1.582
1997-09-19 02:36,1.578
1997-09-19 02:42,1.574
1997-09-19 02:48,1.570
1997-09-19 02:54,1.566
1997-09-19 03:00,1.562
1997-09-19 03:06,1.559
1997-09-19 03:12,1.555
1997-09-19 03:18,1.552
1997-09-19 03:24,1.548
1997-09-19 03:30,1.545
1997-09-19 03:36,1.542
1997-09-19 03:42,1.539
1997-09-19 03:48,1.536
1997-09-19 03:54,1.533
1997-09-19 04:00,1.530
1997-09-19 04:06,1.527
1997-09-19 04:12,1.525
1997-09-19 04:18,1.523
1997-09-19 04:24,1.520
1997-09-19 04:30,1.518
1997-09-19 04:36,1.516
1997-09-19 04:42,1.515
1997-09-19 04:48,1.513
1997-09-19 04:54,1.512
1997-09-19 05:00,1.511
1997-09-19 05:06,1.509
1997-09-19 05:12,1.509
1997-09-19 05:18,1.508
1997-09-19 05:24,1.508
1997-09-19 05:30,1.507
1997-09-19 05:36,1.507
1997-09-19 05:42,1.507
1997-09-19 05:48,1.508
1997-09-19 05:54,1.508
1997-09-19 06:00,1.509
1997-09-19 06:06,1.510
1997-09-19 06:12,1.511
1997-09-19 06:18,1.512
1997-09-19 06:24,1.514
1997-09-19 06:30,1.515
1997-09-19 06:36,1.517
1997-09-19 06:42,1.519
1997-09-19 06:48,1.521
1997-09-19 06:54,1.524
1997-09-19 07:00,1.526
1997-09-19 07:06,1.529
1997-09-19 07:12,1.532
1997-09-19 07:18,1.535
1997-09-19 07:24,1.537
1997-09-19 07:30,1.541
1997-09-19 07:36,1.544
1997-09-19 07:42,1.547
1997-09-19 07:48,1.550
1997-09-19 07:54,1.553
1997-09-19 08:00,1.556
1997-09-19 08:06,1.560
1997-09-19 08:12,1.563
1997-09-19 08:18,1.566
1997-09-19 08:24,1.569
1997-09-19 08:30,1.572
1997-09-19 08:36,1.575
1997-09-19 08:42,1.578
1997-09-19 08:48,1.581
1997-09-19 08:54,1.583
1997-09-19 09:00,1.586
1997-09-19 09:06,1.588
1997-09-19 09:12,1.590
1997-09-19 09:18,1.592
1997-09-19 09:24,1.594
1997-09-19 09:30,1.595
1997-09-19 09:36,1.597
1997-09-19 09:42,1.598
1997-09-19 09:48,1.599
1997-09-19 09:54,1.599
1997-09-19 10:00,1.600
1997-09-19 10:06,1.600
1997-09-19 10:12,1.600
1997-09-19 10:18,1.600
1997-09-19 10:24,1.599
1997-09-19 10:30,1.598
1997-09-19 10:36,1.597
1997-09-19 10:42,1.596
1997-09-19 10:48,1.594
1997-09-19 10:54,1.592
1997-09-19 11:00,1.590
1997-09-19 11:06,1.588
1997-09-19 11:12,1.585
1997-09-19 11:18,1.582
1997-09-19 11:24,1.579
1997-09-19 11:30,1.575
1997-09-19 11:36,1.572
1997-09-19 11:42,1.568
1997-09-19 11:48,1.564
1997-09-19 11:54,1.559
1997-09-19 12:00,1.555
1997-09-19 12:06,1.550
1997-09-19 12:12,1.545
1997-09-19 12:18,1.540
1997-09-19 12:24,1.534
1997-09-19 12:30,1.529
1997-09-19 12:36,1.523
1997-09-19 12:42,1.517
1997-09-19 12:48,1.512
1997-09-19 12:54,1.506
1997-09-19 13:00,1.500
1997-09-19 13:06,1.493
1997-09-19 13:12,1.487
1997-09-19 13:18,1.481
1997-09-19 13:24,1.475
1997-09-19 13:30,1.469
1997-09-19 13:36,1.462
1997-09-19 13:42,1.456
1997-09-19 13:48,1.450
1997-09-19 13:54,1.444
1997-09-19 14:00,1.438
1997-09-19 14:06,1.432
1997-09-19 14:12,1.426
1997-09-19 14:18,1.420
1997-09-19 14:24,1.415
1997-09-19 14:30,1.409
1997-09-19 14:36,1.404
1997-09-19 14:42,1.399
1997-09-19 14:48,1.394
1997-09-19 14:54,1.389
1997-09-19 15:00,1.384
1997-09-19 15:06,1.380
1997-09-19 15:12,1.376
1997-09-19 15:18,1.372
1997-09-19 15:24,1.368
1997-09-19 15:30,1.364
1997-09-19 15:36,1.361
1997-09-19 15:42,1.357
1997-09-19 15:48,1.354
1997-09-19 15:54,1.352
1997-09-19 16:00,1.349
1997-09-19 16:06,1.347
1997-09-19 16:12,1.345
1997-09-19 16:18,1.343
1997-09-19 16:24,1.341
1997-09-19 16:30,1.340
1997-09-19 16:36,1.339
1997-09-19 16:42,1.338
1997-09-19 16:48,1.338
1997-09-19 16:54,1.337
1997-09-19 17:00,1.337
1997-09-19 17:06,1.338
1997-09-19 17:12,1.338
1997-09-19 17:18,1.339
1997-09-19 17:24,1.341
1997-09-19 17:30,1.342
1997-09-19 17:36,1.344
1997-09-19 17:42,1.346
1997-09-19 17:48,1.349
1997-09-19 17:54,1.351
1997-09-19 18:00,1.355
1997-09-19 18:06,1.358
1997-09-19 18:12,1.362
1997-09-19 18:18,1.366
1997-09-19 18:24,1.370
1997-09-19 18:30,1.375
1997-09-19 18:36,1.380
1997-09-19 18:42,1.385
1997-09-19 18:48,1.391
1997-09-19 18:54,1.397
1997-09-19 19:00,1.403
1997-09-19 19:06,1.409
1997-09-19 19:12,1.416
1997-09-19 19:18,1.422
1997-09-19 19:24,1.429
1997-09-19 19:30,1.437
1997-09-19 19:36,1.444
1997-09-19 19:42,1.451
1997-09-19 19:48,1.459
1997-09-19 19:54,1.466
1997-09-19 20:00,1.474
1997-09-19 20:06,1.482
1997-09-19 20:12,1.490
1997-09-19 20:18,1.498
1997-09-19 20:24,1.506
1997-09-19 20:30,1.514
1997-09-19 20:36,1.521
1997-09-19 20:42,1.529
1997-09-19 20:48,1.537
1997-09-19 20:54,1.545
1997-09-19 21:00,1.552
1997-09-19 21:06,1.560
1997-09-19 21:12,1.567
1997-09-19 21:18,1.574
1997-09-19 21:24,1.581
1997-09-19 21:30,1.588
1997-09-19 21:36,1.595
1997-09-19 21:42,1.602
1997-09-19 21:48,1.608
1997-09-19 21:54,1.614
1997-09-19 22:00,1.620
1997-09-19 22:06,1.626
1997-09-19 22:12,1.632
1997-09-19 22:18,1.637
1997-09-19 22:24,1.642
1997-09-19 22:30,1.647
1997-09-19 22:36,1.652
1997-09-19 22:42,1.657
1997-09-19 22:48,1.661
1997-09-19 22:54,1.665
1997-09-19 23:00,1.669
1997-09-19 23:06,1.672
1997-09-19 23:12,1.676
1997-09-19 23:18,1.679
1997-09-19 23:24,1.681
1997-09-19 23:30,1.684
1997-09-19 23:36,1.686
1997-09-19 23:42,1.688
1997-09-19 23:48,1.690
1997-09-19 23:54,1.691
1997-09-20 00:00,1.692
1997-09-20 00:06,1.693
1997-09-20 00:12,1.694
1997-09-20 00:18,1.694
1997-09-20 00:24,1.694
1997-09-20 00:30,1.694
1997-09-20 00:36,1.694
1997-09-20 00:42,1.693
1997-09-20 00:48,1.693
1997-09-20 00:54,1.692
1997-09-20 01:00,1.691
1997-09-20 01:06,1.689
1997-09-20 01:12,1.688
1997-09-20 01:18,1.686
1997-09-20 01:24,1.684
1997-09-20 01:30,1.682
1997-09-20 01:36,1.680
1997-09-20 01:42,1.678
1997-09-20 01:48,1.676
1997-09-20 01:54,1.673
1997-09-20 02:00,1.671
1997-09-20 02:06,1.668
1997-09-20 02:12,1.666
1997-09-20 02:18,1.663
1997-09-20 02:24,1.661
1997-09-20 02:30,1.658
1997-09-20 02:36,1.655
1997-09-20 02:42,1.653
1997-09-20 02:48,1.650
1997-09-20 02:54,1.647
1997-09-20 03:00,1.644
1997-09-20 03:06,1.642
1997-09-20 03:12,1.639
1997-09-20 03:18,1.636
1997-09-20 03:24,1.634
1997-09-20 03:30,1.631
1997-09-20 03:36,1.628
1997-09-20 03:42,1.625
1997-09-20 03:48,1.623
1997-09-20 03:54,1.620
1997-09-20 04:00,1.617
1997-09-20 04:06,1.615
1997-09-20 04:12,1.612
1997-09-20 04:18,1.609
1997-09-20 04:24,1.607
1997-09-20 04:30,1.604
1997-09-20 04:36,1.601
1997-09-20 04:42,1.599
1997-09-20 04:48,1.596
1997-09-20 04:54,1.594
1997-09-20 05:00,1.591
1997-09-20 05:06,1.589
1997-09-20 05:12,1.586
1997-09-20 05:18,1.584
1997-09-20 05:24,1.582
1997-09-20 05:30,1.580
1997-09-20 05:36,1.578
1997-09-20 05:42,1.576
1997-09-20 05:48,1.574
1997-09-20 05:54,1.573
1997-09-20 06:00,1.571
1997-09-20 06:06,1.570
1997-09-20 06:12,1.569
1997-09-20 06:18,1.568
1997-09-20 06:24,1.567
1997-09-20 06:30,1.567
1997-09-20 06:36,1.566
1997-09-20 06:42,1.566
1997-09-20 06:48,1.566
1997-09-20 06:54,1.566
1997-09-20 07:00,1.567
1997-09-20 07:06,1.567
1997-09-20 07:12,1.568
1997-09-20 07:18,1.569
1997-09-20 07:24,1.570
1997-09-20 07:30,1.571
1997-09-20 07:36,1.572
1997-09-20 07:42,1.574
1997-09-20 07:48,1.575
1997-09-20 07:54,1.577
1997-09-20 08:00,1.578
1997-09-20 08:06,1.580
1997-09-20 08:12,1.582
1997-09-20 08:18,1.584
1997-09-20 08:24,1.586
1997-09-20 08:30,1.587
1997-09-20 08:36,1.589
1997-09-20 08:42,1.591
1997-09-20 08:48,1.593
1997-09-20 08:54,1.594
1997-09-20 09:00,1.596
1997-09-20 09:06,1.597
1997-09-20 09:12,1.599
1997-09-20 09:18,1.600
1997-09-20 09:24,1.602
1997-09-20 09:30,1.603
1997-09-20 09:36,1.604
1997-09-20 09:42,1.605
1997-09-20 09:48,1.605
1997-09-20 09:54,1.606
1997-09-20 10:00,1.607
1997-09-20 10:06,1.607
1997-09-20 10:12,1.607
1997-09-20 10:18,1.607
1997-09-20 10:24,1.607
1997-09-20 10:30,1.607
1997-09-20 10:36,1.606
1997-09-20 10:42,1.606
1997-09-20 10:48,1.605
1997-09-20 10:54,1.604
1997-09-20 11:00,1.603
1997-09-20 11:06,1.601
1997-09-20 11:12,1.599
1997-09-20 11:18,1.598
1997-09-20 11:24,1.596
1997-09-20 11:30,1.593
1997-09-20 11:36,1.591
1997-09-20 11:42,1.588
1997-09-20 11:48,1.585
1997-09-20 11:54,1.582
1997-09-20 12:00,1.578
1997-09-20 12:06,1.575
1997-09-20 12:12,1.571
1997-09-20 12:18,1.566
1997-09-20 12:24,1.562
1997-09-20 12:30,1.557
1997-09-20 12:36,1.552
1997-09-20 12:42,1.547
1997-09-20 12:48,1.542
1997-09-20 12:54,1.536
1997-09-20 13:00,1.531
1997-09-20 13:06,1.525
1997-09-20 13:12,1.519
1997-09-20 13:18,1.513
1997-09-20 13:24,1.506
1997-09-20 13:30,1.500
1997-09-20 13:36,1.493
1997-09-20 13:42,1.487
1997-09-20 13:48,1.480
1997-09-20 13:54,1.473
1997-09-20 14:00,1.466
1997-09-20 14:06,1.460
1997-09-20 14:12,1.453
1997-09-20 14:18,1.446
1997-09-20 14:24,1.439
1997-09-20 14:30,1.433
1997-09-20 14:36,1.426
1997-09-20 14:42,1.420
1997-09-20 14:48,1.414
1997-09-20 14:54,1.407
1997-09-20 15:00,1.401
1997-09-20 15:06,1.395
1997-09-20 15:12,1.389
1997-09-20 15:18,1.384
1997-09-20 15:24,1.378
1997-09-20 15:30,1.373
1997-09-20 15:36,1.368
1997-09-20 15:42,1.363
1997-09-20 15:48,1.358
1997-09-20 15:54,1.353
1997-09-20 16:00,1.348
1997-09-20 16:06,1.344
1997-09-20 16:12,1.340
1997-09-20 16:18,1.336
1997-09-20 16:24,1.332
1997-09-20 16:30,1.329
1997-09-20 16:36,1.325
1997-09-20 16:42,1.322
1997-09-20 16:48,1.319
1997-09-20 16:54,1.316
1997-09-20 17:00,1.314
1997-09-20 17:06,1.312
1997-09-20 17:12,1.309
1997-09-20 17:18,1.308
1997-09-20 17:24,1.306
1997-09-20 17:30,1.305
1997-09-20 17:36,1.304
1997-09-20 17:42,1.303
1997-09-20 17:48,1.303
1997-09-20 17:54,1.303
1997-09-20 18:00,1.303
1997-09-20 18:06,1.304
1997-09-20 18:12,1.304
1997-09-20 18:18,1.306
1997-09-20 18:24,1.307
1997-09-20 18:30,1.309
1997-09-20 18:36,1.312
1997-09-20 18:42,1.314
1997-09-20 18:48,1.318
1997-09-20 18:54,1.321
1997-09-20 19:00,1.325
1997-09-20 19:06,1.329
1997-09-20 19:12,1.333
1997-09-20 19:18,1.338
1997-09-20 19:24,1.343
1997-09-20 19:30,1.349
1997-09-20 19:36,1.354
1997-09-20 19:42,1.360
1997-09-20 19:48,1.367
1997-09-20 19:54,1.373
1997-09-20 20:00,1.380
1997-09-20 20:06,1.387
1997-09-20 20:12,1.394
1997-09-20 20:18,1.401
1997-09-20 20:24,1.408
1997-09-20 20:30,1.416
1997-09-20 20:36,1.424
1997-09-20 20:42,1.431
1997-09-20 20:48,1.439
1997-09-20 20:54,1.447
1997-09-20 21:00,1.455
1997-09-20 21:06,1.463
1997-09-20 21:12,1.470
1997-09-20 21:18,1.478
1997-09-20 21:24,1.486
1997-09-20 21:30,1.494
1997-09-20 21:36,1.502
1997-09-20 21:42,1.510
1997-09-20 21:48,1.517
1997-09-20 21:54,1.525
1997-09-20 22:00,1.532
1997-09-20 22:06,1.540
1997-09-20 22:12,1.547
1997-09-20 22:18,1.554
1997-09-20 22:24,1.562
1997-09-20 22:30,1.569
1997-09-20 22:36,1.576
1997-09-20 22:42,1.582
1997-09-20 22:48,1.589
1997-09-20 22:54,1.596
1997-09-20 23:00,1.602
1997-09-20 23:06,1.608
1997-09-20 23:12,1.615
1997-09-20 23:18,1.621
1997-09-20 23:24,1.626
1997-09-20 23:30,1.632
1997-09-20 23:36,1.637
1997-09-20 23:42,1.643
1997-09-20 23:48,1.648
1997-09-20 23:54,1.652
1997-09-21 00:00,1.657
1997-09-21 00:06,1.661
1997-09-21 00:12,1.666
1997-09-21 00:18,1.669
1997-09-21 00:24,1.673
1997-09-21 00:30,1.676
1997-09-21 00:36,1.680
1997-09-21 00:42,1.682
1997-09-21 00:48,1.685
1997-09-21 00:54,1.687
1997-09-21 01:00,1.689
1997-09-21 01:06,1.691
1997-09-21 01:12,1.693
1997-09-21 01:18,1.694
1997-09-21 01:24,1.695
1997-09-21 01:30,1.696
1997-09-21 01:36,1.697
1997-09-21 01:42,1.698
1997-09-21 01:48,1.698
1997-09-21 01:54,1.698
1997-09-21 02:00,1.698
1997-09-21 02:06,1.698
1997-09-21 02:12,1.698
1997-09-21 02:18,1.698
1997-09-21 02:24,1.697
1997-09-21 02:30,1.697
1997-09-21 02:36,1.696
1997-09-21 02:42,1.695
1997-09-21 02:48,1.694
1997-09-21 02:54,1.694
1997-09-21 03:00,1.693
1997-09-21 03:06,1.692
1997-09-21 03:12,1.691
1997-09-21 03:18,1.690
1997-09-21 03:24,1.688
1997-09-21 03:30,1.687
1997-09-21 03:36,1.686
1997-09-21 03:42,1.685
1997-09-21 03:48,1.683
1997-09-21 03:54,1.682
1997-09-21 04:00,1.681
1997-09-21 04:06,1.679
1997-09-21 04:12,1.677
1997-09-21 04:18,1.676
1997-09-21 04:24,1.674
1997-09-21 04:30,1.672
1997-09-21 04:36,1.670
1997-09-21 04:42,1.668
1997-09-21 04:48,1.666
1997-09-21 04:54,1.664
1997-09-21 05:00,1.662
1997-09-21 05:06,1.660
1997-09-21 05:12,1.658
1997-09-21 05:18,1.655
1997-09-21 05:24,1.653
1997-09-21 05:30,1.651
1997-09-21 05:36,1.648
1997-09-21 05:42,1.646
1997-09-21 05:48,1.644
1997-09-21 05:54,1.641
1997-09-21 06:00,1.639
1997-09-21 06:06,1.637
1997-09-21 06:12,1.634
1997-09-21 06:18,1.632
1997-09-21 06:24,1.630
1997-09-21 06:30,1.628
1997-09-21 06:36,1.626
1997-09-21 06:42,1.625
1997-09-21 06:48,1.623
1997-09-21 06:54,1.621
1997-09-21 07:00,1.620
1997-09-21 07:06,1.619
1997-09-21 07:12,1.618
1997-09-21 07:18,1.617
1997-09-21 07:24,1.616
1997-09-21 07:30,1.616
1997-09-21 07:36,1.615
1997-09-21 07:42,1.615
1997-09-21 07:48,1.614
1997-09-21 07:54,1.614
1997-09-21 08:00,1.614
1997-09-21 08:06,1.614
1997-09-21 08:12,1.615
1997-09-21 08:18,1.615
1997-09-21 08:24,1.615
1997-09-21 08:30,1.616
1997-09-21 08:36,1.616
1997-09-21 08:42,1.617
1997-09-21 08:48,1.617
1997-09-21 08:54,1.617
1997-09-21 09:00,1.618
1997-09-21 09:06,1.618
1997-09-21 09:12,1.619
1997-09-21 09:18,1.619
1997-09-21 09:24,1.620
1997-09-21 09:30,1.620
1997-09-21 09:36,1.620
1997-09-21 09:42,1.620
1997-09-21 09:48,1.620
1997-09-21 09:54,1.620
1997-09-21 10:00,1.620
1997-09-21 10:06,1.620
1997-09-21 10:12,1.620
1997-09-21 10:18,1.620
1997-09-21 10:24,1.620
1997-09-21 10:30,1.619
1997-09-21 10:36,1.619
1997-09-21 10:42,1.618
1997-09-21 10:48,1.618
1997-09-21 10:54,1.617
1997-09-21 11:00,1.616
1997-09-21 11:06,1.615
1997-09-21 11:12,1.614
1997-09-21 11:18,1.613
1997-09-21 11:24,1.612
1997-09-21 11:30,1.610
1997-09-21 11:36,1.609
1997-09-21 11:42,1.607
1997-09-21 11:48,1.605
1997-09-21 11:54,1.603
1997-09-21 12:00,1.601
1997-09-21 12:06,1.599
1997-09-21 12:12,1.596
1997-09-21 12:18,1.593
1997-09-21 12:24,1.590
1997-09-21 12:30,1.587
1997-09-21 12:36,1.583
1997-09-21 12:42,1.580
1997-09-21 12:48,1.576
1997-09-21 12:54,1.572
1997-09-21 13:00,1.567
1997-09-21 13:06,1.563
1997-09-21 13:12,1.558
1997-09-21 13:18,1.553
1997-09-21 13:24,1.548
1997-09-21 13:30,1.542
1997-09-21 13:36,1.537
1997-09-21 13:42,1.531
1997-09-21 13:48,1.525
1997-09-21 13:54,1.519
1997-09-21 14:00,1.512
1997-09-21 14:06,1.506
1997-09-21 14:12,1.500
1997-09-21 14:18,1.493
1997-09-21 14:24,1.486
1997-09-21 14:30,1.480
1997-09-21 14:36,1.473
1997-09-21 14:42,1.466
1997-09-21 14:48,1.459
1997-09-21 14:54,1.453
1997-09-21 15:00,1.446
1997-09-21 15:06,1.439
1997-09-21 15:12,1.433
1997-09-21 15:18,1.426
1997-09-21 15:24,1.420
1997-09-21 15:30,1.413
1997-09-21 15:36,1.407
1997-09-21 15:42,1.401
1997-09-21 15:48,1.395
1997-09-21 15:54,1.389
1997-09-21 16:00,1.383
1997-09-21 16:06,1.377
1997-09-21 16:12,1.371
1997-09-21 16:18,1.366
1997-09-21 16:24,1.360
1997-09-21 16:30,1.355
1997-09-21 16:36,1.350
1997-09-21 16:42,1.345
1997-09-21 16:48,1.340
1997-09-21 16:54,1.335
1997-09-21 17:00,1.331
1997-09-21 17:06,1.326
1997-09-21 17:12,1.322
1997-09-21 17:18,1.318
1997-09-21 17:24,1.314
1997-09-21 17:30,1.310
1997-09-21 17:36,1.307
1997-09-21 17:42,1.304
1997-09-21 17:48,1.301
1997-09-21 17:54,1.298
1997-09-21 18:00,1.295
1997-09-21 18:06,1.293
1997-09-21 18:12,1.291
1997-09-21 18:18,1.289
1997-09-21 18:24,1.288
1997-09-21 18:30,1.287
1997-09-21 18:36,1.286
1997-09-21 18:42,1.286
1997-09-21 18:48,1.286
1997-09-21 18:54,1.286
1997-09-21 19:00,1.287
1997-09-21 19:06,1.288
1997-09-21 19:12,1.289
1997-09-21 19:18,1.291
1997-09-21 19:24,1.293
1997-09-21 19:30,1.296
1997-09-21 19:36,1.298
1997-09-21 19:42,1.302
1997-09-21 19:48,1.305
1997-09-21 19:54,1.309
1997-09-21 20:00,1.313
1997-09-21 20:06,1.318
1997-09-21 20:12,1.322
1997-09-21 20:18,1.327
1997-09-21 20:24,1.333
1997-09-21 20:30,1.338
1997-09-21 20:36,1.344
1997-09-21 20:42,1.350
1997-09-21 20:48,1.356
1997-09-21 20:54,1.362
1997-09-21 21:00,1.369
1997-09-21 21:06,1.376
1997-09-21 21:12,1.382
1997-09-21 21:18,1.389
1997-09-21 21:24,1.396
1997-09-21 21:30,1.403
1997-09-21 21:36,1.410
1997-09-21 21:42,1.417
1997-09-21 21:48,1.425
1997-09-21 21:54,1.432
1997-09-21 22:00,1.439
1997-09-21 22:06,1.447
1997-09-21 22:12,1.454
1997-09-21 22:18,1.461
1997-09-21 22:24,1.469
1997-09-21 22:30,1.476
1997-09-21 22:36,1.484
1997-09-21 22:42,1.491
1997-09-21 22:48,1.499
1997-09-21 22:54,1.506
1997-09-21 23:00,1.513
1997-09-21 23:06,1.521
1997-09-21 23:12,1.528
1997-09-21 23:18,1.535
1997-09-21 23:24,1.542
1997-09-21 23:30,1.550
1997-09-21 23:36,1.557
1997-09-21 23:42,1.564
1997-09-21 23:48,1.571
1997-09-21 23:54,1.578
1997-09-22 00:00,1.584
1997-09-22 00:06,1.591
1997-09-22 00:12,1.597
1997-09-22 00:18,1.604
1997-09-22 00:24,1.610
1997-09-22 00:30,1.616
1997-09-22 00:36,1.622
1997-09-22 00:42,1.627
1997-09-22 00:48,1.633
1997-09-22 00:54,1.638
1997-09-22 01:00,1.643
1997-09-22 01:06,1.648
1997-09-22 01:12,1.652
1997-09-22 01:18,1.657
1997-09-22 01:24,1.661
1997-09-22 01:30,1.665
1997-09-22 01:36,1.669
1997-09-22 01:42,1.672
1997-09-22 01:48,1.675
1997-09-22 01:54,1.679
1997-09-22 02:00,1.681
1997-09-22 02:06,1.684
1997-09-22 02:12,1.687
1997-09-22 02:18,1.689
1997-09-22 02:24,1.691
1997-09-22 02:30,1.693
1997-09-22 02:36,1.695
1997-09-22 02:42,1.696
1997-09-22 02:48,1.698
1997-09-22 02:54,1.699
1997-09-22 03:00,1.701
1997-09-22 03:06,1.702
1997-09-22 03:12,1.703
1997-09-22 03:18,1.704
1997-09-22 03:24,1.705
1997-09-22 03:30,1.706
1997-09-22 03:36,1.706
1997-09-22 03:42,1.707
1997-09-22 03:48,1.708
1997-09-22 03:54,1.708
1997-09-22 04:00,1.708
1997-09-22 04:06,1.709
1997-09-22 04:12,1.709
1997-09-22 04:18,1.709
1997-09-22 04:24,1.709
1997-09-22 04:30,1.708
1997-09-22 04:36,1.708
1997-09-22 04:42,1.708
1997-09-22 04:48,1.707
1997-09-22 04:54,1.707
1997-09-22 05:00,1.706
1997-09-22 05:06,1.705
1997-09-22 05:12,1.704
1997-09-22 05:18,1.703
1997-09-22 05:24,1.701
1997-09-22 05:30,1.700
1997-09-22 05:36,1.698
1997-09-22 05:42,1.697
1997-09-22 05:48,1.695
1997-09-22 05:54,1.693
1997-09-22 06:00,1.692
1997-09-22 06:06,1.690
1997-09-22 06:12,1.688
1997-09-22 06:18,1.686
1997-09-22 06:24,1.684
1997-09-22 06:30,1.682
1997-09-22 06:36,1.679
1997-09-22 06:42,1.677
1997-09-22 06:48,1.675
1997-09-22 06:54,1.673
1997-09-22 07:00,1.671
1997-09-22 07:06,1.669
1997-09-22 07:12,1.668
1997-09-22 07:18,1.666
1997-09-22 07:24,1.664
1997-09-22 07:30,1.662
1997-09-22 07:36,1.661
1997-09-22 07:42,1.659
1997-09-22 07:48,1.658
1997-09-22 07:54,1.656
1997-09-22 08:00,1.655
1997-09-22 08:06,1.654
1997-09-22 08:12,1.653
1997-09-22 08:18,1.652
1997-09-22 08:24,1.651
1997-09-22 08:30,1.650
1997-09-22 08:36,1.649
1997-09-22 08:42,1.648
1997-09-22 08:48,1.647
1997-09-22 08:54,1.647
1997-09-22 09:00,1.646
1997-09-22 09:06,1.645
1997-09-22 09:12,1.645
1997-09-22 09:18,1.644
1997-09-22 09:24,1.643
1997-09-22 09:30,1.643
1997-09-22 09:36,1.642
1997-09-22 09:42,1.641
1997-09-22 09:48,1.640
1997-09-22 09:54,1.640
1997-09-22 10:00,1.639
1997-09-22 10:06,1.638
1997-09-22 10:12,1.637
1997-09-22 10:18,1.637
1997-09-22 10:24,1.636
1997-09-22 10:30,1.635
1997-09-22 10:36,1.634
1997-09-22 10:42,1.633
1997-09-22 10:48,1.632
1997-09-22 10:54,1.631
1997-09-22 11:00,1.630
1997-09-22 11:06,1.629
1997-09-22 11:12,1.628
1997-09-22 11:18,1.627
1997-09-22 11:24,1.626
1997-09-22 11:30,1.625
1997-09-22 11:36,1.624
1997-09-22 11:42,1.622
1997-09-22 11:48,1.621
1997-09-22 11:54,1.620
1997-09-22 12:00,1.618
1997-09-22 12:06,1.617
1997-09-22 12:12,1.615
1997-09-22 12:18,1.613
1997-09-22 12:24,1.611
1997-09-22 12:30,1.609
1997-09-22 12:36,1.607
1997-09-22 12:42,1.605
1997-09-22 12:48,1.602
1997-09-22 12:54,1.600
1997-09-22 13:00,1.597
1997-09-22 13:06,1.594
1997-09-22 13:12,1.591
1997-09-22 13:18,1.587
1997-09-22 13:24,1.584
1997-09-22 13:30,1.580
1997-09-22 13:36,1.576
1997-09-22 13:42,1.572
1997-09-22 13:48,1.568
1997-09-22 13:54,1.563
1997-09-22 14:00,1.559
1997-09-22 14:06,1.554
1997-09-22 14:12,1.549
1997-09-22 14:18,1.544
1997-09-22 14:24,1.538
1997-09-22 14:30,1.533
1997-09-22 14:36,1.527
1997-09-22 14:42,1.521
1997-09-22 14:48,1.516
1997-09-22 14:54,1.510
1997-09-22 15:00,1.504
1997-09-22 15:06,1.497
1997-09-22 15:12,1.491
1997-09-22 15:18,1.485
1997-09-22 15:24,1.479
1997-09-22 15:30,1.472
1997-09-22 15:36,1.466
1997-09-22 15:42,1.460
1997-09-22 15:48,1.454
1997-09-22 15:54,1.447
1997-09-22 16:00,1.441
1997-09-22 16:06,1.435
1997-09-22 16:12,1.428
1997-09-22 16:18,1.422
1997-09-22 16:24,1.416
1997-09-22 16:30,1.410
1997-09-22 16:36,1.404
1997-09-22 16:42,1.398
1997-09-22 16:48,1.392
1997-09-22 16:54,1.386
1997-09-22 17:00,1.380
1997-09-22 17:06,1.374
1997-09-22 17:12,1.369
1997-09-22 17:18,1.363
1997-09-22 17:24,1.358
1997-09-22 17:30,1.353
1997-09-22 17:36,1.347
1997-09-22 17:42,1.342
1997-09-22 17:48,1.338
1997-09-22 17:54,1.333
1997-09-22 18:00,1.328
1997-09-22 18:06,1.324
1997-09-22 18:12,1.320
1997-09-22 18:18,1.316
1997-09-22 18:24,1.312
1997-09-22 18:30,1.308
1997-09-22 18:36,1.305
1997-09-22 18:42,1.302
1997-09-22 18:48,1.299
1997-09-22 18:54,1.297
1997-09-22 19:00,1.295
1997-09-22 19:06,1.293
1997-09-22 19:12,1.291
1997-09-22 19:18,1.290
1997-09-22 19:24,1.289
1997-09-22 19:30,1.288
1997-09-22 19:36,1.288
1997-09-22 19:42,1.288
1997-09-22 19:48,1.288
1997-09-22 19:54,1.289
1997-09-22 20:00,1.290
1997-09-22 20:06,1.291
1997-09-22 20:12,1.293
1997-09-22 20:18,1.295
1997-09-22 20:24,1.297
1997-09-22 20:30,1.299
1997-09-22 20:36,1.302
1997-09-22 20:42,1.305
1997-09-22 20:48,1.309
1997-09-22 20:54,1.312
1997-09-22 21:00,1.316
1997-09-22 21:06,1.320
1997-09-22 21:12,1.324
1997-09-22 21:18,1.329
1997-09-22 21:24,1.334
1997-09-22 21:30,1.339
1997-09-22 21:36,1.344
1997-09-22 21:42,1.349
1997-09-22 21:48,1.354
1997-09-22 21:54,1.360
1997-09-22 22:00,1.366
1997-09-22 22:06,1.371
1997-09-22 22:12,1.377
1997-09-22 22:18,1.383
1997-09-22 22:24,1.390
1997-09-22 22:30,1.396
1997-09-22 22:36,1.402
1997-09-22 22:42,1.409
1997-09-22 22:48,1.415
1997-09-22 22:54,1.422
1997-09-22 23:00,1.429
1997-09-22 23:06,1.436
1997-09-22 23:12,1.443
1997-09-22 23:18,1.450
1997-09-22 23:24,1.457
1997-09-22 23:30,1.464
1997-09-22 23:36,1.471
1997-09-22 23:42,1.478
1997-09-22 23:48,1.485
1997-09-22 23:54,1.492
1997-09-23 00:00,1.499
1997-09-23 00:06,1.506
1997-09-23 00:12,1.514
1997-09-23 00:18,1.521
1997-09-23 00:24,1.528
1997-09-23 00:30,1.535
1997-09-23 00:36,1.542
1997-09-23 00:42,1.549
1997-09-23 00:48,1.556
1997-09-23 00:54,1.562
1997-09-23 01:00,1.569
1997-09-23 01:06,1.576
1997-09-23 01:12,1.582
1997-09-23 01:18,1.588
1997-09-23 01:24,1.595
1997-09-23 01:30,1.601
1997-09-23 01:36,1.607
1997-09-23 01:42,1.612
1997-09-23 01:48,1.618
1997-09-23 01:54,1.623
1997-09-23 02:00,1.629
1997-09-23 02:06,1.634
1997-09-23 02:12,1.639
1997-09-23 02:18,1.643
1997-09-23 02:24,1.648
1997-09-23 02:30,1.653
1997-09-23 02:36,1.657
1997-09-23 02:42,1.661
1997-09-23 02:48,1.665
1997-09-23 02:54,1.669
1997-09-23 03:00,1.672
1997-09-23 03:06,1.676
1997-09-23 03:12,1.679
1997-09-23 03:18,1.682
1997-09-23 03:24,1.685
1997-09-23 03:30,1.688
1997-09-23 03:36,1.691
1997-09-23 03:42,1.694
1997-09-23 03:48,1.696
1997-09-23 03:54,1.699
1997-09-23 04:00,1.701
1997-09-23 04:06,1.703
1997-09-23 04:12,1.705
1997-09-23 04:18,1.707
1997-09-23 04:24,1.708
1997-09-23 04:30,1.710
1997-09-23 04:36,1.711
1997-09-23 04:42,1.713
1997-09-23 04:48,1.714
1997-09-23 04:54,1.715
1997-09-23 05:00,1.716
1997-09-23 05:06,1.717
1997-09-23 05:12,1.717
1997-09-23 05:18,1.718
1997-09-23 05:24,1.718
1997-09-23 05:30,1.718
1997-09-23 05:36,1.718
1997-09-23 05:42,1.718
1997-09-23 05:48,1.718
1997-09-23 05:54,1.717
1997-09-23 06:00,1.717
1997-09-23 06:06,1.716
1997-09-23 06:12,1.715
1997-09-23 06:18,1.715
1997-09-23 06:24,1.714
1997-09-23 06:30,1.713
1997-09-23 06:36,1.711
1997-09-23 06:42,1.710
1997-09-23 06:48,1.709
1997-09-23 06:54,1.708
1997-09-23 07:00,1.706
1997-09-23 07:06,1.705
1997-09-23 07:12,1.703
1997-09-23 07:18,1.702
1997-09-23 07:24,1.700
1997-09-23 07:30,1.698
1997-09-23 07:36,1.697
1997-09-23 07:42,1.695
1997-09-23 07:48,1.693
1997-09-23 07:54,1.692
1997-09-23 08:00,1.690
1997-09-23 08:06,1.688
1997-09-23 08:12,1.687
1997-09-23 08:18,1.685
1997-09-23 08:24,1.683
1997-09-23 08:30,1.682
1997-09-23 08:36,1.680
1997-09-23 08:42,1.678
1997-09-23 08:48,1.677
1997-09-23 08:54,1.675
1997-09-23 09:00,1.673
1997-09-23 09:06,1.672
1997-09-23 09:12,1.670
1997-09-23 09:18,1.669
1997-09-23 09:24,1.667
1997-09-23 09:30,1.665
1997-09-23 09:36,1.664
1997-09-23 09:42,1.662
1997-09-23 09:48,1.661
1997-09-23 09:54,1.659
1997-09-23 10:00,1.658
1997-09-23 10:06,1.656
1997-09-23 10:12,1.655
1997-09-23 10:18,1.653
1997-09-23 10:24,1.652
1997-09-23 10:30,1.650
1997-09-23 10:36,1.649
1997-09-23 10:42,1.647
1997-09-23 10:48,1.646
1997-09-23 10:54,1.644
1997-09-23 11:00,1.643
1997-09-23 11:06,1.642
1997-09-23 11:12,1.640
1997-09-23 11:18,1.639
1997-09-23 11:24,1.638
1997-09-23 11:30,1.636
1997-09-23 11:36,1.635
1997-09-23 11:42,1.634
1997-09-23 11:48,1.632
1997-09-23 11:54,1.631
1997-09-23 12:00,1.630
1997-09-23 12:06,1.628
1997-09-23 12:12,1.627
1997-09-23 12:18,1.625
1997-09-23 12:24,1.624
1997-09-23 12:30,1.623
1997-09-23 12:36,1.621
1997-09-23 12:42,1.620
1997-09-23 12:48,1.618
1997-09-23 12:54,1.616
1997-09-23 13:00,1.615
1997-09-23 13:06,1.613
1997-09-23 13:12,1.611
1997-09-23 13:18,1.609
1997-09-23 13:24,1.607
1997-09-23 13:30,1.605
1997-09-23 13:36,1.602
1997-09-23 13:42,1.600
1997-09-23 13:48,1.597
1997-09-23 13:54,1.595
1997-09-23 14:00,1.592
1997-09-23 14:06,1.589
1997-09-23 14:12,1.586
1997-09-23 14:18,1.583
1997-09-23 14:24,1.579
1997-09-23 14:30,1.576
1997-09-23 14:36,1.572
1997-09-23 14:42,1.568
1997-09-23 14:48,1.564
1997-09-23 14:54,1.560
1997-09-23 15:00,1.556
1997-09-23 15:06,1.551
1997-09-23 15:12,1.547
1997-09-23 15:18,1.542
1997-09-23 15:24,1.537
1997-09-23 15:30,1.532
1997-09-23 15:36,1.527
1997-09-23 15:42,1.522
1997-09-23 15:48,1.517
1997-09-23 15:54,1.511
1997-09-23 16:00,1.506
1997-09-23 16:06,1.500
1997-09-23 16:12,1.495
1997-09-23 16:18,1.489
1997-09-23 16:24,1.483
1997-09-23 16:30,1.477
1997-09-23 16:36,1.471
1997-09-23 16:42,1.465
1997-09-23 16:48,1.459
1997-09-23 16:54,1.453
1997-09-23 17:00,1.447
1997-09-23 17:06,1.441
1997-09-23 17:12,1.435
1997-09-23 17:18,1.429
1997-09-23 17:24,1.423
1997-09-23 17:30,1.417
1997-09-23 17:36,1.411
1997-09-23 17:42,1.405
1997-09-23 17:48,1.400
1997-09-23 17:54,1.394
1997-09-23 18:00,1.388
1997-09-23 18:06,1.383
1997-09-23 18:12,1.377
1997-09-23 18:18,1.372
1997-09-23 18:24,1.367
1997-09-23 18:30,1.362
1997-09-23 18:36,1.357
1997-09-23 18:42,1.352
1997-09-23 18:48,1.348
1997-09-23 18:54,1.343
1997-09-23 19:00,1.339
1997-09-23 19:06,1.335
1997-09-23 19:12,1.331
1997-09-23 19:18,1.328
1997-09-23 19:24,1.325
1997-09-23 19:30,1.321
1997-09-23 19:36,1.319
1997-09-23 19:42,1.316
1997-09-23 19:48,1.314
1997-09-23 19:54,1.312
1997-09-23 20:00,1.310
1997-09-23 20:06,1.308
1997-09-23 20:12,1.307
1997-09-23 20:18,1.306
1997-09-23 20:24,1.305
1997-09-23 20:30,1.304
1997-09-23 20:36,1.304
1997-09-23 20:42,1.304
1997-09-23 20:48,1.304
1997-09-23 20:54,1.305
1997-09-23 21:00,1.305
1997-09-23 21:06,1.306
1997-09-23 21:12,1.308
1997-09-23 21:18,1.309
1997-09-23 21:24,1.311
1997-09-23 21:30,1.313
1997-09-23 21:36,1.315
1997-09-23 21:42,1.318
1997-09-23 21:48,1.320
1997-09-23 21:54,1.323
1997-09-23 22:00,1.326
1997-09-23 22:06,1.330
1997-09-23 22:12,1.333
1997-09-23 22:18,1.337
1997-09-23 22:24,1.341
1997-09-23 22:30,1.345
1997-09-23 22:36,1.349
1997-09-23 22:42,1.354
1997-09-23 22:48,1.359
1997-09-23 22:54,1.364
1997-09-23 23:00,1.369
1997-09-23 23:06,1.374
1997-09-23 23:12,1.379
1997-09-23 23:18,1.384
1997-09-23 23:24,1.390
1997-09-23 23:30,1.396
1997-09-23 23:36,1.402
1997-09-23 23:42,1.408
1997-09-23 23:48,1.414
1997-09-23 23:54,1.420
1997-09-24 00:00,1.426
1997-09-24 00:06,1.432
1997-09-24 00:12,1.439
1997-09-24 00:18,1.445
1997-09-24 00:24,1.452
1997-09-24 00:30,1.458
1997-09-24 00:36,1.465
1997-09-24 00:42,1.472
1997-09-24 00:48,1.478
1997-09-24 00:54,1.485
1997-09-24 01:00,1.492
1997-09-24 01:06,1.498
1997-09-24 01:12,1.505
1997-09-24 01:18,1.512
1997-09-24 01:24,1.518
1997-09-24 01:30,1.525
1997-09-24 01:36,1.532
1997-09-24 01:42,1.538
1997-09-24 01:48,1.545
1997-09-24 01:54,1.552
1997-09-24 02:00,1.558
1997-09-24 02:06,1.564
1997-09-24 02:12,1.571
1997-09-24 02:18,1.577
1997-09-24 02:24,1.583
1997-09-24 02:30,1.589
1997-09-24 02:36,1.595
1997-09-24 02:42,1.601
1997-09-24 02:48,1.607
1997-09-24 02:54,1.613
1997-09-24 03:00,1.618
1997-09-24 03:06,1.624
1997-09-24 03:12,1.629
1997-09-24 03:18,1.634
1997-09-24 03:24,1.639
1997-09-24 03:30,1.644
1997-09-24 03:36,1.649
1997-09-24 03:42,1.653
1997-09-24 03:48,1.658
1997-09-24 03:54,1.662
1997-09-24 04:00,1.666
1997-09-24 04:06,1.670
1997-09-24 04:12,1.674
1997-09-24 04:18,1.677
1997-09-24 04:24,1.681
1997-09-24 04:30,1.684
1997-09-24 04:36,1.687
1997-09-24 04:42,1.690
1997-09-24 04:48,1.693
1997-09-24 04:54,1.695
1997-09-24 05:00,1.698
1997-09-24 05:06,1.700
1997-09-24 05:12,1.702
1997-09-24 05:18,1.704
1997-09-24 05:24,1.706
1997-09-24 05:30,1.707
1997-09-24 05:36,1.709
1997-09-24 05:42,1.710
1997-09-24 05:48,1.711
1997-09-24 05:54,1.713
1997-09-24 06:00,1.713
1997-09-24 06:06,1.714
1997-09-24 06:12,1.715
1997-09-24 06:18,1.716
1997-09-24 06:24,1.716
1997-09-24 06:30,1.716
1997-09-24 06:36,1.717
1997-09-24 06:42,1.717
1997-09-24 06:48,1.717
1997-09-24 06:54,1.717
1997-09-24 07:00,1.717
1997-09-24 07:06,1.716
1997-09-24 07:12,1.716
1997-09-24 07:18,1.715
1997-09-24 07:24,1.715
1997-09-24 07:30,1.714
1997-09-24 07:36,1.713
1997-09-24 07:42,1.712
1997-09-24 07:48,1.711
1997-09-24 07:54,1.710
1997-09-24 08:00,1.709
1997-09-24 08:06,1.708
1997-09-24 08:12,1.707
1997-09-24 08:18,1.705
1997-09-24 08:24,1.704
1997-09-24 08:30,1.702
1997-09-24 08:36,1.700
1997-09-24 08:42,1.699
1997-09-24 08:48,1.697
1997-09-24 08:54,1.695
1997-09-24 09:00,1.693
1997-09-24 09:06,1.691
1997-09-24 09:12,1.689
1997-09-24 09:18,1.687
1997-09-24 09:24,1.685
1997-09-24 09:30,1.683
1997-09-24 09:36,1.681
1997-09-24 09:42,1.679
1997-09-24 09:48,1.677
1997-09-24 09:54,1.675
1997-09-24 10:00,1.673
1997-09-24 10:06,1.670
1997-09-24 10:12,1.668
1997-09-24 10:18,1.666
1997-09-24 10:24,1.664
1997-09-24 10:30,1.662
1997-09-24 10:36,1.660
1997-09-24 10:42,1.658
1997-09-24 10:48,1.656
1997-09-24 10:54,1.654
1997-09-24 11:00,1.653
1997-09-24 11:06,1.651
1997-09-24 11:12,1.649
1997-09-24 11:18,1.647
1997-09-24 11:24,1.646
1997-09-24 11:30,1.644
1997-09-24 11:36,1.642
1997-09-24 11:42,1.641
1997-09-24 11:48,1.639
1997-09-24 11:54,1.638
1997-09-24 12:00,1.636
1997-09-24 12:06,1.635
1997-09-24 12:12,1.633
1997-09-24 12:18,1.632
1997-09-24 12:24,1.630
1997-09-24 12:30,1.629
1997-09-24 12:36,1.627
1997-09-24 12:42,1.626
1997-09-24 12:48,1.625
1997-09-24 12:54,1.623
1997-09-24 13:00,1.622
1997-09-24 13:06,1.621
1997-09-24 13:12,1.619
1997-09-24 13:18,1.618
1997-09-24 13:24,1.617
1997-09-24 13:30,1.615
1997-09-24 13:36,1.614
1997-09-24 13:42,1.612
1997-09-24 13:48,1.611
1997-09-24 13:54,1.609
1997-09-24 14:00,1.608
1997-09-24 14:06,1.606
1997-09-24 14:12,1.605
1997-09-24 14:18,1.603
1997-09-24 14:24,1.601
1997-09-24 14:30,1.600
1997-09-24 14:36,1.598
1997-09-24 14:42,1.596
1997-09-24 14:48,1.594
1997-09-24 14:54,1.592
1997-09-24 15:00,1.590
1997-09-24 15:06,1.587
1997-09-24 15:12,1.585
1997-09-24 15:18,1.582
1997-09-24 15:24,1.580
1997-09-24 15:30,1.577
1997-09-24 15:36,1.574
1997-09-24 15:42,1.571
1997-09-24 15:48,1.567
1997-09-24 15:54,1.564
1997-09-24 16:00,1.560
1997-09-24 16:06,1.557
1997-09-24 16:12,1.553
1997-09-24 16:18,1.548
1997-09-24 16:24,1.544
1997-09-24 16:30,1.540
1997-09-24 16:36,1.535
1997-09-24 16:42,1.530
1997-09-24 16:48,1.526
1997-09-24 16:54,1.521
1997-09-24 17:00,1.515
1997-09-24 17:06,1.510
1997-09-24 17:12,1.505
1997-09-24 17:18,1.499
1997-09-24 17:24,1.494
1997-09-24 17:30,1.488
1997-09-24 17:36,1.483
1997-09-24 17:42,1.477
1997-09-24 17:48,1.471
1997-09-24 17:54,1.465
1997-09-24 18:00,1.460
1997-09-24 18:06,1.454
1997-09-24 18:12,1.448
1997-09-24 18:18,1.443
1997-09-24 18:24,1.437
1997-09-24 18:30,1.431
1997-09-24 18:36,1.426
1997-09-24 18:42,1.420
1997-09-24 18:48,1.415
1997-09-24 18:54,1.410
1997-09-24 19:00,1.405
1997-09-24 19:06,1.400
1997-09-24 19:12,1.395
1997-09-24 19:18,1.390
1997-09-24 19:24,1.386
1997-09-24 19:30,1.381
1997-09-24 19:36,1.377
1997-09-24 19:42,1.373
1997-09-24 19:48,1.369
1997-09-24 19:54,1.365
1997-09-24 20:00,1.361
1997-09-24 20:06,1.358
1997-09-24 20:12,1.354
1997-09-24 20:18,1.351
1997-09-24 20:24,1.348
1997-09-24 20:30,1.345
1997-09-24 20:36,1.342
1997-09-24 20:42,1.340
1997-09-24 20:48,1.338
1997-09-24 20:54,1.336
1997-09-24 21:00,1.334
1997-09-24 21:06,1.332
1997-09-24 21:12,1.330
1997-09-24 21:18,1.329
1997-09-24 21:24,1.328
1997-09-24 21:30,1.327
1997-09-24 21:36,1.326
1997-09-24 21:42,1.326
1997-09-24 21:48,1.326
1997-09-24 21:54,1.326
1997-09-24 22:00,1.326
1997-09-24 22:06,1.326
1997-09-24 22:12,1.327
1997-09-24 22:18,1.328
1997-09-24 22:24,1.329
1997-09-24 22:30,1.331
1997-09-24 22:36,1.332
1997-09-24 22:42,1.334
1997-09-24 22:48,1.337
1997-09-24 22:54,1.339
1997-09-24 23:00,1.342
1997-09-24 23:06,1.344
1997-09-24 23:12,1.347
1997-09-24 23:18,1.351
1997-09-24 23:24,1.354
1997-09-24 23:30,1.358
1997-09-24 23:36,1.362
1997-09-24 23:42,1.366
1997-09-24 23:48,1.370
1997-09-24 23:54,1.374
1997-09-25 00:00,1.379
1997-09-25 00:06,1.383
1997-09-25 00:12,1.388
1997-09-25 00:18,1.393
1997-09-25 00:24,1.398
1997-09-25 00:30,1.403
1997-09-25 00:36,1.408
1997-09-25 00:42,1.414
1997-09-25 00:48,1.419
1997-09-25 00:54,1.425
1997-09-25 01:00,1.430
1997-09-25 01:06,1.436
1997-09-25 01:12,1.442
1997-09-25 01:18,1.448
1997-09-25 01:24,1.454
1997-09-25 01:30,1.460
1997-09-25 01:36,1.466
1997-09-25 01:42,1.472
1997-09-25 01:48,1.478
1997-09-25 01:54,1.484
1997-09-25 02:00,1.490
1997-09-25 02:06,1.497
1997-09-25 02:12,1.503
1997-09-25 02:18,1.509
1997-09-25 02:24,1.516
1997-09-25 02:30,1.522
1997-09-25 02:36,1.529
1997-09-25 02:42,1.535
1997-09-25 02:48,1.542
1997-09-25 02:54,1.548
1997-09-25 03:00,1.555
1997-09-25 03:06,1.561
1997-09-25 03:12,1.567
1997-09-25 03:18,1.574
1997-09-25 03:24,1.580
1997-09-25 03:30,1.586
1997-09-25 03:36,1.592
1997-09-25 03:42,1.598
1997-09-25 03:48,1.604
1997-09-25 03:54,1.610
1997-09-25 04:00,1.615
1997-09-25 04:06,1.620
1997-09-25 04:12,1.626
1997-09-25 04:18,1.631
1997-09-25 04:24,1.636
1997-09-25 04:30,1.640
1997-09-25 04:36,1.645
1997-09-25 04:42,1.649
1997-09-25 04:48,1.654
1997-09-25 04:54,1.658
1997-09-25 05:00,1.661
1997-09-25 05:06,1.665
1997-09-25 05:12,1.668
1997-09-25 05:18,1.672
1997-09-25 05:24,1.675
1997-09-25 05:30,1.678
1997-09-25 05:36,1.680
1997-09-25 05:42,1.683
1997-09-25 05:48,1.685
1997-09-25 05:54,1.687
1997-09-25 06:00,1.690
1997-09-25 06:06,1.692
1997-09-25 06:12,1.693
1997-09-25 06:18,1.695
1997-09-25 06:24,1.697
1997-09-25 06:30,1.698
1997-09-25 06:36,1.700
1997-09-25 06:42,1.701
1997-09-25 06:48,1.702
1997-09-25 06:54,1.703
1997-09-25 07:00,1.704
1997-09-25 07:06,1.705
1997-09-25 07:12,1.706
1997-09-25 07:18,1.707
1997-09-25 07:24,1.707
1997-09-25 07:30,1.708
1997-09-25 07:36,1.708
1997-09-25 07:42,1.708
1997-09-25 07:48,1.709
1997-09-25 07:54,1.709
1997-09-25 08:00,1.708
1997-09-25 08:06,1.708
1997-09-25 08:12,1.708
1997-09-25 08:18,1.707
1997-09-25 08:24,1.707
1997-09-25 08:30,1.706
1997-09-25 08:36,1.705
1997-09-25 08:42,1.704
1997-09-25 08:48,1.703
1997-09-25 08:54,1.701
1997-09-25 09:00,1.700
1997-09-25 09:06,1.698
1997-09-25 09:12,1.697
1997-09-25 09:18,1.695
1997-09-25 09:24,1.693
1997-09-25 09:30,1.691
1997-09-25 09:36,1.689
1997-09-25 09:42,1.687
1997-09-25 09:48,1.684
1997-09-25 09:54,1.682
1997-09-25 10:00,1.680
1997-09-25 10:06,1.678
1997-09-25 10:12,1.675
1997-09-25 10:18,1.673
1997-09-25 10:24,1.670
1997-09-25 10:30,1.668
1997-09-25 10:36,1.666
1997-09-25 10:42,1.663
1997-09-25 10:48,1.661
1997-09-25 10:54,1.659
1997-09-25 11:00,1.657
1997-09-25 11:06,1.654
1997-09-25 11:12,1.652
1997-09-25 11:18,1.650
1997-09-25 11:24,1.648
1997-09-25 11:30,1.646
1997-09-25 11:36,1.644
1997-09-25 11:42,1.643
1997-09-25 11:48,1.641
1997-09-25 11:54,1.639
1997-09-25 12:00,1.637
1997-09-25 12:06,1.636
1997-09-25 12:12,1.634
1997-09-25 12:18,1.632
1997-09-25 12:24,1.631
1997-09-25 12:30,1.629
1997-09-25 12:36,1.628
1997-09-25 12:42,1.626
1997-09-25 12:48,1.625
1997-09-25 12:54,1.623
1997-09-25 13:00,1.622
1997-09-25 13:06,1.621
1997-09-25 13:12,1.619
1997-09-25 13:18,1.618
1997-09-25 13:24,1.617
1997-09-25 13:30,1.616
1997-09-25 13:36,1.615
1997-09-25 13:42,1.614
1997-09-25 13:48,1.613
1997-09-25 13:54,1.612
1997-09-25 14:00,1.611
1997-09-25 14:06,1.610
1997-09-25 14:12,1.609
1997-09-25 14:18,1.608
1997-09-25 14:24,1.607
1997-09-25 14:30,1.606
1997-09-25 14:36,1.606
1997-09-25 14:42,1.605
1997-09-25 14:48,1.604
1997-09-25 14:54,1.603
1997-09-25 15:00,1.603
1997-09-25 15:06,1.602
1997-09-25 15:12,1.601
1997-09-25 15:18,1.601
1997-09-25 15:24,1.600
1997-09-25 15:30,1.599
1997-09-25 15:36,1.598
1997-09-25 15:42,1.597
1997-09-25 15:48,1.596
1997-09-25 15:54,1.594
1997-09-25 16:00,1.593
1997-09-25 16:06,1.591
1997-09-25 16:12,1.590
1997-09-25 16:18,1.588
1997-09-25 16:24,1.586
1997-09-25 16:30,1.583
1997-09-25 16:36,1.581
1997-09-25 16:42,1.578
1997-09-25 16:48,1.575
1997-09-25 16:54,1.572
1997-09-25 17:00,1.569
1997-09-25 17:06,1.566
1997-09-25 17:12,1.562
1997-09-25 17:18,1.558
1997-09-25 17:24,1.554
1997-09-25 17:30,1.550
1997-09-25 17:36,1.546
1997-09-25 17:42,1.541
1997-09-25 17:48,1.537
1997-09-25 17:54,1.532
1997-09-25 18:00,1.527
1997-09-25 18:06,1.522
1997-09-25 18:12,1.517
1997-09-25 18:18,1.512
1997-09-25 18:24,1.507
1997-09-25 18:30,1.502
1997-09-25 18:36,1.497
1997-09-25 18:42,1.492
1997-09-25 18:48,1.486
1997-09-25 18:54,1.481
1997-09-25 19:00,1.476
1997-09-25 19:06,1.471
1997-09-25 19:12,1.466
1997-09-25 19:18,1.461
1997-09-25 19:24,1.456
1997-09-25 19:30,1.451
1997-09-25 19:36,1.446
1997-09-25 19:42,1.442
1997-09-25 19:48,1.437
1997-09-25 19:54,1.432
1997-09-25 20:00,1.428
1997-09-25 20:06,1.423
1997-09-25 20:12,1.419
1997-09-25 20:18,1.415
1997-09-25 20:24,1.411
1997-09-25 20:30,1.406
1997-09-25 20:36,1.402
1997-09-25 20:42,1.399
1997-09-25 20:48,1.395
1997-09-25 20:54,1.391
1997-09-25 21:00,1.387
1997-09-25 21:06,1.384
1997-09-25 21:12,1.380
1997-09-25 21:18,1.377
1997-09-25 21:24,1.374
1997-09-25 21:30,1.371
1997-09-25 21:36,1.368
1997-09-25 21:42,1.365
1997-09-25 21:48,1.363
1997-09-25 21:54,1.360
1997-09-25 22:00,1.358
1997-09-25 22:06,1.356
1997-09-25 22:12,1.354
1997-09-25 22:18,1.353
1997-09-25 22:24,1.351
1997-09-25 22:30,1.350
1997-09-25 22:36,1.349
1997-09-25 22:42,1.349
1997-09-25 22:48,1.348
1997-09-25 22:54,1.348
1997-09-25 23:00,1.348
1997-09-25 23:06,1.348
1997-09-25 23:12,1.349
1997-09-25 23:18,1.350
1997-09-25 23:24,1.351
1997-09-25 23:30,1.352
1997-09-25 23:36,1.354
1997-09-25 23:42,1.355
1997-09-25 23:48,1.357
1997-09-25 23:54,1.359
1997-09-26 00:00,1.362
1997-09-26 00:06,1.364
1997-09-26 00:12,1.367
1997-09-26 00:18,1.370
1997-09-26 00:24,1.373
1997-09-26 00:30,1.377
1997-09-26 00:36,1.380
1997-09-26 00:42,1.384
1997-09-26 00:48,1.387
1997-09-26 00:54,1.391
1997-09-26 01:00,1.395
1997-09-26 01:06,1.399
1997-09-26 01:12,1.403
1997-09-26 01:18,1.408
1997-09-26 01:24,1.412
1997-09-26 01:30,1.417
1997-09-26 01:36,1.421
1997-09-26 01:42,1.426
1997-09-26 01:48,1.431
1997-09-26 01:54,1.436
1997-09-26 02:00,1.441
1997-09-26 02:06,1.446
1997-09-26 02:12,1.452
1997-09-26 02:18,1.457
1997-09-26 02:24,1.463
1997-09-26 02:30,1.468
1997-09-26 02:36,1.474
1997-09-26 02:42,1.480
1997-09-26 02:48,1.486
1997-09-26 02:54,1.492
1997-09-26 03:00,1.498
1997-09-26 03:06,1.504
1997-09-26 03:12,1.510
1997-09-26 03:18,1.517
1997-09-26 03:24,1.523
1997-09-26 03:30,1.529
1997-09-26 03:36,1.536
1997-09-26 03:42,1.542
1997-09-26 03:48,1.548
1997-09-26 03:54,1.555
1997-09-26 04:00,1.561
1997-09-26 04:06,1.567
1997-09-26 04:12,1.573
1997-09-26 04:18,1.579
1997-09-26 04:24,1.585
1997-09-26 04:30,1.591
1997-09-26 04:36,1.596
1997-09-26 04:42,1.602
1997-09-26 04:48,1.607
1997-09-26 04:54,1.612
1997-09-26 05:00,1.617
1997-09-26 05:06,1.622
1997-09-26 05:12,1.626
1997-09-26 05:18,1.630
1997-09-26 05:24,1.635
1997-09-26 05:30,1.639
1997-09-26 05:36,1.642
1997-09-26 05:42,1.646
1997-09-26 05:48,1.649
1997-09-26 05:54,1.653
1997-09-26 06:00,1.656
1997-09-26 06:06,1.658
1997-09-26 06:12,1.661
1997-09-26 06:18,1.664
1997-09-26 06:24,1.666
1997-09-26 06:30,1.669
1997-09-26 06:36,1.671
1997-09-26 06:42,1.673
1997-09-26 06:48,1.675
1997-09-26 06:54,1.677
1997-09-26 07:00,1.679
1997-09-26 07:06,1.680
1997-09-26 07:12,1.682
1997-09-26 07:18,1.683
1997-09-26 07:24,1.685
1997-09-26 07:30,1.686
1997-09-26 07:36,1.687
1997-09-26 07:42,1.688
1997-09-26 07:48,1.689
1997-09-26 07:54,1.690
1997-09-26 08:00,1.691
1997-09-26 08:06,1.692
1997-09-26 08:12,1.692
1997-09-26 08:18,1.693
1997-09-26 08:24,1.693
1997-09-26 08:30,1.693
1997-09-26 08:36,1.693
1997-09-26 08:42,1.693
1997-09-26 08:48,1.693
1997-09-26 08:54,1.692
1997-09-26 09:00,1.691
1997-09-26 09:06,1.691
1997-09-26 09:12,1.690
1997-09-26 09:18,1.688
1997-09-26 09:24,1.687
1997-09-26 09:30,1.686
1997-09-26 09:36,1.684
1997-09-26 09:42,1.682
1997-09-26 09:48,1.681
1997-09-26 09:54,1.679
1997-09-26 10:00,1.677
1997-09-26 10:06,1.675
1997-09-26 10:12,1.672
1997-09-26 10:18,1.670
1997-09-26 10:24,1.668
1997-09-26 10:30,1.665
1997-09-26 10:36,1.663
1997-09-26 10:42,1.661
1997-09-26 10:48,1.658
1997-09-26 10:54,1.656
1997-09-26 11:00,1.654
1997-09-26 11:06,1.651
1997-09-26 11:12,1.649
1997-09-26 11:18,1.647
1997-09-26 11:24,1.644
1997-09-26 11:30,1.642
1997-09-26 11:36,1.640
1997-09-26 11:42,1.638
1997-09-26 11:48,1.636
1997-09-26 11:54,1.634
1997-09-26 12:00,1.632
1997-09-26 12:06,1.630
1997-09-26 12:12,1.628
1997-09-26 12:18,1.627
1997-09-26 12:24,1.625
1997-09-26 12:30,1.623
1997-09-26 12:36,1.622
1997-09-26 12:42,1.620
1997-09-26 12:48,1.619
1997-09-26 12:54,1.617
1997-09-26 13:00,1.616
1997-09-26 13:06,1.614
1997-09-26 13:12,1.613
1997-09-26 13:18,1.612
1997-09-26 13:24,1.611
1997-09-26 13:30,1.609
1997-09-26 13:36,1.608
1997-09-26 13:42,1.607
1997-09-26 13:48,1.606
1997-09-26 13:54,1.605
1997-09-26 14:00,1.605
1997-09-26 14:06,1.604
1997-09-26 14:12,1.603
1997-09-26 14:18,1.603
1997-09-26 14:24,1.602
1997-09-26 14:30,1.602
1997-09-26 14:36,1.601
1997-09-26 14:42,1.601
1997-09-26 14:48,1.601
1997-09-26 14:54,1.601
1997-09-26 15:00,1.601
1997-09-26 15:06,1.601
1997-09-26 15:12,1.601
1997-09-26 15:18,1.601
1997-09-26 15:24,1.601
1997-09-26 15:30,1.602
1997-09-26 15:36,1.602
1997-09-26 15:42,1.602
1997-09-26 15:48,1.603
1997-09-26 15:54,1.603
1997-09-26 16:00,1.603
1997-09-26 16:06,1.603
1997-09-26 16:12,1.603
1997-09-26 16:18,1.603
1997-09-26 16:24,1.603
1997-09-26 16:30,1.603
1997-09-26 16:36,1.603
1997-09-26 16:42,1.602
1997-09-26 16:48,1.602
1997-09-26 16:54,1.601
1997-09-26 17:00,1.600
1997-09-26 17:06,1.599
1997-09-26 17:12,1.597
1997-09-26 17:18,1.596
1997-09-26 17:24,1.594
1997-09-26 17:30,1.592
1997-09-26 17:36,1.590
1997-09-26 17:42,1.587
1997-09-26 17:48,1.585
1997-09-26 17:54,1.582
1997-09-26 18:00,1.579
1997-09-26 18:06,1.575
1997-09-26 18:12,1.572
1997-09-26 18:18,1.569
1997-09-26 18:24,1.565
1997-09-26 18:30,1.561
1997-09-26 18:36,1.557
1997-09-26 18:42,1.553
1997-09-26 18:48,1.549
1997-09-26 18:54,1.545
1997-09-26 19:00,1.541
1997-09-26 19:06,1.536
1997-09-26 19:12,1.532
1997-09-26 19:18,1.527
1997-09-26 19:24,1.523
1997-09-26 19:30,1.519
1997-09-26 19:36,1.514
1997-09-26 19:42,1.510
1997-09-26 19:48,1.505
1997-09-26 19:54,1.501
1997-09-26 20:00,1.496
1997-09-26 20:06,1.492
1997-09-26 20:12,1.487
1997-09-26 20:18,1.483
1997-09-26 20:24,1.478
1997-09-26 20:30,1.474
1997-09-26 20:36,1.469
1997-09-26 20:42,1.465
1997-09-26 20:48,1.460
1997-09-26 20:54,1.456
1997-09-26 21:00,1.452
1997-09-26 21:06,1.447
1997-09-26 21:12,1.443
1997-09-26 21:18,1.439
1997-09-26 21:24,1.435
1997-09-26 21:30,1.431
1997-09-26 21:36,1.426
1997-09-26 21:42,1.422
1997-09-26 21:48,1.418
1997-09-26 21:54,1.415
1997-09-26 22:00,1.411
1997-09-26 22:06,1.407
1997-09-26 22:12,1.404
1997-09-26 22:18,1.400
1997-09-26 22:24,1.397
1997-09-26 22:30,1.394
1997-09-26 22:36,1.391
1997-09-26 22:42,1.388
1997-09-26 22:48,1.386
1997-09-26 22:54,1.384
1997-09-26 23:00,1.381
1997-09-26 23:06,1.379
1997-09-26 23:12,1.378
1997-09-26 23:18,1.376
1997-09-26 23:24,1.375
1997-09-26 23:30,1.374
1997-09-26 23:36,1.373
1997-09-26 23:42,1.373
1997-09-26 23:48,1.373
1997-09-26 23:54,1.373
1997-09-27 00:00,1.373
1997-09-27 00:06,1.373
1997-09-27 00:12,1.374
1997-09-27 00:18,1.375
1997-09-27 00:24,1.376
1997-09-27 00:30,1.377
1997-09-27 00:36,1.378
1997-09-27 00:42,1.380
1997-09-27 00:48,1.382
1997-09-27 00:54,1.384
1997-09-27 01:00,1.386
1997-09-27 01:06,1.388
1997-09-27 01:12,1.391
1997-09-27 01:18,1.393
1997-09-27 01:24,1.396
1997-09-27 01:30,1.399
1997-09-27 01:36,1.402
1997-09-27 01:42,1.406
1997-09-27 01:48,1.409
1997-09-27 01:54,1.412
1997-09-27 02:00,1.416
1997-09-27 02:06,1.420
1997-09-27 02:12,1.424
1997-09-27 02:18,1.428
1997-09-27 02:24,1.432
1997-09-27 02:30,1.436
1997-09-27 02:36,1.441
1997-09-27 02:42,1.445
1997-09-27 02:48,1.450
1997-09-27 02:54,1.455
1997-09-27 03:00,1.460
1997-09-27 03:06,1.465
1997-09-27 03:12,1.470
1997-09-27 03:18,1.476
1997-09-27 03:24,1.481
1997-09-27 03:30,1.487
1997-09-27 03:36,1.492
1997-09-27 03:42,1.498
1997-09-27 03:48,1.504
1997-09-27 03:54,1.510
1997-09-27 04:00,1.516
1997-09-27 04:06,1.522
1997-09-27 04:12,1.528
1997-09-27 04:18,1.534
1997-09-27 04:24,1.539
1997-09-27 04:30,1.545
1997-09-27 04:36,1.551
1997-09-27 04:42,1.557
1997-09-27 04:48,1.562
1997-09-27 04:54,1.568
1997-09-27 05:00,1.573
1997-09-27 05:06,1.579
1997-09-27 05:12,1.584
1997-09-27 05:18,1.589
1997-09-27 05:24,1.594
1997-09-27 05:30,1.598
1997-09-27 05:36,1.603
1997-09-27 05:42,1.607
1997-09-27 05:48,1.612
1997-09-27 05:54,1.616
1997-09-27 06:00,1.619
1997-09-27 06:06,1.623
1997-09-27 06:12,1.627
1997-09-27 06:18,1.630
1997-09-27 06:24,1.633
1997-09-27 06:30,1.636
1997-09-27 06:36,1.639
1997-09-27 06:42,1.642
1997-09-27 06:48,1.644
1997-09-27 06:54,1.647
1997-09-27 07:00,1.649
1997-09-27 07:06,1.651
1997-09-27 07:12,1.653
1997-09-27 07:18,1.655
1997-09-27 07:24,1.657
1997-09-27 07:30,1.659
1997-09-27 07:36,1.661
1997-09-27 07:42,1.662
1997-09-27 07:48,1.664
1997-09-27 07:54,1.665
1997-09-27 08:00,1.666
1997-09-27 08:06,1.667
1997-09-27 08:12,1.668
1997-09-27 08:18,1.669
1997-09-27 08:24,1.670
1997-09-27 08:30,1.670
1997-09-27 08:36,1.671
1997-09-27 08:42,1.671
1997-09-27 08:48,1.671
1997-09-27 08:54,1.671
1997-09-27 09:00,1.671
1997-09-27 09:06,1.671
1997-09-27 09:12,1.671
1997-09-27 09:18,1.670
1997-09-27 09:24,1.670
1997-09-27 09:30,1.669
1997-09-27 09:36,1.668
1997-09-27 09:42,1.667
1997-09-27 09:48,1.665
1997-09-27 09:54,1.664
1997-09-27 10:00,1.663
1997-09-27 10:06,1.661
1997-09-27 10:12,1.659
1997-09-27 10:18,1.657
1997-09-27 10:24,1.655
1997-09-27 10:30,1.653
1997-09-27 10:36,1.651
1997-09-27 10:42,1.649
1997-09-27 10:48,1.647
1997-09-27 10:54,1.645
1997-09-27 11:00,1.642
1997-09-27 11:06,1.640
1997-09-27 11:12,1.638
1997-09-27 11:18,1.635
1997-09-27 11:24,1.633
1997-09-27 11:30,1.631
1997-09-27 11:36,1.629
1997-09-27 11:42,1.626
1997-09-27 11:48,1.624
1997-09-27 11:54,1.622
1997-09-27 12:00,1.620
1997-09-27 12:06,1.618
1997-09-27 12:12,1.616
1997-09-27 12:18,1.614
1997-09-27 12:24,1.612
1997-09-27 12:30,1.610
1997-09-27 12:36,1.609
1997-09-27 12:42,1.607
1997-09-27 12:48,1.605
1997-09-27 12:54,1.604
1997-09-27 13:00,1.602
1997-09-27 13:06,1.601
1997-09-27 13:12,1.600
1997-09-27 13:18,1.598
1997-09-27 13:24,1.597
1997-09-27 13:30,1.596
1997-09-27 13:36,1.595
1997-09-27 13:42,1.594
1997-09-27 13:48,1.593
1997-09-27 13:54,1.592
1997-09-27 14:00,1.591
1997-09-27 14:06,1.591
1997-09-27 14:12,1.590
1997-09-27 14:18,1.590
1997-09-27 14:24,1.589
1997-09-27 14:30,1.589
1997-09-27 14:36,1.589
1997-09-27 14:42,1.589
1997-09-27 14:48,1.589
1997-09-27 14:54,1.589
1997-09-27 15:00,1.589
1997-09-27 15:06,1.590
1997-09-27 15:12,1.590
1997-09-27 15:18,1.591
1997-09-27 15:24,1.591
1997-09-27 15:30,1.592
1997-09-27 15:36,1.593
1997-09-27 15:42,1.594
1997-09-27 15:48,1.595
1997-09-27 15:54,1.596
1997-09-27 16:00,1.597
1997-09-27 16:06,1.598
1997-09-27 16:12,1.599
1997-09-27 16:18,1.601
1997-09-27 16:24,1.602
1997-09-27 16:30,1.603
1997-09-27 16:36,1.604
1997-09-27 16:42,1.605
1997-09-27 16:48,1.606
1997-09-27 16:54,1.607
1997-09-27 17:00,1.608
1997-09-27 17:06,1.608
1997-09-27 17:12,1.609
1997-09-27 17:18,1.609
1997-09-27 17:24,1.609
1997-09-27 17:30,1.610
1997-09-27 17:36,1.610
1997-09-27 17:42,1.609
1997-09-27 17:48,1.609
1997-09-27 17:54,1.608
1997-09-27 18:00,1.607
1997-09-27 18:06,1.606
1997-09-27 18:12,1.605
1997-09-27 18:18,1.604
1997-09-27 18:24,1.602
1997-09-27 18:30,1.601
1997-09-27 18:36,1.599
1997-09-27 18:42,1.597
1997-09-27 18:48,1.594
1997-09-27 18:54,1.592
1997-09-27 19:00,1.589
1997-09-27 19:06,1.587
1997-09-27 19:12,1.584
1997-09-27 19:18,1.581
1997-09-27 19:24,1.578
1997-09-27 19:30,1.574
1997-09-27 19:36,1.571
1997-09-27 19:42,1.568
1997-09-27 19:48,1.564
1997-09-27 19:54,1.560
1997-09-27 20:00,1.557
1997-09-27 20:06,1.553
1997-09-27 20:12,1.549
1997-09-27 20:18,1.545
1997-09-27 20:24,1.541
1997-09-27 20:30,1.537
1997-09-27 20:36,1.533
1997-09-27 20:42,1.528
1997-09-27 20:48,1.524
1997-09-27 20:54,1.520
1997-09-27 21:00,1.516
1997-09-27 21:06,1.511
1997-09-27 21:12,1.507
1997-09-27 21:18,1.502
1997-09-27 21:24,1.498
1997-09-27 21:30,1.494
1997-09-27 21:36,1.489
1997-09-27 21:42,1.485
1997-09-27 21:48,1.480
1997-09-27 21:54,1.476
1997-09-27 22:00,1.471
1997-09-27 22:06,1.467
1997-09-27 22:12,1.463
1997-09-27 22:18,1.459
1997-09-27 22:24,1.454
1997-09-27 22:30,1.450
1997-09-27 22:36,1.446
1997-09-27 22:42,1.442
1997-09-27 22:48,1.439
1997-09-27 22:54,1.435
1997-09-27 23:00,1.432
1997-09-27 23:06,1.428
1997-09-27 23:12,1.425
1997-09-27 23:18,1.422
1997-09-27 23:24,1.419
1997-09-27 23:30,1.416
1997-09-27 23:36,1.414
1997-09-27 23:42,1.411
1997-09-27 23:48,1.409
1997-09-27 23:54,1.407
1997-09-28 00:00,1.406
1997-09-28 00:06,1.404
1997-09-28 00:12,1.403
1997-09-28 00:18,1.402
1997-09-28 00:24,1.401
1997-09-28 00:30,1.400
1997-09-28 00:36,1.400
1997-09-28 00:42,1.399
1997-09-28 00:48,1.399
1997-09-28 00:54,1.399
1997-09-28 01:00,1.400
1997-09-28 01:06,1.400
1997-09-28 01:12,1.401
1997-09-28 01:18,1.402
1997-09-28 01:24,1.403
1997-09-28 01:30,1.404
1997-09-28 01:36,1.406
1997-09-28 01:42,1.407
1997-09-28 01:48,1.409
1997-09-28 01:54,1.411
1997-09-28 02:00,1.413
1997-09-28 02:06,1.415
1997-09-28 02:12,1.418
1997-09-28 02:18,1.421
1997-09-28 02:24,1.423
1997-09-28 02:30,1.426
1997-09-28 02:36,1.429
1997-09-28 02:42,1.433
1997-09-28 02:48,1.436
1997-09-28 02:54,1.440
1997-09-28 03:00,1.443
1997-09-28 03:06,1.447
1997-09-28 03:12,1.451
1997-09-28 03:18,1.455
1997-09-28 03:24,1.460
1997-09-28 03:30,1.464
1997-09-28 03:36,1.469
1997-09-28 03:42,1.473
1997-09-28 03:48,1.478
1997-09-28 03:54,1.483
1997-09-28 04:00,1.488
1997-09-28 04:06,1.493
1997-09-28 04:12,1.498
1997-09-28 04:18,1.503
1997-09-28 04:24,1.508
1997-09-28 04:30,1.513
1997-09-28 04:36,1.519
1997-09-28 04:42,1.524
1997-09-28 04:48,1.529
1997-09-28 04:54,1.534
1997-09-28 05:00,1.539
1997-09-28 05:06,1.545
1997-09-28 05:12,1.550
1997-09-28 05:18,1.555
1997-09-28 05:24,1.560
1997-09-28 05:30,1.564
1997-09-28 05:36,1.569
1997-09-28 05:42,1.574
1997-09-28 05:48,1.578
1997-09-28 05:54,1.583
1997-09-28 06:00,1.587
1997-09-28 06:06,1.591
1997-09-28 06:12,1.595
1997-09-28 06:18,1.599
1997-09-28 06:24,1.603
1997-09-28 06:30,1.606
1997-09-28 06:36,1.610
1997-09-28 06:42,1.613
1997-09-28 06:48,1.616
1997-09-28 06:54,1.619
1997-09-28 07:00,1.622
1997-09-28 07:06,1.625
1997-09-28 07:12,1.627
1997-09-28 07:18,1.629
1997-09-28 07:24,1.632
1997-09-28 07:30,1.634
1997-09-28 07:36,1.636
1997-09-28 07:42,1.637
1997-09-28 07:48,1.639
1997-09-28 07:54,1.641
1997-09-28 08:00,1.642
1997-09-28 08:06,1.643
1997-09-28 08:12,1.644
1997-09-28 08:18,1.645
1997-09-28 08:24,1.646
1997-09-28 08:30,1.647
1997-09-28 08:36,1.647
1997-09-28 08:42,1.648
1997-09-28 08:48,1.648
1997-09-28 08:54,1.648
1997-09-28 09:00,1.648
1997-09-28 09:06,1.648
1997-09-28 09:12,1.648
1997-09-28 09:18,1.647
1997-09-28 09:24,1.647
1997-09-28 09:30,1.646
1997-09-28 09:36,1.646
1997-09-28 09:42,1.645
1997-09-28 09:48,1.644
1997-09-28 09:54,1.643
1997-09-28 10:00,1.641
1997-09-28 10:06,1.640
1997-09-28 10:12,1.639
1997-09-28 10:18,1.637
1997-09-28 10:24,1.635
1997-09-28 10:30,1.634
1997-09-28 10:36,1.632
1997-09-28 10:42,1.630
1997-09-28 10:48,1.628
1997-09-28 10:54,1.626
1997-09-28 11:00,1.624
1997-09-28 11:06,1.622
1997-09-28 11:12,1.620
1997-09-28 11:18,1.617
1997-09-28 11:24,1.615
1997-09-28 11:30,1.613
1997-09-28 11:36,1.611
1997-09-28 11:42,1.609
1997-09-28 11:48,1.606
1997-09-28 11:54,1.604
1997-09-28 12:00,1.602
1997-09-28 12:06,1.600
1997-09-28 12:12,1.598
1997-09-28 12:18,1.596
1997-09-28 12:24,1.593
1997-09-28 12:30,1.591
1997-09-28 12:36,1.590
1997-09-28 12:42,1.588
1997-09-28 12:48,1.586
1997-09-28 12:54,1.584
1997-09-28 13:00,1.582
1997-09-28 13:06,1.581
1997-09-28 13:12,1.579
1997-09-28 13:18,1.578
1997-09-28 13:24,1.577
1997-09-28 13:30,1.575
1997-09-28 13:36,1.574
1997-09-28 13:42,1.573
1997-09-28 13:48,1.572
1997-09-28 13:54,1.571
1997-09-28 14:00,1.571
1997-09-28 14:06,1.570
1997-09-28 14:12,1.569
1997-09-28 14:18,1.569
1997-09-28 14:24,1.569
1997-09-28 14:30,1.569
1997-09-28 14:36,1.569
1997-09-28 14:42,1.569
1997-09-28 14:48,1.569
1997-09-28 14:54,1.569
1997-09-28 15:00,1.570
1997-09-28 15:06,1.570
1997-09-28 15:12,1.571
1997-09-28 15:18,1.572
1997-09-28 15:24,1.573
1997-09-28 15:30,1.574
1997-09-28 15:36,1.575
1997-09-28 15:42,1.576
1997-09-28 15:48,1.578
1997-09-28 15:54,1.579
1997-09-28 16:00,1.581
1997-09-28 16:06,1.582
1997-09-28 16:12,1.584
1997-09-28 16:18,1.586
1997-09-28 16:24,1.587
1997-09-28 16:30,1.589
1997-09-28 16:36,1.591
1997-09-28 16:42,1.593
1997-09-28 16:48,1.595
1997-09-28 16:54,1.597
1997-09-28 17:00,1.598
1997-09-28 17:06,1.600
1997-09-28 17:12,1.602
1997-09-28 17:18,1.604
1997-09-28 17:24,1.605
1997-09-28 17:30,1.607
1997-09-28 17:36,1.609
1997-09-28 17:42,1.610
1997-09-28 17:48,1.611
1997-09-28 17:54,1.613
1997-09-28 18:00,1.614
1997-09-28 18:06,1.615
1997-09-28 18:12,1.616
1997-09-28 18:18,1.616
1997-09-28 18:24,1.617
1997-09-28 18:30,1.617
1997-09-28 18:36,1.618
1997-09-28 18:42,1.618
1997-09-28 18:48,1.618
1997-09-28 18:54,1.617
1997-09-28 19:00,1.617
1997-09-28 19:06,1.616
1997-09-28 19:12,1.616
1997-09-28 19:18,1.615
1997-09-28 19:24,1.613
1997-09-28 19:30,1.612
1997-09-28 19:36,1.611
1997-09-28 19:42,1.609
1997-09-28 19:48,1.607
1997-09-28 19:54,1.605
1997-09-28 20:00,1.603
1997-09-28 20:06,1.601
1997-09-28 20:12,1.598
1997-09-28 20:18,1.595
1997-09-28 20:24,1.592
1997-09-28 20:30,1.589
1997-09-28 20:36,1.586
1997-09-28 20:42,1.583
1997-09-28 20:48,1.580
1997-09-28 20:54,1.576
1997-09-28 21:00,1.572
1997-09-28 21:06,1.569
1997-09-28 21:12,1.565
1997-09-28 21:18,1.561
1997-09-28 21:24,1.557
1997-09-28 21:30,1.552
1997-09-28 21:36,1.548
1997-09-28 21:42,1.544
1997-09-28 21:48,1.540
1997-09-28 21:54,1.535
1997-09-28 22:00,1.531
1997-09-28 22:06,1.527
1997-09-28 22:12,1.522
1997-09-28 22:18,1.518
1997-09-28 22:24,1.514
1997-09-28 22:30,1.509
1997-09-28 22:36,1.505
1997-09-28 22:42,1.501
1997-09-28 22:48,1.496
1997-09-28 22:54,1.492
1997-09-28 23:00,1.488
1997-09-28 23:06,1.484
1997-09-28 23:12,1.480
1997-09-28 23:18,1.476
1997-09-28 23:24,1.473
1997-09-28 23:30,1.469
1997-09-28 23:36,1.465
1997-09-28 23:42,1.462
1997-09-28 23:48,1.459
1997-09-28 23:54,1.455
1997-09-29 00:00,1.452
1997-09-29 00:06,1.450
1997-09-29 00:12,1.447
1997-09-29 00:18,1.444
1997-09-29 00:24,1.442
1997-09-29 00:30,1.440
1997-09-29 00:36,1.438
1997-09-29 00:42,1.436
1997-09-29 00:48,1.434
1997-09-29 00:54,1.432
1997-09-29 01:00,1.431
1997-09-29 01:06,1.430
1997-09-29 01:12,1.429
1997-09-29 01:18,1.428
1997-09-29 01:24,1.427
1997-09-29 01:30,1.427
1997-09-29 01:36,1.427
1997-09-29 01:42,1.427
1997-09-29 01:48,1.427
1997-09-29 01:54,1.428
1997-09-29 02:00,1.428
1997-09-29 02:06,1.429
1997-09-29 02:12,1.430
1997-09-29 02:18,1.431
1997-09-29 02:24,1.433
1997-09-29 02:30,1.434
1997-09-29 02:36,1.436
1997-09-29 02:42,1.438
1997-09-29 02:48,1.440
1997-09-29 02:54,1.443
1997-09-29 03:00,1.445
1997-09-29 03:06,1.448
1997-09-29 03:12,1.451
1997-09-29 03:18,1.454
1997-09-29 03:24,1.457
1997-09-29 03:30,1.460
1997-09-29 03:36,1.463
1997-09-29 03:42,1.467
1997-09-29 03:48,1.471
1997-09-29 03:54,1.474
1997-09-29 04:00,1.478
1997-09-29 04:06,1.482
1997-09-29 04:12,1.486
1997-09-29 04:18,1.490
1997-09-29 04:24,1.494
1997-09-29 04:30,1.499
1997-09-29 04:36,1.503
1997-09-29 04:42,1.507
1997-09-29 04:48,1.511
1997-09-29 04:54,1.516
1997-09-29 05:00,1.520
1997-09-29 05:06,1.524
1997-09-29 05:12,1.529
1997-09-29 05:18,1.533
1997-09-29 05:24,1.538
1997-09-29 05:30,1.542
1997-09-29 05:36,1.546
1997-09-29 05:42,1.550
1997-09-29 05:48,1.555
1997-09-29 05:54,1.559
1997-09-29 06:00,1.563
1997-09-29 06:06,1.567
1997-09-29 06:12,1.571
1997-09-29 06:18,1.575
1997-09-29 06:24,1.579
1997-09-29 06:30,1.583
1997-09-29 06:36,1.586
1997-09-29 06:42,1.590
1997-09-29 06:48,1.593
1997-09-29 06:54,1.596
1997-09-29 07:00,1.600
1997-09-29 07:06,1.603
1997-09-29 07:12,1.606
1997-09-29 07:18,1.608
1997-09-29 07:24,1.611
1997-09-29 07:30,1.613
1997-09-29 07:36,1.616
1997-09-29 07:42,1.618
1997-09-29 07:48,1.620
1997-09-29 07:54,1.621
1997-09-29 08:00,1.623
1997-09-29 08:06,1.624
1997-09-29 08:12,1.626
1997-09-29 08:18,1.627
1997-09-29 08:24,1.628
1997-09-29 08:30,1.628
1997-09-29 08:36,1.629
1997-09-29 08:42,1.629
1997-09-29 08:48,1.629
1997-09-29 08:54,1.629
1997-09-29 09:00,1.629
1997-09-29 09:06,1.629
1997-09-29 09:12,1.628
1997-09-29 09:18,1.628
1997-09-29 09:24,1.627
1997-09-29 09:30,1.626
1997-09-29 09:36,1.625
1997-09-29 09:42,1.624
1997-09-29 09:48,1.623
1997-09-29 09:54,1.622
1997-09-29 10:00,1.620
1997-09-29 10:06,1.619
1997-09-29 10:12,1.617
1997-09-29 10:18,1.615
1997-09-29 10:24,1.614
1997-09-29 10:30,1.612
1997-09-29 10:36,1.610
1997-09-29 10:42,1.608
1997-09-29 10:48,1.606
1997-09-29 10:54,1.604
1997-09-29 11:00,1.602
1997-09-29 11:06,1.600
1997-09-29 11:12,1.598
1997-09-29 11:18,1.595
1997-09-29 11:24,1.593
1997-09-29 11:30,1.591
1997-09-29 11:36,1.589
1997-09-29 11:42,1.586
1997-09-29 11:48,1.584
1997-09-29 11:54,1.582
1997-09-29 12:00,1.580
1997-09-29 12:06,1.577
1997-09-29 12:12,1.575
1997-09-29 12:18,1.573
1997-09-29 12:24,1.571
1997-09-29 12:30,1.568
1997-09-29 12:36,1.566
1997-09-29 12:42,1.564
1997-09-29 12:48,1.562
1997-09-29 12:54,1.560
1997-09-29 13:00,1.558
1997-09-29 13:06,1.556
1997-09-29 13:12,1.554
1997-09-29 13:18,1.552
1997-09-29 13:24,1.551
1997-09-29 13:30,1.549
1997-09-29 13:36,1.548
1997-09-29 13:42,1.546
1997-09-29 13:48,1.545
1997-09-29 13:54,1.544
1997-09-29 14:00,1.543
1997-09-29 14:06,1.542
1997-09-29 14:12,1.542
1997-09-29 14:18,1.541
1997-09-29 14:24,1.541
1997-09-29 14:30,1.541
1997-09-29 14:36,1.541
1997-09-29 14:42,1.541
1997-09-29 14:48,1.541
1997-09-29 14:54,1.541
1997-09-29 15:00,1.542
1997-09-29 15:06,1.543
1997-09-29 15:12,1.544
1997-09-29 15:18,1.545
1997-09-29 15:24,1.546
1997-09-29 15:30,1.547
1997-09-29 15:36,1.549
1997-09-29 15:42,1.550
1997-09-29 15:48,1.552
1997-09-29 15:54,1.554
1997-09-29 16:00,1.555
1997-09-29 16:06,1.557
1997-09-29 16:12,1.559
1997-09-29 16:18,1.562
1997-09-29 16:24,1.564
1997-09-29 16:30,1.566
1997-09-29 16:36,1.568
1997-09-29 16:42,1.571
1997-09-29 16:48,1.573
1997-09-29 16:54,1.575
1997-09-29 17:00,1.578
1997-09-29 17:06,1.580
1997-09-29 17:12,1.583
1997-09-29 17:18,1.585
1997-09-29 17:24,1.588
1997-09-29 17:30,1.590
1997-09-29 17:36,1.593
1997-09-29 17:42,1.595
1997-09-29 17:48,1.598
1997-09-29 17:54,1.600
1997-09-29 18:00,1.602
1997-09-29 18:06,1.605
1997-09-29 18:12,1.607
1997-09-29 18:18,1.609
1997-09-29 18:24,1.612
1997-09-29 18:30,1.614
1997-09-29 18:36,1.616
1997-09-29 18:42,1.618
1997-09-29 18:48,1.619
1997-09-29 18:54,1.621
1997-09-29 19:00,1.623
1997-09-29 19:06,1.624
1997-09-29 19:12,1.626
1997-09-29 19:18,1.627
1997-09-29 19:24,1.628
1997-09-29 19:30,1.629
1997-09-29 19:36,1.629
1997-09-29 19:42,1.630
1997-09-29 19:48,1.630
1997-09-29 19:54,1.630
1997-09-29 20:00,1.630
1997-09-29 20:06,1.630
1997-09-29 20:12,1.629
1997-09-29 20:18,1.628
1997-09-29 20:24,1.627
1997-09-29 20:30,1.626
1997-09-29 20:36,1.625
1997-09-29 20:42,1.623
1997-09-29 20:48,1.621
1997-09-29 20:54,1.619
1997-09-29 21:00,1.617
1997-09-29 21:06,1.614
1997-09-29 21:12,1.611
1997-09-29 21:18,1.609
1997-09-29 21:24,1.606
1997-09-29 21:30,1.602
1997-09-29 21:36,1.599
1997-09-29 21:42,1.595
1997-09-29 21:48,1.592
1997-09-29 21:54,1.588
1997-09-29 22:00,1.584
1997-09-29 22:06,1.580
1997-09-29 22:12,1.576
1997-09-29 22:18,1.572
1997-09-29 22:24,1.568
1997-09-29 22:30,1.564
1997-09-29 22:36,1.560
1997-09-29 22:42,1.556
1997-09-29 22:48,1.552
1997-09-29 22:54,1.548
1997-09-29 23:00,1.544
1997-09-29 23:06,1.540
1997-09-29 23:12,1.536
1997-09-29 23:18,1.532
1997-09-29 23:24,1.528
1997-09-29 23:30,1.524
1997-09-29 23:36,1.520
1997-09-29 23:42,1.516
1997-09-29 23:48,1.513
1997-09-29 23:54,1.509
1997-09-30 00:00,1.505
1997-09-30 00:06,1.502
1997-09-30 00:12,1.499
1997-09-30 00:18,1.495
1997-09-30 00:24,1.492
1997-09-30 00:30,1.489
1997-09-30 00:36,1.486
1997-09-30 00:42,1.483
1997-09-30 00:48,1.480
1997-09-30 00:54,1.477
1997-09-30 01:00,1.475
1997-09-30 01:06,1.472
1997-09-30 01:12,1.470
1997-09-30 01:18,1.468
1997-09-30 01:24,1.466
1997-09-30 01:30,1.464
1997-09-30 01:36,1.462
1997-09-30 01:42,1.461
1997-09-30 01:48,1.460
1997-09-30 01:54,1.459
1997-09-30 02:00,1.458
1997-09-30 02:06,1.457
1997-09-30 02:12,1.457
1997-09-30 02:18,1.456
1997-09-30 02:24,1.456
1997-09-30 02:30,1.457
1997-09-30 02:36,1.457
1997-09-30 02:42,1.458
1997-09-30 02:48,1.458
1997-09-30 02:54,1.460
1997-09-30 03:00,1.461
1997-09-30 03:06,1.462
1997-09-30 03:12,1.464
1997-09-30 03:18,1.466
1997-09-30 03:24,1.468
1997-09-30 03:30,1.470
1997-09-30 03:36,1.472
1997-09-30 03:42,1.475
1997-09-30 03:48,1.477
1997-09-30 03:54,1.480
1997-09-30 04:00,1.483
1997-09-30 04:06,1.486
1997-09-30 04:12,1.489
1997-09-30 04:18,1.492
1997-09-30 04:24,1.495
1997-09-30 04:30,1.499
1997-09-30 04:36,1.502
1997-09-30 04:42,1.505
1997-09-30 04:48,1.509
1997-09-30 04:54,1.512
1997-09-30 05:00,1.516
1997-09-30 05:06,1.519
1997-09-30 05:12,1.523
1997-09-30 05:18,1.526
1997-09-30 05:24,1.530
1997-09-30 05:30,1.533
1997-09-30 05:36,1.537
1997-09-30 05:42,1.540
1997-09-30 05:48,1.544
1997-09-30 05:54,1.547
1997-09-30 06:00,1.551
1997-09-30 06:06,1.554
1997-09-30 06:12,1.558
1997-09-30 06:18,1.561
1997-09-30 06:24,1.565
1997-09-30 06:30,1.568
1997-09-30 06:36,1.572
1997-09-30 06:42,1.575
1997-09-30 06:48,1.578
1997-09-30 06:54,1.581
1997-09-30 07:00,1.584
1997-09-30 07:06,1.587
1997-09-30 07:12,1.590
1997-09-30 07:18,1.593
1997-09-30 07:24,1.596
1997-09-30 07:30,1.599
1997-09-30 07:36,1.601
1997-09-30 07:42,1.604
1997-09-30 07:48,1.606
1997-09-30 07:54,1.608
1997-09-30 08:00,1.610
1997-09-30 08:06,1.611
1997-09-30 08:12,1.613
1997-09-30 08:18,1.614
1997-09-30 08:24,1.615
1997-09-30 08:30,1.616
1997-09-30 08:36,1.617
1997-09-30 08:42,1.617
1997-09-30 08:48,1.618
1997-09-30 08:54,1.618
1997-09-30 09:00,1.618
1997-09-30 09:06,1.617
1997-09-30 09:12,1.617
1997-09-30 09:18,1.616
1997-09-30 09:24,1.615
1997-09-30 09:30,1.614
1997-09-30 09:36,1.612
1997-09-30 09:42,1.611
1997-09-30 09:48,1.609
1997-09-30 09:54,1.608
1997-09-30 10:00,1.606
1997-09-30 10:06,1.604
1997-09-30 10:12,1.602
1997-09-30 10:18,1.599
1997-09-30 10:24,1.597
1997-09-30 10:30,1.595
1997-09-30 10:36,1.593
1997-09-30 10:42,1.590
1997-09-30 10:48,1.588
1997-09-30 10:54,1.585
1997-09-30 11:00,1.583
1997-09-30 11:06,1.580
1997-09-30 11:12,1.578
1997-09-30 11:18,1.575
1997-09-30 11:24,1.572
1997-09-30 11:30,1.570
1997-09-30 11:36,1.567
1997-09-30 11:42,1.565
1997-09-30 11:48,1.562
1997-09-30 11:54,1.560
1997-09-30 12:00,1.557
1997-09-30 12:06,1.555
1997-09-30 12:12,1.552
1997-09-30 12:18,1.550
1997-09-30 12:24,1.547
1997-09-30 12:30,1.545
1997-09-30 12:36,1.542
1997-09-30 12:42,1.540
1997-09-30 12:48,1.537
1997-09-30 12:54,1.535
1997-09-30 13:00,1.532
1997-09-30 13:06,1.530
1997-09-30 13:12,1.528
1997-09-30 13:18,1.526
1997-09-30 13:24,1.524
1997-09-30 13:30,1.521
1997-09-30 13:36,1.520
1997-09-30 13:42,1.518
1997-09-30 13:48,1.516
1997-09-30 13:54,1.514
1997-09-30 14:00,1.513
1997-09-30 14:06,1.512
1997-09-30 14:12,1.511
1997-09-30 14:18,1.510
1997-09-30 14:24,1.509
1997-09-30 14:30,1.508
1997-09-30 14:36,1.508
1997-09-30 14:42,1.507
1997-09-30 14:48,1.507
1997-09-30 14:54,1.508
1997-09-30 15:00,1.508
1997-09-30 15:06,1.508
1997-09-30 15:12,1.509
1997-09-30 15:18,1.510
1997-09-30 15:24,1.511
1997-09-30 15:30,1.513
1997-09-30 15:36,1.514
1997-09-30 15:42,1.516
1997-09-30 15:48,1.518
1997-09-30 15:54,1.519
1997-09-30 16:00,1.522
1997-09-30 16:06,1.524
1997-09-30 16:12,1.526
1997-09-30 16:18,1.529
1997-09-30 16:24,1.531
1997-09-30 16:30,1.534
1997-09-30 16:36,1.536
1997-09-30 16:42,1.539
1997-09-30 16:48,1.542
1997-09-30 16:54,1.545
1997-09-30 17:00,1.548
1997-09-30 17:06,1.551
1997-09-30 17:12,1.554
1997-09-30 17:18,1.557
1997-09-30 17:24,1.560
1997-09-30 17:30,1.563
1997-09-30 17:36,1.566
1997-09-30 17:42,1.569
1997-09-30 17:48,1.573
1997-09-30 17:54,1.576
1997-09-30 18:00,1.579
1997-09-30 18:06,1.582
1997-09-30 18:12,1.585
1997-09-30 18:18,1.589
1997-09-30 18:24,1.592
1997-09-30 18:30,1.595
1997-09-30 18:36,1.598
1997-09-30 18:42,1.601
1997-09-30 18:48,1.605
1997-09-30 18:54,1.608
1997-09-30 19:00,1.611
1997-09-30 19:06,1.614
1997-09-30 19:12,1.617
1997-09-30 19:18,1.620
1997-09-30 19:24,1.623
1997-09-30 19:30,1.625
1997-09-30 19:36,1.628
1997-09-30 19:42,1.630
1997-09-30 19:48,1.633
1997-09-30 19:54,1.635
1997-09-30 20:00,1.637
1997-09-30 20:06,1.638
1997-09-30 20:12,1.640
1997-09-30 20:18,1.641
1997-09-30 20:24,1.642
1997-09-30 20:30,1.643
1997-09-30 20:36,1.644
1997-09-30 20:42,1.644
1997-09-30 20:48,1.645
1997-09-30 20:54,1.644
1997-09-30 21:00,1.644
1997-09-30 21:06,1.643
1997-09-30 21:12,1.643
1997-09-30 21:18,1.641
1997-09-30 21:24,1.640
1997-09-30 21:30,1.638
1997-09-30 21:36,1.637
1997-09-30 21:42,1.635
1997-09-30 21:48,1.632
1997-09-30 21:54,1.630
1997-09-30 22:00,1.627
1997-09-30 22:06,1.624
1997-09-30 22:12,1.622
1997-09-30 22:18,1.618
1997-09-30 22:24,1.615
1997-09-30 22:30,1.612
1997-09-30 22:36,1.609
1997-09-30 22:42,1.605
1997-09-30 22:48,1.602
1997-09-30 22:54,1.598
1997-09-30 23:00,1.594
1997-09-30 23:06,1.591
1997-09-30 23:12,1.587
1997-09-30 23:18,1.583
1997-09-30 23:24,1.580
1997-09-30 23:30,1.576
1997-09-30 23:36,1.572
1997-09-30 23:42,1.569
1997-09-30 23:48,1.565
1997-09-30 23:54,1.562
1997-10-01 00:00,1.558
1997-10-01 00:06,1.554
1997-10-01 00:12,1.551
1997-10-01 00:18,1.547
1997-10-01 00:24,1.544
1997-10-01 00:30,1.541
1997-10-01 00:36,1.537
1997-10-01 00:42,1.534
1997-10-01 00:48,1.531
1997-10-01 00:54,1.528
1997-10-01 01:00,1.524
1997-10-01 01:06,1.521
1997-10-01 01:12,1.518
1997-10-01 01:18,1.516
1997-10-01 01:24,1.513
1997-10-01 01:30,1.510
1997-10-01 01:36,1.507
1997-10-01 01:42,1.505
1997-10-01 01:48,1.503
1997-10-01 01:54,1.500
1997-10-01 02:00,1.498
1997-10-01 02:06,1.497
1997-10-01 02:12,1.495
1997-10-01 02:18,1.493
1997-10-01 02:24,1.492
1997-10-01 02:30,1.491
1997-10-01 02:36,1.490
1997-10-01 02:42,1.489
1997-10-01 02:48,1.489
1997-10-01 02:54,1.488
1997-10-01 03:00,1.488
1997-10-01 03:06,1.488
1997-10-01 03:12,1.489
1997-10-01 03:18,1.489
1997-10-01 03:24,1.490
1997-10-01 03:30,1.491
1997-10-01 03:36,1.492
1997-10-01 03:42,1.493
1997-10-01 03:48,1.495
1997-10-01 03:54,1.497
1997-10-01 04:00,1.498
1997-10-01 04:06,1.500
1997-10-01 04:12,1.503
1997-10-01 04:18,1.505
1997-10-01 04:24,1.507
1997-10-01 04:30,1.510
1997-10-01 04:36,1.512
1997-10-01 04:42,1.515
1997-10-01 04:48,1.517
1997-10-01 04:54,1.520
1997-10-01 05:00,1.523
1997-10-01 05:06,1.525
1997-10-01 05:12,1.528
1997-10-01 05:18,1.531
1997-10-01 05:24,1.534
1997-10-01 05:30,1.536
1997-10-01 05:36,1.539
1997-10-01 05:42,1.542
1997-10-01 05:48,1.545
1997-10-01 05:54,1.548
1997-10-01 06:00,1.550
1997-10-01 06:06,1.553
1997-10-01 06:12,1.556
1997-10-01 06:18,1.559
1997-10-01 06:24,1.562
1997-10-01 06:30,1.564
1997-10-01 06:36,1.567
1997-10-01 06:42,1.570
1997-10-01 06:48,1.573
1997-10-01 06:54,1.575
1997-10-01 07:00,1.578
1997-10-01 07:06,1.581
1997-10-01 07:12,1.583
1997-10-01 07:18,1.586
1997-10-01 07:24,1.589
1997-10-01 07:30,1.591
1997-10-01 07:36,1.593
1997-10-01 07:42,1.596
1997-10-01 07:48,1.598
1997-10-01 07:54,1.600
1997-10-01 08:00,1.602
1997-10-01 08:06,1.604
1997-10-01 08:12,1.605
1997-10-01 08:18,1.607
1997-10-01 08:24,1.608
1997-10-01 08:30,1.609
1997-10-01 08:36,1.610
1997-10-01 08:42,1.611
1997-10-01 08:48,1.611
1997-10-01 08:54,1.612
1997-10-01 09:00,1.612
1997-10-01 09:06,1.612
1997-10-01 09:12,1.611
1997-10-01 09:18,1.611
1997-10-01 09:24,1.610
1997-10-01 09:30,1.609
1997-10-01 09:36,1.607
1997-10-01 09:42,1.606
1997-10-01 09:48,1.604
1997-10-01 09:54,1.602
1997-10-01 10:00,1.600
1997-10-01 10:06,1.598
1997-10-01 10:12,1.595
1997-10-01 10:18,1.593
1997-10-01 10:24,1.590
1997-10-01 10:30,1.587
1997-10-01 10:36,1.584
1997-10-01 10:42,1.581
1997-10-01 10:48,1.578
1997-10-01 10:54,1.575
1997-10-01 11:00,1.572
1997-10-01 11:06,1.569
1997-10-01 11:12,1.566
1997-10-01 11:18,1.562
1997-10-01 11:24,1.559
1997-10-01 11:30,1.556
1997-10-01 11:36,1.553
1997-10-01 11:42,1.550
1997-10-01 11:48,1.546
1997-10-01 11:54,1.543
1997-10-01 12:00,1.540
1997-10-01 12:06,1.537
1997-10-01 12:12,1.534
1997-10-01 12:18,1.531
1997-10-01 12:24,1.528
1997-10-01 12:30,1.524
1997-10-01 12:36,1.521
1997-10-01 12:42,1.518
1997-10-01 12:48,1.516
1997-10-01 12:54,1.513
1997-10-01 13:00,1.510
1997-10-01 13:06,1.507
1997-10-01 13:12,1.504
1997-10-01 13:18,1.501
1997-10-01 13:24,1.499
1997-10-01 13:30,1.496
1997-10-01 13:36,1.494
1997-10-01 13:42,1.491
1997-10-01 13:48,1.489
1997-10-01 13:54,1.487
1997-10-01 14:00,1.485
1997-10-01 14:06,1.483
1997-10-01 14:12,1.481
1997-10-01 14:18,1.479
1997-10-01 14:24,1.478
1997-10-01 14:30,1.476
1997-10-01 14:36,1.475
1997-10-01 14:42,1.474
1997-10-01 14:48,1.474
1997-10-01 14:54,1.473
1997-10-01 15:00,1.473
1997-10-01 15:06,1.473
1997-10-01 15:12,1.473
1997-10-01 15:18,1.473
1997-10-01 15:24,1.474
1997-10-01 15:30,1.474
1997-10-01 15:36,1.475
1997-10-01 15:42,1.477
1997-10-01 15:48,1.478
1997-10-01 15:54,1.480
1997-10-01 16:00,1.482
1997-10-01 16:06,1.484
1997-10-01 16:12,1.486
1997-10-01 16:18,1.488
1997-10-01 16:24,1.491
1997-10-01 16:30,1.494
1997-10-01 16:36,1.496
1997-10-01 16:42,1.499
1997-10-01 16:48,1.502
1997-10-01 16:54,1.506
1997-10-01 17:00,1.509
1997-10-01 17:06,1.512
1997-10-01 17:12,1.516
1997-10-01 17:18,1.519
1997-10-01 17:24,1.523
1997-10-01 17:30,1.526
1997-10-01 17:36,1.530
1997-10-01 17:42,1.534
1997-10-01 17:48,1.538
1997-10-01 17:54,1.542
1997-10-01 18:00,1.545
1997-10-01 18:06,1.549
1997-10-01 18:12,1.553
1997-10-01 18:18,1.557
1997-10-01 18:24,1.561
1997-10-01 18:30,1.565
1997-10-01 18:36,1.569
1997-10-01 18:42,1.573
1997-10-01 18:48,1.577
1997-10-01 18:54,1.582
1997-10-01 19:00,1.586
1997-10-01 19:06,1.590
1997-10-01 19:12,1.594
1997-10-01 19:18,1.598
1997-10-01 19:24,1.602
1997-10-01 19:30,1.606
1997-10-01 19:36,1.610
1997-10-01 19:42,1.614
1997-10-01 19:48,1.618
1997-10-01 19:54,1.621
1997-10-01 20:00,1.625
1997-10-01 20:06,1.628
1997-10-01 20:12,1.632
1997-10-01 20:18,1.635
1997-10-01 20:24,1.638
1997-10-01 20:30,1.641
1997-10-01 20:36,1.644
1997-10-01 20:42,1.646
1997-10-01 20:48,1.648
1997-10-01 20:54,1.650
1997-10-01 21:00,1.652
1997-10-01 21:06,1.653
1997-10-01 21:12,1.655
1997-10-01 21:18,1.656
1997-10-01 21:24,1.656
1997-10-01 21:30,1.657
1997-10-01 21:36,1.657
1997-10-01 21:42,1.657
1997-10-01 21:48,1.657
1997-10-01 21:54,1.656
1997-10-01 22:00,1.655
1997-10-01 22:06,1.654
1997-10-01 22:12,1.653
1997-10-01 22:18,1.651
1997-10-01 22:24,1.650
1997-10-01 22:30,1.648
1997-10-01 22:36,1.646
1997-10-01 22:42,1.643
1997-10-01 22:48,1.641
1997-10-01 22:54,1.639
1997-10-01 23:00,1.636
1997-10-01 23:06,1.633
1997-10-01 23:12,1.630
1997-10-01 23:18,1.628
1997-10-01 23:24,1.625
1997-10-01 23:30,1.622
1997-10-01 23:36,1.619
1997-10-01 23:42,1.615
1997-10-01 23:48,1.612
1997-10-01 23:54,1.609
1997-10-02 00:00,1.606
1997-10-02 00:06,1.603
1997-10-02 00:12,1.600
1997-10-02 00:18,1.596
1997-10-02 00:24,1.593
1997-10-02 00:30,1.590
1997-10-02 00:36,1.587
1997-10-02 00:42,1.584
1997-10-02 00:48,1.580
1997-10-02 00:54,1.577
1997-10-02 01:00,1.574
1997-10-02 01:06,1.571
1997-10-02 01:12,1.568
1997-10-02 01:18,1.565
1997-10-02 01:24,1.562
1997-10-02 01:30,1.559
1997-10-02 01:36,1.556
1997-10-02 01:42,1.553
1997-10-02 01:48,1.550
1997-10-02 01:54,1.548
1997-10-02 02:00,1.545
1997-10-02 02:06,1.542
1997-10-02 02:12,1.540
1997-10-02 02:18,1.538
1997-10-02 02:24,1.536
1997-10-02 02:30,1.533
1997-10-02 02:36,1.532
1997-10-02 02:42,1.530
1997-10-02 02:48,1.528
1997-10-02 02:54,1.527
1997-10-02 03:00,1.525
1997-10-02 03:06,1.524
1997-10-02 03:12,1.524
1997-10-02 03:18,1.523
1997-10-02 03:24,1.522
1997-10-02 03:30,1.522
1997-10-02 03:36,1.522
1997-10-02 03:42,1.522
1997-10-02 03:48,1.522
1997-10-02 03:54,1.523
1997-10-02 04:00,1.523
1997-10-02 04:06,1.524
1997-10-02 04:12,1.525
1997-10-02 04:18,1.526
1997-10-02 04:24,1.527
1997-10-02 04:30,1.529
1997-10-02 04:36,1.530
1997-10-02 04:42,1.532
1997-10-02 04:48,1.533
1997-10-02 04:54,1.535
1997-10-02 05:00,1.537
1997-10-02 05:06,1.539
1997-10-02 05:12,1.541
1997-10-02 05:18,1.543
1997-10-02 05:24,1.545
1997-10-02 05:30,1.547
1997-10-02 05:36,1.549
1997-10-02 05:42,1.552
1997-10-02 05:48,1.554
1997-10-02 05:54,1.556
1997-10-02 06:00,1.558
1997-10-02 06:06,1.561
1997-10-02 06:12,1.563
1997-10-02 06:18,1.565
1997-10-02 06:24,1.567
1997-10-02 06:30,1.569
1997-10-02 06:36,1.572
1997-10-02 06:42,1.574
1997-10-02 06:48,1.576
1997-10-02 06:54,1.578
1997-10-02 07:00,1.581
1997-10-02 07:06,1.583
1997-10-02 07:12,1.585
1997-10-02 07:18,1.587
1997-10-02 07:24,1.589
1997-10-02 07:30,1.591
1997-10-02 07:36,1.593
1997-10-02 07:42,1.595
1997-10-02 07:48,1.597
1997-10-02 07:54,1.599
1997-10-02 08:00,1.600
1997-10-02 08:06,1.602
1997-10-02 08:12,1.604
1997-10-02 08:18,1.605
1997-10-02 08:24,1.606
1997-10-02 08:30,1.607
1997-10-02 08:36,1.608
1997-10-02 08:42,1.609
1997-10-02 08:48,1.610
1997-10-02 08:54,1.610
1997-10-02 09:00,1.610
1997-10-02 09:06,1.610
1997-10-02 09:12,1.610
1997-10-02 09:18,1.610
1997-10-02 09:24,1.609
1997-10-02 09:30,1.608
1997-10-02 09:36,1.607
1997-10-02 09:42,1.606
1997-10-02 09:48,1.604
1997-10-02 09:54,1.603
1997-10-02 10:00,1.601
1997-10-02 10:06,1.598
1997-10-02 10:12,1.596
1997-10-02 10:18,1.594
1997-10-02 10:24,1.591
1997-10-02 10:30,1.588
1997-10-02 10:36,1.585
1997-10-02 10:42,1.582
1997-10-02 10:48,1.578
1997-10-02 10:54,1.575
1997-10-02 11:00,1.571
1997-10-02 11:06,1.568
1997-10-02 11:12,1.564
1997-10-02 11:18,1.560
1997-10-02 11:24,1.556
1997-10-02 11:30,1.553
1997-10-02 11:36,1.549
1997-10-02 11:42,1.545
1997-10-02 11:48,1.541
1997-10-02 11:54,1.537
1997-10-02 12:00,1.533
1997-10-02 12:06,1.529
1997-10-02 12:12,1.525
1997-10-02 12:18,1.521
1997-10-02 12:24,1.517
1997-10-02 12:30,1.513
1997-10-02 12:36,1.510
1997-10-02 12:42,1.506
1997-10-02 12:48,1.502
1997-10-02 12:54,1.498
1997-10-02 13:00,1.495
1997-10-02 13:06,1.491
1997-10-02 13:12,1.488
1997-10-02 13:18,1.484
1997-10-02 13:24,1.481
1997-10-02 13:30,1.477
1997-10-02 13:36,1.474
1997-10-02 13:42,1.471
1997-10-02 13:48,1.468
1997-10-02 13:54,1.465
1997-10-02 14:00,1.462
1997-10-02 14:06,1.460
1997-10-02 14:12,1.457
1997-10-02 14:18,1.455
1997-10-02 14:24,1.452
1997-10-02 14:30,1.450
1997-10-02 14:36,1.448
1997-10-02 14:42,1.446
1997-10-02 14:48,1.445
1997-10-02 14:54,1.443
1997-10-02 15:00,1.442
1997-10-02 15:06,1.441
1997-10-02 15:12,1.440
1997-10-02 15:18,1.440
1997-10-02 15:24,1.439
1997-10-02 15:30,1.439
1997-10-02 15:36,1.439
1997-10-02 15:42,1.440
1997-10-02 15:48,1.440
1997-10-02 15:54,1.441
1997-10-02 16:00,1.442
1997-10-02 16:06,1.443
1997-10-02 16:12,1.445
1997-10-02 16:18,1.446
1997-10-02 16:24,1.448
1997-10-02 16:30,1.451
1997-10-02 16:36,1.453
1997-10-02 16:42,1.455
1997-10-02 16:48,1.458
1997-10-02 16:54,1.461
1997-10-02 17:00,1.464
1997-10-02 17:06,1.467
1997-10-02 17:12,1.471
1997-10-02 17:18,1.474
1997-10-02 17:24,1.478
1997-10-02 17:30,1.482
1997-10-02 17:36,1.486
1997-10-02 17:42,1.490
1997-10-02 17:48,1.494
1997-10-02 17:54,1.498
1997-10-02 18:00,1.502
1997-10-02 18:06,1.507
1997-10-02 18:12,1.511
1997-10-02 18:18,1.516
1997-10-02 18:24,1.520
1997-10-02 18:30,1.525
1997-10-02 18:36,1.530
1997-10-02 18:42,1.535
1997-10-02 18:48,1.540
1997-10-02 18:54,1.545
1997-10-02 19:00,1.549
1997-10-02 19:06,1.554
1997-10-02 19:12,1.559
1997-10-02 19:18,1.564
1997-10-02 19:24,1.569
1997-10-02 19:30,1.574
1997-10-02 19:36,1.579
1997-10-02 19:42,1.584
1997-10-02 19:48,1.589
1997-10-02 19:54,1.594
1997-10-02 20:00,1.599
1997-10-02 20:06,1.604
1997-10-02 20:12,1.608
1997-10-02 20:18,1.613
1997-10-02 20:24,1.618
1997-10-02 20:30,1.622
1997-10-02 20:36,1.626
1997-10-02 20:42,1.630
1997-10-02 20:48,1.634
1997-10-02 20:54,1.638
1997-10-02 21:00,1.641
1997-10-02 21:06,1.645
1997-10-02 21:12,1.648
1997-10-02 21:18,1.651
1997-10-02 21:24,1.653
1997-10-02 21:30,1.656
1997-10-02 21:36,1.658
1997-10-02 21:42,1.660
1997-10-02 21:48,1.662
1997-10-02 21:54,1.663
1997-10-02 22:00,1.664
1997-10-02 22:06,1.665
1997-10-02 22:12,1.666
1997-10-02 22:18,1.667
1997-10-02 22:24,1.667
1997-10-02 22:30,1.667
1997-10-02 22:36,1.667
1997-10-02 22:42,1.666
1997-10-02 22:48,1.666
1997-10-02 22:54,1.665
1997-10-02 23:00,1.664
1997-10-02 23:06,1.663
1997-10-02 23:12,1.662
1997-10-02 23:18,1.660
1997-10-02 23:24,1.658
1997-10-02 23:30,1.657
1997-10-02 23:36,1.655
1997-10-02 23:42,1.653
1997-10-02 23:48,1.651
1997-10-02 23:54,1.648
1997-10-03 00:00,1.646
1997-10-03 00:06,1.644
1997-10-03 00:12,1.641
1997-10-03 00:18,1.639
1997-10-03 00:24,1.636
1997-10-03 00:30,1.633
1997-10-03 00:36,1.631
1997-10-03 00:42,1.628
1997-10-03 00:48,1.625
1997-10-03 00:54,1.623
1997-10-03 01:00,1.620
1997-10-03 01:06,1.617
1997-10-03 01:12,1.614
1997-10-03 01:18,1.611
1997-10-03 01:24,1.609
1997-10-03 01:30,1.606
1997-10-03 01:36,1.603
1997-10-03 01:42,1.600
1997-10-03 01:48,1.597
1997-10-03 01:54,1.595
1997-10-03 02:00,1.592
1997-10-03 02:06,1.589
1997-10-03 02:12,1.587
1997-10-03 02:18,1.584
1997-10-03 02:24,1.582
1997-10-03 02:30,1.579
1997-10-03 02:36,1.577
1997-10-03 02:42,1.575
1997-10-03 02:48,1.573
1997-10-03 02:54,1.571
1997-10-03 03:00,1.569
1997-10-03 03:06,1.567
1997-10-03 03:12,1.565
1997-10-03 03:18,1.564
1997-10-03 03:24,1.563
1997-10-03 03:30,1.561
1997-10-03 03:36,1.560
1997-10-03 03:42,1.559
1997-10-03 03:48,1.558
1997-10-03 03:54,1.558
1997-10-03 04:00,1.557
1997-10-03 04:06,1.557
1997-10-03 04:12,1.556
1997-10-03 04:18,1.556
1997-10-03 04:24,1.556
1997-10-03 04:30,1.556
1997-10-03 04:36,1.557
1997-10-03 04:42,1.557
1997-10-03 04:48,1.558
1997-10-03 04:54,1.558
1997-10-03 05:00,1.559
1997-10-03 05:06,1.560
1997-10-03 05:12,1.561
1997-10-03 05:18,1.562
1997-10-03 05:24,1.563
1997-10-03 05:30,1.564
1997-10-03 05:36,1.566
1997-10-03 05:42,1.567
1997-10-03 05:48,1.569
1997-10-03 05:54,1.570
1997-10-03 06:00,1.572
1997-10-03 06:06,1.573
1997-10-03 06:12,1.575
1997-10-03 06:18,1.577
1997-10-03 06:24,1.578
1997-10-03 06:30,1.580
1997-10-03 06:36,1.582
1997-10-03 06:42,1.584
1997-10-03 06:48,1.585
1997-10-03 06:54,1.587
1997-10-03 07:00,1.589
1997-10-03 07:06,1.591
1997-10-03 07:12,1.593
1997-10-03 07:18,1.594
1997-10-03 07:24,1.596
1997-10-03 07:30,1.598
1997-10-03 07:36,1.599
1997-10-03 07:42,1.601
1997-10-03 07:48,1.602
1997-10-03 07:54,1.604
1997-10-03 08:00,1.605
1997-10-03 08:06,1.607
1997-10-03 08:12,1.608
1997-10-03 08:18,1.609
1997-10-03 08:24,1.610
1997-10-03 08:30,1.611
1997-10-03 08:36,1.612
1997-10-03 08:42,1.612
1997-10-03 08:48,1.613
1997-10-03 08:54,1.613
1997-10-03 09:00,1.613
1997-10-03 09:06,1.613
1997-10-03 09:12,1.613
1997-10-03 09:18,1.613
1997-10-03 09:24,1.612
1997-10-03 09:30,1.611
1997-10-03 09:36,1.610
1997-10-03 09:42,1.609
1997-10-03 09:48,1.608
1997-10-03 09:54,1.607
1997-10-03 10:00,1.605
1997-10-03 10:06,1.603
1997-10-03 10:12,1.601
1997-10-03 10:18,1.599
1997-10-03 10:24,1.596
1997-10-03 10:30,1.593
1997-10-03 10:36,1.591
1997-10-03 10:42,1.588
1997-10-03 10:48,1.584
1997-10-03 10:54,1.581
1997-10-03 11:00,1.578
1997-10-03 11:06,1.574
1997-10-03 11:12,1.570
1997-10-03 11:18,1.566
1997-10-03 11:24,1.562
1997-10-03 11:30,1.558
1997-10-03 11:36,1.554
1997-10-03 11:42,1.550
1997-10-03 11:48,1.546
1997-10-03 11:54,1.541
1997-10-03 12:00,1.537
1997-10-03 12:06,1.532
1997-10-03 12:12,1.528
1997-10-03 12:18,1.523
1997-10-03 12:24,1.518
1997-10-03 12:30,1.514
1997-10-03 12:36,1.509
1997-10-03 12:42,1.505
1997-10-03 12:48,1.500
1997-10-03 12:54,1.495
1997-10-03 13:00,1.491
1997-10-03 13:06,1.486
1997-10-03 13:12,1.482
1997-10-03 13:18,1.478
1997-10-03 13:24,1.473
1997-10-03 13:30,1.469
1997-10-03 13:36,1.465
1997-10-03 13:42,1.461
1997-10-03 13:48,1.457
1997-10-03 13:54,1.453
1997-10-03 14:00,1.449
1997-10-03 14:06,1.446
1997-10-03 14:12,1.442
1997-10-03 14:18,1.439
1997-10-03 14:24,1.436
1997-10-03 14:30,1.433
1997-10-03 14:36,1.430
1997-10-03 14:42,1.427
1997-10-03 14:48,1.425
1997-10-03 14:54,1.422
1997-10-03 15:00,1.420
1997-10-03 15:06,1.418
1997-10-03 15:12,1.416
1997-10-03 15:18,1.415
1997-10-03 15:24,1.413
1997-10-03 15:30,1.412
1997-10-03 15:36,1.411
1997-10-03 15:42,1.410
1997-10-03 15:48,1.410
1997-10-03 15:54,1.409
1997-10-03 16:00,1.409
1997-10-03 16:06,1.409
1997-10-03 16:12,1.410
1997-10-03 16:18,1.410
1997-10-03 16:24,1.411
1997-10-03 16:30,1.412
1997-10-03 16:36,1.413
1997-10-03 16:42,1.415
1997-10-03 16:48,1.416
1997-10-03 16:54,1.418
1997-10-03 17:00,1.420
1997-10-03 17:06,1.423
1997-10-03 17:12,1.425
1997-10-03 17:18,1.428
1997-10-03 17:24,1.431
1997-10-03 17:30,1.434
1997-10-03 17:36,1.438
1997-10-03 17:42,1.441
1997-10-03 17:48,1.445
1997-10-03 17:54,1.449
1997-10-03 18:00,1.453
1997-10-03 18:06,1.458
1997-10-03 18:12,1.462
1997-10-03 18:18,1.467
1997-10-03 18:24,1.472
1997-10-03 18:30,1.477
1997-10-03 18:36,1.482
1997-10-03 18:42,1.487
1997-10-03 18:48,1.492
1997-10-03 18:54,1.498
1997-10-03 19:00,1.503
1997-10-03 19:06,1.509
1997-10-03 19:12,1.514
1997-10-03 19:18,1.520
1997-10-03 19:24,1.526
1997-10-03 19:30,1.532
1997-10-03 19:36,1.538
1997-10-03 19:42,1.543
1997-10-03 19:48,1.549
1997-10-03 19:54,1.555
1997-10-03 20:00,1.561
1997-10-03 20:06,1.567
1997-10-03 20:12,1.572
1997-10-03 20:18,1.578
1997-10-03 20:24,1.584
1997-10-03 20:30,1.589
1997-10-03 20:36,1.595
1997-10-03 20:42,1.600
1997-10-03 20:48,1.605
1997-10-03 20:54,1.610
1997-10-03 21:00,1.615
1997-10-03 21:06,1.620
1997-10-03 21:12,1.624
1997-10-03 21:18,1.629
1997-10-03 21:24,1.633
1997-10-03 21:30,1.637
1997-10-03 21:36,1.641
1997-10-03 21:42,1.645
1997-10-03 21:48,1.648
1997-10-03 21:54,1.652
1997-10-03 22:00,1.655
1997-10-03 22:06,1.658
1997-10-03 22:12,1.660
1997-10-03 22:18,1.663
1997-10-03 22:24,1.665
1997-10-03 22:30,1.667
1997-10-03 22:36,1.669
1997-10-03 22:42,1.671
1997-10-03 22:48,1.672
1997-10-03 22:54,1.673
1997-10-03 23:00,1.674
1997-10-03 23:06,1.675
1997-10-03 23:12,1.676
1997-10-03 23:18,1.676
1997-10-03 23:24,1.676
1997-10-03 23:30,1.677
1997-10-03 23:36,1.676
1997-10-03 23:42,1.676
1997-10-03 23:48,1.675
1997-10-03 23:54,1.675
1997-10-04 00:00,1.674
1997-10-04 00:06,1.673
1997-10-04 00:12,1.672
1997-10-04 00:18,1.670
1997-10-04 00:24,1.669
1997-10-04 00:30,1.667
1997-10-04 00:36,1.666
1997-10-04 00:42,1.664
1997-10-04 00:48,1.662
1997-10-04 00:54,1.660
1997-10-04 01:00,1.658
1997-10-04 01:06,1.656
1997-10-04 01:12,1.654
1997-10-04 01:18,1.651
1997-10-04 01:24,1.649
1997-10-04 01:30,1.647
1997-10-04 01:36,1.645
1997-10-04 01:42,1.642
1997-10-04 01:48,1.640
1997-10-04 01:54,1.637
1997-10-04 02:00,1.635
1997-10-04 02:06,1.633
1997-10-04 02:12,1.630
1997-10-04 02:18,1.628
1997-10-04 02:24,1.626
1997-10-04 02:30,1.624
1997-10-04 02:36,1.622
1997-10-04 02:42,1.619
1997-10-04 02:48,1.617
1997-10-04 02:54,1.615
1997-10-04 03:00,1.613
1997-10-04 03:06,1.611
1997-10-04 03:12,1.610
1997-10-04 03:18,1.608
1997-10-04 03:24,1.606
1997-10-04 03:30,1.604
1997-10-04 03:36,1.603
1997-10-04 03:42,1.601
1997-10-04 03:48,1.600
1997-10-04 03:54,1.599
1997-10-04 04:00,1.597
1997-10-04 04:06,1.596
1997-10-04 04:12,1.595
1997-10-04 04:18,1.594
1997-10-04 04:24,1.593
1997-10-04 04:30,1.592
1997-10-04 04:36,1.591
1997-10-04 04:42,1.591
1997-10-04 04:48,1.590
1997-10-04 04:54,1.590
1997-10-04 05:00,1.589
1997-10-04 05:06,1.589
1997-10-04 05:12,1.589
1997-10-04 05:18,1.589
1997-10-04 05:24,1.589
1997-10-04 05:30,1.589
1997-10-04 05:36,1.589
1997-10-04 05:42,1.589
1997-10-04 05:48,1.590
1997-10-04 05:54,1.590
1997-10-04 06:00,1.591
1997-10-04 06:06,1.592
1997-10-04 06:12,1.592
1997-10-04 06:18,1.593
1997-10-04 06:24,1.594
1997-10-04 06:30,1.595
1997-10-04 06:36,1.596
1997-10-04 06:42,1.598
1997-10-04 06:48,1.599
1997-10-04 06:54,1.600
1997-10-04 07:00,1.602
1997-10-04 07:06,1.603
1997-10-04 07:12,1.604
1997-10-04 07:18,1.606
1997-10-04 07:24,1.607
1997-10-04 07:30,1.608
1997-10-04 07:36,1.610
1997-10-04 07:42,1.611
1997-10-04 07:48,1.612
1997-10-04 07:54,1.614
1997-10-04 08:00,1.615
1997-10-04 08:06,1.616
1997-10-04 08:12,1.617
1997-10-04 08:18,1.618
1997-10-04 08:24,1.619
1997-10-04 08:30,1.619
1997-10-04 08:36,1.620
1997-10-04 08:42,1.620
1997-10-04 08:48,1.621
1997-10-04 08:54,1.621
1997-10-04 09:00,1.621
1997-10-04 09:06,1.621
1997-10-04 09:12,1.620
1997-10-04 09:18,1.620
1997-10-04 09:24,1.619
1997-10-04 09:30,1.619
1997-10-04 09:36,1.618
1997-10-04 09:42,1.617
1997-10-04 09:48,1.615
1997-10-04 09:54,1.614
1997-10-04 10:00,1.612
1997-10-04 10:06,1.610
1997-10-04 10:12,1.609
1997-10-04 10:18,1.606
1997-10-04 10:24,1.604
1997-10-04 10:30,1.602
1997-10-04 10:36,1.599
1997-10-04 10:42,1.597
1997-10-04 10:48,1.594
1997-10-04 10:54,1.591
1997-10-04 11:00,1.588
1997-10-04 11:06,1.584
1997-10-04 11:12,1.581
1997-10-04 11:18,1.577
1997-10-04 11:24,1.573
1997-10-04 11:30,1.570
1997-10-04 11:36,1.566
1997-10-04 11:42,1.561
1997-10-04 11:48,1.557
1997-10-04 11:54,1.553
1997-10-04 12:00,1.548
1997-10-04 12:06,1.544
1997-10-04 12:12,1.539
1997-10-04 12:18,1.534
1997-10-04 12:24,1.529
1997-10-04 12:30,1.524
1997-10-04 12:36,1.519
1997-10-04 12:42,1.514
1997-10-04 12:48,1.509
1997-10-04 12:54,1.504
1997-10-04 13:00,1.499
1997-10-04 13:06,1.494
1997-10-04 13:12,1.488
1997-10-04 13:18,1.483
1997-10-04 13:24,1.478
1997-10-04 13:30,1.473
1997-10-04 13:36,1.468
1997-10-04 13:42,1.463
1997-10-04 13:48,1.458
1997-10-04 13:54,1.453
1997-10-04 14:00,1.449
1997-10-04 14:06,1.444
1997-10-04 14:12,1.440
1997-10-04 14:18,1.435
1997-10-04 14:24,1.431
1997-10-04 14:30,1.427
1997-10-04 14:36,1.423
1997-10-04 14:42,1.419
1997-10-04 14:48,1.416
1997-10-04 14:54,1.412
1997-10-04 15:00,1.409
1997-10-04 15:06,1.406
1997-10-04 15:12,1.403
1997-10-04 15:18,1.401
1997-10-04 15:24,1.398
1997-10-04 15:30,1.396
1997-10-04 15:36,1.394
1997-10-04 15:42,1.392
1997-10-04 15:48,1.390
1997-10-04 15:54,1.389
1997-10-04 16:00,1.387
1997-10-04 16:06,1.386
1997-10-04 16:12,1.385
1997-10-04 16:18,1.384
1997-10-04 16:24,1.384
1997-10-04 16:30,1.384
1997-10-04 16:36,1.383
1997-10-04 16:42,1.383
1997-10-04 16:48,1.384
1997-10-04 16:54,1.384
1997-10-04 17:00,1.385
1997-10-04 17:06,1.386
1997-10-04 17:12,1.387
1997-10-04 17:18,1.389
1997-10-04 17:24,1.390
1997-10-04 17:30,1.392
1997-10-04 17:36,1.394
1997-10-04 17:42,1.397
1997-10-04 17:48,1.399
1997-10-04 17:54,1.402
1997-10-04 18:00,1.405
1997-10-04 18:06,1.409
1997-10-04 18:12,1.412
1997-10-04 18:18,1.416
1997-10-04 18:24,1.420
1997-10-04 18:30,1.425
1997-10-04 18:36,1.429
1997-10-04 18:42,1.434
1997-10-04 18:48,1.439
1997-10-04 18:54,1.444
1997-10-04 19:00,1.450
1997-10-04 19:06,1.455
1997-10-04 19:12,1.461
1997-10-04 19:18,1.467
1997-10-04 19:24,1.473
1997-10-04 19:30,1.479
1997-10-04 19:36,1.486
1997-10-04 19:42,1.492
1997-10-04 19:48,1.498
1997-10-04 19:54,1.505
1997-10-04 20:00,1.511
1997-10-04 20:06,1.518
1997-10-04 20:12,1.524
1997-10-04 20:18,1.531
1997-10-04 20:24,1.537
1997-10-04 20:30,1.544
1997-10-04 20:36,1.550
1997-10-04 20:42,1.557
1997-10-04 20:48,1.563
1997-10-04 20:54,1.569
1997-10-04 21:00,1.575
1997-10-04 21:06,1.581
1997-10-04 21:12,1.587
1997-10-04 21:18,1.592
1997-10-04 21:24,1.598
1997-10-04 21:30,1.603
1997-10-04 21:36,1.609
1997-10-04 21:42,1.614
1997-10-04 21:48,1.619
1997-10-04 21:54,1.623
1997-10-04 22:00,1.628
1997-10-04 22:06,1.633
1997-10-04 22:12,1.637
1997-10-04 22:18,1.641
1997-10-04 22:24,1.645
1997-10-04 22:30,1.649
1997-10-04 22:36,1.653
1997-10-04 22:42,1.656
1997-10-04 22:48,1.659
1997-10-04 22:54,1.662
1997-10-04 23:00,1.665
1997-10-04 23:06,1.668
1997-10-04 23:12,1.671
1997-10-04 23:18,1.673
1997-10-04 23:24,1.675
1997-10-04 23:30,1.677
1997-10-04 23:36,1.679
1997-10-04 23:42,1.681
1997-10-04 23:48,1.682
1997-10-04 23:54,1.684
1997-10-05 00:00,1.685
1997-10-05 00:06,1.685
1997-10-05 00:12,1.686
1997-10-05 00:18,1.687
1997-10-05 00:24,1.687
1997-10-05 00:30,1.687
1997-10-05 00:36,1.687
1997-10-05 00:42,1.687
1997-10-05 00:48,1.686
1997-10-05 00:54,1.686
1997-10-05 01:00,1.685
1997-10-05 01:06,1.684
1997-10-05 01:12,1.683
1997-10-05 01:18,1.682
1997-10-05 01:24,1.680
1997-10-05 01:30,1.679
1997-10-05 01:36,1.678
1997-10-05 01:42,1.676
1997-10-05 01:48,1.674
1997-10-05 01:54,1.673
1997-10-05 02:00,1.671
1997-10-05 02:06,1.669
1997-10-05 02:12,1.668
1997-10-05 02:18,1.666
1997-10-05 02:24,1.664
1997-10-05 02:30,1.662
1997-10-05 02:36,1.661
1997-10-05 02:42,1.659
1997-10-05 02:48,1.657
1997-10-05 02:54,1.655
1997-10-05 03:00,1.654
1997-10-05 03:06,1.652
1997-10-05 03:12,1.651
1997-10-05 03:18,1.649
1997-10-05 03:24,1.647
1997-10-05 03:30,1.646
1997-10-05 03:36,1.645
1997-10-05 03:42,1.643
1997-10-05 03:48,1.642
1997-10-05 03:54,1.640
1997-10-05 04:00,1.639
1997-10-05 04:06,1.638
1997-10-05 04:12,1.636
1997-10-05 04:18,1.635
1997-10-05 04:24,1.634
1997-10-05 04:30,1.632
1997-10-05 04:36,1.631
1997-10-05 04:42,1.630
1997-10-05 04:48,1.629
1997-10-05 04:54,1.628
1997-10-05 05:00,1.626
1997-10-05 05:06,1.625
1997-10-05 05:12,1.624
1997-10-05 05:18,1.623
1997-10-05 05:24,1.622
1997-10-05 05:30,1.621
1997-10-05 05:36,1.621
1997-10-05 05:42,1.620
1997-10-05 05:48,1.619
1997-10-05 05:54,1.619
1997-10-05 06:00,1.618
1997-10-05 06:06,1.618
1997-10-05 06:12,1.617
1997-10-05 06:18,1.617
1997-10-05 06:24,1.617
1997-10-05 06:30,1.617
1997-10-05 06:36,1.617
1997-10-05 06:42,1.618
1997-10-05 06:48,1.618
1997-10-05 06:54,1.619
1997-10-05 07:00,1.619
1997-10-05 07:06,1.620
1997-10-05 07:12,1.621
1997-10-05 07:18,1.621
1997-10-05 07:24,1.622
1997-10-05 07:30,1.623
1997-10-05 07:36,1.624
1997-10-05 07:42,1.625
1997-10-05 07:48,1.626
1997-10-05 07:54,1.627
1997-10-05 08:00,1.628
1997-10-05 08:06,1.629
1997-10-05 08:12,1.629
1997-10-05 08:18,1.630
1997-10-05 08:24,1.631
1997-10-05 08:30,1.631
1997-10-05 08:36,1.632
1997-10-05 08:42,1.632
1997-10-05 08:48,1.633
1997-10-05 08:54,1.633
1997-10-05 09:00,1.633
1997-10-05 09:06,1.632
1997-10-05 09:12,1.632
1997-10-05 09:18,1.632
1997-10-05 09:24,1.631
1997-10-05 09:30,1.630
1997-10-05 09:36,1.629
1997-10-05 09:42,1.628
1997-10-05 09:48,1.627
1997-10-05 09:54,1.625
1997-10-05 10:00,1.624
1997-10-05 10:06,1.622
1997-10-05 10:12,1.620
1997-10-05 10:18,1.618
1997-10-05 10:24,1.616
1997-10-05 10:30,1.614
1997-10-05 10:36,1.611
1997-10-05 10:42,1.609
1997-10-05 10:48,1.606
1997-10-05 10:54,1.603
1997-10-05 11:00,1.600
1997-10-05 11:06,1.597
1997-10-05 11:12,1.594
1997-10-05 11:18,1.591
1997-10-05 11:24,1.588
1997-10-05 11:30,1.584
1997-10-05 11:36,1.580
1997-10-05 11:42,1.577
1997-10-05 11:48,1.573
1997-10-05 11:54,1.569
1997-10-05 12:00,1.564
1997-10-05 12:06,1.560
1997-10-05 12:12,1.556
1997-10-05 12:18,1.551
1997-10-05 12:24,1.547
1997-10-05 12:30,1.542
1997-10-05 12:36,1.537
1997-10-05 12:42,1.532
1997-10-05 12:48,1.527
1997-10-05 12:54,1.522
1997-10-05 13:00,1.516
1997-10-05 13:06,1.511
1997-10-05 13:12,1.505
1997-10-05 13:18,1.500
1997-10-05 13:24,1.494
1997-10-05 13:30,1.489
1997-10-05 13:36,1.483
1997-10-05 13:42,1.478
1997-10-05 13:48,1.472
1997-10-05 13:54,1.467
1997-10-05 14:00,1.461
1997-10-05 14:06,1.456
1997-10-05 14:12,1.450
1997-10-05 14:18,1.445
1997-10-05 14:24,1.440
1997-10-05 14:30,1.435
1997-10-05 14:36,1.430
1997-10-05 14:42,1.425
1997-10-05 14:48,1.420
1997-10-05 14:54,1.416
1997-10-05 15:00,1.412
1997-10-05 15:06,1.408
1997-10-05 15:12,1.404
1997-10-05 15:18,1.400
1997-10-05 15:24,1.396
1997-10-05 15:30,1.393
1997-10-05 15:36,1.389
1997-10-05 15:42,1.386
1997-10-05 15:48,1.383
1997-10-05 15:54,1.381
1997-10-05 16:00,1.378
1997-10-05 16:06,1.376
1997-10-05 16:12,1.373
1997-10-05 16:18,1.371
1997-10-05 16:24,1.370
1997-10-05 16:30,1.368
1997-10-05 16:36,1.366
1997-10-05 16:42,1.365
1997-10-05 16:48,1.364
1997-10-05 16:54,1.363
1997-10-05 17:00,1.362
1997-10-05 17:06,1.362
1997-10-05 17:12,1.361
1997-10-05 17:18,1.361
1997-10-05 17:24,1.361
1997-10-05 17:30,1.362
1997-10-05 17:36,1.362
1997-10-05 17:42,1.363
1997-10-05 17:48,1.364
1997-10-05 17:54,1.365
1997-10-05 18:00,1.367
1997-10-05 18:06,1.368
1997-10-05 18:12,1.370
1997-10-05 18:18,1.373
1997-10-05 18:24,1.375
1997-10-05 18:30,1.378
1997-10-05 18:36,1.381
1997-10-05 18:42,1.385
1997-10-05 18:48,1.389
1997-10-05 18:54,1.393
1997-10-05 19:00,1.397
1997-10-05 19:06,1.402
1997-10-05 19:12,1.407
1997-10-05 19:18,1.412
1997-10-05 19:24,1.417
1997-10-05 19:30,1.423
1997-10-05 19:36,1.428
1997-10-05 19:42,1.434
1997-10-05 19:48,1.441
1997-10-05 19:54,1.447
1997-10-05 20:00,1.453
1997-10-05 20:06,1.460
1997-10-05 20:12,1.467
1997-10-05 20:18,1.474
1997-10-05 20:24,1.480
1997-10-05 20:30,1.487
1997-10-05 20:36,1.494
1997-10-05 20:42,1.501
1997-10-05 20:48,1.508
1997-10-05 20:54,1.515
1997-10-05 21:00,1.522
1997-10-05 21:06,1.529
1997-10-05 21:12,1.535
1997-10-05 21:18,1.542
1997-10-05 21:24,1.548
1997-10-05 21:30,1.555
1997-10-05 21:36,1.561
1997-10-05 21:42,1.567
1997-10-05 21:48,1.574
1997-10-05 21:54,1.580
1997-10-05 22:00,1.585
1997-10-05 22:06,1.591
1997-10-05 22:12,1.597
1997-10-05 22:18,1.602
1997-10-05 22:24,1.608
1997-10-05 22:30,1.613
1997-10-05 22:36,1.618
1997-10-05 22:42,1.623
1997-10-05 22:48,1.628
1997-10-05 22:54,1.633
1997-10-05 23:00,1.637
1997-10-05 23:06,1.642
1997-10-05 23:12,1.646
1997-10-05 23:18,1.650
1997-10-05 23:24,1.654
1997-10-05 23:30,1.658
1997-10-05 23:36,1.662
1997-10-05 23:42,1.665
1997-10-05 23:48,1.669
1997-10-05 23:54,1.672
1997-10-06 00:00,1.675
1997-10-06 00:06,1.678
1997-10-06 00:12,1.681
1997-10-06 00:18,1.683
1997-10-06 00:24,1.685
1997-10-06 00:30,1.687
1997-10-06 00:36,1.689
1997-10-06 00:42,1.691
1997-10-06 00:48,1.692
1997-10-06 00:54,1.694
1997-10-06 01:00,1.695
1997-10-06 01:06,1.696
1997-10-06 01:12,1.696
1997-10-06 01:18,1.697
1997-10-06 01:24,1.697
1997-10-06 01:30,1.697
1997-10-06 01:36,1.697
1997-10-06 01:42,1.697
1997-10-06 01:48,1.697
1997-10-06 01:54,1.696
1997-10-06 02:00,1.696
1997-10-06 02:06,1.695
1997-10-06 02:12,1.694
1997-10-06 02:18,1.694
1997-10-06 02:24,1.693
1997-10-06 02:30,1.692
1997-10-06 02:36,1.691
1997-10-06 02:42,1.690
1997-10-06 02:48,1.689
1997-10-06 02:54,1.688
1997-10-06 03:00,1.687
1997-10-06 03:06,1.686
1997-10-06 03:12,1.685
1997-10-06 03:18,1.684
1997-10-06 03:24,1.683
1997-10-06 03:30,1.682
1997-10-06 03:36,1.681
1997-10-06 03:42,1.680
1997-10-06 03:48,1.679
1997-10-06 03:54,1.677
1997-10-06 04:00,1.676
1997-10-06 04:06,1.675
1997-10-06 04:12,1.674
1997-10-06 04:18,1.673
1997-10-06 04:24,1.672
1997-10-06 04:30,1.671
1997-10-06 04:36,1.670
1997-10-06 04:42,1.669
1997-10-06 04:48,1.667
1997-10-06 04:54,1.666
1997-10-06 05:00,1.665
1997-10-06 05:06,1.664
1997-10-06 05:12,1.662
1997-10-06 05:18,1.661
1997-10-06 05:24,1.660
1997-10-06 05:30,1.658
1997-10-06 05:36,1.657
1997-10-06 05:42,1.656
1997-10-06 05:48,1.655
1997-10-06 05:54,1.653
1997-10-06 06:00,1.652
1997-10-06 06:06,1.651
1997-10-06 06:12,1.650
1997-10-06 06:18,1.649
1997-10-06 06:24,1.648
1997-10-06 06:30,1.647
1997-10-06 06:36,1.646
1997-10-06 06:42,1.645
1997-10-06 06:48,1.645
1997-10-06 06:54,1.644
1997-10-06 07:00,1.644
1997-10-06 07:06,1.643
1997-10-06 07:12,1.643
1997-10-06 07:18,1.643
1997-10-06 07:24,1.643
1997-10-06 07:30,1.643
1997-10-06 07:36,1.643
1997-10-06 07:42,1.644
1997-10-06 07:48,1.644
1997-10-06 07:54,1.644
1997-10-06 08:00,1.645
1997-10-06 08:06,1.645
1997-10-06 08:12,1.645
1997-10-06 08:18,1.646
1997-10-06 08:24,1.646
1997-10-06 08:30,1.647
1997-10-06 08:36,1.647
1997-10-06 08:42,1.647
1997-10-06 08:48,1.647
1997-10-06 08:54,1.647
1997-10-06 09:00,1.647
1997-10-06 09:06,1.647
1997-10-06 09:12,1.647
1997-10-06 09:18,1.646
1997-10-06 09:24,1.646
1997-10-06 09:30,1.645
1997-10-06 09:36,1.644
1997-10-06 09:42,1.643
1997-10-06 09:48,1.642
1997-10-06 09:54,1.641
1997-10-06 10:00,1.640
1997-10-06 10:06,1.638
1997-10-06 10:12,1.636
1997-10-06 10:18,1.634
1997-10-06 10:24,1.632
1997-10-06 10:30,1.630
1997-10-06 10:36,1.628
1997-10-06 10:42,1.626
1997-10-06 10:48,1.623
1997-10-06 10:54,1.620
1997-10-06 11:00,1.618
1997-10-06 11:06,1.615
1997-10-06 11:12,1.612
1997-10-06 11:18,1.609
1997-10-06 11:24,1.606
1997-10-06 11:30,1.602
1997-10-06 11:36,1.599
1997-10-06 11:42,1.596
1997-10-06 11:48,1.592
1997-10-06 11:54,1.588
1997-10-06 12:00,1.584
1997-10-06 12:06,1.581
1997-10-06 12:12,1.577
1997-10-06 12:18,1.572
1997-10-06 12:24,1.568
1997-10-06 12:30,1.564
1997-10-06 12:36,1.559
1997-10-06 12:42,1.555
1997-10-06 12:48,1.550
1997-10-06 12:54,1.545
1997-10-06 13:00,1.540
1997-10-06 13:06,1.535
1997-10-06 13:12,1.530
1997-10-06 13:18,1.524
1997-10-06 13:24,1.519
1997-10-06 13:30,1.514
1997-10-06 13:36,1.508
1997-10-06 13:42,1.502
1997-10-06 13:48,1.497
1997-10-06 13:54,1.491
1997-10-06 14:00,1.485
1997-10-06 14:06,1.480
1997-10-06 14:12,1.474
1997-10-06 14:18,1.468
1997-10-06 14:24,1.462
1997-10-06 14:30,1.457
1997-10-06 14:36,1.451
1997-10-06 14:42,1.445
1997-10-06 14:48,1.440
1997-10-06 14:54,1.435
1997-10-06 15:00,1.429
1997-10-06 15:06,1.424
1997-10-06 15:12,1.419
1997-10-06 15:18,1.414
1997-10-06 15:24,1.409
1997-10-06 15:30,1.405
1997-10-06 15:36,1.400
1997-10-06 15:42,1.396
1997-10-06 15:48,1.392
1997-10-06 15:54,1.388
1997-10-06 16:00,1.384
1997-10-06 16:06,1.380
1997-10-06 16:12,1.377
1997-10-06 16:18,1.374
1997-10-06 16:24,1.370
1997-10-06 16:30,1.367
1997-10-06 16:36,1.365
1997-10-06 16:42,1.362
1997-10-06 16:48,1.359
1997-10-06 16:54,1.357
1997-10-06 17:00,1.355
1997-10-06 17:06,1.353
1997-10-06 17:12,1.351
1997-10-06 17:18,1.349
1997-10-06 17:24,1.348
1997-10-06 17:30,1.346
1997-10-06 17:36,1.345
1997-10-06 17:42,1.344
1997-10-06 17:48,1.343
1997-10-06 17:54,1.343
1997-10-06 18:00,1.343
1997-10-06 18:06,1.342
1997-10-06 18:12,1.343
1997-10-06 18:18,1.343
1997-10-06 18:24,1.344
1997-10-06 18:30,1.345
1997-10-06 18:36,1.346
1997-10-06 18:42,1.348
1997-10-06 18:48,1.350
1997-10-06 18:54,1.352
1997-10-06 19:00,1.354
1997-10-06 19:06,1.357
1997-10-06 19:12,1.360
1997-10-06 19:18,1.364
1997-10-06 19:24,1.367
1997-10-06 19:30,1.371
1997-10-06 19:36,1.376
1997-10-06 19:42,1.380
1997-10-06 19:48,1.385
1997-10-06 19:54,1.390
1997-10-06 20:00,1.395
1997-10-06 20:06,1.401
1997-10-06 20:12,1.407
1997-10-06 20:18,1.413
1997-10-06 20:24,1.419
1997-10-06 20:30,1.425
1997-10-06 20:36,1.432
1997-10-06 20:42,1.438
1997-10-06 20:48,1.445
1997-10-06 20:54,1.452
1997-10-06 21:00,1.459
1997-10-06 21:06,1.466
1997-10-06 21:12,1.473
1997-10-06 21:18,1.480
1997-10-06 21:24,1.487
1997-10-06 21:30,1.494
1997-10-06 21:36,1.501
1997-10-06 21:42,1.507
1997-10-06 21:48,1.514
1997-10-06 21:54,1.521
1997-10-06 22:00,1.528
1997-10-06 22:06,1.535
1997-10-06 22:12,1.541
1997-10-06 22:18,1.548
1997-10-06 22:24,1.554
1997-10-06 22:30,1.560
1997-10-06 22:36,1.567
1997-10-06 22:42,1.573
1997-10-06 22:48,1.579
1997-10-06 22:54,1.585
1997-10-06 23:00,1.591
1997-10-06 23:06,1.597
1997-10-06 23:12,1.602
1997-10-06 23:18,1.608
1997-10-06 23:24,1.614
1997-10-06 23:30,1.619
1997-10-06 23:36,1.624
1997-10-06 23:42,1.629
1997-10-06 23:48,1.634
1997-10-06 23:54,1.639
1997-10-07 00:00,1.644
1997-10-07 00:06,1.649
1997-10-07 00:12,1.653
1997-10-07 00:18,1.658
1997-10-07 00:24,1.662
1997-10-07 00:30,1.666
1997-10-07 00:36,1.670
1997-10-07 00:42,1.673
1997-10-07 00:48,1.677
1997-10-07 00:54,1.680
1997-10-07 01:00,1.683
1997-10-07 01:06,1.686
1997-10-07 01:12,1.689
1997-10-07 01:18,1.691
1997-10-07 01:24,1.693
1997-10-07 01:30,1.696
1997-10-07 01:36,1.697
1997-10-07 01:42,1.699
1997-10-07 01:48,1.701
1997-10-07 01:54,1.702
1997-10-07 02:00,1.703
1997-10-07 02:06,1.704
1997-10-07 02:12,1.705
1997-10-07 02:18,1.706
1997-10-07 02:24,1.707
1997-10-07 02:30,1.707
1997-10-07 02:36,1.708
1997-10-07 02:42,1.708
1997-10-07 02:48,1.708
1997-10-07 02:54,1.708
1997-10-07 03:00,1.708
1997-10-07 03:06,1.708
1997-10-07 03:12,1.708
1997-10-07 03:18,1.708
1997-10-07 03:24,1.708
1997-10-07 03:30,1.707
1997-10-07 03:36,1.707
1997-10-07 03:42,1.707
1997-10-07 03:48,1.706
1997-10-07 03:54,1.706
1997-10-07 04:00,1.706
1997-10-07 04:06,1.705
1997-10-07 04:12,1.705
1997-10-07 04:18,1.704
1997-10-07 04:24,1.703
1997-10-07 04:30,1.703
1997-10-07 04:36,1.702
1997-10-07 04:42,1.701
1997-10-07 04:48,1.700
1997-10-07 04:54,1.700
1997-10-07 05:00,1.699
1997-10-07 05:06,1.698
1997-10-07 05:12,1.697
1997-10-07 05:18,1.696
1997-10-07 05:24,1.694
1997-10-07 05:30,1.693
1997-10-07 05:36,1.692
1997-10-07 05:42,1.691
1997-10-07 05:48,1.689
1997-10-07 05:54,1.688
1997-10-07 06:00,1.687
1997-10-07 06:06,1.685
1997-10-07 06:12,1.684
1997-10-07 06:18,1.683
1997-10-07 06:24,1.681
1997-10-07 06:30,1.680
1997-10-07 06:36,1.679
1997-10-07 06:42,1.677
1997-10-07 06:48,1.676
1997-10-07 06:54,1.675
1997-10-07 07:00,1.674
1997-10-07 07:06,1.673
1997-10-07 07:12,1.672
1997-10-07 07:18,1.671
1997-10-07 07:24,1.670
1997-10-07 07:30,1.669
1997-10-07 07:36,1.669
1997-10-07 07:42,1.668
1997-10-07 07:48,1.667
1997-10-07 07:54,1.667
1997-10-07 08:00,1.667
1997-10-07 08:06,1.666
1997-10-07 08:12,1.666
1997-10-07 08:18,1.666
1997-10-07 08:24,1.665
1997-10-07 08:30,1.665
1997-10-07 08:36,1.665
1997-10-07 08:42,1.665
1997-10-07 08:48,1.665
1997-10-07 08:54,1.664
1997-10-07 09:00,1.664
1997-10-07 09:06,1.664
1997-10-07 09:12,1.663
1997-10-07 09:18,1.663
1997-10-07 09:24,1.662
1997-10-07 09:30,1.662
1997-10-07 09:36,1.661
1997-10-07 09:42,1.660
1997-10-07 09:48,1.659
1997-10-07 09:54,1.658
1997-10-07 10:00,1.657
1997-10-07 10:06,1.656
1997-10-07 10:12,1.654
1997-10-07 10:18,1.653
1997-10-07 10:24,1.651
1997-10-07 10:30,1.649
1997-10-07 10:36,1.647
1997-10-07 10:42,1.645
1997-10-07 10:48,1.643
1997-10-07 10:54,1.641
1997-10-07 11:00,1.638
1997-10-07 11:06,1.636
1997-10-07 11:12,1.633
1997-10-07 11:18,1.631
1997-10-07 11:24,1.628
1997-10-07 11:30,1.625
1997-10-07 11:36,1.622
1997-10-07 11:42,1.619
1997-10-07 11:48,1.615
1997-10-07 11:54,1.612
1997-10-07 12:00,1.609
1997-10-07 12:06,1.605
1997-10-07 12:12,1.602
1997-10-07 12:18,1.598
1997-10-07 12:24,1.594
1997-10-07 12:30,1.590
1997-10-07 12:36,1.586
1997-10-07 12:42,1.582
1997-10-07 12:48,1.578
1997-10-07 12:54,1.573
1997-10-07 13:00,1.569
1997-10-07 13:06,1.564
1997-10-07 13:12,1.560
1997-10-07 13:18,1.555
1997-10-07 13:24,1.550
1997-10-07 13:30,1.545
1997-10-07 13:36,1.540
1997-10-07 13:42,1.535
1997-10-07 13:48,1.529
1997-10-07 13:54,1.524
1997-10-07 14:00,1.519
1997-10-07 14:06,1.513
1997-10-07 14:12,1.507
1997-10-07 14:18,1.502
1997-10-07 14:24,1.496
1997-10-07 14:30,1.490
1997-10-07 14:36,1.485
1997-10-07 14:42,1.479
1997-10-07 14:48,1.473
1997-10-07 14:54,1.468
1997-10-07 15:00,1.462
1997-10-07 15:06,1.456
1997-10-07 15:12,1.451
1997-10-07 15:18,1.445
1997-10-07 15:24,1.440
1997-10-07 15:30,1.434
1997-10-07 15:36,1.429
1997-10-07 15:42,1.424
1997-10-07 15:48,1.418
1997-10-07 15:54,1.413
1997-10-07 16:00,1.408
1997-10-07 16:06,1.404
1997-10-07 16:12,1.399
1997-10-07 16:18,1.394
1997-10-07 16:24,1.390
1997-10-07 16:30,1.385
1997-10-07 16:36,1.381
1997-10-07 16:42,1.377
1997-10-07 16:48,1.373
1997-10-07 16:54,1.369
1997-10-07 17:00,1.366
1997-10-07 17:06,1.362
1997-10-07 17:12,1.359
1997-10-07 17:18,1.355
1997-10-07 17:24,1.352
1997-10-07 17:30,1.349
1997-10-07 17:36,1.347
1997-10-07 17:42,1.344
1997-10-07 17:48,1.342
1997-10-07 17:54,1.339
1997-10-07 18:00,1.337
1997-10-07 18:06,1.335
1997-10-07 18:12,1.334
1997-10-07 18:18,1.332
1997-10-07 18:24,1.331
1997-10-07 18:30,1.330
1997-10-07 18:36,1.330
1997-10-07 18:42,1.329
1997-10-07 18:48,1.329
1997-10-07 18:54,1.329
1997-10-07 19:00,1.329
1997-10-07 19:06,1.330
1997-10-07 19:12,1.331
1997-10-07 19:18,1.332
1997-10-07 19:24,1.334
1997-10-07 19:30,1.335
1997-10-07 19:36,1.338
1997-10-07 19:42,1.340
1997-10-07 19:48,1.343
1997-10-07 19:54,1.346
1997-10-07 20:00,1.349
1997-10-07 20:06,1.353
1997-10-07 20:12,1.356
1997-10-07 20:18,1.361
1997-10-07 20:24,1.365
1997-10-07 20:30,1.370
1997-10-07 20:36,1.374
1997-10-07 20:42,1.379
1997-10-07 20:48,1.385
1997-10-07 20:54,1.390
1997-10-07 21:00,1.396
1997-10-07 21:06,1.402
1997-10-07 21:12,1.408
1997-10-07 21:18,1.414
1997-10-07 21:24,1.420
1997-10-07 21:30,1.427
1997-10-07 21:36,1.433
1997-10-07 21:42,1.440
1997-10-07 21:48,1.446
1997-10-07 21:54,1.453
1997-10-07 22:00,1.460
1997-10-07 22:06,1.467
1997-10-07 22:12,1.474
1997-10-07 22:18,1.481
1997-10-07 22:24,1.487
1997-10-07 22:30,1.494
1997-10-07 22:36,1.501
1997-10-07 22:42,1.508
1997-10-07 22:48,1.515
1997-10-07 22:54,1.522
1997-10-07 23:00,1.529
1997-10-07 23:06,1.535
1997-10-07 23:12,1.542
1997-10-07 23:18,1.549
1997-10-07 23:24,1.555
1997-10-07 23:30,1.562
1997-10-07 23:36,1.568
1997-10-07 23:42,1.575
1997-10-07 23:48,1.581
1997-10-07 23:54,1.587
1997-10-08 00:00,1.593
1997-10-08 00:06,1.599
1997-10-08 00:12,1.605
1997-10-08 00:18,1.611
1997-10-08 00:24,1.617
1997-10-08 00:30,1.623
1997-10-08 00:36,1.628
1997-10-08 00:42,1.633
1997-10-08 00:48,1.639
1997-10-08 00:54,1.644
1997-10-08 01:00,1.648
1997-10-08 01:06,1.653
1997-10-08 01:12,1.658
1997-10-08 01:18,1.662
1997-10-08 01:24,1.666
1997-10-08 01:30,1.671
1997-10-08 01:36,1.674
1997-10-08 01:42,1.678
1997-10-08 01:48,1.682
1997-10-08 01:54,1.685
1997-10-08 02:00,1.688
1997-10-08 02:06,1.691
1997-10-08 02:12,1.694
1997-10-08 02:18,1.697
1997-10-08 02:24,1.700
1997-10-08 02:30,1.702
1997-10-08 02:36,1.704
1997-10-08 02:42,1.706
1997-10-08 02:48,1.708
1997-10-08 02:54,1.710
1997-10-08 03:00,1.712
1997-10-08 03:06,1.713
1997-10-08 03:12,1.715
1997-10-08 03:18,1.716
1997-10-08 03:24,1.717
1997-10-08 03:30,1.718
1997-10-08 03:36,1.719
1997-10-08 03:42,1.720
1997-10-08 03:48,1.721
1997-10-08 03:54,1.721
1997-10-08 04:00,1.722
1997-10-08 04:06,1.722
1997-10-08 04:12,1.723
1997-10-08 04:18,1.723
1997-10-08 04:24,1.723
1997-10-08 04:30,1.723
1997-10-08 04:36,1.723
1997-10-08 04:42,1.723
1997-10-08 04:48,1.723
1997-10-08 04:54,1.722
1997-10-08 05:00,1.722
1997-10-08 05:06,1.721
1997-10-08 05:12,1.721
1997-10-08 05:18,1.720
1997-10-08 05:24,1.720
1997-10-08 05:30,1.719
1997-10-08 05:36,1.718
1997-10-08 05:42,1.717
1997-10-08 05:48,1.716
1997-10-08 05:54,1.715
1997-10-08 06:00,1.714
1997-10-08 06:06,1.713
1997-10-08 06:12,1.712
1997-10-08 06:18,1.711
1997-10-08 06:24,1.710
1997-10-08 06:30,1.709
1997-10-08 06:36,1.707
1997-10-08 06:42,1.706
1997-10-08 06:48,1.705
1997-10-08 06:54,1.704
1997-10-08 07:00,1.702
1997-10-08 07:06,1.701
1997-10-08 07:12,1.700
1997-10-08 07:18,1.699
1997-10-08 07:24,1.698
1997-10-08 07:30,1.696
1997-10-08 07:36,1.695
1997-10-08 07:42,1.694
1997-10-08 07:48,1.693
1997-10-08 07:54,1.692
1997-10-08 08:00,1.691
1997-10-08 08:06,1.690
1997-10-08 08:12,1.689
1997-10-08 08:18,1.688
1997-10-08 08:24,1.687
1997-10-08 08:30,1.686
1997-10-08 08:36,1.685
1997-10-08 08:42,1.685
1997-10-08 08:48,1.684
1997-10-08 08:54,1.683
1997-10-08 09:00,1.682
1997-10-08 09:06,1.681
1997-10-08 09:12,1.681
1997-10-08 09:18,1.680
1997-10-08 09:24,1.679
1997-10-08 09:30,1.678
1997-10-08 09:36,1.677
1997-10-08 09:42,1.676
1997-10-08 09:48,1.675
1997-10-08 09:54,1.674
1997-10-08 10:00,1.673
1997-10-08 10:06,1.672
1997-10-08 10:12,1.671
1997-10-08 10:18,1.669
1997-10-08 10:24,1.668
1997-10-08 10:30,1.667
1997-10-08 10:36,1.665
1997-10-08 10:42,1.664
1997-10-08 10:48,1.662
1997-10-08 10:54,1.660
1997-10-08 11:00,1.658
1997-10-08 11:06,1.656
1997-10-08 11:12,1.654
1997-10-08 11:18,1.652
1997-10-08 11:24,1.650
1997-10-08 11:30,1.648
1997-10-08 11:36,1.645
1997-10-08 11:42,1.643
1997-10-08 11:48,1.640
1997-10-08 11:54,1.638
1997-10-08 12:00,1.635
1997-10-08 12:06,1.632
1997-10-08 12:12,1.629
1997-10-08 12:18,1.626
1997-10-08 12:24,1.623
1997-10-08 12:30,1.619
1997-10-08 12:36,1.616
1997-10-08 12:42,1.612
1997-10-08 12:48,1.609
1997-10-08 12:54,1.605
1997-10-08 13:00,1.601
1997-10-08 13:06,1.597
1997-10-08 13:12,1.593
1997-10-08 13:18,1.589
1997-10-08 13:24,1.585
1997-10-08 13:30,1.580
1997-10-08 13:36,1.576
1997-10-08 13:42,1.572
1997-10-08 13:48,1.567
1997-10-08 13:54,1.562
1997-10-08 14:00,1.558
1997-10-08 14:06,1.553
1997-10-08 14:12,1.548
1997-10-08 14:18,1.543
1997-10-08 14:24,1.538
1997-10-08 14:30,1.533
1997-10-08 14:36,1.527
1997-10-08 14:42,1.522
1997-10-08 14:48,1.517
1997-10-08 14:54,1.512
1997-10-08 15:00,1.506
1997-10-08 15:06,1.501
1997-10-08 15:12,1.495
1997-10-08 15:18,1.490
1997-10-08 15:24,1.485
1997-10-08 15:30,1.479
1997-10-08 15:36,1.474
1997-10-08 15:42,1.468
1997-10-08 15:48,1.463
1997-10-08 15:54,1.457
1997-10-08 16:00,1.452
1997-10-08 16:06,1.446
1997-10-08 16:12,1.441
1997-10-08 16:18,1.435
1997-10-08 16:24,1.430
1997-10-08 16:30,1.425
1997-10-08 16:36,1.419
1997-10-08 16:42,1.414
1997-10-08 16:48,1.409
1997-10-08 16:54,1.404
1997-10-08 17:00,1.399
1997-10-08 17:06,1.394
1997-10-08 17:12,1.389
1997-10-08 17:18,1.384
1997-10-08 17:24,1.380
1997-10-08 17:30,1.375
1997-10-08 17:36,1.371
1997-10-08 17:42,1.367
1997-10-08 17:48,1.363
1997-10-08 17:54,1.359
1997-10-08 18:00,1.355
1997-10-08 18:06,1.352
1997-10-08 18:12,1.348
1997-10-08 18:18,1.345
1997-10-08 18:24,1.342
1997-10-08 18:30,1.339
1997-10-08 18:36,1.337
1997-10-08 18:42,1.334
1997-10-08 18:48,1.332
1997-10-08 18:54,1.330
1997-10-08 19:00,1.328
1997-10-08 19:06,1.327
1997-10-08 19:12,1.326
1997-10-08 19:18,1.325
1997-10-08 19:24,1.324
1997-10-08 19:30,1.324
1997-10-08 19:36,1.323
1997-10-08 19:42,1.323
1997-10-08 19:48,1.324
1997-10-08 19:54,1.324
1997-10-08 20:00,1.325
1997-10-08 20:06,1.326
1997-10-08 20:12,1.328
1997-10-08 20:18,1.329
1997-10-08 20:24,1.331
1997-10-08 20:30,1.333
1997-10-08 20:36,1.336
1997-10-08 20:42,1.338
1997-10-08 20:48,1.341
1997-10-08 20:54,1.344
1997-10-08 21:00,1.348
1997-10-08 21:06,1.352
1997-10-08 21:12,1.355
1997-10-08 21:18,1.360
1997-10-08 21:24,1.364
1997-10-08 21:30,1.368
1997-10-08 21:36,1.373
1997-10-08 21:42,1.378
1997-10-08 21:48,1.383
1997-10-08 21:54,1.389
1997-10-08 22:00,1.394
1997-10-08 22:06,1.400
1997-10-08 22:12,1.406
1997-10-08 22:18,1.412
1997-10-08 22:24,1.418
1997-10-08 22:30,1.424
1997-10-08 22:36,1.431
1997-10-08 22:42,1.437
1997-10-08 22:48,1.444
1997-10-08 22:54,1.451
1997-10-08 23:00,1.457
1997-10-08 23:06,1.464
1997-10-08 23:12,1.471
1997-10-08 23:18,1.478
1997-10-08 23:24,1.485
1997-10-08 23:30,1.492
1997-10-08 23:36,1.499
1997-10-08 23:42,1.506
1997-10-08 23:48,1.513
1997-10-08 23:54,1.520
1997-10-09 00:00,1.527
1997-10-09 00:06,1.534
1997-10-09 00:12,1.541
1997-10-09 00:18,1.548
1997-10-09 00:24,1.555
1997-10-09 00:30,1.561
1997-10-09 00:36,1.568
1997-10-09 00:42,1.574
1997-10-09 00:48,1.581
1997-10-09 00:54,1.587
1997-10-09 01:00,1.593
1997-10-09 01:06,1.600
1997-10-09 01:12,1.606
1997-10-09 01:18,1.612
1997-10-09 01:24,1.617
1997-10-09 01:30,1.623
1997-10-09 01:36,1.629
1997-10-09 01:42,1.634
1997-10-09 01:48,1.639
1997-10-09 01:54,1.645
1997-10-09 02:00,1.650
1997-10-09 02:06,1.655
1997-10-09 02:12,1.659
1997-10-09 02:18,1.664
1997-10-09 02:24,1.669
1997-10-09 02:30,1.673
1997-10-09 02:36,1.677
1997-10-09 02:42,1.681
1997-10-09 02:48,1.685
1997-10-09 02:54,1.689
1997-10-09 03:00,1.693
1997-10-09 03:06,1.696
1997-10-09 03:12,1.699
1997-10-09 03:18,1.703
1997-10-09 03:24,1.706
1997-10-09 03:30,1.708
1997-10-09 03:36,1.711
1997-10-09 03:42,1.714
1997-10-09 03:48,1.716
1997-10-09 03:54,1.718
1997-10-09 04:00,1.720
1997-10-09 04:06,1.722
1997-10-09 04:12,1.723
1997-10-09 04:18,1.725
1997-10-09 04:24,1.726
1997-10-09 04:30,1.728
1997-10-09 04:36,1.729
1997-10-09 04:42,1.729
1997-10-09 04:48,1.730
1997-10-09 04:54,1.731
1997-10-09 05:00,1.731
1997-10-09 05:06,1.731
1997-10-09 05:12,1.732
1997-10-09 05:18,1.732
1997-10-09 05:24,1.732
1997-10-09 05:30,1.732
1997-10-09 05:36,1.731
1997-10-09 05:42,1.731
1997-10-09 05:48,1.731
1997-10-09 05:54,1.730
1997-10-09 06:00,1.730
1997-10-09 06:06,1.729
1997-10-09 06:12,1.728
1997-10-09 06:18,1.727
1997-10-09 06:24,1.727
1997-10-09 06:30,1.726
1997-10-09 06:36,1.725
1997-10-09 06:42,1.724
1997-10-09 06:48,1.723
1997-10-09 06:54,1.722
1997-10-09 07:00,1.721
1997-10-09 07:06,1.720
1997-10-09 07:12,1.719
1997-10-09 07:18,1.718
1997-10-09 07:24,1.717
1997-10-09 07:30,1.716
1997-10-09 07:36,1.715
1997-10-09 07:42,1.714
1997-10-09 07:48,1.713
1997-10-09 07:54,1.712
1997-10-09 08:00,1.710
1997-10-09 08:06,1.709
1997-10-09 08:12,1.708
1997-10-09 08:18,1.707
1997-10-09 08:24,1.706
1997-10-09 08:30,1.704
1997-10-09 08:36,1.703
1997-10-09 08:42,1.702
1997-10-09 08:48,1.700
1997-10-09 08:54,1.699
1997-10-09 09:00,1.698
1997-10-09 09:06,1.696
1997-10-09 09:12,1.695
1997-10-09 09:18,1.694
1997-10-09 09:24,1.692
1997-10-09 09:30,1.691
1997-10-09 09:36,1.690
1997-10-09 09:42,1.688
1997-10-09 09:48,1.687
1997-10-09 09:54,1.686
1997-10-09 10:00,1.684
1997-10-09 10:06,1.683
1997-10-09 10:12,1.682
1997-10-09 10:18,1.680
1997-10-09 10:24,1.679
1997-10-09 10:30,1.678
1997-10-09 10:36,1.677
1997-10-09 10:42,1.675
1997-10-09 10:48,1.674
1997-10-09 10:54,1.673
1997-10-09 11:00,1.671
1997-10-09 11:06,1.670
1997-10-09 11:12,1.668
1997-10-09 11:18,1.667
1997-10-09 11:24,1.665
1997-10-09 11:30,1.664
1997-10-09 11:36,1.662
1997-10-09 11:42,1.661
1997-10-09 11:48,1.659
1997-10-09 11:54,1.657
1997-10-09 12:00,1.655
1997-10-09 12:06,1.653
1997-10-09 12:12,1.651
1997-10-09 12:18,1.649
1997-10-09 12:24,1.647
1997-10-09 12:30,1.644
1997-10-09 12:36,1.642
1997-10-09 12:42,1.639
1997-10-09 12:48,1.637
1997-10-09 12:54,1.634
1997-10-09 13:00,1.631
1997-10-09 13:06,1.628
1997-10-09 13:12,1.625
1997-10-09 13:18,1.622
1997-10-09 13:24,1.618
1997-10-09 13:30,1.615
1997-10-09 13:36,1.612
1997-10-09 13:42,1.608
1997-10-09 13:48,1.605
1997-10-09 13:54,1.601
1997-10-09 14:00,1.597
1997-10-09 14:06,1.593
1997-10-09 14:12,1.589
1997-10-09 14:18,1.585
1997-10-09 14:24,1.581
1997-10-09 14:30,1.577
1997-10-09 14:36,1.573
1997-10-09 14:42,1.569
1997-10-09 14:48,1.565
1997-10-09 14:54,1.560
1997-10-09 15:00,1.556
1997-10-09 15:06,1.552
1997-10-09 15:12,1.547
1997-10-09 15:18,1.542
1997-10-09 15:24,1.538
1997-10-09 15:30,1.533
1997-10-09 15:36,1.528
1997-10-09 15:42,1.523
1997-10-09 15:48,1.518
1997-10-09 15:54,1.513
1997-10-09 16:00,1.508
1997-10-09 16:06,1.503
1997-10-09 16:12,1.498
1997-10-09 16:18,1.493
1997-10-09 16:24,1.487
1997-10-09 16:30,1.482
1997-10-09 16:36,1.476
1997-10-09 16:42,1.471
1997-10-09 16:48,1.465
1997-10-09 16:54,1.460
1997-10-09 17:00,1.454
1997-10-09 17:06,1.449
1997-10-09 17:12,1.443
1997-10-09 17:18,1.437
1997-10-09 17:24,1.432
1997-10-09 17:30,1.426
1997-10-09 17:36,1.421
1997-10-09 17:42,1.415
1997-10-09 17:48,1.410
1997-10-09 17:54,1.405
1997-10-09 18:00,1.400
1997-10-09 18:06,1.395
1997-10-09 18:12,1.390
1997-10-09 18:18,1.385
1997-10-09 18:24,1.380
1997-10-09 18:30,1.376
1997-10-09 18:36,1.371
1997-10-09 18:42,1.367
1997-10-09 18:48,1.363
1997-10-09 18:54,1.360
1997-10-09 19:00,1.356
1997-10-09 19:06,1.353
1997-10-09 19:12,1.349
1997-10-09 19:18,1.347
1997-10-09 19:24,1.344
1997-10-09 19:30,1.341
1997-10-09 19:36,1.339
1997-10-09 19:42,1.337
1997-10-09 19:48,1.335
1997-10-09 19:54,1.333
1997-10-09 20:00,1.332
1997-10-09 20:06,1.330
1997-10-09 20:12,1.329
1997-10-09 20:18,1.328
1997-10-09 20:24,1.328
1997-10-09 20:30,1.327
1997-10-09 20:36,1.327
1997-10-09 20:42,1.327
1997-10-09 20:48,1.327
1997-10-09 20:54,1.328
1997-10-09 21:00,1.329
1997-10-09 21:06,1.329
1997-10-09 21:12,1.331
1997-10-09 21:18,1.332
1997-10-09 21:24,1.334
1997-10-09 21:30,1.335
1997-10-09 21:36,1.338
1997-10-09 21:42,1.340
1997-10-09 21:48,1.342
1997-10-09 21:54,1.345
1997-10-09 22:00,1.348
1997-10-09 22:06,1.352
1997-10-09 22:12,1.355
1997-10-09 22:18,1.359
1997-10-09 22:24,1.363
1997-10-09 22:30,1.367
1997-10-09 22:36,1.372
1997-10-09 22:42,1.377
1997-10-09 22:48,1.382
1997-10-09 22:54,1.387
1997-10-09 23:00,1.392
1997-10-09 23:06,1.398
1997-10-09 23:12,1.404
1997-10-09 23:18,1.410
1997-10-09 23:24,1.416
1997-10-09 23:30,1.422
1997-10-09 23:36,1.429
1997-10-09 23:42,1.435
1997-10-09 23:48,1.442
1997-10-09 23:54,1.449
1997-10-10 00:00,1.456
1997-10-10 00:06,1.463
1997-10-10 00:12,1.469
1997-10-10 00:18,1.476
1997-10-10 00:24,1.483
1997-10-10 00:30,1.490
1997-10-10 00:36,1.497
1997-10-10 00:42,1.505
1997-10-10 00:48,1.512
1997-10-10 00:54,1.518
1997-10-10 01:00,1.525
1997-10-10 01:06,1.532
1997-10-10 01:12,1.539
1997-10-10 01:18,1.546
1997-10-10 01:24,1.553
1997-10-10 01:30,1.559
1997-10-10 01:36,1.566
1997-10-10 01:42,1.572
1997-10-10 01:48,1.579
1997-10-10 01:54,1.585
1997-10-10 02:00,1.592
1997-10-10 02:06,1.598
1997-10-10 02:12,1.604
1997-10-10 02:18,1.610
1997-10-10 02:24,1.616
1997-10-10 02:30,1.622
1997-10-10 02:36,1.628
1997-10-10 02:42,1.634
1997-10-10 02:48,1.639
1997-10-10 02:54,1.645
1997-10-10 03:00,1.650
1997-10-10 03:06,1.656
1997-10-10 03:12,1.661
1997-10-10 03:18,1.666
1997-10-10 03:24,1.671
1997-10-10 03:30,1.675
1997-10-10 03:36,1.680
1997-10-10 03:42,1.684
1997-10-10 03:48,1.688
1997-10-10 03:54,1.692
1997-10-10 04:00,1.696
1997-10-10 04:06,1.700
1997-10-10 04:12,1.703
1997-10-10 04:18,1.707
1997-10-10 04:24,1.710
1997-10-10 04:30,1.712
1997-10-10 04:36,1.715
1997-10-10 04:42,1.717
1997-10-10 04:48,1.719
1997-10-10 04:54,1.721
1997-10-10 05:00,1.723
1997-10-10 05:06,1.724
1997-10-10 05:12,1.726
1997-10-10 05:18,1.727
1997-10-10 05:24,1.728
1997-10-10 05:30,1.728
1997-10-10 05:36,1.729
1997-10-10 05:42,1.729
1997-10-10 05:48,1.730
1997-10-10 05:54,1.730
1997-10-10 06:00,1.730
1997-10-10 06:06,1.730
1997-10-10 06:12,1.730
1997-10-10 06:18,1.729
1997-10-10 06:24,1.729
1997-10-10 06:30,1.728
1997-10-10 06:36,1.728
1997-10-10 06:42,1.727
1997-10-10 06:48,1.727
1997-10-10 06:54,1.726
1997-10-10 07:00,1.726
1997-10-10 07:06,1.725
1997-10-10 07:12,1.724
1997-10-10 07:18,1.723
1997-10-10 07:24,1.723
1997-10-10 07:30,1.722
1997-10-10 07:36,1.721
1997-10-10 07:42,1.720
1997-10-10 07:48,1.719
1997-10-10 07:54,1.718
1997-10-10 08:00,1.717
1997-10-10 08:06,1.716
1997-10-10 08:12,1.715
1997-10-10 08:18,1.714
1997-10-10 08:24,1.712
1997-10-10 08:30,1.711
1997-10-10 08:36,1.710
1997-10-10 08:42,1.708
1997-10-10 08:48,1.707
1997-10-10 08:54,1.706
1997-10-10 09:00,1.704
1997-10-10 09:06,1.702
1997-10-10 09:12,1.701
1997-10-10 09:18,1.699
1997-10-10 09:24,1.697
1997-10-10 09:30,1.696
1997-10-10 09:36,1.694
1997-10-10 09:42,1.692
1997-10-10 09:48,1.691
1997-10-10 09:54,1.689
1997-10-10 10:00,1.687
1997-10-10 10:06,1.685
1997-10-10 10:12,1.684
1997-10-10 10:18,1.682
1997-10-10 10:24,1.680
1997-10-10 10:30,1.679
1997-10-10 10:36,1.677
1997-10-10 10:42,1.676
1997-10-10 10:48,1.675
1997-10-10 10:54,1.673
1997-10-10 11:00,1.672
1997-10-10 11:06,1.671
1997-10-10 11:12,1.669
1997-10-10 11:18,1.668
1997-10-10 11:24,1.667
1997-10-10 11:30,1.666
1997-10-10 11:36,1.665
1997-10-10 11:42,1.664
1997-10-10 11:48,1.663
1997-10-10 11:54,1.662
1997-10-10 12:00,1.661
1997-10-10 12:06,1.660
1997-10-10 12:12,1.659
1997-10-10 12:18,1.658
1997-10-10 12:24,1.656
1997-10-10 12:30,1.655
1997-10-10 12:36,1.654
1997-10-10 12:42,1.653
1997-10-10 12:48,1.651
1997-10-10 12:54,1.650
1997-10-10 13:00,1.648
1997-10-10 13:06,1.646
1997-10-10 13:12,1.645
1997-10-10 13:18,1.643
1997-10-10 13:24,1.641
1997-10-10 13:30,1.639
1997-10-10 13:36,1.637
1997-10-10 13:42,1.635
1997-10-10 13:48,1.633
1997-10-10 13:54,1.630
1997-10-10 14:00,1.628
1997-10-10 14:06,1.625
1997-10-10 14:12,1.623
1997-10-10 14:18,1.620
1997-10-10 14:24,1.618
1997-10-10 14:30,1.615
1997-10-10 14:36,1.613
1997-10-10 14:42,1.610
1997-10-10 14:48,1.607
1997-10-10 14:54,1.604
1997-10-10 15:00,1.601
1997-10-10 15:06,1.598
1997-10-10 15:12,1.595
1997-10-10 15:18,1.592
1997-10-10 15:24,1.589
1997-10-10 15:30,1.586
1997-10-10 15:36,1.582
1997-10-10 15:42,1.579
1997-10-10 15:48,1.575
1997-10-10 15:54,1.572
1997-10-10 16:00,1.568
1997-10-10 16:06,1.564
1997-10-10 16:12,1.560
1997-10-10 16:18,1.556
1997-10-10 16:24,1.552
1997-10-10 16:30,1.548
1997-10-10 16:36,1.543
1997-10-10 16:42,1.538
1997-10-10 16:48,1.534
1997-10-10 16:54,1.529
1997-10-10 17:00,1.524
1997-10-10 17:06,1.519
1997-10-10 17:12,1.513
1997-10-10 17:18,1.508
1997-10-10 17:24,1.503
1997-10-10 17:30,1.497
1997-10-10 17:36,1.491
1997-10-10 17:42,1.486
1997-10-10 17:48,1.480
1997-10-10 17:54,1.474
1997-10-10 18:00,1.469
1997-10-10 18:06,1.463
1997-10-10 18:12,1.457
1997-10-10 18:18,1.452
1997-10-10 18:24,1.446
1997-10-10 18:30,1.440
1997-10-10 18:36,1.435
1997-10-10 18:42,1.430
1997-10-10 18:48,1.424
1997-10-10 18:54,1.419
1997-10-10 19:00,1.414
1997-10-10 19:06,1.409
1997-10-10 19:12,1.405
1997-10-10 19:18,1.400
1997-10-10 19:24,1.395
1997-10-10 19:30,1.391
1997-10-10 19:36,1.387
1997-10-10 19:42,1.383
1997-10-10 19:48,1.379
1997-10-10 19:54,1.376
1997-10-10 20:00,1.372
1997-10-10 20:06,1.369
1997-10-10 20:12,1.366
1997-10-10 20:18,1.363
1997-10-10 20:24,1.360
1997-10-10 20:30,1.357
1997-10-10 20:36,1.355
1997-10-10 20:42,1.352
1997-10-10 20:48,1.350
1997-10-10 20:54,1.348
1997-10-10 21:00,1.346
1997-10-10 21:06,1.345
1997-10-10 21:12,1.343
1997-10-10 21:18,1.342
1997-10-10 21:24,1.341
1997-10-10 21:30,1.340
1997-10-10 21:36,1.339
1997-10-10 21:42,1.338
1997-10-10 21:48,1.338
1997-10-10 21:54,1.338
1997-10-10 22:00,1.338
1997-10-10 22:06,1.338
1997-10-10 22:12,1.339
1997-10-10 22:18,1.340
1997-10-10 22:24,1.341
1997-10-10 22:30,1.342
1997-10-10 22:36,1.344
1997-10-10 22:42,1.346
1997-10-10 22:48,1.348
1997-10-10 22:54,1.351
1997-10-10 23:00,1.354
1997-10-10 23:06,1.357
1997-10-10 23:12,1.360
1997-10-10 23:18,1.364
1997-10-10 23:24,1.368
1997-10-10 23:30,1.372
1997-10-10 23:36,1.376
1997-10-10 23:42,1.381
1997-10-10 23:48,1.386
1997-10-10 23:54,1.391
1997-10-11 00:00,1.396
1997-10-11 00:06,1.402
1997-10-11 00:12,1.407
1997-10-11 00:18,1.413
1997-10-11 00:24,1.419
1997-10-11 00:30,1.425
1997-10-11 00:36,1.432
1997-10-11 00:42,1.438
1997-10-11 00:48,1.444
1997-10-11 00:54,1.451
1997-10-11 01:00,1.458
1997-10-11 01:06,1.464
1997-10-11 01:12,1.471
1997-10-11 01:18,1.478
1997-10-11 01:24,1.484
1997-10-11 01:30,1.491
1997-10-11 01:36,1.498
1997-10-11 01:42,1.505
1997-10-11 01:48,1.512
1997-10-11 01:54,1.518
1997-10-11 02:00,1.525
1997-10-11 02:06,1.532
1997-10-11 02:12,1.539
1997-10-11 02:18,1.546
1997-10-11 02:24,1.552
1997-10-11 02:30,1.559
1997-10-11 02:36,1.566
1997-10-11 02:42,1.572
1997-10-11 02:48,1.579
1997-10-11 02:54,1.586
1997-10-11 03:00,1.592
1997-10-11 03:06,1.599
1997-10-11 03:12,1.605
1997-10-11 03:18,1.611
1997-10-11 03:24,1.618
1997-10-11 03:30,1.624
1997-10-11 03:36,1.630
1997-10-11 03:42,1.636
1997-10-11 03:48,1.641
1997-10-11 03:54,1.647
1997-10-11 04:00,1.652
1997-10-11 04:06,1.658
1997-10-11 04:12,1.663
1997-10-11 04:18,1.668
1997-10-11 04:24,1.672
1997-10-11 04:30,1.677
1997-10-11 04:36,1.681
1997-10-11 04:42,1.685
1997-10-11 04:48,1.689
1997-10-11 04:54,1.692
1997-10-11 05:00,1.696
1997-10-11 05:06,1.699
1997-10-11 05:12,1.702
1997-10-11 05:18,1.704
1997-10-11 05:24,1.706
1997-10-11 05:30,1.708
1997-10-11 05:36,1.710
1997-10-11 05:42,1.712
1997-10-11 05:48,1.713
1997-10-11 05:54,1.714
1997-10-11 06:00,1.715
1997-10-11 06:06,1.716
1997-10-11 06:12,1.716
1997-10-11 06:18,1.717
1997-10-11 06:24,1.717
1997-10-11 06:30,1.717
1997-10-11 06:36,1.717
1997-10-11 06:42,1.717
1997-10-11 06:48,1.717
1997-10-11 06:54,1.716
1997-10-11 07:00,1.716
1997-10-11 07:06,1.715
1997-10-11 07:12,1.715
1997-10-11 07:18,1.714
1997-10-11 07:24,1.713
1997-10-11 07:30,1.713
1997-10-11 07:36,1.712
1997-10-11 07:42,1.711
1997-10-11 07:48,1.710
1997-10-11 07:54,1.709
1997-10-11 08:00,1.708
1997-10-11 08:06,1.707
1997-10-11 08:12,1.706
1997-10-11 08:18,1.705
1997-10-11 08:24,1.704
1997-10-11 08:30,1.703
1997-10-11 08:36,1.701
1997-10-11 08:42,1.700
1997-10-11 08:48,1.698
1997-10-11 08:54,1.697
1997-10-11 09:00,1.695
1997-10-11 09:06,1.694
1997-10-11 09:12,1.692
1997-10-11 09:18,1.690
1997-10-11 09:24,1.688
1997-10-11 09:30,1.686
1997-10-11 09:36,1.684
1997-10-11 09:42,1.682
1997-10-11 09:48,1.680
1997-10-11 09:54,1.678
1997-10-11 10:00,1.676
1997-10-11 10:06,1.674
1997-10-11 10:12,1.672
1997-10-11 10:18,1.670
1997-10-11 10:24,1.668
1997-10-11 10:30,1.666
1997-10-11 10:36,1.664
1997-10-11 10:42,1.663
1997-10-11 10:48,1.661
1997-10-11 10:54,1.659
1997-10-11 11:00,1.657
1997-10-11 11:06,1.656
1997-10-11 11:12,1.654
1997-10-11 11:18,1.653
1997-10-11 11:24,1.652
1997-10-11 11:30,1.651
1997-10-11 11:36,1.650
1997-10-11 11:42,1.649
1997-10-11 11:48,1.648
1997-10-11 11:54,1.647
1997-10-11 12:00,1.646
1997-10-11 12:06,1.646
1997-10-11 12:12,1.645
1997-10-11 12:18,1.645
1997-10-11 12:24,1.644
1997-10-11 12:30,1.644
1997-10-11 12:36,1.643
1997-10-11 12:42,1.643
1997-10-11 12:48,1.643
1997-10-11 12:54,1.642
1997-10-11 13:00,1.642
1997-10-11 13:06,1.642
1997-10-11 13:12,1.641
1997-10-11 13:18,1.641
1997-10-11 13:24,1.640
1997-10-11 13:30,1.640
1997-10-11 13:36,1.639
1997-10-11 13:42,1.639
1997-10-11 13:48,1.638
1997-10-11 13:54,1.638
1997-10-11 14:00,1.637
1997-10-11 14:06,1.636
1997-10-11 14:12,1.636
1997-10-11 14:18,1.635
1997-10-11 14:24,1.634
1997-10-11 14:30,1.633
1997-10-11 14:36,1.633
1997-10-11 14:42,1.632
1997-10-11 14:48,1.631
1997-10-11 14:54,1.630
1997-10-11 15:00,1.629
1997-10-11 15:06,1.628
1997-10-11 15:12,1.627
1997-10-11 15:18,1.625
1997-10-11 15:24,1.624
1997-10-11 15:30,1.623
1997-10-11 15:36,1.622
1997-10-11 15:42,1.620
1997-10-11 15:48,1.619
1997-10-11 15:54,1.617
1997-10-11 16:00,1.615
1997-10-11 16:06,1.614
1997-10-11 16:12,1.612
1997-10-11 16:18,1.610
1997-10-11 16:24,1.608
1997-10-11 16:30,1.605
1997-10-11 16:36,1.603
1997-10-11 16:42,1.600
1997-10-11 16:48,1.597
1997-10-11 16:54,1.594
1997-10-11 17:00,1.591
1997-10-11 17:06,1.588
1997-10-11 17:12,1.584
1997-10-11 17:18,1.580
1997-10-11 17:24,1.576
1997-10-11 17:30,1.572
1997-10-11 17:36,1.568
1997-10-11 17:42,1.564
1997-10-11 17:48,1.559
1997-10-11 17:54,1.554
1997-10-11 18:00,1.549
1997-10-11 18:06,1.544
1997-10-11 18:12,1.539
1997-10-11 18:18,1.534
1997-10-11 18:24,1.529
1997-10-11 18:30,1.524
1997-10-11 18:36,1.518
1997-10-11 18:42,1.513
1997-10-11 18:48,1.507
1997-10-11 18:54,1.502
1997-10-11 19:00,1.496
1997-10-11 19:06,1.491
1997-10-11 19:12,1.486
1997-10-11 19:18,1.480
1997-10-11 19:24,1.475
1997-10-11 19:30,1.470
1997-10-11 19:36,1.465
1997-10-11 19:42,1.459
1997-10-11 19:48,1.454
1997-10-11 19:54,1.450
1997-10-11 20:00,1.445
1997-10-11 20:06,1.440
1997-10-11 20:12,1.435
1997-10-11 20:18,1.431
1997-10-11 20:24,1.426
1997-10-11 20:30,1.422
1997-10-11 20:36,1.418
1997-10-11 20:42,1.414
1997-10-11 20:48,1.410
1997-10-11 20:54,1.406
1997-10-11 21:00,1.402
1997-10-11 21:06,1.398
1997-10-11 21:12,1.395
1997-10-11 21:18,1.391
1997-10-11 21:24,1.388
1997-10-11 21:30,1.384
1997-10-11 21:36,1.381
1997-10-11 21:42,1.378
1997-10-11 21:48,1.376
1997-10-11 21:54,1.373
1997-10-11 22:00,1.370
1997-10-11 22:06,1.368
1997-10-11 22:12,1.366
1997-10-11 22:18,1.364
1997-10-11 22:24,1.362
1997-10-11 22:30,1.361
1997-10-11 22:36,1.359
1997-10-11 22:42,1.358
1997-10-11 22:48,1.357
1997-10-11 22:54,1.357
1997-10-11 23:00,1.356
1997-10-11 23:06,1.356
1997-10-11 23:12,1.357
1997-10-11 23:18,1.357
1997-10-11 23:24,1.358
1997-10-11 23:30,1.359
1997-10-11 23:36,1.361
1997-10-11 23:42,1.362
1997-10-11 23:48,1.364
1997-10-11 23:54,1.367
1997-10-12 00:00,1.369
1997-10-12 00:06,1.372
1997-10-12 00:12,1.375
1997-10-12 00:18,1.378
1997-10-12 00:24,1.382
1997-10-12 00:30,1.386
1997-10-12 00:36,1.390
1997-10-12 00:42,1.394
1997-10-12 00:48,1.399
1997-10-12 00:54,1.404
1997-10-12 01:00,1.408
1997-10-12 01:06,1.414
1997-10-12 01:12,1.419
1997-10-12 01:18,1.424
1997-10-12 01:24,1.430
1997-10-12 01:30,1.435
1997-10-12 01:36,1.441
1997-10-12 01:42,1.447
1997-10-12 01:48,1.453
1997-10-12 01:54,1.459
1997-10-12 02:00,1.466
1997-10-12 02:06,1.472
1997-10-12 02:12,1.478
1997-10-12 02:18,1.485
1997-10-12 02:24,1.491
1997-10-12 02:30,1.498
1997-10-12 02:36,1.504
1997-10-12 02:42,1.511
1997-10-12 02:48,1.518
1997-10-12 02:54,1.524
1997-10-12 03:00,1.531
1997-10-12 03:06,1.538
1997-10-12 03:12,1.545
1997-10-12 03:18,1.552
1997-10-12 03:24,1.558
1997-10-12 03:30,1.565
1997-10-12 03:36,1.572
1997-10-12 03:42,1.578
1997-10-12 03:48,1.585
1997-10-12 03:54,1.591
1997-10-12 04:00,1.598
1997-10-12 04:06,1.604
1997-10-12 04:12,1.610
1997-10-12 04:18,1.616
1997-10-12 04:24,1.622
1997-10-12 04:30,1.628
1997-10-12 04:36,1.633
1997-10-12 04:42,1.639
1997-10-12 04:48,1.644
1997-10-12 04:54,1.649
1997-10-12 05:00,1.653
1997-10-12 05:06,1.658
1997-10-12 05:12,1.662
1997-10-12 05:18,1.666
1997-10-12 05:24,1.670
1997-10-12 05:30,1.673
1997-10-12 05:36,1.677
1997-10-12 05:42,1.679
1997-10-12 05:48,1.682
1997-10-12 05:54,1.685
1997-10-12 06:00,1.687
1997-10-12 06:06,1.689
1997-10-12 06:12,1.690
1997-10-12 06:18,1.692
1997-10-12 06:24,1.693
1997-10-12 06:30,1.694
1997-10-12 06:36,1.695
1997-10-12 06:42,1.695
1997-10-12 06:48,1.695
1997-10-12 06:54,1.696
1997-10-12 07:00,1.696
1997-10-12 07:06,1.696
1997-10-12 07:12,1.695
1997-10-12 07:18,1.695
1997-10-12 07:24,1.694
1997-10-12 07:30,1.694
1997-10-12 07:36,1.693
1997-10-12 07:42,1.692
1997-10-12 07:48,1.691
1997-10-12 07:54,1.690
1997-10-12 08:00,1.689
1997-10-12 08:06,1.688
1997-10-12 08:12,1.686
1997-10-12 08:18,1.685
1997-10-12 08:24,1.684
1997-10-12 08:30,1.682
1997-10-12 08:36,1.681
1997-10-12 08:42,1.679
1997-10-12 08:48,1.677
1997-10-12 08:54,1.675
1997-10-12 09:00,1.673
1997-10-12 09:06,1.671
1997-10-12 09:12,1.669
1997-10-12 09:18,1.667
1997-10-12 09:24,1.665
1997-10-12 09:30,1.663
1997-10-12 09:36,1.661
1997-10-12 09:42,1.658
1997-10-12 09:48,1.656
1997-10-12 09:54,1.654
1997-10-12 10:00,1.651
1997-10-12 10:06,1.649
1997-10-12 10:12,1.646
1997-10-12 10:18,1.644
1997-10-12 10:24,1.641
1997-10-12 10:30,1.639
1997-10-12 10:36,1.637
1997-10-12 10:42,1.634
1997-10-12 10:48,1.632
1997-10-12 10:54,1.630
1997-10-12 11:00,1.628
1997-10-12 11:06,1.626
1997-10-12 11:12,1.624
1997-10-12 11:18,1.622
1997-10-12 11:24,1.620
1997-10-12 11:30,1.618
1997-10-12 11:36,1.617
1997-10-12 11:42,1.615
1997-10-12 11:48,1.614
1997-10-12 11:54,1.613
1997-10-12 12:00,1.612
1997-10-12 12:06,1.611
1997-10-12 12:12,1.610
1997-10-12 12:18,1.610
1997-10-12 12:24,1.609
1997-10-12 12:30,1.609
1997-10-12 12:36,1.608
1997-10-12 12:42,1.608
1997-10-12 12:48,1.608
1997-10-12 12:54,1.608
1997-10-12 13:00,1.609
1997-10-12 13:06,1.609
1997-10-12 13:12,1.609
1997-10-12 13:18,1.610
1997-10-12 13:24,1.610
1997-10-12 13:30,1.611
1997-10-12 13:36,1.612
1997-10-12 13:42,1.612
1997-10-12 13:48,1.613
1997-10-12 13:54,1.614
1997-10-12 14:00,1.615
1997-10-12 14:06,1.616
1997-10-12 14:12,1.617
1997-10-12 14:18,1.618
1997-10-12 14:24,1.619
1997-10-12 14:30,1.620
1997-10-12 14:36,1.621
1997-10-12 14:42,1.622
1997-10-12 14:48,1.623
1997-10-12 14:54,1.624
1997-10-12 15:00,1.625
1997-10-12 15:06,1.626
1997-10-12 15:12,1.627
1997-10-12 15:18,1.628
1997-10-12 15:24,1.630
1997-10-12 15:30,1.631
1997-10-12 15:36,1.632
1997-10-12 15:42,1.633
1997-10-12 15:48,1.633
1997-10-12 15:54,1.634
1997-10-12 16:00,1.635
1997-10-12 16:06,1.636
1997-10-12 16:12,1.636
1997-10-12 16:18,1.637
1997-10-12 16:24,1.637
1997-10-12 16:30,1.637
1997-10-12 16:36,1.638
1997-10-12 16:42,1.638
1997-10-12 16:48,1.637
1997-10-12 16:54,1.637
1997-10-12 17:00,1.636
1997-10-12 17:06,1.636
1997-10-12 17:12,1.635
1997-10-12 17:18,1.634
1997-10-12 17:24,1.633
1997-10-12 17:30,1.631
1997-10-12 17:36,1.629
1997-10-12 17:42,1.627
1997-10-12 17:48,1.625
1997-10-12 17:54,1.623
1997-10-12 18:00,1.620
1997-10-12 18:06,1.618
1997-10-12 18:12,1.615
1997-10-12 18:18,1.612
1997-10-12 18:24,1.608
1997-10-12 18:30,1.605
1997-10-12 18:36,1.601
1997-10-12 18:42,1.597
1997-10-12 18:48,1.593
1997-10-12 18:54,1.589
1997-10-12 19:00,1.585
1997-10-12 19:06,1.581
1997-10-12 19:12,1.576
1997-10-12 19:18,1.572
1997-10-12 19:24,1.567
1997-10-12 19:30,1.562
1997-10-12 19:36,1.557
1997-10-12 19:42,1.553
1997-10-12 19:48,1.548
1997-10-12 19:54,1.543
1997-10-12 20:00,1.538
1997-10-12 20:06,1.533
1997-10-12 20:12,1.528
1997-10-12 20:18,1.523
1997-10-12 20:24,1.518
1997-10-12 20:30,1.513
1997-10-12 20:36,1.508
1997-10-12 20:42,1.503
1997-10-12 20:48,1.498
1997-10-12 20:54,1.493
1997-10-12 21:00,1.488
1997-10-12 21:06,1.483
1997-10-12 21:12,1.478
1997-10-12 21:18,1.473
1997-10-12 21:24,1.468
1997-10-12 21:30,1.464
1997-10-12 21:36,1.459
1997-10-12 21:42,1.454
1997-10-12 21:48,1.450
1997-10-12 21:54,1.445
1997-10-12 22:00,1.441
1997-10-12 22:06,1.437
1997-10-12 22:12,1.433
1997-10-12 22:18,1.429
1997-10-12 22:24,1.425
1997-10-12 22:30,1.421
1997-10-12 22:36,1.417
1997-10-12 22:42,1.414
1997-10-12 22:48,1.411
1997-10-12 22:54,1.408
1997-10-12 23:00,1.405
1997-10-12 23:06,1.402
1997-10-12 23:12,1.399
1997-10-12 23:18,1.397
1997-10-12 23:24,1.395
1997-10-12 23:30,1.393
1997-10-12 23:36,1.392
1997-10-12 23:42,1.390
1997-10-12 23:48,1.389
1997-10-12 23:54,1.388
1997-10-13 00:00,1.388
1997-10-13 00:06,1.387
1997-10-13 00:12,1.387
1997-10-13 00:18,1.388
1997-10-13 00:24,1.388
1997-10-13 00:30,1.389
1997-10-13 00:36,1.390
1997-10-13 00:42,1.391
1997-10-13 00:48,1.393
1997-10-13 00:54,1.395
1997-10-13 01:00,1.397
1997-10-13 01:06,1.399
1997-10-13 01:12,1.402
1997-10-13 01:18,1.404
1997-10-13 01:24,1.407
1997-10-13 01:30,1.411
1997-10-13 01:36,1.414
1997-10-13 01:42,1.418
1997-10-13 01:48,1.422
1997-10-13 01:54,1.426
1997-10-13 02:00,1.431
1997-10-13 02:06,1.435
1997-10-13 02:12,1.440
1997-10-13 02:18,1.445
1997-10-13 02:24,1.450
1997-10-13 02:30,1.455
1997-10-13 02:36,1.461
1997-10-13 02:42,1.466
1997-10-13 02:48,1.472
1997-10-13 02:54,1.478
1997-10-13 03:00,1.484
1997-10-13 03:06,1.490
1997-10-13 03:12,1.496
1997-10-13 03:18,1.502
1997-10-13 03:24,1.508
1997-10-13 03:30,1.514
1997-10-13 03:36,1.521
1997-10-13 03:42,1.527
1997-10-13 03:48,1.534
1997-10-13 03:54,1.540
1997-10-13 04:00,1.546
1997-10-13 04:06,1.553
1997-10-13 04:12,1.559
1997-10-13 04:18,1.565
1997-10-13 04:24,1.571
1997-10-13 04:30,1.578
1997-10-13 04:36,1.584
1997-10-13 04:42,1.589
1997-10-13 04:48,1.595
1997-10-13 04:54,1.601
1997-10-13 05:00,1.606
1997-10-13 05:06,1.612
1997-10-13 05:12,1.617
1997-10-13 05:18,1.622
1997-10-13 05:24,1.626
1997-10-13 05:30,1.631
1997-10-13 05:36,1.635
1997-10-13 05:42,1.639
1997-10-13 05:48,1.643
1997-10-13 05:54,1.647
1997-10-13 06:00,1.650
1997-10-13 06:06,1.653
1997-10-13 06:12,1.656
1997-10-13 06:18,1.658
1997-10-13 06:24,1.661
1997-10-13 06:30,1.663
1997-10-13 06:36,1.665
1997-10-13 06:42,1.666
1997-10-13 06:48,1.668
1997-10-13 06:54,1.669
1997-10-13 07:00,1.670
1997-10-13 07:06,1.670
1997-10-13 07:12,1.671
1997-10-13 07:18,1.671
1997-10-13 07:24,1.671
1997-10-13 07:30,1.671
1997-10-13 07:36,1.670
1997-10-13 07:42,1.670
1997-10-13 07:48,1.669
1997-10-13 07:54,1.668
1997-10-13 08:00,1.667
1997-10-13 08:06,1.665
1997-10-13 08:12,1.664
1997-10-13 08:18,1.662
1997-10-13 08:24,1.660
1997-10-13 08:30,1.658
1997-10-13 08:36,1.656
1997-10-13 08:42,1.654
1997-10-13 08:48,1.652
1997-10-13 08:54,1.650
1997-10-13 09:00,1.647
1997-10-13 09:06,1.644
1997-10-13 09:12,1.642
1997-10-13 09:18,1.639
1997-10-13 09:24,1.636
1997-10-13 09:30,1.633
1997-10-13 09:36,1.630
1997-10-13 09:42,1.627
1997-10-13 09:48,1.624
1997-10-13 09:54,1.621
1997-10-13 10:00,1.618
1997-10-13 10:06,1.615
1997-10-13 10:12,1.612
1997-10-13 10:18,1.609
1997-10-13 10:24,1.605
1997-10-13 10:30,1.602
1997-10-13 10:36,1.599
1997-10-13 10:42,1.596
1997-10-13 10:48,1.593
1997-10-13 10:54,1.590
1997-10-13 11:00,1.587
1997-10-13 11:06,1.584
1997-10-13 11:12,1.582
1997-10-13 11:18,1.579
1997-10-13 11:24,1.576
1997-10-13 11:30,1.574
1997-10-13 11:36,1.572
1997-10-13 11:42,1.569
1997-10-13 11:48,1.567
1997-10-13 11:54,1.565
1997-10-13 12:00,1.563
1997-10-13 12:06,1.562
1997-10-13 12:12,1.560
1997-10-13 12:18,1.559
1997-10-13 12:24,1.558
1997-10-13 12:30,1.556
1997-10-13 12:36,1.555
1997-10-13 12:42,1.555
1997-10-13 12:48,1.554
1997-10-13 12:54,1.554
1997-10-13 13:00,1.554
1997-10-13 13:06,1.553
1997-10-13 13:12,1.554
1997-10-13 13:18,1.554
1997-10-13 13:24,1.554
1997-10-13 13:30,1.555
1997-10-13 13:36,1.556
1997-10-13 13:42,1.557
1997-10-13 13:48,1.558
1997-10-13 13:54,1.559
1997-10-13 14:00,1.561
1997-10-13 14:06,1.563
1997-10-13 14:12,1.564
1997-10-13 14:18,1.566
1997-10-13 14:24,1.568
1997-10-13 14:30,1.571
1997-10-13 14:36,1.573
1997-10-13 14:42,1.576
1997-10-13 14:48,1.578
1997-10-13 14:54,1.581
1997-10-13 15:00,1.584
1997-10-13 15:06,1.587
1997-10-13 15:12,1.590
1997-10-13 15:18,1.593
1997-10-13 15:24,1.596
1997-10-13 15:30,1.599
1997-10-13 15:36,1.602
1997-10-13 15:42,1.605
1997-10-13 15:48,1.609
1997-10-13 15:54,1.612
1997-10-13 16:00,1.615
1997-10-13 16:06,1.618
1997-10-13 16:12,1.621
1997-10-13 16:18,1.625
1997-10-13 16:24,1.628
1997-10-13 16:30,1.631
1997-10-13 16:36,1.633
1997-10-13 16:42,1.636
1997-10-13 16:48,1.639
1997-10-13 16:54,1.641
1997-10-13 17:00,1.644
1997-10-13 17:06,1.646
1997-10-13 17:12,1.648
1997-10-13 17:18,1.650
1997-10-13 17:24,1.652
1997-10-13 17:30,1.654
1997-10-13 17:36,1.655
1997-10-13 17:42,1.657
1997-10-13 17:48,1.658
1997-10-13 17:54,1.659
1997-10-13 18:00,1.659
1997-10-13 18:06,1.660
1997-10-13 18:12,1.660
1997-10-13 18:18,1.660
1997-10-13 18:24,1.660
1997-10-13 18:30,1.660
1997-10-13 18:36,1.659
1997-10-13 18:42,1.658
1997-10-13 18:48,1.657
1997-10-13 18:54,1.656
1997-10-13 19:00,1.655
1997-10-13 19:06,1.653
1997-10-13 19:12,1.651
1997-10-13 19:18,1.649
1997-10-13 19:24,1.647
1997-10-13 19:30,1.644
1997-10-13 19:36,1.642
1997-10-13 19:42,1.639
1997-10-13 19:48,1.636
1997-10-13 19:54,1.633
1997-10-13 20:00,1.629
1997-10-13 20:06,1.626
1997-10-13 20:12,1.622
1997-10-13 20:18,1.618
1997-10-13 20:24,1.614
1997-10-13 20:30,1.610
1997-10-13 20:36,1.605
1997-10-13 20:42,1.601
1997-10-13 20:48,1.596
1997-10-13 20:54,1.592
1997-10-13 21:00,1.587
1997-10-13 21:06,1.582
1997-10-13 21:12,1.577
1997-10-13 21:18,1.572
1997-10-13 21:24,1.567
1997-10-13 21:30,1.562
1997-10-13 21:36,1.557
1997-10-13 21:42,1.552
1997-10-13 21:48,1.547
1997-10-13 21:54,1.542
1997-10-13 22:00,1.537
1997-10-13 22:06,1.532
1997-10-13 22:12,1.526
1997-10-13 22:18,1.521
1997-10-13 22:24,1.516
1997-10-13 22:30,1.512
1997-10-13 22:36,1.507
1997-10-13 22:42,1.502
1997-10-13 22:48,1.497
1997-10-13 22:54,1.493
1997-10-13 23:00,1.488
1997-10-13 23:06,1.484
1997-10-13 23:12,1.480
1997-10-13 23:18,1.476
1997-10-13 23:24,1.472
1997-10-13 23:30,1.468
1997-10-13 23:36,1.464
1997-10-13 23:42,1.460
1997-10-13 23:48,1.457
1997-10-13 23:54,1.454
1997-10-14 00:00,1.451
1997-10-14 00:06,1.448
1997-10-14 00:12,1.445
1997-10-14 00:18,1.443
1997-10-14 00:24,1.440
1997-10-14 00:30,1.438
1997-10-14 00:36,1.436
1997-10-14 00:42,1.435
1997-10-14 00:48,1.433
1997-10-14 00:54,1.432
1997-10-14 01:00,1.431
1997-10-14 01:06,1.430
1997-10-14 01:12,1.430
1997-10-14 01:18,1.429
1997-10-14 01:24,1.429
1997-10-14 01:30,1.429
1997-10-14 01:36,1.430
1997-10-14 01:42,1.431
1997-10-14 01:48,1.432
1997-10-14 01:54,1.433
1997-10-14 02:00,1.435
1997-10-14 02:06,1.436
1997-10-14 02:12,1.439
1997-10-14 02:18,1.441
1997-10-14 02:24,1.444
1997-10-14 02:30,1.446
1997-10-14 02:36,1.450
1997-10-14 02:42,1.453
1997-10-14 02:48,1.456
1997-10-14 02:54,1.460
1997-10-14 03:00,1.464
1997-10-14 03:06,1.468
1997-10-14 03:12,1.473
1997-10-14 03:18,1.477
1997-10-14 03:24,1.482
1997-10-14 03:30,1.487
1997-10-14 03:36,1.492
1997-10-14 03:42,1.497
1997-10-14 03:48,1.502
1997-10-14 03:54,1.508
1997-10-14 04:00,1.513
1997-10-14 04:06,1.518
1997-10-14 04:12,1.524
1997-10-14 04:18,1.529
1997-10-14 04:24,1.535
1997-10-14 04:30,1.540
1997-10-14 04:36,1.546
1997-10-14 04:42,1.551
1997-10-14 04:48,1.557
1997-10-14 04:54,1.562
1997-10-14 05:00,1.567
1997-10-14 05:06,1.573
1997-10-14 05:12,1.578
1997-10-14 05:18,1.583
1997-10-14 05:24,1.588
1997-10-14 05:30,1.592
1997-10-14 05:36,1.597
1997-10-14 05:42,1.601
1997-10-14 05:48,1.606
1997-10-14 05:54,1.610
1997-10-14 06:00,1.614
1997-10-14 06:06,1.618
1997-10-14 06:12,1.621
1997-10-14 06:18,1.625
1997-10-14 06:24,1.628
1997-10-14 06:30,1.631
1997-10-14 06:36,1.634
1997-10-14 06:42,1.636
1997-10-14 06:48,1.639
1997-10-14 06:54,1.641
1997-10-14 07:00,1.642
1997-10-14 07:06,1.644
1997-10-14 07:12,1.645
1997-10-14 07:18,1.647
1997-10-14 07:24,1.647
1997-10-14 07:30,1.648
1997-10-14 07:36,1.648
1997-10-14 07:42,1.648
1997-10-14 07:48,1.648
1997-10-14 07:54,1.648
1997-10-14 08:00,1.647
1997-10-14 08:06,1.646
1997-10-14 08:12,1.645
1997-10-14 08:18,1.643
1997-10-14 08:24,1.642
1997-10-14 08:30,1.640
1997-10-14 08:36,1.638
1997-10-14 08:42,1.635
1997-10-14 08:48,1.633
1997-10-14 08:54,1.630
1997-10-14 09:00,1.627
1997-10-14 09:06,1.624
1997-10-14 09:12,1.620
1997-10-14 09:18,1.617
1997-10-14 09:24,1.613
1997-10-14 09:30,1.609
1997-10-14 09:36,1.605
1997-10-14 09:42,1.601
1997-10-14 09:48,1.597
1997-10-14 09:54,1.593
1997-10-14 10:00,1.589
1997-10-14 10:06,1.585
1997-10-14 10:12,1.581
1997-10-14 10:18,1.577
1997-10-14 10:24,1.572
1997-10-14 10:30,1.568
1997-10-14 10:36,1.564
1997-10-14 10:42,1.560
1997-10-14 10:48,1.556
1997-10-14 10:54,1.551
1997-10-14 11:00,1.547
1997-10-14 11:06,1.543
1997-10-14 11:12,1.540
1997-10-14 11:18,1.536
1997-10-14 11:24,1.532
1997-10-14 11:30,1.529
1997-10-14 11:36,1.525
1997-10-14 11:42,1.522
1997-10-14 11:48,1.518
1997-10-14 11:54,1.515
1997-10-14 12:00,1.512
1997-10-14 12:06,1.509
1997-10-14 12:12,1.506
1997-10-14 12:18,1.504
1997-10-14 12:24,1.501
1997-10-14 12:30,1.499
1997-10-14 12:36,1.497
1997-10-14 12:42,1.495
1997-10-14 12:48,1.493
1997-10-14 12:54,1.491
1997-10-14 13:00,1.490
1997-10-14 13:06,1.489
1997-10-14 13:12,1.488
1997-10-14 13:18,1.487
1997-10-14 13:24,1.486
1997-10-14 13:30,1.486
1997-10-14 13:36,1.486
1997-10-14 13:42,1.486
1997-10-14 13:48,1.486
1997-10-14 13:54,1.487
1997-10-14 14:00,1.488
1997-10-14 14:06,1.489
1997-10-14 14:12,1.490
1997-10-14 14:18,1.492
1997-10-14 14:24,1.494
1997-10-14 14:30,1.496
1997-10-14 14:36,1.498
1997-10-14 14:42,1.501
1997-10-14 14:48,1.504
1997-10-14 14:54,1.507
1997-10-14 15:00,1.511
1997-10-14 15:06,1.514
1997-10-14 15:12,1.518
1997-10-14 15:18,1.522
1997-10-14 15:24,1.526
1997-10-14 15:30,1.531
1997-10-14 15:36,1.535
1997-10-14 15:42,1.540
1997-10-14 15:48,1.544
1997-10-14 15:54,1.549
1997-10-14 16:00,1.554
1997-10-14 16:06,1.559
1997-10-14 16:12,1.565
1997-10-14 16:18,1.570
1997-10-14 16:24,1.575
1997-10-14 16:30,1.580
1997-10-14 16:36,1.585
1997-10-14 16:42,1.590
1997-10-14 16:48,1.596
1997-10-14 16:54,1.601
1997-10-14 17:00,1.606
1997-10-14 17:06,1.611
1997-10-14 17:12,1.616
1997-10-14 17:18,1.621
1997-10-14 17:24,1.625
1997-10-14 17:30,1.630
1997-10-14 17:36,1.635
1997-10-14 17:42,1.639
1997-10-14 17:48,1.643
1997-10-14 17:54,1.647
1997-10-14 18:00,1.652
1997-10-14 18:06,1.655
1997-10-14 18:12,1.659
1997-10-14 18:18,1.663
1997-10-14 18:24,1.666
1997-10-14 18:30,1.669
1997-10-14 18:36,1.672
1997-10-14 18:42,1.675
1997-10-14 18:48,1.678
1997-10-14 18:54,1.680
1997-10-14 19:00,1.683
1997-10-14 19:06,1.685
1997-10-14 19:12,1.686
1997-10-14 19:18,1.688
1997-10-14 19:24,1.689
1997-10-14 19:30,1.690
1997-10-14 19:36,1.691
1997-10-14 19:42,1.692
1997-10-14 19:48,1.692
1997-10-14 19:54,1.692
1997-10-14 20:00,1.692
1997-10-14 20:06,1.692
1997-10-14 20:12,1.691
1997-10-14 20:18,1.690
1997-10-14 20:24,1.688
1997-10-14 20:30,1.687
1997-10-14 20:36,1.685
1997-10-14 20:42,1.683
1997-10-14 20:48,1.680
1997-10-14 20:54,1.678
1997-10-14 21:00,1.675
1997-10-14 21:06,1.672
1997-10-14 21:12,1.668
1997-10-14 21:18,1.665
1997-10-14 21:24,1.661
1997-10-14 21:30,1.657
1997-10-14 21:36,1.653
1997-10-14 21:42,1.649
1997-10-14 21:48,1.645
1997-10-14 21:54,1.640
1997-10-14 22:00,1.636
1997-10-14 22:06,1.631
1997-10-14 22:12,1.626
1997-10-14 22:18,1.621
1997-10-14 22:24,1.617
1997-10-14 22:30,1.612
1997-10-14 22:36,1.607
1997-10-14 22:42,1.602
1997-10-14 22:48,1.597
1997-10-14 22:54,1.592
1997-10-14 23:00,1.588
1997-10-14 23:06,1.583
1997-10-14 23:12,1.578
1997-10-14 23:18,1.573
1997-10-14 23:24,1.569
1997-10-14 23:30,1.564
1997-10-14 23:36,1.559
1997-10-14 23:42,1.555
1997-10-14 23:48,1.551
1997-10-14 23:54,1.546
1997-10-15 00:00,1.542
1997-10-15 00:06,1.538
1997-10-15 00:12,1.534
1997-10-15 00:18,1.530
1997-10-15 00:24,1.526
1997-10-15 00:30,1.522
1997-10-15 00:36,1.518
1997-10-15 00:42,1.514
1997-10-15 00:48,1.511
1997-10-15 00:54,1.507
1997-10-15 01:00,1.504
1997-10-15 01:06,1.501
1997-10-15 01:12,1.498
1997-10-15 01:18,1.495
1997-10-15 01:24,1.493
1997-10-15 01:30,1.490
1997-10-15 01:36,1.488
1997-10-15 01:42,1.486
1997-10-15 01:48,1.484
1997-10-15 01:54,1.483
1997-10-15 02:00,1.481
1997-10-15 02:06,1.480
1997-10-15 02:12,1.479
1997-10-15 02:18,1.479
1997-10-15 02:24,1.478
1997-10-15 02:30,1.478
1997-10-15 02:36,1.479
1997-10-15 02:42,1.479
1997-10-15 02:48,1.480
1997-10-15 02:54,1.481
1997-10-15 03:00,1.482
1997-10-15 03:06,1.484
1997-10-15 03:12,1.486
1997-10-15 03:18,1.488
1997-10-15 03:24,1.490
1997-10-15 03:30,1.493
1997-10-15 03:36,1.495
1997-10-15 03:42,1.498
1997-10-15 03:48,1.502
1997-10-15 03:54,1.505
1997-10-15 04:00,1.508
1997-10-15 04:06,1.512
1997-10-15 04:12,1.516
1997-10-15 04:18,1.520
1997-10-15 04:24,1.524
1997-10-15 04:30,1.528
1997-10-15 04:36,1.532
1997-10-15 04:42,1.536
1997-10-15 04:48,1.540
1997-10-15 04:54,1.544
1997-10-15 05:00,1.549
1997-10-15 05:06,1.553
1997-10-15 05:12,1.557
1997-10-15 05:18,1.561
1997-10-15 05:24,1.565
1997-10-15 05:30,1.569
1997-10-15 05:36,1.574
1997-10-15 05:42,1.578
1997-10-15 05:48,1.581
1997-10-15 05:54,1.585
1997-10-15 06:00,1.589
1997-10-15 06:06,1.593
1997-10-15 06:12,1.596
1997-10-15 06:18,1.600
1997-10-15 06:24,1.603
1997-10-15 06:30,1.606
1997-10-15 06:36,1.610
1997-10-15 06:42,1.612
1997-10-15 06:48,1.615
1997-10-15 06:54,1.618
1997-10-15 07:00,1.620
1997-10-15 07:06,1.623
1997-10-15 07:12,1.625
1997-10-15 07:18,1.627
1997-10-15 07:24,1.628
1997-10-15 07:30,1.630
1997-10-15 07:36,1.631
1997-10-15 07:42,1.632
1997-10-15 07:48,1.633
1997-10-15 07:54,1.633
1997-10-15 08:00,1.633
1997-10-15 08:06,1.633
1997-10-15 08:12,1.633
1997-10-15 08:18,1.632
1997-10-15 08:24,1.631
1997-10-15 08:30,1.629
1997-10-15 08:36,1.628
1997-10-15 08:42,1.626
1997-10-15 08:48,1.623
1997-10-15 08:54,1.621
1997-10-15 09:00,1.618
1997-10-15 09:06,1.615
1997-10-15 09:12,1.611
1997-10-15 09:18,1.608
1997-10-15 09:24,1.604
1997-10-15 09:30,1.600
1997-10-15 09:36,1.595
1997-10-15 09:42,1.591
1997-10-15 09:48,1.586
1997-10-15 09:54,1.581
1997-10-15 10:00,1.576
1997-10-15 10:06,1.571
1997-10-15 10:12,1.566
1997-10-15 10:18,1.560
1997-10-15 10:24,1.555
1997-10-15 10:30,1.550
1997-10-15 10:36,1.544
1997-10-15 10:42,1.539
1997-10-15 10:48,1.533
1997-10-15 10:54,1.528
1997-10-15 11:00,1.522
1997-10-15 11:06,1.517
1997-10-15 11:12,1.512
1997-10-15 11:18,1.506
1997-10-15 11:24,1.501
1997-10-15 11:30,1.496
1997-10-15 11:36,1.491
1997-10-15 11:42,1.486
1997-10-15 11:48,1.481
1997-10-15 11:54,1.477
1997-10-15 12:00,1.472
1997-10-15 12:06,1.468
1997-10-15 12:12,1.463
1997-10-15 12:18,1.459
1997-10-15 12:24,1.455
1997-10-15 12:30,1.451
1997-10-15 12:36,1.448
1997-10-15 12:42,1.444
1997-10-15 12:48,1.440
1997-10-15 12:54,1.437
1997-10-15 13:00,1.434
1997-10-15 13:06,1.431
1997-10-15 13:12,1.428
1997-10-15 13:18,1.426
1997-10-15 13:24,1.424
1997-10-15 13:30,1.422
1997-10-15 13:36,1.420
1997-10-15 13:42,1.418
1997-10-15 13:48,1.417
1997-10-15 13:54,1.416
1997-10-15 14:00,1.415
1997-10-15 14:06,1.414
1997-10-15 14:12,1.414
1997-10-15 14:18,1.414
1997-10-15 14:24,1.415
1997-10-15 14:30,1.416
1997-10-15 14:36,1.417
1997-10-15 14:42,1.418
1997-10-15 14:48,1.420
1997-10-15 14:54,1.422
1997-10-15 15:00,1.424
1997-10-15 15:06,1.427
1997-10-15 15:12,1.430
1997-10-15 15:18,1.434
1997-10-15 15:24,1.437
1997-10-15 15:30,1.441
1997-10-15 15:36,1.446
1997-10-15 15:42,1.450
1997-10-15 15:48,1.455
1997-10-15 15:54,1.460
1997-10-15 16:00,1.466
1997-10-15 16:06,1.471
1997-10-15 16:12,1.477
1997-10-15 16:18,1.483
1997-10-15 16:24,1.489
1997-10-15 16:30,1.495
1997-10-15 16:36,1.502
1997-10-15 16:42,1.508
1997-10-15 16:48,1.515
1997-10-15 16:54,1.521
1997-10-15 17:00,1.528
1997-10-15 17:06,1.535
1997-10-15 17:12,1.542
1997-10-15 17:18,1.548
1997-10-15 17:24,1.555
1997-10-15 17:30,1.562
1997-10-15 17:36,1.569
1997-10-15 17:42,1.576
1997-10-15 17:48,1.582
1997-10-15 17:54,1.589
1997-10-15 18:00,1.596
1997-10-15 18:06,1.602
1997-10-15 18:12,1.609
1997-10-15 18:18,1.616
1997-10-15 18:24,1.622
1997-10-15 18:30,1.628
1997-10-15 18:36,1.635
1997-10-15 18:42,1.641
1997-10-15 18:48,1.647
1997-10-15 18:54,1.653
1997-10-15 19:00,1.658
1997-10-15 19:06,1.664
1997-10-15 19:12,1.669
1997-10-15 19:18,1.675
1997-10-15 19:24,1.680
1997-10-15 19:30,1.685
1997-10-15 19:36,1.689
1997-10-15 19:42,1.694
1997-10-15 19:48,1.698
1997-10-15 19:54,1.702
1997-10-15 20:00,1.706
1997-10-15 20:06,1.709
1997-10-15 20:12,1.712
1997-10-15 20:18,1.715
1997-10-15 20:24,1.717
1997-10-15 20:30,1.720
1997-10-15 20:36,1.721
1997-10-15 20:42,1.723
1997-10-15 20:48,1.724
1997-10-15 20:54,1.725
1997-10-15 21:00,1.725
1997-10-15 21:06,1.726
1997-10-15 21:12,1.725
1997-10-15 21:18,1.725
1997-10-15 21:24,1.724
1997-10-15 21:30,1.723
1997-10-15 21:36,1.722
1997-10-15 21:42,1.720
1997-10-15 21:48,1.718
1997-10-15 21:54,1.716
1997-10-15 22:00,1.713
1997-10-15 22:06,1.711
1997-10-15 22:12,1.708
1997-10-15 22:18,1.705
1997-10-15 22:24,1.701
1997-10-15 22:30,1.698
1997-10-15 22:36,1.694
1997-10-15 22:42,1.691
1997-10-15 22:48,1.687
1997-10-15 22:54,1.683
1997-10-15 23:00,1.679
1997-10-15 23:06,1.675
1997-10-15 23:12,1.671
1997-10-15 23:18,1.667
1997-10-15 23:24,1.663
1997-10-15 23:30,1.659
1997-10-15 23:36,1.655
1997-10-15 23:42,1.650
1997-10-15 23:48,1.646
1997-10-15 23:54,1.642
1997-10-16 00:00,1.638
1997-10-16 00:06,1.634
1997-10-16 00:12,1.630
1997-10-16 00:18,1.625
1997-10-16 00:24,1.621
1997-10-16 00:30,1.617
1997-10-16 00:36,1.613
1997-10-16 00:42,1.609
1997-10-16 00:48,1.604
1997-10-16 00:54,1.600
1997-10-16 01:00,1.596
1997-10-16 01:06,1.592
1997-10-16 01:12,1.588
1997-10-16 01:18,1.584
1997-10-16 01:24,1.580
1997-10-16 01:30,1.577
1997-10-16 01:36,1.573
1997-10-16 01:42,1.569
1997-10-16 01:48,1.566
1997-10-16 01:54,1.562
1997-10-16 02:00,1.559
1997-10-16 02:06,1.556
1997-10-16 02:12,1.553
1997-10-16 02:18,1.550
1997-10-16 02:24,1.547
1997-10-16 02:30,1.545
1997-10-16 02:36,1.543
1997-10-16 02:42,1.541
1997-10-16 02:48,1.539
1997-10-16 02:54,1.537
1997-10-16 03:00,1.536
1997-10-16 03:06,1.535
1997-10-16 03:12,1.534
1997-10-16 03:18,1.533
1997-10-16 03:24,1.533
1997-10-16 03:30,1.533
1997-10-16 03:36,1.533
1997-10-16 03:42,1.533
1997-10-16 03:48,1.534
1997-10-16 03:54,1.535
1997-10-16 04:00,1.536
1997-10-16 04:06,1.537
1997-10-16 04:12,1.539
1997-10-16 04:18,1.540
1997-10-16 04:24,1.542
1997-10-16 04:30,1.544
1997-10-16 04:36,1.546
1997-10-16 04:42,1.548
1997-10-16 04:48,1.551
1997-10-16 04:54,1.553
1997-10-16 05:00,1.555
1997-10-16 05:06,1.558
1997-10-16 05:12,1.561
1997-10-16 05:18,1.563
1997-10-16 05:24,1.566
1997-10-16 05:30,1.569
1997-10-16 05:36,1.572
1997-10-16 05:42,1.574
1997-10-16 05:48,1.577
1997-10-16 05:54,1.580
1997-10-16 06:00,1.583
1997-10-16 06:06,1.586
1997-10-16 06:12,1.589
1997-10-16 06:18,1.591
1997-10-16 06:24,1.594
1997-10-16 06:30,1.597
1997-10-16 06:36,1.600
1997-10-16 06:42,1.602
1997-10-16 06:48,1.605
1997-10-16 06:54,1.607
1997-10-16 07:00,1.610
1997-10-16 07:06,1.612
1997-10-16 07:12,1.614
1997-10-16 07:18,1.616
1997-10-16 07:24,1.618
1997-10-16 07:30,1.620
1997-10-16 07:36,1.622
1997-10-16 07:42,1.623
1997-10-16 07:48,1.624
1997-10-16 07:54,1.625
1997-10-16 08:00,1.626
1997-10-16 08:06,1.627
1997-10-16 08:12,1.627
1997-10-16 08:18,1.627
1997-10-16 08:24,1.627
1997-10-16 08:30,1.627
1997-10-16 08:36,1.626
1997-10-16 08:42,1.625
1997-10-16 08:48,1.624
1997-10-16 08:54,1.622
1997-10-16 09:00,1.620
1997-10-16 09:06,1.617
1997-10-16 09:12,1.615
1997-10-16 09:18,1.612
1997-10-16 09:24,1.608
1997-10-16 09:30,1.605
1997-10-16 09:36,1.601
1997-10-16 09:42,1.596
1997-10-16 09:48,1.592
1997-10-16 09:54,1.587
1997-10-16 10:00,1.582
1997-10-16 10:06,1.577
1997-10-16 10:12,1.571
1997-10-16 10:18,1.565
1997-10-16 10:24,1.560
1997-10-16 10:30,1.553
1997-10-16 10:36,1.547
1997-10-16 10:42,1.541
1997-10-16 10:48,1.535
1997-10-16 10:54,1.528
1997-10-16 11:00,1.522
1997-10-16 11:06,1.515
1997-10-16 11:12,1.508
1997-10-16 11:18,1.502
1997-10-16 11:24,1.495
1997-10-16 11:30,1.489
1997-10-16 11:36,1.482
1997-10-16 11:42,1.476
1997-10-16 11:48,1.469
1997-10-16 11:54,1.463
1997-10-16 12:00,1.457
1997-10-16 12:06,1.451
1997-10-16 12:12,1.445
1997-10-16 12:18,1.439
1997-10-16 12:24,1.433
1997-10-16 12:30,1.427
1997-10-16 12:36,1.422
1997-10-16 12:42,1.417
1997-10-16 12:48,1.411
1997-10-16 12:54,1.406
1997-10-16 13:00,1.401
1997-10-16 13:06,1.396
1997-10-16 13:12,1.392
1997-10-16 13:18,1.387
1997-10-16 13:24,1.383
1997-10-16 13:30,1.379
1997-10-16 13:36,1.375
1997-10-16 13:42,1.372
1997-10-16 13:48,1.368
1997-10-16 13:54,1.365
1997-10-16 14:00,1.362
1997-10-16 14:06,1.359
1997-10-16 14:12,1.357
1997-10-16 14:18,1.355
1997-10-16 14:24,1.353
1997-10-16 14:30,1.352
1997-10-16 14:36,1.351
1997-10-16 14:42,1.350
1997-10-16 14:48,1.350
1997-10-16 14:54,1.350
1997-10-16 15:00,1.350
1997-10-16 15:06,1.351
1997-10-16 15:12,1.352
1997-10-16 15:18,1.353
1997-10-16 15:24,1.355
1997-10-16 15:30,1.357
1997-10-16 15:36,1.360
1997-10-16 15:42,1.363
1997-10-16 15:48,1.366
1997-10-16 15:54,1.370
1997-10-16 16:00,1.374
1997-10-16 16:06,1.378
1997-10-16 16:12,1.383
1997-10-16 16:18,1.387
1997-10-16 16:24,1.393
1997-10-16 16:30,1.398
1997-10-16 16:36,1.404
1997-10-16 16:42,1.410
1997-10-16 16:48,1.416
1997-10-16 16:54,1.423
1997-10-16 17:00,1.430
1997-10-16 17:06,1.437
1997-10-16 17:12,1.444
1997-10-16 17:18,1.451
1997-10-16 17:24,1.459
1997-10-16 17:30,1.466
1997-10-16 17:36,1.474
1997-10-16 17:42,1.482
1997-10-16 17:48,1.489
1997-10-16 17:54,1.497
1997-10-16 18:00,1.505
1997-10-16 18:06,1.514
1997-10-16 18:12,1.522
1997-10-16 18:18,1.530
1997-10-16 18:24,1.538
1997-10-16 18:30,1.546
1997-10-16 18:36,1.555
1997-10-16 18:42,1.563
1997-10-16 18:48,1.571
1997-10-16 18:54,1.580
1997-10-16 19:00,1.588
1997-10-16 19:06,1.596
1997-10-16 19:12,1.604
1997-10-16 19:18,1.612
1997-10-16 19:24,1.620
1997-10-16 19:30,1.628
1997-10-16 19:36,1.636
1997-10-16 19:42,1.643
1997-10-16 19:48,1.651
1997-10-16 19:54,1.658
1997-10-16 20:00,1.665
1997-10-16 20:06,1.672
1997-10-16 20:12,1.679
1997-10-16 20:18,1.685
1997-10-16 20:24,1.692
1997-10-16 20:30,1.698
1997-10-16 20:36,1.703
1997-10-16 20:42,1.709
1997-10-16 20:48,1.714
1997-10-16 20:54,1.718
1997-10-16 21:00,1.723
1997-10-16 21:06,1.727
1997-10-16 21:12,1.731
1997-10-16 21:18,1.734
1997-10-16 21:24,1.737
1997-10-16 21:30,1.740
1997-10-16 21:36,1.742
1997-10-16 21:42,1.744
1997-10-16 21:48,1.745
1997-10-16 21:54,1.747
1997-10-16 22:00,1.748
1997-10-16 22:06,1.748
1997-10-16 22:12,1.748
1997-10-16 22:18,1.748
1997-10-16 22:24,1.748
1997-10-16 22:30,1.748
1997-10-16 22:36,1.747
1997-10-16 22:42,1.746
1997-10-16 22:48,1.744
1997-10-16 22:54,1.743
1997-10-16 23:00,1.741
1997-10-16 23:06,1.739
1997-10-16 23:12,1.737
1997-10-16 23:18,1.735
1997-10-16 23:24,1.732
1997-10-16 23:30,1.730
1997-10-16 23:36,1.727
1997-10-16 23:42,1.725
1997-10-16 23:48,1.722
1997-10-16 23:54,1.719
1997-10-17 00:00,1.716
1997-10-17 00:06,1.713
1997-10-17 00:12,1.710
1997-10-17 00:18,1.706
1997-10-17 00:24,1.703
1997-10-17 00:30,1.700
1997-10-17 00:36,1.696
1997-10-17 00:42,1.693
1997-10-17 00:48,1.689
1997-10-17 00:54,1.686
1997-10-17 01:00,1.682
1997-10-17 01:06,1.678
1997-10-17 01:12,1.675
1997-10-17 01:18,1.671
1997-10-17 01:24,1.667
1997-10-17 01:30,1.664
1997-10-17 01:36,1.660
1997-10-17 01:42,1.656
1997-10-17 01:48,1.652
1997-10-17 01:54,1.648
1997-10-17 02:00,1.645
1997-10-17 02:06,1.641
1997-10-17 02:12,1.637
1997-10-17 02:18,1.634
1997-10-17 02:24,1.630
1997-10-17 02:30,1.627
1997-10-17 02:36,1.623
1997-10-17 02:42,1.620
1997-10-17 02:48,1.617
1997-10-17 02:54,1.614
1997-10-17 03:00,1.611
1997-10-17 03:06,1.608
1997-10-17 03:12,1.605
1997-10-17 03:18,1.603
1997-10-17 03:24,1.600
1997-10-17 03:30,1.598
1997-10-17 03:36,1.596
1997-10-17 03:42,1.594
1997-10-17 03:48,1.593
1997-10-17 03:54,1.591
1997-10-17 04:00,1.590
1997-10-17 04:06,1.589
1997-10-17 04:12,1.588
1997-10-17 04:18,1.587
1997-10-17 04:24,1.587
1997-10-17 04:30,1.587
1997-10-17 04:36,1.586
1997-10-17 04:42,1.586
1997-10-17 04:48,1.586
1997-10-17 04:54,1.587
1997-10-17 05:00,1.587
1997-10-17 05:06,1.588
1997-10-17 05:12,1.588
1997-10-17 05:18,1.589
1997-10-17 05:24,1.590
1997-10-17 05:30,1.591
1997-10-17 05:36,1.592
1997-10-17 05:42,1.593
1997-10-17 05:48,1.594
1997-10-17 05:54,1.596
1997-10-17 06:00,1.597
1997-10-17 06:06,1.599
1997-10-17 06:12,1.600
1997-10-17 06:18,1.602
1997-10-17 06:24,1.603
1997-10-17 06:30,1.605
1997-10-17 06:36,1.606
1997-10-17 06:42,1.608
1997-10-17 06:48,1.610
1997-10-17 06:54,1.612
1997-10-17 07:00,1.613
1997-10-17 07:06,1.615
1997-10-17 07:12,1.617
1997-10-17 07:18,1.618
1997-10-17 07:24,1.620
1997-10-17 07:30,1.621
1997-10-17 07:36,1.623
1997-10-17 07:42,1.624
1997-10-17 07:48,1.626
1997-10-17 07:54,1.627
1997-10-17 08:00,1.628
1997-10-17 08:06,1.629
1997-10-17 08:12,1.629
1997-10-17 08:18,1.630
1997-10-17 08:24,1.630
1997-10-17 08:30,1.631
1997-10-17 08:36,1.631
1997-10-17 08:42,1.630
1997-10-17 08:48,1.630
1997-10-17 08:54,1.629
1997-10-17 09:00,1.628
1997-10-17 09:06,1.626
1997-10-17 09:12,1.625
1997-10-17 09:18,1.623
1997-10-17 09:24,1.620
1997-10-17 09:30,1.618
1997-10-17 09:36,1.615
1997-10-17 09:42,1.612
1997-10-17 09:48,1.608
1997-10-17 09:54,1.604
1997-10-17 10:00,1.600
1997-10-17 10:06,1.596
1997-10-17 10:12,1.591
1997-10-17 10:18,1.586
1997-10-17 10:24,1.581
1997-10-17 10:30,1.575
1997-10-17 10:36,1.569
1997-10-17 10:42,1.563
1997-10-17 10:48,1.557
1997-10-17 10:54,1.550
1997-10-17 11:00,1.544
1997-10-17 11:06,1.537
1997-10-17 11:12,1.530
1997-10-17 11:18,1.523
1997-10-17 11:24,1.516
1997-10-17 11:30,1.509
1997-10-17 11:36,1.502
1997-10-17 11:42,1.494
1997-10-17 11:48,1.487
1997-10-17 11:54,1.480
1997-10-17 12:00,1.472
1997-10-17 12:06,1.465
1997-10-17 12:12,1.457
1997-10-17 12:18,1.450
1997-10-17 12:24,1.443
1997-10-17 12:30,1.436
1997-10-17 12:36,1.429
1997-10-17 12:42,1.421
1997-10-17 12:48,1.415
1997-10-17 12:54,1.408
1997-10-17 13:00,1.401
1997-10-17 13:06,1.394
1997-10-17 13:12,1.388
1997-10-17 13:18,1.382
1997-10-17 13:24,1.375
1997-10-17 13:30,1.369
1997-10-17 13:36,1.364
1997-10-17 13:42,1.358
1997-10-17 13:48,1.353
1997-10-17 13:54,1.347
1997-10-17 14:00,1.342
1997-10-17 14:06,1.338
1997-10-17 14:12,1.333
1997-10-17 14:18,1.329
1997-10-17 14:24,1.325
1997-10-17 14:30,1.321
1997-10-17 14:36,1.317
1997-10-17 14:42,1.314
1997-10-17 14:48,1.311
1997-10-17 14:54,1.309
1997-10-17 15:00,1.307
1997-10-17 15:06,1.305
1997-10-17 15:12,1.303
1997-10-17 15:18,1.302
1997-10-17 15:24,1.301
1997-10-17 15:30,1.301
1997-10-17 15:36,1.301
1997-10-17 15:42,1.301
1997-10-17 15:48,1.302
1997-10-17 15:54,1.303
1997-10-17 16:00,1.304
1997-10-17 16:06,1.306
1997-10-17 16:12,1.308
1997-10-17 16:18,1.311
1997-10-17 16:24,1.314
1997-10-17 16:30,1.317
1997-10-17 16:36,1.321
1997-10-17 16:42,1.325
1997-10-17 16:48,1.329
1997-10-17 16:54,1.334
1997-10-17 17:00,1.339
1997-10-17 17:06,1.344
1997-10-17 17:12,1.350
1997-10-17 17:18,1.356
1997-10-17 17:24,1.362
1997-10-17 17:30,1.368
1997-10-17 17:36,1.375
1997-10-17 17:42,1.382
1997-10-17 17:48,1.389
1997-10-17 17:54,1.397
1997-10-17 18:00,1.404
1997-10-17 18:06,1.412
1997-10-17 18:12,1.420
1997-10-17 18:18,1.429
1997-10-17 18:24,1.437
1997-10-17 18:30,1.446
1997-10-17 18:36,1.454
1997-10-17 18:42,1.463
1997-10-17 18:48,1.472
1997-10-17 18:54,1.481
1997-10-17 19:00,1.490
1997-10-17 19:06,1.500
1997-10-17 19:12,1.509
1997-10-17 19:18,1.518
1997-10-17 19:24,1.528
1997-10-17 19:30,1.537
1997-10-17 19:36,1.547
1997-10-17 19:42,1.556
1997-10-17 19:48,1.565
1997-10-17 19:54,1.575
1997-10-17 20:00,1.584
1997-10-17 20:06,1.593
1997-10-17 20:12,1.602
1997-10-17 20:18,1.611
1997-10-17 20:24,1.620
1997-10-17 20:30,1.629
1997-10-17 20:36,1.637
1997-10-17 20:42,1.646
1997-10-17 20:48,1.654
1997-10-17 20:54,1.661
1997-10-17 21:00,1.669
1997-10-17 21:06,1.676
1997-10-17 21:12,1.683
1997-10-17 21:18,1.690
1997-10-17 21:24,1.697
1997-10-17 21:30,1.703
1997-10-17 21:36,1.709
1997-10-17 21:42,1.714
1997-10-17 21:48,1.720
1997-10-17 21:54,1.725
1997-10-17 22:00,1.729
1997-10-17 22:06,1.733
1997-10-17 22:12,1.737
1997-10-17 22:18,1.741
1997-10-17 22:24,1.744
1997-10-17 22:30,1.747
1997-10-17 22:36,1.750
1997-10-17 22:42,1.752
1997-10-17 22:48,1.754
1997-10-17 22:54,1.756
1997-10-17 23:00,1.757
1997-10-17 23:06,1.758
1997-10-17 23:12,1.759
1997-10-17 23:18,1.760
1997-10-17 23:24,1.760
1997-10-17 23:30,1.761
1997-10-17 23:36,1.761
1997-10-17 23:42,1.760
1997-10-17 23:48,1.760
1997-10-17 23:54,1.759
1997-10-18 00:00,1.758
1997-10-18 00:06,1.757
1997-10-18 00:12,1.756
1997-10-18 00:18,1.755
1997-10-18 00:24,1.753
1997-10-18 00:30,1.752
1997-10-18 00:36,1.750
1997-10-18 00:42,1.748
1997-10-18 00:48,1.746
1997-10-18 00:54,1.744
1997-10-18 01:00,1.742
1997-10-18 01:06,1.739
1997-10-18 01:12,1.737
1997-10-18 01:18,1.735
1997-10-18 01:24,1.732
1997-10-18 01:30,1.729
1997-10-18 01:36,1.727
1997-10-18 01:42,1.724
1997-10-18 01:48,1.721
1997-10-18 01:54,1.718
1997-10-18 02:00,1.715
1997-10-18 02:06,1.712
1997-10-18 02:12,1.709
1997-10-18 02:18,1.706
1997-10-18 02:24,1.703
1997-10-18 02:30,1.700
1997-10-18 02:36,1.697
1997-10-18 02:42,1.694
1997-10-18 02:48,1.690
1997-10-18 02:54,1.687
1997-10-18 03:00,1.684
1997-10-18 03:06,1.681
1997-10-18 03:12,1.678
1997-10-18 03:18,1.675
1997-10-18 03:24,1.672
1997-10-18 03:30,1.669
1997-10-18 03:36,1.666
1997-10-18 03:42,1.664
1997-10-18 03:48,1.661
1997-10-18 03:54,1.658
1997-10-18 04:00,1.656
1997-10-18 04:06,1.653
1997-10-18 04:12,1.651
1997-10-18 04:18,1.649
1997-10-18 04:24,1.646
1997-10-18 04:30,1.644
1997-10-18 04:36,1.642
1997-10-18 04:42,1.641
1997-10-18 04:48,1.639
1997-10-18 04:54,1.637
1997-10-18 05:00,1.636
1997-10-18 05:06,1.634
1997-10-18 05:12,1.633
1997-10-18 05:18,1.632
1997-10-18 05:24,1.631
1997-10-18 05:30,1.630
1997-10-18 05:36,1.629
1997-10-18 05:42,1.629
1997-10-18 05:48,1.628
1997-10-18 05:54,1.628
1997-10-18 06:00,1.627
1997-10-18 06:06,1.627
1997-10-18 06:12,1.627
1997-10-18 06:18,1.627
1997-10-18 06:24,1.627
1997-10-18 06:30,1.628
1997-10-18 06:36,1.628
1997-10-18 06:42,1.628
1997-10-18 06:48,1.629
1997-10-18 06:54,1.629
1997-10-18 07:00,1.630
1997-10-18 07:06,1.631
1997-10-18 07:12,1.631
1997-10-18 07:18,1.632
1997-10-18 07:24,1.633
1997-10-18 07:30,1.634
1997-10-18 07:36,1.634
1997-10-18 07:42,1.635
1997-10-18 07:48,1.636
1997-10-18 07:54,1.637
1997-10-18 08:00,1.637
1997-10-18 08:06,1.638
1997-10-18 08:12,1.639
1997-10-18 08:18,1.639
1997-10-18 08:24,1.640
1997-10-18 08:30,1.640
1997-10-18 08:36,1.640
1997-10-18 08:42,1.640
1997-10-18 08:48,1.640
1997-10-18 08:54,1.639
1997-10-18 09:00,1.639
1997-10-18 09:06,1.638
1997-10-18 09:12,1.637
1997-10-18 09:18,1.636
1997-10-18 09:24,1.635
1997-10-18 09:30,1.633
1997-10-18 09:36,1.631
1997-10-18 09:42,1.629
1997-10-18 09:48,1.627
1997-10-18 09:54,1.624
1997-10-18 10:00,1.621
1997-10-18 10:06,1.618
1997-10-18 10:12,1.614
1997-10-18 10:18,1.611
1997-10-18 10:24,1.607
1997-10-18 10:30,1.603
1997-10-18 10:36,1.598
1997-10-18 10:42,1.593
1997-10-18 10:48,1.588
1997-10-18 10:54,1.583
1997-10-18 11:00,1.577
1997-10-18 11:06,1.572
1997-10-18 11:12,1.566
1997-10-18 11:18,1.559
1997-10-18 11:24,1.553
1997-10-18 11:30,1.546
1997-10-18 11:36,1.540
1997-10-18 11:42,1.533
1997-10-18 11:48,1.525
1997-10-18 11:54,1.518
1997-10-18 12:00,1.511
1997-10-18 12:06,1.503
1997-10-18 12:12,1.496
1997-10-18 12:18,1.488
1997-10-18 12:24,1.480
1997-10-18 12:30,1.473
1997-10-18 12:36,1.465
1997-10-18 12:42,1.457
1997-10-18 12:48,1.449
1997-10-18 12:54,1.441
1997-10-18 13:00,1.433
1997-10-18 13:06,1.425
1997-10-18 13:12,1.418
1997-10-18 13:18,1.410
1997-10-18 13:24,1.402
1997-10-18 13:30,1.395
1997-10-18 13:36,1.388
1997-10-18 13:42,1.380
1997-10-18 13:48,1.373
1997-10-18 13:54,1.366
1997-10-18 14:00,1.360
1997-10-18 14:06,1.353
1997-10-18 14:12,1.347
1997-10-18 14:18,1.340
1997-10-18 14:24,1.334
1997-10-18 14:30,1.329
1997-10-18 14:36,1.323
1997-10-18 14:42,1.318
1997-10-18 14:48,1.313
1997-10-18 14:54,1.308
1997-10-18 15:00,1.304
1997-10-18 15:06,1.299
1997-10-18 15:12,1.295
1997-10-18 15:18,1.292
1997-10-18 15:24,1.288
1997-10-18 15:30,1.285
1997-10-18 15:36,1.283
1997-10-18 15:42,1.280
1997-10-18 15:48,1.278
1997-10-18 15:54,1.276
1997-10-18 16:00,1.275
1997-10-18 16:06,1.274
1997-10-18 16:12,1.273
1997-10-18 16:18,1.273
1997-10-18 16:24,1.273
1997-10-18 16:30,1.273
1997-10-18 16:36,1.274
1997-10-18 16:42,1.275
1997-10-18 16:48,1.276
1997-10-18 16:54,1.278
1997-10-18 17:00,1.280
1997-10-18 17:06,1.282
1997-10-18 17:12,1.285
1997-10-18 17:18,1.288
1997-10-18 17:24,1.292
1997-10-18 17:30,1.296
1997-10-18 17:36,1.300
1997-10-18 17:42,1.305
1997-10-18 17:48,1.310
1997-10-18 17:54,1.315
1997-10-18 18:00,1.320
1997-10-18 18:06,1.326
1997-10-18 18:12,1.333
1997-10-18 18:18,1.339
1997-10-18 18:24,1.346
1997-10-18 18:30,1.353
1997-10-18 18:36,1.360
1997-10-18 18:42,1.368
1997-10-18 18:48,1.376
1997-10-18 18:54,1.384
1997-10-18 19:00,1.393
1997-10-18 19:06,1.401
1997-10-18 19:12,1.410
1997-10-18 19:18,1.419
1997-10-18 19:24,1.428
1997-10-18 19:30,1.438
1997-10-18 19:36,1.447
1997-10-18 19:42,1.457
1997-10-18 19:48,1.466
1997-10-18 19:54,1.476
1997-10-18 20:00,1.486
1997-10-18 20:06,1.495
1997-10-18 20:12,1.505
1997-10-18 20:18,1.515
1997-10-18 20:24,1.525
1997-10-18 20:30,1.535
1997-10-18 20:36,1.544
1997-10-18 20:42,1.554
1997-10-18 20:48,1.563
1997-10-18 20:54,1.573
1997-10-18 21:00,1.582
1997-10-18 21:06,1.591
1997-10-18 21:12,1.600
1997-10-18 21:18,1.609
1997-10-18 21:24,1.618
1997-10-18 21:30,1.626
1997-10-18 21:36,1.634
1997-10-18 21:42,1.642
1997-10-18 21:48,1.650
1997-10-18 21:54,1.658
1997-10-18 22:00,1.665
1997-10-18 22:06,1.672
1997-10-18 22:12,1.679
1997-10-18 22:18,1.686
1997-10-18 22:24,1.692
1997-10-18 22:30,1.698
1997-10-18 22:36,1.704
1997-10-18 22:42,1.710
1997-10-18 22:48,1.715
1997-10-18 22:54,1.720
1997-10-18 23:00,1.725
1997-10-18 23:06,1.729
1997-10-18 23:12,1.733
1997-10-18 23:18,1.737
1997-10-18 23:24,1.741
1997-10-18 23:30,1.744
1997-10-18 23:36,1.747
1997-10-18 23:42,1.750
1997-10-18 23:48,1.753
1997-10-18 23:54,1.755
1997-10-19 00:00,1.757
1997-10-19 00:06,1.759
1997-10-19 00:12,1.760
1997-10-19 00:18,1.762
1997-10-19 00:24,1.763
1997-10-19 00:30,1.763
1997-10-19 00:36,1.764
1997-10-19 00:42,1.764
1997-10-19 00:48,1.765
1997-10-19 00:54,1.765
1997-10-19 01:00,1.764
1997-10-19 01:06,1.764
1997-10-19 01:12,1.764
1997-10-19 01:18,1.763
1997-10-19 01:24,1.762
1997-10-19 01:30,1.761
1997-10-19 01:36,1.760
1997-10-19 01:42,1.759
1997-10-19 01:48,1.758
1997-10-19 01:54,1.756
1997-10-19 02:00,1.755
1997-10-19 02:06,1.753
1997-10-19 02:12,1.752
1997-10-19 02:18,1.750
1997-10-19 02:24,1.748
1997-10-19 02:30,1.746
1997-10-19 02:36,1.745
1997-10-19 02:42,1.743
1997-10-19 02:48,1.741
1997-10-19 02:54,1.739
1997-10-19 03:00,1.736
1997-10-19 03:06,1.734
1997-10-19 03:12,1.732
1997-10-19 03:18,1.730
1997-10-19 03:24,1.728
1997-10-19 03:30,1.725
1997-10-19 03:36,1.723
1997-10-19 03:42,1.721
1997-10-19 03:48,1.718
1997-10-19 03:54,1.716
1997-10-19 04:00,1.713
1997-10-19 04:06,1.711
1997-10-19 04:12,1.708
1997-10-19 04:18,1.706
1997-10-19 04:24,1.703
1997-10-19 04:30,1.701
1997-10-19 04:36,1.698
1997-10-19 04:42,1.696
1997-10-19 04:48,1.693
1997-10-19 04:54,1.691
1997-10-19 05:00,1.688
1997-10-19 05:06,1.686
1997-10-19 05:12,1.683
1997-10-19 05:18,1.681
1997-10-19 05:24,1.679
1997-10-19 05:30,1.676
1997-10-19 05:36,1.674
1997-10-19 05:42,1.672
1997-10-19 05:48,1.670
1997-10-19 05:54,1.668
1997-10-19 06:00,1.666
1997-10-19 06:06,1.665
1997-10-19 06:12,1.663
1997-10-19 06:18,1.662
1997-10-19 06:24,1.660
1997-10-19 06:30,1.659
1997-10-19 06:36,1.658
1997-10-19 06:42,1.657
1997-10-19 06:48,1.656
1997-10-19 06:54,1.655
1997-10-19 07:00,1.655
1997-10-19 07:06,1.654
1997-10-19 07:12,1.654
1997-10-19 07:18,1.654
1997-10-19 07:24,1.653
1997-10-19 07:30,1.653
1997-10-19 07:36,1.653
1997-10-19 07:42,1.653
1997-10-19 07:48,1.653
1997-10-19 07:54,1.653
1997-10-19 08:00,1.653
1997-10-19 08:06,1.653
1997-10-19 08:12,1.653
1997-10-19 08:18,1.653
1997-10-19 08:24,1.653
1997-10-19 08:30,1.653
1997-10-19 08:36,1.652
1997-10-19 08:42,1.652
1997-10-19 08:48,1.652
1997-10-19 08:54,1.651
1997-10-19 09:00,1.651
1997-10-19 09:06,1.650
1997-10-19 09:12,1.650
1997-10-19 09:18,1.649
1997-10-19 09:24,1.648
1997-10-19 09:30,1.646
1997-10-19 09:36,1.645
1997-10-19 09:42,1.644
1997-10-19 09:48,1.642
1997-10-19 09:54,1.640
1997-10-19 10:00,1.638
1997-10-19 10:06,1.636
1997-10-19 10:12,1.634
1997-10-19 10:18,1.631
1997-10-19 10:24,1.629
1997-10-19 10:30,1.626
1997-10-19 10:36,1.623
1997-10-19 10:42,1.619
1997-10-19 10:48,1.616
1997-10-19 10:54,1.612
1997-10-19 11:00,1.608
1997-10-19 11:06,1.604
1997-10-19 11:12,1.600
1997-10-19 11:18,1.595
1997-10-19 11:24,1.590
1997-10-19 11:30,1.585
1997-10-19 11:36,1.580
1997-10-19 11:42,1.574
1997-10-19 11:48,1.569
1997-10-19 11:54,1.563
1997-10-19 12:00,1.557
1997-10-19 12:06,1.550
1997-10-19 12:12,1.544
1997-10-19 12:18,1.537
1997-10-19 12:24,1.530
1997-10-19 12:30,1.523
1997-10-19 12:36,1.516
1997-10-19 12:42,1.509
1997-10-19 12:48,1.501
1997-10-19 12:54,1.494
1997-10-19 13:00,1.486
1997-10-19 13:06,1.478
1997-10-19 13:12,1.471
1997-10-19 13:18,1.463
1997-10-19 13:24,1.455
1997-10-19 13:30,1.447
1997-10-19 13:36,1.439
1997-10-19 13:42,1.431
1997-10-19 13:48,1.423
1997-10-19 13:54,1.415
1997-10-19 14:00,1.408
1997-10-19 14:06,1.400
1997-10-19 14:12,1.393
1997-10-19 14:18,1.385
1997-10-19 14:24,1.378
1997-10-19 14:30,1.371
1997-10-19 14:36,1.364
1997-10-19 14:42,1.357
1997-10-19 14:48,1.351
1997-10-19 14:54,1.344
1997-10-19 15:00,1.338
1997-10-19 15:06,1.332
1997-10-19 15:12,1.326
1997-10-19 15:18,1.321
1997-10-19 15:24,1.316
1997-10-19 15:30,1.311
1997-10-19 15:36,1.306
1997-10-19 15:42,1.301
1997-10-19 15:48,1.297
1997-10-19 15:54,1.293
1997-10-19 16:00,1.289
1997-10-19 16:06,1.286
1997-10-19 16:12,1.282
1997-10-19 16:18,1.279
1997-10-19 16:24,1.277
1997-10-19 16:30,1.274
1997-10-19 16:36,1.272
1997-10-19 16:42,1.270
1997-10-19 16:48,1.269
1997-10-19 16:54,1.267
1997-10-19 17:00,1.266
1997-10-19 17:06,1.266
1997-10-19 17:12,1.265
1997-10-19 17:18,1.265
1997-10-19 17:24,1.266
1997-10-19 17:30,1.266
1997-10-19 17:36,1.267
1997-10-19 17:42,1.269
1997-10-19 17:48,1.270
1997-10-19 17:54,1.272
1997-10-19 18:00,1.275
1997-10-19 18:06,1.278
1997-10-19 18:12,1.281
1997-10-19 18:18,1.285
1997-10-19 18:24,1.288
1997-10-19 18:30,1.293
1997-10-19 18:36,1.297
1997-10-19 18:42,1.302
1997-10-19 18:48,1.308
1997-10-19 18:54,1.314
1997-10-19 19:00,1.320
1997-10-19 19:06,1.326
1997-10-19 19:12,1.333
1997-10-19 19:18,1.340
1997-10-19 19:24,1.347
1997-10-19 19:30,1.355
1997-10-19 19:36,1.363
1997-10-19 19:42,1.371
1997-10-19 19:48,1.379
1997-10-19 19:54,1.387
1997-10-19 20:00,1.396
1997-10-19 20:06,1.405
1997-10-19 20:12,1.414
1997-10-19 20:18,1.423
1997-10-19 20:24,1.432
1997-10-19 20:30,1.441
1997-10-19 20:36,1.450
1997-10-19 20:42,1.460
1997-10-19 20:48,1.469
1997-10-19 20:54,1.478
1997-10-19 21:00,1.487
1997-10-19 21:06,1.497
1997-10-19 21:12,1.506
1997-10-19 21:18,1.515
1997-10-19 21:24,1.524
1997-10-19 21:30,1.533
1997-10-19 21:36,1.542
1997-10-19 21:42,1.551
1997-10-19 21:48,1.560
1997-10-19 21:54,1.569
1997-10-19 22:00,1.577
1997-10-19 22:06,1.586
1997-10-19 22:12,1.594
1997-10-19 22:18,1.602
1997-10-19 22:24,1.610
1997-10-19 22:30,1.618
1997-10-19 22:36,1.626
1997-10-19 22:42,1.634
1997-10-19 22:48,1.641
1997-10-19 22:54,1.648
1997-10-19 23:00,1.655
1997-10-19 23:06,1.662
1997-10-19 23:12,1.669
1997-10-19 23:18,1.675
1997-10-19 23:24,1.682
1997-10-19 23:30,1.688
1997-10-19 23:36,1.693
1997-10-19 23:42,1.699
1997-10-19 23:48,1.704
1997-10-19 23:54,1.709
1997-10-20 00:00,1.714
1997-10-20 00:06,1.719
1997-10-20 00:12,1.723
1997-10-20 00:18,1.727
1997-10-20 00:24,1.731
1997-10-20 00:30,1.734
1997-10-20 00:36,1.738
1997-10-20 00:42,1.741
1997-10-20 00:48,1.743
1997-10-20 00:54,1.746
1997-10-20 01:00,1.748
1997-10-20 01:06,1.750
1997-10-20 01:12,1.752
1997-10-20 01:18,1.754
1997-10-20 01:24,1.755
1997-10-20 01:30,1.756
1997-10-20 01:36,1.757
1997-10-20 01:42,1.758
1997-10-20 01:48,1.759
1997-10-20 01:54,1.759
1997-10-20 02:00,1.760
1997-10-20 02:06,1.760
1997-10-20 02:12,1.760
1997-10-20 02:18,1.760
1997-10-20 02:24,1.760
1997-10-20 02:30,1.760
1997-10-20 02:36,1.759
1997-10-20 02:42,1.759
1997-10-20 02:48,1.759
1997-10-20 02:54,1.758
1997-10-20 03:00,1.758
1997-10-20 03:06,1.757
1997-10-20 03:12,1.756
1997-10-20 03:18,1.755
1997-10-20 03:24,1.754
1997-10-20 03:30,1.754
1997-10-20 03:36,1.753
1997-10-20 03:42,1.751
1997-10-20 03:48,1.750
1997-10-20 03:54,1.749
1997-10-20 04:00,1.748
1997-10-20 04:06,1.746
1997-10-20 04:12,1.745
1997-10-20 04:18,1.743
1997-10-20 04:24,1.741
1997-10-20 04:30,1.739
1997-10-20 04:36,1.737
1997-10-20 04:42,1.735
1997-10-20 04:48,1.733
1997-10-20 04:54,1.731
1997-10-20 05:00,1.729
1997-10-20 05:06,1.726
1997-10-20 05:12,1.724
1997-10-20 05:18,1.721
1997-10-20 05:24,1.719
1997-10-20 05:30,1.716
1997-10-20 05:36,1.714
1997-10-20 05:42,1.711
1997-10-20 05:48,1.709
1997-10-20 05:54,1.706
1997-10-20 06:00,1.703
1997-10-20 06:06,1.701
1997-10-20 06:12,1.699
1997-10-20 06:18,1.696
1997-10-20 06:24,1.694
1997-10-20 06:30,1.692
1997-10-20 06:36,1.689
1997-10-20 06:42,1.687
1997-10-20 06:48,1.685
1997-10-20 06:54,1.684
1997-10-20 07:00,1.682
1997-10-20 07:06,1.680
1997-10-20 07:12,1.679
1997-10-20 07:18,1.677
1997-10-20 07:24,1.676
1997-10-20 07:30,1.675
1997-10-20 07:36,1.674
1997-10-20 07:42,1.673
1997-10-20 07:48,1.672
1997-10-20 07:54,1.671
1997-10-20 08:00,1.670
1997-10-20 08:06,1.669
1997-10-20 08:12,1.668
1997-10-20 08:18,1.668
1997-10-20 08:24,1.667
1997-10-20 08:30,1.666
1997-10-20 08:36,1.665
1997-10-20 08:42,1.665
1997-10-20 08:48,1.664
1997-10-20 08:54,1.663
1997-10-20 09:00,1.662
1997-10-20 09:06,1.661
1997-10-20 09:12,1.660
1997-10-20 09:18,1.659
1997-10-20 09:24,1.658
1997-10-20 09:30,1.657
1997-10-20 09:36,1.656
1997-10-20 09:42,1.654
1997-10-20 09:48,1.653
1997-10-20 09:54,1.651
1997-10-20 10:00,1.650
1997-10-20 10:06,1.648
1997-10-20 10:12,1.646
1997-10-20 10:18,1.644
1997-10-20 10:24,1.642
1997-10-20 10:30,1.640
1997-10-20 10:36,1.638
1997-10-20 10:42,1.636
1997-10-20 10:48,1.633
1997-10-20 10:54,1.631
1997-10-20 11:00,1.628
1997-10-20 11:06,1.625
1997-10-20 11:12,1.623
1997-10-20 11:18,1.620
1997-10-20 11:24,1.616
1997-10-20 11:30,1.613
1997-10-20 11:36,1.609
1997-10-20 11:42,1.606
1997-10-20 11:48,1.602
1997-10-20 11:54,1.598
1997-10-20 12:00,1.594
1997-10-20 12:06,1.589
1997-10-20 12:12,1.585
1997-10-20 12:18,1.580
1997-10-20 12:24,1.575
1997-10-20 12:30,1.570
1997-10-20 12:36,1.564
1997-10-20 12:42,1.559
1997-10-20 12:48,1.553
1997-10-20 12:54,1.547
1997-10-20 13:00,1.541
1997-10-20 13:06,1.534
1997-10-20 13:12,1.528
1997-10-20 13:18,1.521
1997-10-20 13:24,1.514
1997-10-20 13:30,1.507
1997-10-20 13:36,1.500
1997-10-20 13:42,1.493
1997-10-20 13:48,1.486
1997-10-20 13:54,1.478
1997-10-20 14:00,1.471
1997-10-20 14:06,1.464
1997-10-20 14:12,1.456
1997-10-20 14:18,1.449
1997-10-20 14:24,1.441
1997-10-20 14:30,1.434
1997-10-20 14:36,1.427
1997-10-20 14:42,1.420
1997-10-20 14:48,1.413
1997-10-20 14:54,1.406
1997-10-20 15:00,1.399
1997-10-20 15:06,1.392
1997-10-20 15:12,1.385
1997-10-20 15:18,1.379
1997-10-20 15:24,1.372
1997-10-20 15:30,1.366
1997-10-20 15:36,1.360
1997-10-20 15:42,1.354
1997-10-20 15:48,1.349
1997-10-20 15:54,1.343
1997-10-20 16:00,1.338
1997-10-20 16:06,1.333
1997-10-20 16:12,1.328
1997-10-20 16:18,1.323
1997-10-20 16:24,1.318
1997-10-20 16:30,1.314
1997-10-20 16:36,1.310
1997-10-20 16:42,1.306
1997-10-20 16:48,1.302
1997-10-20 16:54,1.299
1997-10-20 17:00,1.295
1997-10-20 17:06,1.292
1997-10-20 17:12,1.289
1997-10-20 17:18,1.287
1997-10-20 17:24,1.284
1997-10-20 17:30,1.282
1997-10-20 17:36,1.280
1997-10-20 17:42,1.279
1997-10-20 17:48,1.277
1997-10-20 17:54,1.276
1997-10-20 18:00,1.276
1997-10-20 18:06,1.275
1997-10-20 18:12,1.275
1997-10-20 18:18,1.275
1997-10-20 18:24,1.276
1997-10-20 18:30,1.277
1997-10-20 18:36,1.279
1997-10-20 18:42,1.280
1997-10-20 18:48,1.282
1997-10-20 18:54,1.285
1997-10-20 19:00,1.288
1997-10-20 19:06,1.291
1997-10-20 19:12,1.295
1997-10-20 19:18,1.299
1997-10-20 19:24,1.303
1997-10-20 19:30,1.308
1997-10-20 19:36,1.313
1997-10-20 19:42,1.318
1997-10-20 19:48,1.324
1997-10-20 19:54,1.330
1997-10-20 20:00,1.336
1997-10-20 20:06,1.342
1997-10-20 20:12,1.349
1997-10-20 20:18,1.356
1997-10-20 20:24,1.363
1997-10-20 20:30,1.370
1997-10-20 20:36,1.378
1997-10-20 20:42,1.385
1997-10-20 20:48,1.393
1997-10-20 20:54,1.401
1997-10-20 21:00,1.409
1997-10-20 21:06,1.417
1997-10-20 21:12,1.425
1997-10-20 21:18,1.433
1997-10-20 21:24,1.441
1997-10-20 21:30,1.450
1997-10-20 21:36,1.458
1997-10-20 21:42,1.466
1997-10-20 21:48,1.474
1997-10-20 21:54,1.482
1997-10-20 22:00,1.491
1997-10-20 22:06,1.499
1997-10-20 22:12,1.507
1997-10-20 22:18,1.515
1997-10-20 22:24,1.523
1997-10-20 22:30,1.531
1997-10-20 22:36,1.539
1997-10-20 22:42,1.547
1997-10-20 22:48,1.555
1997-10-20 22:54,1.563
1997-10-20 23:00,1.571
1997-10-20 23:06,1.579
1997-10-20 23:12,1.586
1997-10-20 23:18,1.594
1997-10-20 23:24,1.601
1997-10-20 23:30,1.609
1997-10-20 23:36,1.616
1997-10-20 23:42,1.623
1997-10-20 23:48,1.630
1997-10-20 23:54,1.637
1997-10-21 00:00,1.644
1997-10-21 00:06,1.650
1997-10-21 00:12,1.656
1997-10-21 00:18,1.662
1997-10-21 00:24,1.668
1997-10-21 00:30,1.674
1997-10-21 00:36,1.680
1997-10-21 00:42,1.685
1997-10-21 00:48,1.690
1997-10-21 00:54,1.695
1997-10-21 01:00,1.699
1997-10-21 01:06,1.704
1997-10-21 01:12,1.708
1997-10-21 01:18,1.712
1997-10-21 01:24,1.715
1997-10-21 01:30,1.719
1997-10-21 01:36,1.722
1997-10-21 01:42,1.725
1997-10-21 01:48,1.728
1997-10-21 01:54,1.730
1997-10-21 02:00,1.733
1997-10-21 02:06,1.735
1997-10-21 02:12,1.737
1997-10-21 02:18,1.739
1997-10-21 02:24,1.740
1997-10-21 02:30,1.742
1997-10-21 02:36,1.743
1997-10-21 02:42,1.745
1997-10-21 02:48,1.746
1997-10-21 02:54,1.747
1997-10-21 03:00,1.748
1997-10-21 03:06,1.749
1997-10-21 03:12,1.750
1997-10-21 03:18,1.751
1997-10-21 03:24,1.751
1997-10-21 03:30,1.752
1997-10-21 03:36,1.752
1997-10-21 03:42,1.753
1997-10-21 03:48,1.753
1997-10-21 03:54,1.753
1997-10-21 04:00,1.753
1997-10-21 04:06,1.753
1997-10-21 04:12,1.753
1997-10-21 04:18,1.753
1997-10-21 04:24,1.752
1997-10-21 04:30,1.752
1997-10-21 04:36,1.751
1997-10-21 04:42,1.750
1997-10-21 04:48,1.749
1997-10-21 04:54,1.748
1997-10-21 05:00,1.747
1997-10-21 05:06,1.746
1997-10-21 05:12,1.744
1997-10-21 05:18,1.743
1997-10-21 05:24,1.741
1997-10-21 05:30,1.739
1997-10-21 05:36,1.737
1997-10-21 05:42,1.735
1997-10-21 05:48,1.733
1997-10-21 05:54,1.731
1997-10-21 06:00,1.728
1997-10-21 06:06,1.726
1997-10-21 06:12,1.724
1997-10-21 06:18,1.721
1997-10-21 06:24,1.719
1997-10-21 06:30,1.716
1997-10-21 06:36,1.714
1997-10-21 06:42,1.711
1997-10-21 06:48,1.709
1997-10-21 06:54,1.707
1997-10-21 07:00,1.704
1997-10-21 07:06,1.702
1997-10-21 07:12,1.700
1997-10-21 07:18,1.698
1997-10-21 07:24,1.696
1997-10-21 07:30,1.694
1997-10-21 07:36,1.692
1997-10-21 07:42,1.690
1997-10-21 07:48,1.688
1997-10-21 07:54,1.686
1997-10-21 08:00,1.685
1997-10-21 08:06,1.683
1997-10-21 08:12,1.682
1997-10-21 08:18,1.680
1997-10-21 08:24,1.679
1997-10-21 08:30,1.678
1997-10-21 08:36,1.676
1997-10-21 08:42,1.675
1997-10-21 08:48,1.673
1997-10-21 08:54,1.672
1997-10-21 09:00,1.671
1997-10-21 09:06,1.669
1997-10-21 09:12,1.668
1997-10-21 09:18,1.667
1997-10-21 09:24,1.665
1997-10-21 09:30,1.664
1997-10-21 09:36,1.662
1997-10-21 09:42,1.661
1997-10-21 09:48,1.659
1997-10-21 09:54,1.657
1997-10-21 10:00,1.656
1997-10-21 10:06,1.654
1997-10-21 10:12,1.652
1997-10-21 10:18,1.650
1997-10-21 10:24,1.649
1997-10-21 10:30,1.647
1997-10-21 10:36,1.645
1997-10-21 10:42,1.643
1997-10-21 10:48,1.641
1997-10-21 10:54,1.639
1997-10-21 11:00,1.637
1997-10-21 11:06,1.635
1997-10-21 11:12,1.633
1997-10-21 11:18,1.631
1997-10-21 11:24,1.628
1997-10-21 11:30,1.626
1997-10-21 11:36,1.624
1997-10-21 11:42,1.621
1997-10-21 11:48,1.619
1997-10-21 11:54,1.616
1997-10-21 12:00,1.614
1997-10-21 12:06,1.611
1997-10-21 12:12,1.608
1997-10-21 12:18,1.605
1997-10-21 12:24,1.602
1997-10-21 12:30,1.599
1997-10-21 12:36,1.595
1997-10-21 12:42,1.592
1997-10-21 12:48,1.588
1997-10-21 12:54,1.584
1997-10-21 13:00,1.580
1997-10-21 13:06,1.576
1997-10-21 13:12,1.572
1997-10-21 13:18,1.567
1997-10-21 13:24,1.562
1997-10-21 13:30,1.557
1997-10-21 13:36,1.552
1997-10-21 13:42,1.547
1997-10-21 13:48,1.541
1997-10-21 13:54,1.536
1997-10-21 14:00,1.530
1997-10-21 14:06,1.524
1997-10-21 14:12,1.518
1997-10-21 14:18,1.512
1997-10-21 14:24,1.506
1997-10-21 14:30,1.500
1997-10-21 14:36,1.493
1997-10-21 14:42,1.487
1997-10-21 14:48,1.481
1997-10-21 14:54,1.474
1997-10-21 15:00,1.468
1997-10-21 15:06,1.461
1997-10-21 15:12,1.455
1997-10-21 15:18,1.449
1997-10-21 15:24,1.442
1997-10-21 15:30,1.436
1997-10-21 15:36,1.430
1997-10-21 15:42,1.424
1997-10-21 15:48,1.418
1997-10-21 15:54,1.412
1997-10-21 16:00,1.406
1997-10-21 16:06,1.400
1997-10-21 16:12,1.395
1997-10-21 16:18,1.389
1997-10-21 16:24,1.384
1997-10-21 16:30,1.378
1997-10-21 16:36,1.373
1997-10-21 16:42,1.368
1997-10-21 16:48,1.363
1997-10-21 16:54,1.358
1997-10-21 17:00,1.354
1997-10-21 17:06,1.349
1997-10-21 17:12,1.345
1997-10-21 17:18,1.340
1997-10-21 17:24,1.336
1997-10-21 17:30,1.332
1997-10-21 17:36,1.328
1997-10-21 17:42,1.325
1997-10-21 17:48,1.321
1997-10-21 17:54,1.318
1997-10-21 18:00,1.315
1997-10-21 18:06,1.312
1997-10-21 18:12,1.310
1997-10-21 18:18,1.308
1997-10-21 18:24,1.306
1997-10-21 18:30,1.304
1997-10-21 18:36,1.302
1997-10-21 18:42,1.301
1997-10-21 18:48,1.300
1997-10-21 18:54,1.300
1997-10-21 19:00,1.300
1997-10-21 19:06,1.300
1997-10-21 19:12,1.300
1997-10-21 19:18,1.301
1997-10-21 19:24,1.302
1997-10-21 19:30,1.304
1997-10-21 19:36,1.306
1997-10-21 19:42,1.308
1997-10-21 19:48,1.310
1997-10-21 19:54,1.313
1997-10-21 20:00,1.316
1997-10-21 20:06,1.320
1997-10-21 20:12,1.323
1997-10-21 20:18,1.327
1997-10-21 20:24,1.331
1997-10-21 20:30,1.336
1997-10-21 20:36,1.341
1997-10-21 20:42,1.346
1997-10-21 20:48,1.351
1997-10-21 20:54,1.356
1997-10-21 21:00,1.362
1997-10-21 21:06,1.368
1997-10-21 21:12,1.373
1997-10-21 21:18,1.379
1997-10-21 21:24,1.386
1997-10-21 21:30,1.392
1997-10-21 21:36,1.398
1997-10-21 21:42,1.405
1997-10-21 21:48,1.411
1997-10-21 21:54,1.418
1997-10-21 22:00,1.425
1997-10-21 22:06,1.431
1997-10-21 22:12,1.438
1997-10-21 22:18,1.445
1997-10-21 22:24,1.452
1997-10-21 22:30,1.459
1997-10-21 22:36,1.466
1997-10-21 22:42,1.473
1997-10-21 22:48,1.480
1997-10-21 22:54,1.487
1997-10-21 23:00,1.495
1997-10-21 23:06,1.502
1997-10-21 23:12,1.509
1997-10-21 23:18,1.516
1997-10-21 23:24,1.523
1997-10-21 23:30,1.531
1997-10-21 23:36,1.538
1997-10-21 23:42,1.545
1997-10-21 23:48,1.552
1997-10-21 23:54,1.559
1997-10-22 00:00,1.566
1997-10-22 00:06,1.573
1997-10-22 00:12,1.580
1997-10-22 00:18,1.587
1997-10-22 00:24,1.594
1997-10-22 00:30,1.600
1997-10-22 00:36,1.607
1997-10-22 00:42,1.613
1997-10-22 00:48,1.620
1997-10-22 00:54,1.626
1997-10-22 01:00,1.632
1997-10-22 01:06,1.638
1997-10-22 01:12,1.643
1997-10-22 01:18,1.649
1997-10-22 01:24,1.654
1997-10-22 01:30,1.659
1997-10-22 01:36,1.664
1997-10-22 01:42,1.669
1997-10-22 01:48,1.674
1997-10-22 01:54,1.678
1997-10-22 02:00,1.682
1997-10-22 02:06,1.686
1997-10-22 02:12,1.690
1997-10-22 02:18,1.694
1997-10-22 02:24,1.698
1997-10-22 02:30,1.701
1997-10-22 02:36,1.704
1997-10-22 02:42,1.707
1997-10-22 02:48,1.710
1997-10-22 02:54,1.713
1997-10-22 03:00,1.715
1997-10-22 03:06,1.718
1997-10-22 03:12,1.720
1997-10-22 03:18,1.722
1997-10-22 03:24,1.724
1997-10-22 03:30,1.726
1997-10-22 03:36,1.728
1997-10-22 03:42,1.730
1997-10-22 03:48,1.731
1997-10-22 03:54,1.733
1997-10-22 04:00,1.734
1997-10-22 04:06,1.736
1997-10-22 04:12,1.737
1997-10-22 04:18,1.738
1997-10-22 04:24,1.739
1997-10-22 04:30,1.739
1997-10-22 04:36,1.740
1997-10-22 04:42,1.740
1997-10-22 04:48,1.741
1997-10-22 04:54,1.741
1997-10-22 05:00,1.741
1997-10-22 05:06,1.741
1997-10-22 05:12,1.741
1997-10-22 05:18,1.740
1997-10-22 05:24,1.740
1997-10-22 05:30,1.739
1997-10-22 05:36,1.738
1997-10-22 05:42,1.737
1997-10-22 05:48,1.736
1997-10-22 05:54,1.735
1997-10-22 06:00,1.734
1997-10-22 06:06,1.732
1997-10-22 06:12,1.731
1997-10-22 06:18,1.729
1997-10-22 06:24,1.727
1997-10-22 06:30,1.725
1997-10-22 06:36,1.724
1997-10-22 06:42,1.722
1997-10-22 06:48,1.720
1997-10-22 06:54,1.717
1997-10-22 07:00,1.715
1997-10-22 07:06,1.713
1997-10-22 07:12,1.711
1997-10-22 07:18,1.709
1997-10-22 07:24,1.707
1997-10-22 07:30,1.705
1997-10-22 07:36,1.702
1997-10-22 07:42,1.700
1997-10-22 07:48,1.698
1997-10-22 07:54,1.696
1997-10-22 08:00,1.694
1997-10-22 08:06,1.692
1997-10-22 08:12,1.690
1997-10-22 08:18,1.688
1997-10-22 08:24,1.686
1997-10-22 08:30,1.684
1997-10-22 08:36,1.682
1997-10-22 08:42,1.680
1997-10-22 08:48,1.678
1997-10-22 08:54,1.676
1997-10-22 09:00,1.675
1997-10-22 09:06,1.673
1997-10-22 09:12,1.671
1997-10-22 09:18,1.669
1997-10-22 09:24,1.667
1997-10-22 09:30,1.665
1997-10-22 09:36,1.663
1997-10-22 09:42,1.662
1997-10-22 09:48,1.660
1997-10-22 09:54,1.658
1997-10-22 10:00,1.656
1997-10-22 10:06,1.654
1997-10-22 10:12,1.652
1997-10-22 10:18,1.650
1997-10-22 10:24,1.648
1997-10-22 10:30,1.646
1997-10-22 10:36,1.644
1997-10-22 10:42,1.642
1997-10-22 10:48,1.640
1997-10-22 10:54,1.639
1997-10-22 11:00,1.637
1997-10-22 11:06,1.635
1997-10-22 11:12,1.633
1997-10-22 11:18,1.631
1997-10-22 11:24,1.629
1997-10-22 11:30,1.627
1997-10-22 11:36,1.626
1997-10-22 11:42,1.624
1997-10-22 11:48,1.622
1997-10-22 11:54,1.620
1997-10-22 12:00,1.618
1997-10-22 12:06,1.617
1997-10-22 12:12,1.615
1997-10-22 12:18,1.613
1997-10-22 12:24,1.611
1997-10-22 12:30,1.609
1997-10-22 12:36,1.607
1997-10-22 12:42,1.605
1997-10-22 12:48,1.603
1997-10-22 12:54,1.601
1997-10-22 13:00,1.598
1997-10-22 13:06,1.596
1997-10-22 13:12,1.593
1997-10-22 13:18,1.591
1997-10-22 13:24,1.588
1997-10-22 13:30,1.585
1997-10-22 13:36,1.582
1997-10-22 13:42,1.579
1997-10-22 13:48,1.576
1997-10-22 13:54,1.573
1997-10-22 14:00,1.569
1997-10-22 14:06,1.565
1997-10-22 14:12,1.562
1997-10-22 14:18,1.558
1997-10-22 14:24,1.554
1997-10-22 14:30,1.550
1997-10-22 14:36,1.545
1997-10-22 14:42,1.541
1997-10-22 14:48,1.537
1997-10-22 14:54,1.532
1997-10-22 15:00,1.527
1997-10-22 15:06,1.522
1997-10-22 15:12,1.518
1997-10-22 15:18,1.513
1997-10-22 15:24,1.508
1997-10-22 15:30,1.503
1997-10-22 15:36,1.498
1997-10-22 15:42,1.492
1997-10-22 15:48,1.487
1997-10-22 15:54,1.482
1997-10-22 16:00,1.477
1997-10-22 16:06,1.472
1997-10-22 16:12,1.466
1997-10-22 16:18,1.461
1997-10-22 16:24,1.456
1997-10-22 16:30,1.451
1997-10-22 16:36,1.445
1997-10-22 16:42,1.440
1997-10-22 16:48,1.435
1997-10-22 16:54,1.430
1997-10-22 17:00,1.425
1997-10-22 17:06,1.420
1997-10-22 17:12,1.415
1997-10-22 17:18,1.410
1997-10-22 17:24,1.405
1997-10-22 17:30,1.400
1997-10-22 17:36,1.396
1997-10-22 17:42,1.391
1997-10-22 17:48,1.387
1997-10-22 17:54,1.382
1997-10-22 18:00,1.378
1997-10-22 18:06,1.374
1997-10-22 18:12,1.370
1997-10-22 18:18,1.367
1997-10-22 18:24,1.363
1997-10-22 18:30,1.360
1997-10-22 18:36,1.356
1997-10-22 18:42,1.353
1997-10-22 18:48,1.350
1997-10-22 18:54,1.348
1997-10-22 19:00,1.345
1997-10-22 19:06,1.343
1997-10-22 19:12,1.341
1997-10-22 19:18,1.340
1997-10-22 19:24,1.338
1997-10-22 19:30,1.337
1997-10-22 19:36,1.336
1997-10-22 19:42,1.336
1997-10-22 19:48,1.335
1997-10-22 19:54,1.335
1997-10-22 20:00,1.336
1997-10-22 20:06,1.336
1997-10-22 20:12,1.337
1997-10-22 20:18,1.338
1997-10-22 20:24,1.339
1997-10-22 20:30,1.341
1997-10-22 20:36,1.342
1997-10-22 20:42,1.344
1997-10-22 20:48,1.347
1997-10-22 20:54,1.349
1997-10-22 21:00,1.352
1997-10-22 21:06,1.355
1997-10-22 21:12,1.358
1997-10-22 21:18,1.361
1997-10-22 21:24,1.365
1997-10-22 21:30,1.368
1997-10-22 21:36,1.372
1997-10-22 21:42,1.376
1997-10-22 21:48,1.381
1997-10-22 21:54,1.385
1997-10-22 22:00,1.390
1997-10-22 22:06,1.394
1997-10-22 22:12,1.399
1997-10-22 22:18,1.404
1997-10-22 22:24,1.409
1997-10-22 22:30,1.414
1997-10-22 22:36,1.419
1997-10-22 22:42,1.425
1997-10-22 22:48,1.430
1997-10-22 22:54,1.436
1997-10-22 23:00,1.441
1997-10-22 23:06,1.447
1997-10-22 23:12,1.453
1997-10-22 23:18,1.459
1997-10-22 23:24,1.465
1997-10-22 23:30,1.471
1997-10-22 23:36,1.477
1997-10-22 23:42,1.483
1997-10-22 23:48,1.489
1997-10-22 23:54,1.495
1997-10-23 00:00,1.501
1997-10-23 00:06,1.508
1997-10-23 00:12,1.514
1997-10-23 00:18,1.520
1997-10-23 00:24,1.526
1997-10-23 00:30,1.533
1997-10-23 00:36,1.539
1997-10-23 00:42,1.545
1997-10-23 00:48,1.552
1997-10-23 00:54,1.558
1997-10-23 01:00,1.564
1997-10-23 01:06,1.570
1997-10-23 01:12,1.576
1997-10-23 01:18,1.582
1997-10-23 01:24,1.588
1997-10-23 01:30,1.594
1997-10-23 01:36,1.600
1997-10-23 01:42,1.605
1997-10-23 01:48,1.611
1997-10-23 01:54,1.616
1997-10-23 02:00,1.621
1997-10-23 02:06,1.627
1997-10-23 02:12,1.632
1997-10-23 02:18,1.637
1997-10-23 02:24,1.642
1997-10-23 02:30,1.646
1997-10-23 02:36,1.651
1997-10-23 02:42,1.655
1997-10-23 02:48,1.660
1997-10-23 02:54,1.664
1997-10-23 03:00,1.668
1997-10-23 03:06,1.672
1997-10-23 03:12,1.675
1997-10-23 03:18,1.679
1997-10-23 03:24,1.682
1997-10-23 03:30,1.686
1997-10-23 03:36,1.689
1997-10-23 03:42,1.692
1997-10-23 03:48,1.695
1997-10-23 03:54,1.697
1997-10-23 04:00,1.700
1997-10-23 04:06,1.702
1997-10-23 04:12,1.705
1997-10-23 04:18,1.707
1997-10-23 04:24,1.709
1997-10-23 04:30,1.710
1997-10-23 04:36,1.712
1997-10-23 04:42,1.714
1997-10-23 04:48,1.715
1997-10-23 04:54,1.716
1997-10-23 05:00,1.717
1997-10-23 05:06,1.718
1997-10-23 05:12,1.719
1997-10-23 05:18,1.720
1997-10-23 05:24,1.720
1997-10-23 05:30,1.720
1997-10-23 05:36,1.721
1997-10-23 05:42,1.721
1997-10-23 05:48,1.721
1997-10-23 05:54,1.721
1997-10-23 06:00,1.720
1997-10-23 06:06,1.720
1997-10-23 06:12,1.719
1997-10-23 06:18,1.719
1997-10-23 06:24,1.718
1997-10-23 06:30,1.717
1997-10-23 06:36,1.716
1997-10-23 06:42,1.715
1997-10-23 06:48,1.714
1997-10-23 06:54,1.712
1997-10-23 07:00,1.711
1997-10-23 07:06,1.710
1997-10-23 07:12,1.708
1997-10-23 07:18,1.707
1997-10-23 07:24,1.705
1997-10-23 07:30,1.703
1997-10-23 07:36,1.701
1997-10-23 07:42,1.700
1997-10-23 07:48,1.698
1997-10-23 07:54,1.696
1997-10-23 08:00,1.694
1997-10-23 08:06,1.692
1997-10-23 08:12,1.690
1997-10-23 08:18,1.688
1997-10-23 08:24,1.686
1997-10-23 08:30,1.683
1997-10-23 08:36,1.681
1997-10-23 08:42,1.679
1997-10-23 08:48,1.677
1997-10-23 08:54,1.675
1997-10-23 09:00,1.672
1997-10-23 09:06,1.670
1997-10-23 09:12,1.668
1997-10-23 09:18,1.666
1997-10-23 09:24,1.663
1997-10-23 09:30,1.661
1997-10-23 09:36,1.659
1997-10-23 09:42,1.657
1997-10-23 09:48,1.654
1997-10-23 09:54,1.652
1997-10-23 10:00,1.650
1997-10-23 10:06,1.648
1997-10-23 10:12,1.646
1997-10-23 10:18,1.643
1997-10-23 10:24,1.641
1997-10-23 10:30,1.639
1997-10-23 10:36,1.637
1997-10-23 10:42,1.635
1997-10-23 10:48,1.633
1997-10-23 10:54,1.631
1997-10-23 11:00,1.629
1997-10-23 11:06,1.627
1997-10-23 11:12,1.625
1997-10-23 11:18,1.624
1997-10-23 11:24,1.622
1997-10-23 11:30,1.620
1997-10-23 11:36,1.618
1997-10-23 11:42,1.617
1997-10-23 11:48,1.615
1997-10-23 11:54,1.614
1997-10-23 12:00,1.612
1997-10-23 12:06,1.611
1997-10-23 12:12,1.609
1997-10-23 12:18,1.608
1997-10-23 12:24,1.606
1997-10-23 12:30,1.605
1997-10-23 12:36,1.603
1997-10-23 12:42,1.602
1997-10-23 12:48,1.601
1997-10-23 12:54,1.599
1997-10-23 13:00,1.598
1997-10-23 13:06,1.597
1997-10-23 13:12,1.595
1997-10-23 13:18,1.594
1997-10-23 13:24,1.593
1997-10-23 13:30,1.591
1997-10-23 13:36,1.590
1997-10-23 13:42,1.588
1997-10-23 13:48,1.587
1997-10-23 13:54,1.585
1997-10-23 14:00,1.584
1997-10-23 14:06,1.582
1997-10-23 14:12,1.580
1997-10-23 14:18,1.579
1997-10-23 14:24,1.577
1997-10-23 14:30,1.575
1997-10-23 14:36,1.573
1997-10-23 14:42,1.571
1997-10-23 14:48,1.569
1997-10-23 14:54,1.566
1997-10-23 15:00,1.564
1997-10-23 15:06,1.562
1997-10-23 15:12,1.559
1997-10-23 15:18,1.556
1997-10-23 15:24,1.554
1997-10-23 15:30,1.551
1997-10-23 15:36,1.548
1997-10-23 15:42,1.544
1997-10-23 15:48,1.541
1997-10-23 15:54,1.538
1997-10-23 16:00,1.534
1997-10-23 16:06,1.531
1997-10-23 16:12,1.527
1997-10-23 16:18,1.523
1997-10-23 16:24,1.519
1997-10-23 16:30,1.515
1997-10-23 16:36,1.511
1997-10-23 16:42,1.507
1997-10-23 16:48,1.503
1997-10-23 16:54,1.498
1997-10-23 17:00,1.494
1997-10-23 17:06,1.489
1997-10-23 17:12,1.485
1997-10-23 17:18,1.480
1997-10-23 17:24,1.476
1997-10-23 17:30,1.471
1997-10-23 17:36,1.467
1997-10-23 17:42,1.462
1997-10-23 17:48,1.458
1997-10-23 17:54,1.453
1997-10-23 18:00,1.449
1997-10-23 18:06,1.444
1997-10-23 18:12,1.440
1997-10-23 18:18,1.436
1997-10-23 18:24,1.432
1997-10-23 18:30,1.428
1997-10-23 18:36,1.424
1997-10-23 18:42,1.420
1997-10-23 18:48,1.416
1997-10-23 18:54,1.413
1997-10-23 19:00,1.409
1997-10-23 19:06,1.406
1997-10-23 19:12,1.403
1997-10-23 19:18,1.400
1997-10-23 19:24,1.397
1997-10-23 19:30,1.394
1997-10-23 19:36,1.392
1997-10-23 19:42,1.389
1997-10-23 19:48,1.387
1997-10-23 19:54,1.385
1997-10-23 20:00,1.383
1997-10-23 20:06,1.382
1997-10-23 20:12,1.380
1997-10-23 20:18,1.379
1997-10-23 20:24,1.378
1997-10-23 20:30,1.377
1997-10-23 20:36,1.377
1997-10-23 20:42,1.376
1997-10-23 20:48,1.376
1997-10-23 20:54,1.376
1997-10-23 21:00,1.376
1997-10-23 21:06,1.376
1997-10-23 21:12,1.376
1997-10-23 21:18,1.377
1997-10-23 21:24,1.378
1997-10-23 21:30,1.379
1997-10-23 21:36,1.380
1997-10-23 21:42,1.382
1997-10-23 21:48,1.383
1997-10-23 21:54,1.385
1997-10-23 22:00,1.387
1997-10-23 22:06,1.389
1997-10-23 22:12,1.392
1997-10-23 22:18,1.394
1997-10-23 22:24,1.397
1997-10-23 22:30,1.400
1997-10-23 22:36,1.403
1997-10-23 22:42,1.406
1997-10-23 22:48,1.410
1997-10-23 22:54,1.413
1997-10-23 23:00,1.417
1997-10-23 23:06,1.421
1997-10-23 23:12,1.424
1997-10-23 23:18,1.429
1997-10-23 23:24,1.433
1997-10-23 23:30,1.437
1997-10-23 23:36,1.441
1997-10-23 23:42,1.446
1997-10-23 23:48,1.451
1997-10-23 23:54,1.455
1997-10-24 00:00,1.460
1997-10-24 00:06,1.465
1997-10-24 00:12,1.470
1997-10-24 00:18,1.475
1997-10-24 00:24,1.480
1997-10-24 00:30,1.485
1997-10-24 00:36,1.490
1997-10-24 00:42,1.495
1997-10-24 00:48,1.500
1997-10-24 00:54,1.506
1997-10-24 01:00,1.511
1997-10-24 01:06,1.516
1997-10-24 01:12,1.521
1997-10-24 01:18,1.527
1997-10-24 01:24,1.532
1997-10-24 01:30,1.537
1997-10-24 01:36,1.543
1997-10-24 01:42,1.548
1997-10-24 01:48,1.554
1997-10-24 01:54,1.559
1997-10-24 02:00,1.564
1997-10-24 02:06,1.570
1997-10-24 02:12,1.575
1997-10-24 02:18,1.580
1997-10-24 02:24,1.585
1997-10-24 02:30,1.591
1997-10-24 02:36,1.596
1997-10-24 02:42,1.601
1997-10-24 02:48,1.606
1997-10-24 02:54,1.611
1997-10-24 03:00,1.616
1997-10-24 03:06,1.620
1997-10-24 03:12,1.625
1997-10-24 03:18,1.630
1997-10-24 03:24,1.634
1997-10-24 03:30,1.638
1997-10-24 03:36,1.643
1997-10-24 03:42,1.647
1997-10-24 03:48,1.651
1997-10-24 03:54,1.654
1997-10-24 04:00,1.658
1997-10-24 04:06,1.661
1997-10-24 04:12,1.665
1997-10-24 04:18,1.668
1997-10-24 04:24,1.671
1997-10-24 04:30,1.673
1997-10-24 04:36,1.676
1997-10-24 04:42,1.678
1997-10-24 04:48,1.681
1997-10-24 04:54,1.683
1997-10-24 05:00,1.684
1997-10-24 05:06,1.686
1997-10-24 05:12,1.688
1997-10-24 05:18,1.689
1997-10-24 05:24,1.690
1997-10-24 05:30,1.691
1997-10-24 05:36,1.692
1997-10-24 05:42,1.693
1997-10-24 05:48,1.694
1997-10-24 05:54,1.694
1997-10-24 06:00,1.695
1997-10-24 06:06,1.695
1997-10-24 06:12,1.695
1997-10-24 06:18,1.695
1997-10-24 06:24,1.695
1997-10-24 06:30,1.695
1997-10-24 06:36,1.695
1997-10-24 06:42,1.694
1997-10-24 06:48,1.694
1997-10-24 06:54,1.693
1997-10-24 07:00,1.693
1997-10-24 07:06,1.692
1997-10-24 07:12,1.691
1997-10-24 07:18,1.691
1997-10-24 07:24,1.690
1997-10-24 07:30,1.689
1997-10-24 07:36,1.688
1997-10-24 07:42,1.686
1997-10-24 07:48,1.685
1997-10-24 07:54,1.684
1997-10-24 08:00,1.682
1997-10-24 08:06,1.681
1997-10-24 08:12,1.679
1997-10-24 08:18,1.677
1997-10-24 08:24,1.675
1997-10-24 08:30,1.673
1997-10-24 08:36,1.672
1997-10-24 08:42,1.669
1997-10-24 08:48,1.667
1997-10-24 08:54,1.665
1997-10-24 09:00,1.663
1997-10-24 09:06,1.660
1997-10-24 09:12,1.658
1997-10-24 09:18,1.656
1997-10-24 09:24,1.653
1997-10-24 09:30,1.651
1997-10-24 09:36,1.648
1997-10-24 09:42,1.646
1997-10-24 09:48,1.643
1997-10-24 09:54,1.641
1997-10-24 10:00,1.638
1997-10-24 10:06,1.636
1997-10-24 10:12,1.633
1997-10-24 10:18,1.631
1997-10-24 10:24,1.628
1997-10-24 10:30,1.626
1997-10-24 10:36,1.624
1997-10-24 10:42,1.621
1997-10-24 10:48,1.619
1997-10-24 10:54,1.617
1997-10-24 11:00,1.615
1997-10-24 11:06,1.613
1997-10-24 11:12,1.611
1997-10-24 11:18,1.609
1997-10-24 11:24,1.607
1997-10-24 11:30,1.605
1997-10-24 11:36,1.604
1997-10-24 11:42,1.602
1997-10-24 11:48,1.600
1997-10-24 11:54,1.599
1997-10-24 12:00,1.597
1997-10-24 12:06,1.596
1997-10-24 12:12,1.595
1997-10-24 12:18,1.593
1997-10-24 12:24,1.592
1997-10-24 12:30,1.591
1997-10-24 12:36,1.590
1997-10-24 12:42,1.589
1997-10-24 12:48,1.588
1997-10-24 12:54,1.587
1997-10-24 13:00,1.586
1997-10-24 13:06,1.585
1997-10-24 13:12,1.584
1997-10-24 13:18,1.583
1997-10-24 13:24,1.582
1997-10-24 13:30,1.582
1997-10-24 13:36,1.581
1997-10-24 13:42,1.580
1997-10-24 13:48,1.580
1997-10-24 13:54,1.579
1997-10-24 14:00,1.579
1997-10-24 14:06,1.578
1997-10-24 14:12,1.578
1997-10-24 14:18,1.578
1997-10-24 14:24,1.577
1997-10-24 14:30,1.577
1997-10-24 14:36,1.577
1997-10-24 14:42,1.576
1997-10-24 14:48,1.576
1997-10-24 14:54,1.576
1997-10-24 15:00,1.575
1997-10-24 15:06,1.575
1997-10-24 15:12,1.574
1997-10-24 15:18,1.574
1997-10-24 15:24,1.573
1997-10-24 15:30,1.573
1997-10-24 15:36,1.572
1997-10-24 15:42,1.571
1997-10-24 15:48,1.570
1997-10-24 15:54,1.569
1997-10-24 16:00,1.568
1997-10-24 16:06,1.567
1997-10-24 16:12,1.565
1997-10-24 16:18,1.564
1997-10-24 16:24,1.562
1997-10-24 16:30,1.560
1997-10-24 16:36,1.558
1997-10-24 16:42,1.556
1997-10-24 16:48,1.553
1997-10-24 16:54,1.551
1997-10-24 17:00,1.548
1997-10-24 17:06,1.545
1997-10-24 17:12,1.542
1997-10-24 17:18,1.539
1997-10-24 17:24,1.536
1997-10-24 17:30,1.532
1997-10-24 17:36,1.529
1997-10-24 17:42,1.525
1997-10-24 17:48,1.522
1997-10-24 17:54,1.518
1997-10-24 18:00,1.514
1997-10-24 18:06,1.510
1997-10-24 18:12,1.507
1997-10-24 18:18,1.503
1997-10-24 18:24,1.499
1997-10-24 18:30,1.495
1997-10-24 18:36,1.491
1997-10-24 18:42,1.488
1997-10-24 18:48,1.484
1997-10-24 18:54,1.480
1997-10-24 19:00,1.477
1997-10-24 19:06,1.473
1997-10-24 19:12,1.470
1997-10-24 19:18,1.466
1997-10-24 19:24,1.463
1997-10-24 19:30,1.460
1997-10-24 19:36,1.457
1997-10-24 19:42,1.454
1997-10-24 19:48,1.451
1997-10-24 19:54,1.448
1997-10-24 20:00,1.445
1997-10-24 20:06,1.443
1997-10-24 20:12,1.440
1997-10-24 20:18,1.438
1997-10-24 20:24,1.435
1997-10-24 20:30,1.433
1997-10-24 20:36,1.431
1997-10-24 20:42,1.429
1997-10-24 20:48,1.427
1997-10-24 20:54,1.425
1997-10-24 21:00,1.423
1997-10-24 21:06,1.422
1997-10-24 21:12,1.420
1997-10-24 21:18,1.419
1997-10-24 21:24,1.417
1997-10-24 21:30,1.416
1997-10-24 21:36,1.415
1997-10-24 21:42,1.415
1997-10-24 21:48,1.414
1997-10-24 21:54,1.413
1997-10-24 22:00,1.413
1997-10-24 22:06,1.413
1997-10-24 22:12,1.413
1997-10-24 22:18,1.413
1997-10-24 22:24,1.414
1997-10-24 22:30,1.414
1997-10-24 22:36,1.415
1997-10-24 22:42,1.416
1997-10-24 22:48,1.417
1997-10-24 22:54,1.419
1997-10-24 23:00,1.420
1997-10-24 23:06,1.422
1997-10-24 23:12,1.424
1997-10-24 23:18,1.426
1997-10-24 23:24,1.428
1997-10-24 23:30,1.431
1997-10-24 23:36,1.433
1997-10-24 23:42,1.436
1997-10-24 23:48,1.439
1997-10-24 23:54,1.442
1997-10-25 00:00,1.445
1997-10-25 00:06,1.448
1997-10-25 00:12,1.451
1997-10-25 00:18,1.455
1997-10-25 00:24,1.458
1997-10-25 00:30,1.462
1997-10-25 00:36,1.465
1997-10-25 00:42,1.469
1997-10-25 00:48,1.473
1997-10-25 00:54,1.477
1997-10-25 01:00,1.481
1997-10-25 01:06,1.485
1997-10-25 01:12,1.489
1997-10-25 01:18,1.493
1997-10-25 01:24,1.497
1997-10-25 01:30,1.501
1997-10-25 01:36,1.505
1997-10-25 01:42,1.510
1997-10-25 01:48,1.514
1997-10-25 01:54,1.518
1997-10-25 02:00,1.523
1997-10-25 02:06,1.527
1997-10-25 02:12,1.532
1997-10-25 02:18,1.536
1997-10-25 02:24,1.541
1997-10-25 02:30,1.546
1997-10-25 02:36,1.550
1997-10-25 02:42,1.555
1997-10-25 02:48,1.560
1997-10-25 02:54,1.565
1997-10-25 03:00,1.570
1997-10-25 03:06,1.574
1997-10-25 03:12,1.579
1997-10-25 03:18,1.584
1997-10-25 03:24,1.589
1997-10-25 03:30,1.593
1997-10-25 03:36,1.598
1997-10-25 03:42,1.603
1997-10-25 03:48,1.607
1997-10-25 03:54,1.611
1997-10-25 04:00,1.616
1997-10-25 04:06,1.620
1997-10-25 04:12,1.624
1997-10-25 04:18,1.628
1997-10-25 04:24,1.631
1997-10-25 04:30,1.635
1997-10-25 04:36,1.638
1997-10-25 04:42,1.641
1997-10-25 04:48,1.644
1997-10-25 04:54,1.647
1997-10-25 05:00,1.650
1997-10-25 05:06,1.652
1997-10-25 05:12,1.654
1997-10-25 05:18,1.656
1997-10-25 05:24,1.658
1997-10-25 05:30,1.660
1997-10-25 05:36,1.661
1997-10-25 05:42,1.662
1997-10-25 05:48,1.663
1997-10-25 05:54,1.664
1997-10-25 06:00,1.665
1997-10-25 06:06,1.666
1997-10-25 06:12,1.666
1997-10-25 06:18,1.667
1997-10-25 06:24,1.667
1997-10-25 06:30,1.667
1997-10-25 06:36,1.667
1997-10-25 06:42,1.667
1997-10-25 06:48,1.667
1997-10-25 06:54,1.667
1997-10-25 07:00,1.667
1997-10-25 07:06,1.667
1997-10-25 07:12,1.666
1997-10-25 07:18,1.666
1997-10-25 07:24,1.665
1997-10-25 07:30,1.665
1997-10-25 07:36,1.664
1997-10-25 07:42,1.663
1997-10-25 07:48,1.663
1997-10-25 07:54,1.662
1997-10-25 08:00,1.661
1997-10-25 08:06,1.660
1997-10-25 08:12,1.658
1997-10-25 08:18,1.657
1997-10-25 08:24,1.656
1997-10-25 08:30,1.654
1997-10-25 08:36,1.653
1997-10-25 08:42,1.651
1997-10-25 08:48,1.649
1997-10-25 08:54,1.647
1997-10-25 09:00,1.645
1997-10-25 09:06,1.643
1997-10-25 09:12,1.641
1997-10-25 09:18,1.638
1997-10-25 09:24,1.636
1997-10-25 09:30,1.633
1997-10-25 09:36,1.631
1997-10-25 09:42,1.628
1997-10-25 09:48,1.625
1997-10-25 09:54,1.623
1997-10-25 10:00,1.620
1997-10-25 10:06,1.617
1997-10-25 10:12,1.615
1997-10-25 10:18,1.612
1997-10-25 10:24,1.609
1997-10-25 10:30,1.607
1997-10-25 10:36,1.604
1997-10-25 10:42,1.601
1997-10-25 10:48,1.599
1997-10-25 10:54,1.596
1997-10-25 11:00,1.594
1997-10-25 11:06,1.592
1997-10-25 11:12,1.590
1997-10-25 11:18,1.588
1997-10-25 11:24,1.586
1997-10-25 11:30,1.584
1997-10-25 11:36,1.582
1997-10-25 11:42,1.580
1997-10-25 11:48,1.578
1997-10-25 11:54,1.577
1997-10-25 12:00,1.575
1997-10-25 12:06,1.574
1997-10-25 12:12,1.573
1997-10-25 12:18,1.571
1997-10-25 12:24,1.570
1997-10-25 12:30,1.569
1997-10-25 12:36,1.568
1997-10-25 12:42,1.567
1997-10-25 12:48,1.566
1997-10-25 12:54,1.565
1997-10-25 13:00,1.565
1997-10-25 13:06,1.564
1997-10-25 13:12,1.563
1997-10-25 13:18,1.563
1997-10-25 13:24,1.562
1997-10-25 13:30,1.562
1997-10-25 13:36,1.562
1997-10-25 13:42,1.561
1997-10-25 13:48,1.561
1997-10-25 13:54,1.561
1997-10-25 14:00,1.561
1997-10-25 14:06,1.561
1997-10-25 14:12,1.561
1997-10-25 14:18,1.562
1997-10-25 14:24,1.562
1997-10-25 14:30,1.563
1997-10-25 14:36,1.563
1997-10-25 14:42,1.564
1997-10-25 14:48,1.564
1997-10-25 14:54,1.565
1997-10-25 15:00,1.566
1997-10-25 15:06,1.567
1997-10-25 15:12,1.568
1997-10-25 15:18,1.569
1997-10-25 15:24,1.570
1997-10-25 15:30,1.571
1997-10-25 15:36,1.572
1997-10-25 15:42,1.573
1997-10-25 15:48,1.574
1997-10-25 15:54,1.575
1997-10-25 16:00,1.576
1997-10-25 16:06,1.577
1997-10-25 16:12,1.578
1997-10-25 16:18,1.579
1997-10-25 16:24,1.579
1997-10-25 16:30,1.579
1997-10-25 16:36,1.580
1997-10-25 16:42,1.580
1997-10-25 16:48,1.580
1997-10-25 16:54,1.579
1997-10-25 17:00,1.579
1997-10-25 17:06,1.578
1997-10-25 17:12,1.577
1997-10-25 17:18,1.576
1997-10-25 17:24,1.575
1997-10-25 17:30,1.574
1997-10-25 17:36,1.572
1997-10-25 17:42,1.571
1997-10-25 17:48,1.569
1997-10-25 17:54,1.567
1997-10-25 18:00,1.564
1997-10-25 18:06,1.562
1997-10-25 18:12,1.560
1997-10-25 18:18,1.557
1997-10-25 18:24,1.555
1997-10-25 18:30,1.552
1997-10-25 18:36,1.549
1997-10-25 18:42,1.546
1997-10-25 18:48,1.543
1997-10-25 18:54,1.541
1997-10-25 19:00,1.538
1997-10-25 19:06,1.535
1997-10-25 19:12,1.532
1997-10-25 19:18,1.529
1997-10-25 19:24,1.526
1997-10-25 19:30,1.523
1997-10-25 19:36,1.520
1997-10-25 19:42,1.517
1997-10-25 19:48,1.514
1997-10-25 19:54,1.512
1997-10-25 20:00,1.509
1997-10-25 20:06,1.506
1997-10-25 20:12,1.503
1997-10-25 20:18,1.500
1997-10-25 20:24,1.498
1997-10-25 20:30,1.495
1997-10-25 20:36,1.492
1997-10-25 20:42,1.490
1997-10-25 20:48,1.487
1997-10-25 20:54,1.484
1997-10-25 21:00,1.482
1997-10-25 21:06,1.479
1997-10-25 21:12,1.477
1997-10-25 21:18,1.474
1997-10-25 21:24,1.472
1997-10-25 21:30,1.470
1997-10-25 21:36,1.467
1997-10-25 21:42,1.465
1997-10-25 21:48,1.463
1997-10-25 21:54,1.461
1997-10-25 22:00,1.459
1997-10-25 22:06,1.457
1997-10-25 22:12,1.455
1997-10-25 22:18,1.454
1997-10-25 22:24,1.452
1997-10-25 22:30,1.451
1997-10-25 22:36,1.450
1997-10-25 22:42,1.449
1997-10-25 22:48,1.448
1997-10-25 22:54,1.448
1997-10-25 23:00,1.447
1997-10-25 23:06,1.447
1997-10-25 23:12,1.447
1997-10-25 23:18,1.447
1997-10-25 23:24,1.447
1997-10-25 23:30,1.448
1997-10-25 23:36,1.448
1997-10-25 23:42,1.449
1997-10-25 23:48,1.450
1997-10-25 23:54,1.451
1997-10-26 00:00,1.453
1997-10-26 00:06,1.454
1997-10-26 00:12,1.456
1997-10-26 00:18,1.458
1997-10-26 00:24,1.460
1997-10-26 00:30,1.462
1997-10-26 00:36,1.464
1997-10-26 00:42,1.466
1997-10-26 00:48,1.468
1997-10-26 00:54,1.471
1997-10-26 01:00,1.473
1997-10-26 01:06,1.476
1997-10-26 01:12,1.478
1997-10-26 01:18,1.481
1997-10-26 01:24,1.484
1997-10-26 01:30,1.487
1997-10-26 01:36,1.490
1997-10-26 01:42,1.493
1997-10-26 01:48,1.496
1997-10-26 01:54,1.499
1997-10-26 02:00,1.502
1997-10-26 02:06,1.506
1997-10-26 02:12,1.509
1997-10-26 02:18,1.512
1997-10-26 02:24,1.516
1997-10-26 02:30,1.520
1997-10-26 02:36,1.523
1997-10-26 02:42,1.527
1997-10-26 02:48,1.531
1997-10-26 02:54,1.535
1997-10-26 03:00,1.539
1997-10-26 03:06,1.543
1997-10-26 03:12,1.547
1997-10-26 03:18,1.551
1997-10-26 03:24,1.555
1997-10-26 03:30,1.560
1997-10-26 03:36,1.564
1997-10-26 03:42,1.568
1997-10-26 03:48,1.572
1997-10-26 03:54,1.576
1997-10-26 04:00,1.581
1997-10-26 04:06,1.585
1997-10-26 04:12,1.589
1997-10-26 04:18,1.593
1997-10-26 04:24,1.597
1997-10-26 04:30,1.601
1997-10-26 04:36,1.604
1997-10-26 04:42,1.608
1997-10-26 04:48,1.611
1997-10-26 04:54,1.614
1997-10-26 05:00,1.618
1997-10-26 05:06,1.620
1997-10-26 05:12,1.623
1997-10-26 05:18,1.626
1997-10-26 05:24,1.628
1997-10-26 05:30,1.630
1997-10-26 05:36,1.632
1997-10-26 05:42,1.634
1997-10-26 05:48,1.635
1997-10-26 05:54,1.637
1997-10-26 06:00,1.638
1997-10-26 06:06,1.639
1997-10-26 06:12,1.640
1997-10-26 06:18,1.641
1997-10-26 06:24,1.641
1997-10-26 06:30,1.642
1997-10-26 06:36,1.642
1997-10-26 06:42,1.642
1997-10-26 06:48,1.642
1997-10-26 06:54,1.642
1997-10-26 07:00,1.642
1997-10-26 07:06,1.642
1997-10-26 07:12,1.641
1997-10-26 07:18,1.641
1997-10-26 07:24,1.640
1997-10-26 07:30,1.640
1997-10-26 07:36,1.639
1997-10-26 07:42,1.638
1997-10-26 07:48,1.638
1997-10-26 07:54,1.637
1997-10-26 08:00,1.636
1997-10-26 08:06,1.635
1997-10-26 08:12,1.634
1997-10-26 08:18,1.632
1997-10-26 08:24,1.631
1997-10-26 08:30,1.630
1997-10-26 08:36,1.628
1997-10-26 08:42,1.627
1997-10-26 08:48,1.625
1997-10-26 08:54,1.623
1997-10-26 09:00,1.621
1997-10-26 09:06,1.619
1997-10-26 09:12,1.617
1997-10-26 09:18,1.615
1997-10-26 09:24,1.613
1997-10-26 09:30,1.610
1997-10-26 09:36,1.608
1997-10-26 09:42,1.605
1997-10-26 09:48,1.602
1997-10-26 09:54,1.600
1997-10-26 10:00,1.597
1997-10-26 10:06,1.594
1997-10-26 10:12,1.591
1997-10-26 10:18,1.588
1997-10-26 10:24,1.585
1997-10-26 10:30,1.582
1997-10-26 10:36,1.580
1997-10-26 10:42,1.577
1997-10-26 10:48,1.574
1997-10-26 10:54,1.571
1997-10-26 11:00,1.568
1997-10-26 11:06,1.566
1997-10-26 11:12,1.563
1997-10-26 11:18,1.561
1997-10-26 11:24,1.559
1997-10-26 11:30,1.556
1997-10-26 11:36,1.554
1997-10-26 11:42,1.552
1997-10-26 11:48,1.550
1997-10-26 11:54,1.548
1997-10-26 12:00,1.547
1997-10-26 12:06,1.545
1997-10-26 12:12,1.543
1997-10-26 12:18,1.542
1997-10-26 12:24,1.541
1997-10-26 12:30,1.540
1997-10-26 12:36,1.539
1997-10-26 12:42,1.538
1997-10-26 12:48,1.537
1997-10-26 12:54,1.536
1997-10-26 13:00,1.535
1997-10-26 13:06,1.535
1997-10-26 13:12,1.534
1997-10-26 13:18,1.534
1997-10-26 13:24,1.534
1997-10-26 13:30,1.534
1997-10-26 13:36,1.533
1997-10-26 13:42,1.533
1997-10-26 13:48,1.534
1997-10-26 13:54,1.534
1997-10-26 14:00,1.534
1997-10-26 14:06,1.534
1997-10-26 14:12,1.535
1997-10-26 14:18,1.536
1997-10-26 14:24,1.536
1997-10-26 14:30,1.537
1997-10-26 14:36,1.538
1997-10-26 14:42,1.539
1997-10-26 14:48,1.541
1997-10-26 14:54,1.542
1997-10-26 15:00,1.544
1997-10-26 15:06,1.545
1997-10-26 15:12,1.547
1997-10-26 15:18,1.549
1997-10-26 15:24,1.551
1997-10-26 15:30,1.553
1997-10-26 15:36,1.555
1997-10-26 15:42,1.557
1997-10-26 15:48,1.559
1997-10-26 15:54,1.562
1997-10-26 16:00,1.564
1997-10-26 16:06,1.566
1997-10-26 16:12,1.569
1997-10-26 16:18,1.571
1997-10-26 16:24,1.573
1997-10-26 16:30,1.575
1997-10-26 16:36,1.578
1997-10-26 16:42,1.580
1997-10-26 16:48,1.582
1997-10-26 16:54,1.583
1997-10-26 17:00,1.585
1997-10-26 17:06,1.587
1997-10-26 17:12,1.588
1997-10-26 17:18,1.589
1997-10-26 17:24,1.591
1997-10-26 17:30,1.591
1997-10-26 17:36,1.592
1997-10-26 17:42,1.593
1997-10-26 17:48,1.593
1997-10-26 17:54,1.593
1997-10-26 18:00,1.593
1997-10-26 18:06,1.593
1997-10-26 18:12,1.593
1997-10-26 18:18,1.592
1997-10-26 18:24,1.592
1997-10-26 18:30,1.591
1997-10-26 18:36,1.590
1997-10-26 18:42,1.589
1997-10-26 18:48,1.588
1997-10-26 18:54,1.586
1997-10-26 19:00,1.585
1997-10-26 19:06,1.583
1997-10-26 19:12,1.581
1997-10-26 19:18,1.580
1997-10-26 19:24,1.578
1997-10-26 19:30,1.576
1997-10-26 19:36,1.574
1997-10-26 19:42,1.572
1997-10-26 19:48,1.570
1997-10-26 19:54,1.568
1997-10-26 20:00,1.565
1997-10-26 20:06,1.563
1997-10-26 20:12,1.561
1997-10-26 20:18,1.558
1997-10-26 20:24,1.556
1997-10-26 20:30,1.554
1997-10-26 20:36,1.551
1997-10-26 20:42,1.549
1997-10-26 20:48,1.546
1997-10-26 20:54,1.544
1997-10-26 21:00,1.541
1997-10-26 21:06,1.538
1997-10-26 21:12,1.536
1997-10-26 21:18,1.533
1997-10-26 21:24,1.530
1997-10-26 21:30,1.528
1997-10-26 21:36,1.525
1997-10-26 21:42,1.522
1997-10-26 21:48,1.519
1997-10-26 21:54,1.517
1997-10-26 22:00,1.514
1997-10-26 22:06,1.511
1997-10-26 22:12,1.509
1997-10-26 22:18,1.506
1997-10-26 22:24,1.504
1997-10-26 22:30,1.501
1997-10-26 22:36,1.499
1997-10-26 22:42,1.497
1997-10-26 22:48,1.494
1997-10-26 22:54,1.492
1997-10-26 23:00,1.491
1997-10-26 23:06,1.489
1997-10-26 23:12,1.487
1997-10-26 23:18,1.486
1997-10-26 23:24,1.484
1997-10-26 23:30,1.483
1997-10-26 23:36,1.482
1997-10-26 23:42,1.481
1997-10-26 23:48,1.481
1997-10-26 23:54,1.480
1997-10-27 00:00,1.480
1997-10-27 00:06,1.480
1997-10-27 00:12,1.479
1997-10-27 00:18,1.480
1997-10-27 00:24,1.480
1997-10-27 00:30,1.480
1997-10-27 00:36,1.481
1997-10-27 00:42,1.482
1997-10-27 00:48,1.482
1997-10-27 00:54,1.483
1997-10-27 01:00,1.484
1997-10-27 01:06,1.486
1997-10-27 01:12,1.487
1997-10-27 01:18,1.488
1997-10-27 01:24,1.490
1997-10-27 01:30,1.492
1997-10-27 01:36,1.493
1997-10-27 01:42,1.495
1997-10-27 01:48,1.497
1997-10-27 01:54,1.499
1997-10-27 02:00,1.501
1997-10-27 02:06,1.503
1997-10-27 02:12,1.505
1997-10-27 02:18,1.508
1997-10-27 02:24,1.510
1997-10-27 02:30,1.513
1997-10-27 02:36,1.515
1997-10-27 02:42,1.518
1997-10-27 02:48,1.521
1997-10-27 02:54,1.523
1997-10-27 03:00,1.526
1997-10-27 03:06,1.529
1997-10-27 03:12,1.532
1997-10-27 03:18,1.536
1997-10-27 03:24,1.539
1997-10-27 03:30,1.542
1997-10-27 03:36,1.545
1997-10-27 03:42,1.549
1997-10-27 03:48,1.552
1997-10-27 03:54,1.556
1997-10-27 04:00,1.559
1997-10-27 04:06,1.563
1997-10-27 04:12,1.566
1997-10-27 04:18,1.570
1997-10-27 04:24,1.573
1997-10-27 04:30,1.577
1997-10-27 04:36,1.580
1997-10-27 04:42,1.583
1997-10-27 04:48,1.587
1997-10-27 04:54,1.590
1997-10-27 05:00,1.593
1997-10-27 05:06,1.596
1997-10-27 05:12,1.599
1997-10-27 05:18,1.601
1997-10-27 05:24,1.604
1997-10-27 05:30,1.606
1997-10-27 05:36,1.608
1997-10-27 05:42,1.611
1997-10-27 05:48,1.612
1997-10-27 05:54,1.614
1997-10-27 06:00,1.616
1997-10-27 06:06,1.617
1997-10-27 06:12,1.618
1997-10-27 06:18,1.619
1997-10-27 06:24,1.620
1997-10-27 06:30,1.621
1997-10-27 06:36,1.621
1997-10-27 06:42,1.622
1997-10-27 06:48,1.622
1997-10-27 06:54,1.622
1997-10-27 07:00,1.622
1997-10-27 07:06,1.622
1997-10-27 07:12,1.622
1997-10-27 07:18,1.621
1997-10-27 07:24,1.621
1997-10-27 07:30,1.620
1997-10-27 07:36,1.619
1997-10-27 07:42,1.618
1997-10-27 07:48,1.617
1997-10-27 07:54,1.616
1997-10-27 08:00,1.615
1997-10-27 08:06,1.613
1997-10-27 08:12,1.612
1997-10-27 08:18,1.611
1997-10-27 08:24,1.609
1997-10-27 08:30,1.607
1997-10-27 08:36,1.605
1997-10-27 08:42,1.604
1997-10-27 08:48,1.602
1997-10-27 08:54,1.600
1997-10-27 09:00,1.597
1997-10-27 09:06,1.595
1997-10-27 09:12,1.593
1997-10-27 09:18,1.590
1997-10-27 09:24,1.588
1997-10-27 09:30,1.585
1997-10-27 09:36,1.583
1997-10-27 09:42,1.580
1997-10-27 09:48,1.577
1997-10-27 09:54,1.574
1997-10-27 10:00,1.571
1997-10-27 10:06,1.568
1997-10-27 10:12,1.565
1997-10-27 10:18,1.562
1997-10-27 10:24,1.559
1997-10-27 10:30,1.556
1997-10-27 10:36,1.553
1997-10-27 10:42,1.550
1997-10-27 10:48,1.547
1997-10-27 10:54,1.543
1997-10-27 11:00,1.540
1997-10-27 11:06,1.537
1997-10-27 11:12,1.534
1997-10-27 11:18,1.532
1997-10-27 11:24,1.529
1997-10-27 11:30,1.526
1997-10-27 11:36,1.523
1997-10-27 11:42,1.521
1997-10-27 11:48,1.518
1997-10-27 11:54,1.516
1997-10-27 12:00,1.514
1997-10-27 12:06,1.512
1997-10-27 12:12,1.510
1997-10-27 12:18,1.508
1997-10-27 12:24,1.506
1997-10-27 12:30,1.505
1997-10-27 12:36,1.504
1997-10-27 12:42,1.502
1997-10-27 12:48,1.501
1997-10-27 12:54,1.500
1997-10-27 13:00,1.499
1997-10-27 13:06,1.499
1997-10-27 13:12,1.498
1997-10-27 13:18,1.498
1997-10-27 13:24,1.497
1997-10-27 13:30,1.497
1997-10-27 13:36,1.497
1997-10-27 13:42,1.497
1997-10-27 13:48,1.497
1997-10-27 13:54,1.498
1997-10-27 14:00,1.498
1997-10-27 14:06,1.499
1997-10-27 14:12,1.500
1997-10-27 14:18,1.501
1997-10-27 14:24,1.502
1997-10-27 14:30,1.503
1997-10-27 14:36,1.504
1997-10-27 14:42,1.506
1997-10-27 14:48,1.508
1997-10-27 14:54,1.509
1997-10-27 15:00,1.511
1997-10-27 15:06,1.513
1997-10-27 15:12,1.516
1997-10-27 15:18,1.518
1997-10-27 15:24,1.520
1997-10-27 15:30,1.523
1997-10-27 15:36,1.526
1997-10-27 15:42,1.529
1997-10-27 15:48,1.531
1997-10-27 15:54,1.534
1997-10-27 16:00,1.538
1997-10-27 16:06,1.541
1997-10-27 16:12,1.544
1997-10-27 16:18,1.547
1997-10-27 16:24,1.551
1997-10-27 16:30,1.554
1997-10-27 16:36,1.557
1997-10-27 16:42,1.561
1997-10-27 16:48,1.564
1997-10-27 16:54,1.567
1997-10-27 17:00,1.571
1997-10-27 17:06,1.574
1997-10-27 17:12,1.577
1997-10-27 17:18,1.580
1997-10-27 17:24,1.583
1997-10-27 17:30,1.586
1997-10-27 17:36,1.589
1997-10-27 17:42,1.592
1997-10-27 17:48,1.594
1997-10-27 17:54,1.596
1997-10-27 18:00,1.599
1997-10-27 18:06,1.601
1997-10-27 18:12,1.603
1997-10-27 18:18,1.605
1997-10-27 18:24,1.606
1997-10-27 18:30,1.608
1997-10-27 18:36,1.609
1997-10-27 18:42,1.610
1997-10-27 18:48,1.611
1997-10-27 18:54,1.612
1997-10-27 19:00,1.612
1997-10-27 19:06,1.613
1997-10-27 19:12,1.613
1997-10-27 19:18,1.613
1997-10-27 19:24,1.613
1997-10-27 19:30,1.613
1997-10-27 19:36,1.612
1997-10-27 19:42,1.612
1997-10-27 19:48,1.611
1997-10-27 19:54,1.610
1997-10-27 20:00,1.609
1997-10-27 20:06,1.608
1997-10-27 20:12,1.607
1997-10-27 20:18,1.606
1997-10-27 20:24,1.604
1997-10-27 20:30,1.603
1997-10-27 20:36,1.601
1997-10-27 20:42,1.599
1997-10-27 20:48,1.598
1997-10-27 20:54,1.596
1997-10-27 21:00,1.593
1997-10-27 21:06,1.591
1997-10-27 21:12,1.589
1997-10-27 21:18,1.587
1997-10-27 21:24,1.584
1997-10-27 21:30,1.582
1997-10-27 21:36,1.579
1997-10-27 21:42,1.577
1997-10-27 21:48,1.574
1997-10-27 21:54,1.572
1997-10-27 22:00,1.569
1997-10-27 22:06,1.566
1997-10-27 22:12,1.563
1997-10-27 22:18,1.561
1997-10-27 22:24,1.558
1997-10-27 22:30,1.555
1997-10-27 22:36,1.552
1997-10-27 22:42,1.550
1997-10-27 22:48,1.547
1997-10-27 22:54,1.544
1997-10-27 23:00,1.542
1997-10-27 23:06,1.539
1997-10-27 23:12,1.537
1997-10-27 23:18,1.534
1997-10-27 23:24,1.532
1997-10-27 23:30,1.530
1997-10-27 23:36,1.528
1997-10-27 23:42,1.526
1997-10-27 23:48,1.524
1997-10-27 23:54,1.522
1997-10-28 00:00,1.520
1997-10-28 00:06,1.519
1997-10-28 00:12,1.517
1997-10-28 00:18,1.516
1997-10-28 00:24,1.515
1997-10-28 00:30,1.514
1997-10-28 00:36,1.513
1997-10-28 00:42,1.512
1997-10-28 00:48,1.512
1997-10-28 00:54,1.511
1997-10-28 01:00,1.511
1997-10-28 01:06,1.511
1997-10-28 01:12,1.510
1997-10-28 01:18,1.510
1997-10-28 01:24,1.511
1997-10-28 01:30,1.511
1997-10-28 01:36,1.511
1997-10-28 01:42,1.512
1997-10-28 01:48,1.513
1997-10-28 01:54,1.513
1997-10-28 02:00,1.514
1997-10-28 02:06,1.515
1997-10-28 02:12,1.517
1997-10-28 02:18,1.518
1997-10-28 02:24,1.519
1997-10-28 02:30,1.521
1997-10-28 02:36,1.522
1997-10-28 02:42,1.524
1997-10-28 02:48,1.526
1997-10-28 02:54,1.528
1997-10-28 03:00,1.530
1997-10-28 03:06,1.532
1997-10-28 03:12,1.534
1997-10-28 03:18,1.536
1997-10-28 03:24,1.538
1997-10-28 03:30,1.541
1997-10-28 03:36,1.543
1997-10-28 03:42,1.546
1997-10-28 03:48,1.548
1997-10-28 03:54,1.551
1997-10-28 04:00,1.553
1997-10-28 04:06,1.556
1997-10-28 04:12,1.559
1997-10-28 04:18,1.561
1997-10-28 04:24,1.564
1997-10-28 04:30,1.567
1997-10-28 04:36,1.569
1997-10-28 04:42,1.572
1997-10-28 04:48,1.574
1997-10-28 04:54,1.577
1997-10-28 05:00,1.580
1997-10-28 05:06,1.582
1997-10-28 05:12,1.584
1997-10-28 05:18,1.587
1997-10-28 05:24,1.589
1997-10-28 05:30,1.591
1997-10-28 05:36,1.593
1997-10-28 05:42,1.595
1997-10-28 05:48,1.597
1997-10-28 05:54,1.599
1997-10-28 06:00,1.600
1997-10-28 06:06,1.602
1997-10-28 06:12,1.603
1997-10-28 06:18,1.604
1997-10-28 06:24,1.605
1997-10-28 06:30,1.606
1997-10-28 06:36,1.607
1997-10-28 06:42,1.608
1997-10-28 06:48,1.608
1997-10-28 06:54,1.609
1997-10-28 07:00,1.609
1997-10-28 07:06,1.609
1997-10-28 07:12,1.609
1997-10-28 07:18,1.608
1997-10-28 07:24,1.608
1997-10-28 07:30,1.607
1997-10-28 07:36,1.607
1997-10-28 07:42,1.606
1997-10-28 07:48,1.605
1997-10-28 07:54,1.603
1997-10-28 08:00,1.602
1997-10-28 08:06,1.600
1997-10-28 08:12,1.599
1997-10-28 08:18,1.597
1997-10-28 08:24,1.595
1997-10-28 08:30,1.593
1997-10-28 08:36,1.591
1997-10-28 08:42,1.588
1997-10-28 08:48,1.586
1997-10-28 08:54,1.583
1997-10-28 09:00,1.581
1997-10-28 09:06,1.578
1997-10-28 09:12,1.575
1997-10-28 09:18,1.572
1997-10-28 09:24,1.569
1997-10-28 09:30,1.566
1997-10-28 09:36,1.562
1997-10-28 09:42,1.559
1997-10-28 09:48,1.556
1997-10-28 09:54,1.552
1997-10-28 10:00,1.549
1997-10-28 10:06,1.545
1997-10-28 10:12,1.542
1997-10-28 10:18,1.538
1997-10-28 10:24,1.535
1997-10-28 10:30,1.531
1997-10-28 10:36,1.528
1997-10-28 10:42,1.524
1997-10-28 10:48,1.521
1997-10-28 10:54,1.517
1997-10-28 11:00,1.514
1997-10-28 11:06,1.510
1997-10-28 11:12,1.507
1997-10-28 11:18,1.503
1997-10-28 11:24,1.500
1997-10-28 11:30,1.497
1997-10-28 11:36,1.494
1997-10-28 11:42,1.491
1997-10-28 11:48,1.488
1997-10-28 11:54,1.485
1997-10-28 12:00,1.482
1997-10-28 12:06,1.479
1997-10-28 12:12,1.477
1997-10-28 12:18,1.474
1997-10-28 12:24,1.472
1997-10-28 12:30,1.470
1997-10-28 12:36,1.468
1997-10-28 12:42,1.466
1997-10-28 12:48,1.464
1997-10-28 12:54,1.462
1997-10-28 13:00,1.461
1997-10-28 13:06,1.459
1997-10-28 13:12,1.458
1997-10-28 13:18,1.457
1997-10-28 13:24,1.457
1997-10-28 13:30,1.456
1997-10-28 13:36,1.456
1997-10-28 13:42,1.455
1997-10-28 13:48,1.455
1997-10-28 13:54,1.455
1997-10-28 14:00,1.456
1997-10-28 14:06,1.456
1997-10-28 14:12,1.457
1997-10-28 14:18,1.458
1997-10-28 14:24,1.459
1997-10-28 14:30,1.460
1997-10-28 14:36,1.462
1997-10-28 14:42,1.464
1997-10-28 14:48,1.466
1997-10-28 14:54,1.468
1997-10-28 15:00,1.470
1997-10-28 15:06,1.472
1997-10-28 15:12,1.475
1997-10-28 15:18,1.478
1997-10-28 15:24,1.481
1997-10-28 15:30,1.484
1997-10-28 15:36,1.487
1997-10-28 15:42,1.490
1997-10-28 15:48,1.494
1997-10-28 15:54,1.497
1997-10-28 16:00,1.501
1997-10-28 16:06,1.505
1997-10-28 16:12,1.508
1997-10-28 16:18,1.512
1997-10-28 16:24,1.516
1997-10-28 16:30,1.521
1997-10-28 16:36,1.525
1997-10-28 16:42,1.529
1997-10-28 16:48,1.533
1997-10-28 16:54,1.537
1997-10-28 17:00,1.542
1997-10-28 17:06,1.546
1997-10-28 17:12,1.550
1997-10-28 17:18,1.555
1997-10-28 17:24,1.559
1997-10-28 17:30,1.563
1997-10-28 17:36,1.567
1997-10-28 17:42,1.571
1997-10-28 17:48,1.575
1997-10-28 17:54,1.580
1997-10-28 18:00,1.583
1997-10-28 18:06,1.587
1997-10-28 18:12,1.591
1997-10-28 18:18,1.595
1997-10-28 18:24,1.599
1997-10-28 18:30,1.602
1997-10-28 18:36,1.605
1997-10-28 18:42,1.609
1997-10-28 18:48,1.612
1997-10-28 18:54,1.615
1997-10-28 19:00,1.618
1997-10-28 19:06,1.620
1997-10-28 19:12,1.623
1997-10-28 19:18,1.625
1997-10-28 19:24,1.627
1997-10-28 19:30,1.629
1997-10-28 19:36,1.631
1997-10-28 19:42,1.632
1997-10-28 19:48,1.634
1997-10-28 19:54,1.635
1997-10-28 20:00,1.636
1997-10-28 20:06,1.637
1997-10-28 20:12,1.637
1997-10-28 20:18,1.638
1997-10-28 20:24,1.638
1997-10-28 20:30,1.638
1997-10-28 20:36,1.638
1997-10-28 20:42,1.637
1997-10-28 20:48,1.637
1997-10-28 20:54,1.636
1997-10-28 21:00,1.635
1997-10-28 21:06,1.634
1997-10-28 21:12,1.632
1997-10-28 21:18,1.631
1997-10-28 21:24,1.629
1997-10-28 21:30,1.628
1997-10-28 21:36,1.626
1997-10-28 21:42,1.624
1997-10-28 21:48,1.622
1997-10-28 21:54,1.620
1997-10-28 22:00,1.617
1997-10-28 22:06,1.615
1997-10-28 22:12,1.613
1997-10-28 22:18,1.610
1997-10-28 22:24,1.608
1997-10-28 22:30,1.605
1997-10-28 22:36,1.603
1997-10-28 22:42,1.600
1997-10-28 22:48,1.598
1997-10-28 22:54,1.595
1997-10-28 23:00,1.592
1997-10-28 23:06,1.590
1997-10-28 23:12,1.587
1997-10-28 23:18,1.585
1997-10-28 23:24,1.582
1997-10-28 23:30,1.579
1997-10-28 23:36,1.577
1997-10-28 23:42,1.575
1997-10-28 23:48,1.572
1997-10-28 23:54,1.570
1997-10-29 00:00,1.567
1997-10-29 00:06,1.565
1997-10-29 00:12,1.563
1997-10-29 00:18,1.561
1997-10-29 00:24,1.559
1997-10-29 00:30,1.557
1997-10-29 00:36,1.555
1997-10-29 00:42,1.553
1997-10-29 00:48,1.551
1997-10-29 00:54,1.549
1997-10-29 01:00,1.548
1997-10-29 01:06,1.546
1997-10-29 01:12,1.545
1997-10-29 01:18,1.544
1997-10-29 01:24,1.543
1997-10-29 01:30,1.542
1997-10-29 01:36,1.541
1997-10-29 01:42,1.540
1997-10-29 01:48,1.540
1997-10-29 01:54,1.539
1997-10-29 02:00,1.539
1997-10-29 02:06,1.539
1997-10-29 02:12,1.539
1997-10-29 02:18,1.539
1997-10-29 02:24,1.539
1997-10-29 02:30,1.540
1997-10-29 02:36,1.540
1997-10-29 02:42,1.541
1997-10-29 02:48,1.542
1997-10-29 02:54,1.543
1997-10-29 03:00,1.544
1997-10-29 03:06,1.545
1997-10-29 03:12,1.546
1997-10-29 03:18,1.548
1997-10-29 03:24,1.549
1997-10-29 03:30,1.551
1997-10-29 03:36,1.552
1997-10-29 03:42,1.554
1997-10-29 03:48,1.556
1997-10-29 03:54,1.558
1997-10-29 04:00,1.559
1997-10-29 04:06,1.561
1997-10-29 04:12,1.563
1997-10-29 04:18,1.565
1997-10-29 04:24,1.567
1997-10-29 04:30,1.569
1997-10-29 04:36,1.571
1997-10-29 04:42,1.573
1997-10-29 04:48,1.575
1997-10-29 04:54,1.577
1997-10-29 05:00,1.578
1997-10-29 05:06,1.580
1997-10-29 05:12,1.582
1997-10-29 05:18,1.584
1997-10-29 05:24,1.585
1997-10-29 05:30,1.587
1997-10-29 05:36,1.588
1997-10-29 05:42,1.590
1997-10-29 05:48,1.591
1997-10-29 05:54,1.593
1997-10-29 06:00,1.594
1997-10-29 06:06,1.595
1997-10-29 06:12,1.596
1997-10-29 06:18,1.597
1997-10-29 06:24,1.598
1997-10-29 06:30,1.599
1997-10-29 06:36,1.600
1997-10-29 06:42,1.600
1997-10-29 06:48,1.601
1997-10-29 06:54,1.601
1997-10-29 07:00,1.602
1997-10-29 07:06,1.602
1997-10-29 07:12,1.602
1997-10-29 07:18,1.602
1997-10-29 07:24,1.602
1997-10-29 07:30,1.601
1997-10-29 07:36,1.601
1997-10-29 07:42,1.600
1997-10-29 07:48,1.599
1997-10-29 07:54,1.598
1997-10-29 08:00,1.597
1997-10-29 08:06,1.595
1997-10-29 08:12,1.594
1997-10-29 08:18,1.592
1997-10-29 08:24,1.590
1997-10-29 08:30,1.588
1997-10-29 08:36,1.585
1997-10-29 08:42,1.583
1997-10-29 08:48,1.580
1997-10-29 08:54,1.577
1997-10-29 09:00,1.574
1997-10-29 09:06,1.571
1997-10-29 09:12,1.567
1997-10-29 09:18,1.564
1997-10-29 09:24,1.560
1997-10-29 09:30,1.556
1997-10-29 09:36,1.553
1997-10-29 09:42,1.549
1997-10-29 09:48,1.544
1997-10-29 09:54,1.540
1997-10-29 10:00,1.536
1997-10-29 10:06,1.532
1997-10-29 10:12,1.528
1997-10-29 10:18,1.523
1997-10-29 10:24,1.519
1997-10-29 10:30,1.515
1997-10-29 10:36,1.510
1997-10-29 10:42,1.506
1997-10-29 10:48,1.502
1997-10-29 10:54,1.498
1997-10-29 11:00,1.493
1997-10-29 11:06,1.489
1997-10-29 11:12,1.485
1997-10-29 11:18,1.481
1997-10-29 11:24,1.477
1997-10-29 11:30,1.473
1997-10-29 11:36,1.469
1997-10-29 11:42,1.466
1997-10-29 11:48,1.462
1997-10-29 11:54,1.458
1997-10-29 12:00,1.455
1997-10-29 12:06,1.451
1997-10-29 12:12,1.448
1997-10-29 12:18,1.445
1997-10-29 12:24,1.442
1997-10-29 12:30,1.439
1997-10-29 12:36,1.436
1997-10-29 12:42,1.433
1997-10-29 12:48,1.430
1997-10-29 12:54,1.428
1997-10-29 13:00,1.426
1997-10-29 13:06,1.423
1997-10-29 13:12,1.421
1997-10-29 13:18,1.420
1997-10-29 13:24,1.418
1997-10-29 13:30,1.417
1997-10-29 13:36,1.415
1997-10-29 13:42,1.414
1997-10-29 13:48,1.413
1997-10-29 13:54,1.413
1997-10-29 14:00,1.412
1997-10-29 14:06,1.412
1997-10-29 14:12,1.412
1997-10-29 14:18,1.413
1997-10-29 14:24,1.413
1997-10-29 14:30,1.414
1997-10-29 14:36,1.415
1997-10-29 14:42,1.417
1997-10-29 14:48,1.418
1997-10-29 14:54,1.420
1997-10-29 15:00,1.422
1997-10-29 15:06,1.425
1997-10-29 15:12,1.427
1997-10-29 15:18,1.430
1997-10-29 15:24,1.433
1997-10-29 15:30,1.436
1997-10-29 15:36,1.440
1997-10-29 15:42,1.443
1997-10-29 15:48,1.447
1997-10-29 15:54,1.451
1997-10-29 16:00,1.455
1997-10-29 16:06,1.459
1997-10-29 16:12,1.464
1997-10-29 16:18,1.468
1997-10-29 16:24,1.473
1997-10-29 16:30,1.477
1997-10-29 16:36,1.482
1997-10-29 16:42,1.487
1997-10-29 16:48,1.492
1997-10-29 16:54,1.497
1997-10-29 17:00,1.502
1997-10-29 17:06,1.507
1997-10-29 17:12,1.512
1997-10-29 17:18,1.517
1997-10-29 17:24,1.522
1997-10-29 17:30,1.527
1997-10-29 17:36,1.532
1997-10-29 17:42,1.538
1997-10-29 17:48,1.543
1997-10-29 17:54,1.548
1997-10-29 18:00,1.553
1997-10-29 18:06,1.558
1997-10-29 18:12,1.563
1997-10-29 18:18,1.568
1997-10-29 18:24,1.573
1997-10-29 18:30,1.578
1997-10-29 18:36,1.583
1997-10-29 18:42,1.588
1997-10-29 18:48,1.593
1997-10-29 18:54,1.598
1997-10-29 19:00,1.603
1997-10-29 19:06,1.607
1997-10-29 19:12,1.612
1997-10-29 19:18,1.616
1997-10-29 19:24,1.620
1997-10-29 19:30,1.624
1997-10-29 19:36,1.628
1997-10-29 19:42,1.632
1997-10-29 19:48,1.635
1997-10-29 19:54,1.639
1997-10-29 20:00,1.642
1997-10-29 20:06,1.645
1997-10-29 20:12,1.648
1997-10-29 20:18,1.650
1997-10-29 20:24,1.652
1997-10-29 20:30,1.654
1997-10-29 20:36,1.656
1997-10-29 20:42,1.657
1997-10-29 20:48,1.659
1997-10-29 20:54,1.660
1997-10-29 21:00,1.660
1997-10-29 21:06,1.661
1997-10-29 21:12,1.661
1997-10-29 21:18,1.661
1997-10-29 21:24,1.661
1997-10-29 21:30,1.661
1997-10-29 21:36,1.660
1997-10-29 21:42,1.659
1997-10-29 21:48,1.658
1997-10-29 21:54,1.657
1997-10-29 22:00,1.656
1997-10-29 22:06,1.654
1997-10-29 22:12,1.653
1997-10-29 22:18,1.651
1997-10-29 22:24,1.649
1997-10-29 22:30,1.647
1997-10-29 22:36,1.645
1997-10-29 22:42,1.643
1997-10-29 22:48,1.641
1997-10-29 22:54,1.639
1997-10-29 23:00,1.637
1997-10-29 23:06,1.635
1997-10-29 23:12,1.632
1997-10-29 23:18,1.630
1997-10-29 23:24,1.628
1997-10-29 23:30,1.626
1997-10-29 23:36,1.623
1997-10-29 23:42,1.621
1997-10-29 23:48,1.619
1997-10-29 23:54,1.616
1997-10-30 00:00,1.614
1997-10-30 00:06,1.611
1997-10-30 00:12,1.609
1997-10-30 00:18,1.607
1997-10-30 00:24,1.604
1997-10-30 00:30,1.602
1997-10-30 00:36,1.600
1997-10-30 00:42,1.597
1997-10-30 00:48,1.595
1997-10-30 00:54,1.593
1997-10-30 01:00,1.591
1997-10-30 01:06,1.588
1997-10-30 01:12,1.586
1997-10-30 01:18,1.584
1997-10-30 01:24,1.582
1997-10-30 01:30,1.580
1997-10-30 01:36,1.578
1997-10-30 01:42,1.577
1997-10-30 01:48,1.575
1997-10-30 01:54,1.574
1997-10-30 02:00,1.572
1997-10-30 02:06,1.571
1997-10-30 02:12,1.570
1997-10-30 02:18,1.569
1997-10-30 02:24,1.568
1997-10-30 02:30,1.567
1997-10-30 02:36,1.566
1997-10-30 02:42,1.566
1997-10-30 02:48,1.566
1997-10-30 02:54,1.566
1997-10-30 03:00,1.566
1997-10-30 03:06,1.566
1997-10-30 03:12,1.566
1997-10-30 03:18,1.567
1997-10-30 03:24,1.567
1997-10-30 03:30,1.568
1997-10-30 03:36,1.569
1997-10-30 03:42,1.570
1997-10-30 03:48,1.571
1997-10-30 03:54,1.572
1997-10-30 04:00,1.573
1997-10-30 04:06,1.574
1997-10-30 04:12,1.576
1997-10-30 04:18,1.577
1997-10-30 04:24,1.578
1997-10-30 04:30,1.580
1997-10-30 04:36,1.581
1997-10-30 04:42,1.582
1997-10-30 04:48,1.584
1997-10-30 04:54,1.585
1997-10-30 05:00,1.586
1997-10-30 05:06,1.587
1997-10-30 05:12,1.588
1997-10-30 05:18,1.590
1997-10-30 05:24,1.591
1997-10-30 05:30,1.592
1997-10-30 05:36,1.593
1997-10-30 05:42,1.594
1997-10-30 05:48,1.595
1997-10-30 05:54,1.595
1997-10-30 06:00,1.596
1997-10-30 06:06,1.597
1997-10-30 06:12,1.598
1997-10-30 06:18,1.598
1997-10-30 06:24,1.599
1997-10-30 06:30,1.599
1997-10-30 06:36,1.600
1997-10-30 06:42,1.600
1997-10-30 06:48,1.601
1997-10-30 06:54,1.601
1997-10-30 07:00,1.601
1997-10-30 07:06,1.601
1997-10-30 07:12,1.601
1997-10-30 07:18,1.601
1997-10-30 07:24,1.601
1997-10-30 07:30,1.601
1997-10-30 07:36,1.600
1997-10-30 07:42,1.600
1997-10-30 07:48,1.599
1997-10-30 07:54,1.598
1997-10-30 08:00,1.597
1997-10-30 08:06,1.596
1997-10-30 08:12,1.595
1997-10-30 08:18,1.593
1997-10-30 08:24,1.591
1997-10-30 08:30,1.589
1997-10-30 08:36,1.587
1997-10-30 08:42,1.585
1997-10-30 08:48,1.582
1997-10-30 08:54,1.579
1997-10-30 09:00,1.576
1997-10-30 09:06,1.573
1997-10-30 09:12,1.569
1997-10-30 09:18,1.566
1997-10-30 09:24,1.562
1997-10-30 09:30,1.558
1997-10-30 09:36,1.554
1997-10-30 09:42,1.549
1997-10-30 09:48,1.545
1997-10-30 09:54,1.540
1997-10-30 10:00,1.535
1997-10-30 10:06,1.530
1997-10-30 10:12,1.526
1997-10-30 10:18,1.521
1997-10-30 10:24,1.515
1997-10-30 10:30,1.510
1997-10-30 10:36,1.505
1997-10-30 10:42,1.500
1997-10-30 10:48,1.495
1997-10-30 10:54,1.490
1997-10-30 11:00,1.485
1997-10-30 11:06,1.480
1997-10-30 11:12,1.475
1997-10-30 11:18,1.470
1997-10-30 11:24,1.465
1997-10-30 11:30,1.460
1997-10-30 11:36,1.455
1997-10-30 11:42,1.451
1997-10-30 11:48,1.446
1997-10-30 11:54,1.441
1997-10-30 12:00,1.437
1997-10-30 12:06,1.433
1997-10-30 12:12,1.429
1997-10-30 12:18,1.424
1997-10-30 12:24,1.420
1997-10-30 12:30,1.417
1997-10-30 12:36,1.413
1997-10-30 12:42,1.409
1997-10-30 12:48,1.406
1997-10-30 12:54,1.402
1997-10-30 13:00,1.399
1997-10-30 13:06,1.396
1997-10-30 13:12,1.393
1997-10-30 13:18,1.390
1997-10-30 13:24,1.387
1997-10-30 13:30,1.385
1997-10-30 13:36,1.382
1997-10-30 13:42,1.380
1997-10-30 13:48,1.378
1997-10-30 13:54,1.377
1997-10-30 14:00,1.375
1997-10-30 14:06,1.374
1997-10-30 14:12,1.373
1997-10-30 14:18,1.372
1997-10-30 14:24,1.372
1997-10-30 14:30,1.372
1997-10-30 14:36,1.372
1997-10-30 14:42,1.372
1997-10-30 14:48,1.373
1997-10-30 14:54,1.374
1997-10-30 15:00,1.375
1997-10-30 15:06,1.377
1997-10-30 15:12,1.379
1997-10-30 15:18,1.381
1997-10-30 15:24,1.383
1997-10-30 15:30,1.386
1997-10-30 15:36,1.389
1997-10-30 15:42,1.392
1997-10-30 15:48,1.396
1997-10-30 15:54,1.399
1997-10-30 16:00,1.403
1997-10-30 16:06,1.408
1997-10-30 16:12,1.412
1997-10-30 16:18,1.417
1997-10-30 16:24,1.421
1997-10-30 16:30,1.426
1997-10-30 16:36,1.431
1997-10-30 16:42,1.436
1997-10-30 16:48,1.442
1997-10-30 16:54,1.447
1997-10-30 17:00,1.453
1997-10-30 17:06,1.458
1997-10-30 17:12,1.464
1997-10-30 17:18,1.470
1997-10-30 17:24,1.475
1997-10-30 17:30,1.481
1997-10-30 17:36,1.487
1997-10-30 17:42,1.493
1997-10-30 17:48,1.499
1997-10-30 17:54,1.505
1997-10-30 18:00,1.511
1997-10-30 18:06,1.517
1997-10-30 18:12,1.523
1997-10-30 18:18,1.529
1997-10-30 18:24,1.535
1997-10-30 18:30,1.541
1997-10-30 18:36,1.547
1997-10-30 18:42,1.553
1997-10-30 18:48,1.559
1997-10-30 18:54,1.565
1997-10-30 19:00,1.571
1997-10-30 19:06,1.577
1997-10-30 19:12,1.583
1997-10-30 19:18,1.589
1997-10-30 19:24,1.595
1997-10-30 19:30,1.601
1997-10-30 19:36,1.606
1997-10-30 19:42,1.612
1997-10-30 19:48,1.617
1997-10-30 19:54,1.623
1997-10-30 20:00,1.628
1997-10-30 20:06,1.633
1997-10-30 20:12,1.637
1997-10-30 20:18,1.642
1997-10-30 20:24,1.646
1997-10-30 20:30,1.650
1997-10-30 20:36,1.654
1997-10-30 20:42,1.658
1997-10-30 20:48,1.661
1997-10-30 20:54,1.664
1997-10-30 21:00,1.667
1997-10-30 21:06,1.670
1997-10-30 21:12,1.672
1997-10-30 21:18,1.674
1997-10-30 21:24,1.676
1997-10-30 21:30,1.677
1997-10-30 21:36,1.678
1997-10-30 21:42,1.679
1997-10-30 21:48,1.680
1997-10-30 21:54,1.680
1997-10-30 22:00,1.680
1997-10-30 22:06,1.680
1997-10-30 22:12,1.680
1997-10-30 22:18,1.680
1997-10-30 22:24,1.679
1997-10-30 22:30,1.678
1997-10-30 22:36,1.677
1997-10-30 22:42,1.676
1997-10-30 22:48,1.675
1997-10-30 22:54,1.674
1997-10-30 23:00,1.672
1997-10-30 23:06,1.671
1997-10-30 23:12,1.669
1997-10-30 23:18,1.668
1997-10-30 23:24,1.666
1997-10-30 23:30,1.664
1997-10-30 23:36,1.662
1997-10-30 23:42,1.660
1997-10-30 23:48,1.658
1997-10-30 23:54,1.656
1997-10-31 00:00,1.654
1997-10-31 00:06,1.652
1997-10-31 00:12,1.650
1997-10-31 00:18,1.648
1997-10-31 00:24,1.646
1997-10-31 00:30,1.644
1997-10-31 00:36,1.642
1997-10-31 00:42,1.640
1997-10-31 00:48,1.637
1997-10-31 00:54,1.635
1997-10-31 01:00,1.633
1997-10-31 01:06,1.631
1997-10-31 01:12,1.628
1997-10-31 01:18,1.626
1997-10-31 01:24,1.624
1997-10-31 01:30,1.621
1997-10-31 01:36,1.619
1997-10-31 01:42,1.617
1997-10-31 01:48,1.615
1997-10-31 01:54,1.612
1997-10-31 02:00,1.610
1997-10-31 02:06,1.608
1997-10-31 02:12,1.606
1997-10-31 02:18,1.604
1997-10-31 02:24,1.603
1997-10-31 02:30,1.601
1997-10-31 02:36,1.599
1997-10-31 02:42,1.598
1997-10-31 02:48,1.597
1997-10-31 02:54,1.596
1997-10-31 03:00,1.595
1997-10-31 03:06,1.594
1997-10-31 03:12,1.593
1997-10-31 03:18,1.592
1997-10-31 03:24,1.592
1997-10-31 03:30,1.592
1997-10-31 03:36,1.591
1997-10-31 03:42,1.591
1997-10-31 03:48,1.591
1997-10-31 03:54,1.592
1997-10-31 04:00,1.592
1997-10-31 04:06,1.592
1997-10-31 04:12,1.593
1997-10-31 04:18,1.593
1997-10-31 04:24,1.594
1997-10-31 04:30,1.595
1997-10-31 04:36,1.595
1997-10-31 04:42,1.596
1997-10-31 04:48,1.597
1997-10-31 04:54,1.598
1997-10-31 05:00,1.599
1997-10-31 05:06,1.599
1997-10-31 05:12,1.600
1997-10-31 05:18,1.601
1997-10-31 05:24,1.602
1997-10-31 05:30,1.602
1997-10-31 05:36,1.603
1997-10-31 05:42,1.603
1997-10-31 05:48,1.604
1997-10-31 05:54,1.604
1997-10-31 06:00,1.605
1997-10-31 06:06,1.605
1997-10-31 06:12,1.606
1997-10-31 06:18,1.606
1997-10-31 06:24,1.606
1997-10-31 06:30,1.606
1997-10-31 06:36,1.607
1997-10-31 06:42,1.607
1997-10-31 06:48,1.607
1997-10-31 06:54,1.607
1997-10-31 07:00,1.607
1997-10-31 07:06,1.606
1997-10-31 07:12,1.606
1997-10-31 07:18,1.606
1997-10-31 07:24,1.606
1997-10-31 07:30,1.605
1997-10-31 07:36,1.605
1997-10-31 07:42,1.604
1997-10-31 07:48,1.604
1997-10-31 07:54,1.603
1997-10-31 08:00,1.602
1997-10-31 08:06,1.601
1997-10-31 08:12,1.600
1997-10-31 08:18,1.598
1997-10-31 08:24,1.597
1997-10-31 08:30,1.595
1997-10-31 08:36,1.593
1997-10-31 08:42,1.591
1997-10-31 08:48,1.589
1997-10-31 08:54,1.586
1997-10-31 09:00,1.583
1997-10-31 09:06,1.580
1997-10-31 09:12,1.577
1997-10-31 09:18,1.574
1997-10-31 09:24,1.570
1997-10-31 09:30,1.566
1997-10-31 09:36,1.562
1997-10-31 09:42,1.558
1997-10-31 09:48,1.554
1997-10-31 09:54,1.549
1997-10-31 10:00,1.544
1997-10-31 10:06,1.539
1997-10-31 10:12,1.534
1997-10-31 10:18,1.529
1997-10-31 10:24,1.523
1997-10-31 10:30,1.518
1997-10-31 10:36,1.512
1997-10-31 10:42,1.506
1997-10-31 10:48,1.501
1997-10-31 10:54,1.495
1997-10-31 11:00,1.489
1997-10-31 11:06,1.483
1997-10-31 11:12,1.477
1997-10-31 11:18,1.472
1997-10-31 11:24,1.466
1997-10-31 11:30,1.460
1997-10-31 11:36,1.454
1997-10-31 11:42,1.449
1997-10-31 11:48,1.443
1997-10-31 11:54,1.438
1997-10-31 12:00,1.432
1997-10-31 12:06,1.427
1997-10-31 12:12,1.422
1997-10-31 12:18,1.417
1997-10-31 12:24,1.412
1997-10-31 12:30,1.407
1997-10-31 12:36,1.402
1997-10-31 12:42,1.397
1997-10-31 12:48,1.393
1997-10-31 12:54,1.388
1997-10-31 13:00,1.384
1997-10-31 13:06,1.380
1997-10-31 13:12,1.376
1997-10-31 13:18,1.372
1997-10-31 13:24,1.368
1997-10-31 13:30,1.364
1997-10-31 13:36,1.361
1997-10-31 13:42,1.358
1997-10-31 13:48,1.355
1997-10-31 13:54,1.352
1997-10-31 14:00,1.349
1997-10-31 14:06,1.347
1997-10-31 14:12,1.344
1997-10-31 14:18,1.342
1997-10-31 14:24,1.341
1997-10-31 14:30,1.339
1997-10-31 14:36,1.338
1997-10-31 14:42,1.337
1997-10-31 14:48,1.336
1997-10-31 14:54,1.336
1997-10-31 15:00,1.336
1997-10-31 15:06,1.336
1997-10-31 15:12,1.337
1997-10-31 15:18,1.338
1997-10-31 15:24,1.339
1997-10-31 15:30,1.340
1997-10-31 15:36,1.342
1997-10-31 15:42,1.344
1997-10-31 15:48,1.347
1997-10-31 15:54,1.350
1997-10-31 16:00,1.353
1997-10-31 16:06,1.356
1997-10-31 16:12,1.360
1997-10-31 16:18,1.364
1997-10-31 16:24,1.368
1997-10-31 16:30,1.372
1997-10-31 16:36,1.377
1997-10-31 16:42,1.382
1997-10-31 16:48,1.387
1997-10-31 16:54,1.392
1997-10-31 17:00,1.397
1997-10-31 17:06,1.403
1997-10-31 17:12,1.409
1997-10-31 17:18,1.415
1997-10-31 17:24,1.421
1997-10-31 17:30,1.427
1997-10-31 17:36,1.433
1997-10-31 17:42,1.439
1997-10-31 17:48,1.446
1997-10-31 17:54,1.452
1997-10-31 18:00,1.459
1997-10-31 18:06,1.466
1997-10-31 18:12,1.472
1997-10-31 18:18,1.479
1997-10-31 18:24,1.486
1997-10-31 18:30,1.493
1997-10-31 18:36,1.500
1997-10-31 18:42,1.507
1997-10-31 18:48,1.514
1997-10-31 18:54,1.521
1997-10-31 19:00,1.528
1997-10-31 19:06,1.535
1997-10-31 19:12,1.542
1997-10-31 19:18,1.549
1997-10-31 19:24,1.556
1997-10-31 19:30,1.563
1997-10-31 19:36,1.570
1997-10-31 19:42,1.577
1997-10-31 19:48,1.583
1997-10-31 19:54,1.590
1997-10-31 20:00,1.597
1997-10-31 20:06,1.603
1997-10-31 20:12,1.609
1997-10-31 20:18,1.616
1997-10-31 20:24,1.622
1997-10-31 20:30,1.628
1997-10-31 20:36,1.633
1997-10-31 20:42,1.639
1997-10-31 20:48,1.644
1997-10-31 20:54,1.649
1997-10-31 21:00,1.654
1997-10-31 21:06,1.658
1997-10-31 21:12,1.663
1997-10-31 21:18,1.667
1997-10-31 21:24,1.671
1997-10-31 21:30,1.674
1997-10-31 21:36,1.677
1997-10-31 21:42,1.680
1997-10-31 21:48,1.683
1997-10-31 21:54,1.685
1997-10-31 22:00,1.687
1997-10-31 22:06,1.689
1997-10-31 22:12,1.691
1997-10-31 22:18,1.692
1997-10-31 22:24,1.693
1997-10-31 22:30,1.694
1997-10-31 22:36,1.695
1997-10-31 22:42,1.695
1997-10-31 22:48,1.696
1997-10-31 22:54,1.696
1997-10-31 23:00,1.695
1997-10-31 23:06,1.695
1997-10-31 23:12,1.695
1997-10-31 23:18,1.694
1997-10-31 23:24,1.693
1997-10-31 23:30,1.692
1997-10-31 23:36,1.692
1997-10-31 23:42,1.690
1997-10-31 23:48,1.689
1997-10-31 23:54,1.688
1997-11-01 00:00,1.687
1997-11-01 00:06,1.685
1997-11-01 00:12,1.684
1997-11-01 00:18,1.682
1997-11-01 00:24,1.681
1997-11-01 00:30,1.679
1997-11-01 00:36,1.677
1997-11-01 00:42,1.675
1997-11-01 00:48,1.674
1997-11-01 00:54,1.672
1997-11-01 01:00,1.670
1997-11-01 01:06,1.668
1997-11-01 01:12,1.666
1997-11-01 01:18,1.664
1997-11-01 01:24,1.662
1997-11-01 01:30,1.659
1997-11-01 01:36,1.657
1997-11-01 01:42,1.655
1997-11-01 01:48,1.653
1997-11-01 01:54,1.651
1997-11-01 02:00,1.648
1997-11-01 02:06,1.646
1997-11-01 02:12,1.644
1997-11-01 02:18,1.642
1997-11-01 02:24,1.640
1997-11-01 02:30,1.638
1997-11-01 02:36,1.636
1997-11-01 02:42,1.634
1997-11-01 02:48,1.632
1997-11-01 02:54,1.630
1997-11-01 03:00,1.628
1997-11-01 03:06,1.627
1997-11-01 03:12,1.625
1997-11-01 03:18,1.624
1997-11-01 03:24,1.622
1997-11-01 03:30,1.621
1997-11-01 03:36,1.620
1997-11-01 03:42,1.619
1997-11-01 03:48,1.618
1997-11-01 03:54,1.617
1997-11-01 04:00,1.617
1997-11-01 04:06,1.616
1997-11-01 04:12,1.615
1997-11-01 04:18,1.615
1997-11-01 04:24,1.615
1997-11-01 04:30,1.615
1997-11-01 04:36,1.614
1997-11-01 04:42,1.614
1997-11-01 04:48,1.614
1997-11-01 04:54,1.614
1997-11-01 05:00,1.615
1997-11-01 05:06,1.615
1997-11-01 05:12,1.615
1997-11-01 05:18,1.615
1997-11-01 05:24,1.615
1997-11-01 05:30,1.615
1997-11-01 05:36,1.616
1997-11-01 05:42,1.616
1997-11-01 05:48,1.616
1997-11-01 05:54,1.616
1997-11-01 06:00,1.616
1997-11-01 06:06,1.617
1997-11-01 06:12,1.617
1997-11-01 06:18,1.617
1997-11-01 06:24,1.617
1997-11-01 06:30,1.617
1997-11-01 06:36,1.617
1997-11-01 06:42,1.617
1997-11-01 06:48,1.617
1997-11-01 06:54,1.617
1997-11-01 07:00,1.616
1997-11-01 07:06,1.616
1997-11-01 07:12,1.616
1997-11-01 07:18,1.615
1997-11-01 07:24,1.615
1997-11-01 07:30,1.615
1997-11-01 07:36,1.614
1997-11-01 07:42,1.613
1997-11-01 07:48,1.613
1997-11-01 07:54,1.612
1997-11-01 08:00,1.611
1997-11-01 08:06,1.610
1997-11-01 08:12,1.608
1997-11-01 08:18,1.607
1997-11-01 08:24,1.606
1997-11-01 08:30,1.604
1997-11-01 08:36,1.602
1997-11-01 08:42,1.600
1997-11-01 08:48,1.598
1997-11-01 08:54,1.596
1997-11-01 09:00,1.594
1997-11-01 09:06,1.591
1997-11-01 09:12,1.588
1997-11-01 09:18,1.585
1997-11-01 09:24,1.582
1997-11-01 09:30,1.578
1997-11-01 09:36,1.575
1997-11-01 09:42,1.571
1997-11-01 09:48,1.567
1997-11-01 09:54,1.562
1997-11-01 10:00,1.558
1997-11-01 10:06,1.553
1997-11-01 10:12,1.548
1997-11-01 10:18,1.543
1997-11-01 10:24,1.538
1997-11-01 10:30,1.533
1997-11-01 10:36,1.527
1997-11-01 10:42,1.522
1997-11-01 10:48,1.516
1997-11-01 10:54,1.510
1997-11-01 11:00,1.504
1997-11-01 11:06,1.498
1997-11-01 11:12,1.492
1997-11-01 11:18,1.486
1997-11-01 11:24,1.479
1997-11-01 11:30,1.473
1997-11-01 11:36,1.467
1997-11-01 11:42,1.461
1997-11-01 11:48,1.454
1997-11-01 11:54,1.448
1997-11-01 12:00,1.442
1997-11-01 12:06,1.435
1997-11-01 12:12,1.429
1997-11-01 12:18,1.423
1997-11-01 12:24,1.417
1997-11-01 12:30,1.411
1997-11-01 12:36,1.405
1997-11-01 12:42,1.400
1997-11-01 12:48,1.394
1997-11-01 12:54,1.388
1997-11-01 13:00,1.383
1997-11-01 13:06,1.378
1997-11-01 13:12,1.372
1997-11-01 13:18,1.367
1997-11-01 13:24,1.362
1997-11-01 13:30,1.358
1997-11-01 13:36,1.353
1997-11-01 13:42,1.349
1997-11-01 13:48,1.344
1997-11-01 13:54,1.340
1997-11-01 14:00,1.337
1997-11-01 14:06,1.333
1997-11-01 14:12,1.329
1997-11-01 14:18,1.326
1997-11-01 14:24,1.323
1997-11-01 14:30,1.320
1997-11-01 14:36,1.318
1997-11-01 14:42,1.315
1997-11-01 14:48,1.313
1997-11-01 14:54,1.312
1997-11-01 15:00,1.310
1997-11-01 15:06,1.309
1997-11-01 15:12,1.308
1997-11-01 15:18,1.307
1997-11-01 15:24,1.307
1997-11-01 15:30,1.307
1997-11-01 15:36,1.307
1997-11-01 15:42,1.308
1997-11-01 15:48,1.309
1997-11-01 15:54,1.310
1997-11-01 16:00,1.311
1997-11-01 16:06,1.313
1997-11-01 16:12,1.315
1997-11-01 16:18,1.318
1997-11-01 16:24,1.320
1997-11-01 16:30,1.323
1997-11-01 16:36,1.327
1997-11-01 16:42,1.330
1997-11-01 16:48,1.334
1997-11-01 16:54,1.339
1997-11-01 17:00,1.343
1997-11-01 17:06,1.348
1997-11-01 17:12,1.353
1997-11-01 17:18,1.358
1997-11-01 17:24,1.363
1997-11-01 17:30,1.369
1997-11-01 17:36,1.375
1997-11-01 17:42,1.381
1997-11-01 17:48,1.387
1997-11-01 17:54,1.393
1997-11-01 18:00,1.400
1997-11-01 18:06,1.407
1997-11-01 18:12,1.414
1997-11-01 18:18,1.421
1997-11-01 18:24,1.428
1997-11-01 18:30,1.435
1997-11-01 18:36,1.442
1997-11-01 18:42,1.450
1997-11-01 18:48,1.458
1997-11-01 18:54,1.465
1997-11-01 19:00,1.473
1997-11-01 19:06,1.481
1997-11-01 19:12,1.489
1997-11-01 19:18,1.496
1997-11-01 19:24,1.504
1997-11-01 19:30,1.512
1997-11-01 19:36,1.520
1997-11-01 19:42,1.528
1997-11-01 19:48,1.536
1997-11-01 19:54,1.543
1997-11-01 20:00,1.551
1997-11-01 20:06,1.559
1997-11-01 20:12,1.566
1997-11-01 20:18,1.574
1997-11-01 20:24,1.581
1997-11-01 20:30,1.588
1997-11-01 20:36,1.596
1997-11-01 20:42,1.603
1997-11-01 20:48,1.609
1997-11-01 20:54,1.616
1997-11-01 21:00,1.622
1997-11-01 21:06,1.629
1997-11-01 21:12,1.635
1997-11-01 21:18,1.641
1997-11-01 21:24,1.646
1997-11-01 21:30,1.651
1997-11-01 21:36,1.657
1997-11-01 21:42,1.661
1997-11-01 21:48,1.666
1997-11-01 21:54,1.671
1997-11-01 22:00,1.675
1997-11-01 22:06,1.679
1997-11-01 22:12,1.682
1997-11-01 22:18,1.686
1997-11-01 22:24,1.689
1997-11-01 22:30,1.691
1997-11-01 22:36,1.694
1997-11-01 22:42,1.696
1997-11-01 22:48,1.699
1997-11-01 22:54,1.700
1997-11-01 23:00,1.702
1997-11-01 23:06,1.704
1997-11-01 23:12,1.705
1997-11-01 23:18,1.706
1997-11-01 23:24,1.707
1997-11-01 23:30,1.707
1997-11-01 23:36,1.708
1997-11-01 23:42,1.708
1997-11-01 23:48,1.708
1997-11-01 23:54,1.708
1997-11-02 00:00,1.708
1997-11-02 00:06,1.707
1997-11-02 00:12,1.707
1997-11-02 00:18,1.706
1997-11-02 00:24,1.705
1997-11-02 00:30,1.705
1997-11-02 00:36,1.704
1997-11-02 00:42,1.703
1997-11-02 00:48,1.701
1997-11-02 00:54,1.700
1997-11-02 01:00,1.699
1997-11-02 01:06,1.697
1997-11-02 01:12,1.696
1997-11-02 01:18,1.694
1997-11-02 01:24,1.693
1997-11-02 01:30,1.691
1997-11-02 01:36,1.689
1997-11-02 01:42,1.687
1997-11-02 01:48,1.686
1997-11-02 01:54,1.684
1997-11-02 02:00,1.682
1997-11-02 02:06,1.680
1997-11-02 02:12,1.678
1997-11-02 02:18,1.676
1997-11-02 02:24,1.674
1997-11-02 02:30,1.672
1997-11-02 02:36,1.670
1997-11-02 02:42,1.668
1997-11-02 02:48,1.667
1997-11-02 02:54,1.665
1997-11-02 03:00,1.663
1997-11-02 03:06,1.661
1997-11-02 03:12,1.659
1997-11-02 03:18,1.657
1997-11-02 03:24,1.656
1997-11-02 03:30,1.654
1997-11-02 03:36,1.652
1997-11-02 03:42,1.651
1997-11-02 03:48,1.649
1997-11-02 03:54,1.648
1997-11-02 04:00,1.646
1997-11-02 04:06,1.645
1997-11-02 04:12,1.644
1997-11-02 04:18,1.642
1997-11-02 04:24,1.641
1997-11-02 04:30,1.640
1997-11-02 04:36,1.639
1997-11-02 04:42,1.638
1997-11-02 04:48,1.637
1997-11-02 04:54,1.636
1997-11-02 05:00,1.636
1997-11-02 05:06,1.635
1997-11-02 05:12,1.634
1997-11-02 05:18,1.633
1997-11-02 05:24,1.633
1997-11-02 05:30,1.632
1997-11-02 05:36,1.632
1997-11-02 05:42,1.631
1997-11-02 05:48,1.631
1997-11-02 05:54,1.631
1997-11-02 06:00,1.630
1997-11-02 06:06,1.630
1997-11-02 06:12,1.630
1997-11-02 06:18,1.630
1997-11-02 06:24,1.629
1997-11-02 06:30,1.629
1997-11-02 06:36,1.629
1997-11-02 06:42,1.629
1997-11-02 06:48,1.629
1997-11-02 06:54,1.628
1997-11-02 07:00,1.628
1997-11-02 07:06,1.628
1997-11-02 07:12,1.628
1997-11-02 07:18,1.627
1997-11-02 07:24,1.627
1997-11-02 07:30,1.626
1997-11-02 07:36,1.626
1997-11-02 07:42,1.625
1997-11-02 07:48,1.624
1997-11-02 07:54,1.624
1997-11-02 08:00,1.623
1997-11-02 08:06,1.622
1997-11-02 08:12,1.621
1997-11-02 08:18,1.619
1997-11-02 08:24,1.618
1997-11-02 08:30,1.617
1997-11-02 08:36,1.615
1997-11-02 08:42,1.613
1997-11-02 08:48,1.611
1997-11-02 08:54,1.609
1997-11-02 09:00,1.607
1997-11-02 09:06,1.604
1997-11-02 09:12,1.602
1997-11-02 09:18,1.599
1997-11-02 09:24,1.596
1997-11-02 09:30,1.593
1997-11-02 09:36,1.590
1997-11-02 09:42,1.586
1997-11-02 09:48,1.582
1997-11-02 09:54,1.579
1997-11-02 10:00,1.574
1997-11-02 10:06,1.570
1997-11-02 10:12,1.566
1997-11-02 10:18,1.561
1997-11-02 10:24,1.557
1997-11-02 10:30,1.552
1997-11-02 10:36,1.547
1997-11-02 10:42,1.541
1997-11-02 10:48,1.536
1997-11-02 10:54,1.531
1997-11-02 11:00,1.525
1997-11-02 11:06,1.519
1997-11-02 11:12,1.513
1997-11-02 11:18,1.507
1997-11-02 11:24,1.501
1997-11-02 11:30,1.495
1997-11-02 11:36,1.489
1997-11-02 11:42,1.482
1997-11-02 11:48,1.476
1997-11-02 11:54,1.469
1997-11-02 12:00,1.463
1997-11-02 12:06,1.456
1997-11-02 12:12,1.450
1997-11-02 12:18,1.443
1997-11-02 12:24,1.436
1997-11-02 12:30,1.430
1997-11-02 12:36,1.423
1997-11-02 12:42,1.416
1997-11-02 12:48,1.410
1997-11-02 12:54,1.403
1997-11-02 13:00,1.397
1997-11-02 13:06,1.391
1997-11-02 13:12,1.385
1997-11-02 13:18,1.378
1997-11-02 13:24,1.372
1997-11-02 13:30,1.366
1997-11-02 13:36,1.361
1997-11-02 13:42,1.355
1997-11-02 13:48,1.350
1997-11-02 13:54,1.344
1997-11-02 14:00,1.339
1997-11-02 14:06,1.334
1997-11-02 14:12,1.330
1997-11-02 14:18,1.325
1997-11-02 14:24,1.321
1997-11-02 14:30,1.317
1997-11-02 14:36,1.313
1997-11-02 14:42,1.309
1997-11-02 14:48,1.306
1997-11-02 14:54,1.302
1997-11-02 15:00,1.300
1997-11-02 15:06,1.297
1997-11-02 15:12,1.294
1997-11-02 15:18,1.292
1997-11-02 15:24,1.290
1997-11-02 15:30,1.289
1997-11-02 15:36,1.288
1997-11-02 15:42,1.286
1997-11-02 15:48,1.286
1997-11-02 15:54,1.285
1997-11-02 16:00,1.285
1997-11-02 16:06,1.285
1997-11-02 16:12,1.285
1997-11-02 16:18,1.286
1997-11-02 16:24,1.287
1997-11-02 16:30,1.288
1997-11-02 16:36,1.290
1997-11-02 16:42,1.291
1997-11-02 16:48,1.293
1997-11-02 16:54,1.296
1997-11-02 17:00,1.299
1997-11-02 17:06,1.302
1997-11-02 17:12,1.305
1997-11-02 17:18,1.308
1997-11-02 17:24,1.312
1997-11-02 17:30,1.316
1997-11-02 17:36,1.321
1997-11-02 17:42,1.326
1997-11-02 17:48,1.331
1997-11-02 17:54,1.336
1997-11-02 18:00,1.341
1997-11-02 18:06,1.347
1997-11-02 18:12,1.353
1997-11-02 18:18,1.360
1997-11-02 18:24,1.366
1997-11-02 18:30,1.373
1997-11-02 18:36,1.380
1997-11-02 18:42,1.387
1997-11-02 18:48,1.395
1997-11-02 18:54,1.402
1997-11-02 19:00,1.410
1997-11-02 19:06,1.418
1997-11-02 19:12,1.426
1997-11-02 19:18,1.434
1997-11-02 19:24,1.442
1997-11-02 19:30,1.451
1997-11-02 19:36,1.459
1997-11-02 19:42,1.468
1997-11-02 19:48,1.476
1997-11-02 19:54,1.485
1997-11-02 20:00,1.493
1997-11-02 20:06,1.502
1997-11-02 20:12,1.510
1997-11-02 20:18,1.518
1997-11-02 20:24,1.527
1997-11-02 20:30,1.535
1997-11-02 20:36,1.543
1997-11-02 20:42,1.551
1997-11-02 20:48,1.559
1997-11-02 20:54,1.567
1997-11-02 21:00,1.575
1997-11-02 21:06,1.582
1997-11-02 21:12,1.590
1997-11-02 21:18,1.597
1997-11-02 21:24,1.604
1997-11-02 21:30,1.611
1997-11-02 21:36,1.617
1997-11-02 21:42,1.624
1997-11-02 21:48,1.630
1997-11-02 21:54,1.636
1997-11-02 22:00,1.642
1997-11-02 22:06,1.648
1997-11-02 22:12,1.653
1997-11-02 22:18,1.658
1997-11-02 22:24,1.664
1997-11-02 22:30,1.668
1997-11-02 22:36,1.673
1997-11-02 22:42,1.677
1997-11-02 22:48,1.681
1997-11-02 22:54,1.685
1997-11-02 23:00,1.689
1997-11-02 23:06,1.692
1997-11-02 23:12,1.696
1997-11-02 23:18,1.699
1997-11-02 23:24,1.701
1997-11-02 23:30,1.704
1997-11-02 23:36,1.706
1997-11-02 23:42,1.708
1997-11-02 23:48,1.710
1997-11-02 23:54,1.712
1997-11-03 00:00,1.713
1997-11-03 00:06,1.714
1997-11-03 00:12,1.715
1997-11-03 00:18,1.716
1997-11-03 00:24,1.717
1997-11-03 00:30,1.717
1997-11-03 00:36,1.718
1997-11-03 00:42,1.718
1997-11-03 00:48,1.718
1997-11-03 00:54,1.717
1997-11-03 01:00,1.717
1997-11-03 01:06,1.717
1997-11-03 01:12,1.716
1997-11-03 01:18,1.715
1997-11-03 01:24,1.714
1997-11-03 01:30,1.713
1997-11-03 01:36,1.712
1997-11-03 01:42,1.711
1997-11-03 01:48,1.710
1997-11-03 01:54,1.709
1997-11-03 02:00,1.707
1997-11-03 02:06,1.706
1997-11-03 02:12,1.705
1997-11-03 02:18,1.703
1997-11-03 02:24,1.702
1997-11-03 02:30,1.700
1997-11-03 02:36,1.699
1997-11-03 02:42,1.697
1997-11-03 02:48,1.696
1997-11-03 02:54,1.694
1997-11-03 03:00,1.693
1997-11-03 03:06,1.691
1997-11-03 03:12,1.690
1997-11-03 03:18,1.688
1997-11-03 03:24,1.687
1997-11-03 03:30,1.685
1997-11-03 03:36,1.684
1997-11-03 03:42,1.682
1997-11-03 03:48,1.680
1997-11-03 03:54,1.679
1997-11-03 04:00,1.677
1997-11-03 04:06,1.676
1997-11-03 04:12,1.674
1997-11-03 04:18,1.673
1997-11-03 04:24,1.671
1997-11-03 04:30,1.669
1997-11-03 04:36,1.668
1997-11-03 04:42,1.666
1997-11-03 04:48,1.665
1997-11-03 04:54,1.663
1997-11-03 05:00,1.662
1997-11-03 05:06,1.660
1997-11-03 05:12,1.659
1997-11-03 05:18,1.657
1997-11-03 05:24,1.656
1997-11-03 05:30,1.654
1997-11-03 05:36,1.653
1997-11-03 05:42,1.652
1997-11-03 05:48,1.651
1997-11-03 05:54,1.649
1997-11-03 06:00,1.648
1997-11-03 06:06,1.647
1997-11-03 06:12,1.646
1997-11-03 06:18,1.645
1997-11-03 06:24,1.645
1997-11-03 06:30,1.644
1997-11-03 06:36,1.643
1997-11-03 06:42,1.643
1997-11-03 06:48,1.642
1997-11-03 06:54,1.641
1997-11-03 07:00,1.641
1997-11-03 07:06,1.640
1997-11-03 07:12,1.640
1997-11-03 07:18,1.640
1997-11-03 07:24,1.639
1997-11-03 07:30,1.639
1997-11-03 07:36,1.638
1997-11-03 07:42,1.638
1997-11-03 07:48,1.637
1997-11-03 07:54,1.636
1997-11-03 08:00,1.636
1997-11-03 08:06,1.635
1997-11-03 08:12,1.634
1997-11-03 08:18,1.633
1997-11-03 08:24,1.632
1997-11-03 08:30,1.631
1997-11-03 08:36,1.629
1997-11-03 08:42,1.628
1997-11-03 08:48,1.626
1997-11-03 08:54,1.624
1997-11-03 09:00,1.622
1997-11-03 09:06,1.620
1997-11-03 09:12,1.618
1997-11-03 09:18,1.615
1997-11-03 09:24,1.613
1997-11-03 09:30,1.610
1997-11-03 09:36,1.607
1997-11-03 09:42,1.604
1997-11-03 09:48,1.600
1997-11-03 09:54,1.597
1997-11-03 10:00,1.593
1997-11-03 10:06,1.589
1997-11-03 10:12,1.585
1997-11-03 10:18,1.581
1997-11-03 10:24,1.577
1997-11-03 10:30,1.573
1997-11-03 10:36,1.568
1997-11-03 10:42,1.563
1997-11-03 10:48,1.559
1997-11-03 10:54,1.554
1997-11-03 11:00,1.549
1997-11-03 11:06,1.543
1997-11-03 11:12,1.538
1997-11-03 11:18,1.533
1997-11-03 11:24,1.527
1997-11-03 11:30,1.521
1997-11-03 11:36,1.516
1997-11-03 11:42,1.510
1997-11-03 11:48,1.504
1997-11-03 11:54,1.497
1997-11-03 12:00,1.491
1997-11-03 12:06,1.485
1997-11-03 12:12,1.478
1997-11-03 12:18,1.472
1997-11-03 12:24,1.465
1997-11-03 12:30,1.459
1997-11-03 12:36,1.452
1997-11-03 12:42,1.445
1997-11-03 12:48,1.438
1997-11-03 12:54,1.432
1997-11-03 13:00,1.425
1997-11-03 13:06,1.418
1997-11-03 13:12,1.411
1997-11-03 13:18,1.404
1997-11-03 13:24,1.397
1997-11-03 13:30,1.391
1997-11-03 13:36,1.384
1997-11-03 13:42,1.378
1997-11-03 13:48,1.371
1997-11-03 13:54,1.365
1997-11-03 14:00,1.359
1997-11-03 14:06,1.352
1997-11-03 14:12,1.347
1997-11-03 14:18,1.341
1997-11-03 14:24,1.335
1997-11-03 14:30,1.330
1997-11-03 14:36,1.325
1997-11-03 14:42,1.320
1997-11-03 14:48,1.315
1997-11-03 14:54,1.310
1997-11-03 15:00,1.306
1997-11-03 15:06,1.302
1997-11-03 15:12,1.298
1997-11-03 15:18,1.295
1997-11-03 15:24,1.291
1997-11-03 15:30,1.288
1997-11-03 15:36,1.285
1997-11-03 15:42,1.283
1997-11-03 15:48,1.280
1997-11-03 15:54,1.278
1997-11-03 16:00,1.276
1997-11-03 16:06,1.275
1997-11-03 16:12,1.273
1997-11-03 16:18,1.272
1997-11-03 16:24,1.271
1997-11-03 16:30,1.271
1997-11-03 16:36,1.270
1997-11-03 16:42,1.270
1997-11-03 16:48,1.270
1997-11-03 16:54,1.271
1997-11-03 17:00,1.271
1997-11-03 17:06,1.272
1997-11-03 17:12,1.273
1997-11-03 17:18,1.275
1997-11-03 17:24,1.277
1997-11-03 17:30,1.279
1997-11-03 17:36,1.281
1997-11-03 17:42,1.284
1997-11-03 17:48,1.287
1997-11-03 17:54,1.290
1997-11-03 18:00,1.294
1997-11-03 18:06,1.298
1997-11-03 18:12,1.302
1997-11-03 18:18,1.306
1997-11-03 18:24,1.311
1997-11-03 18:30,1.316
1997-11-03 18:36,1.322
1997-11-03 18:42,1.328
1997-11-03 18:48,1.334
1997-11-03 18:54,1.340
1997-11-03 19:00,1.347
1997-11-03 19:06,1.354
1997-11-03 19:12,1.361
1997-11-03 19:18,1.369
1997-11-03 19:24,1.376
1997-11-03 19:30,1.384
1997-11-03 19:36,1.392
1997-11-03 19:42,1.400
1997-11-03 19:48,1.409
1997-11-03 19:54,1.417
1997-11-03 20:00,1.426
1997-11-03 20:06,1.435
1997-11-03 20:12,1.443
1997-11-03 20:18,1.452
1997-11-03 20:24,1.461
1997-11-03 20:30,1.470
1997-11-03 20:36,1.478
1997-11-03 20:42,1.487
1997-11-03 20:48,1.496
1997-11-03 20:54,1.504
1997-11-03 21:00,1.513
1997-11-03 21:06,1.521
1997-11-03 21:12,1.530
1997-11-03 21:18,1.538
1997-11-03 21:24,1.546
1997-11-03 21:30,1.554
1997-11-03 21:36,1.562
1997-11-03 21:42,1.569
1997-11-03 21:48,1.577
1997-11-03 21:54,1.584
1997-11-03 22:00,1.592
1997-11-03 22:06,1.599
1997-11-03 22:12,1.606
1997-11-03 22:18,1.612
1997-11-03 22:24,1.619
1997-11-03 22:30,1.625
1997-11-03 22:36,1.631
1997-11-03 22:42,1.637
1997-11-03 22:48,1.643
1997-11-03 22:54,1.649
1997-11-03 23:00,1.654
1997-11-03 23:06,1.660
1997-11-03 23:12,1.665
1997-11-03 23:18,1.670
1997-11-03 23:24,1.674
1997-11-03 23:30,1.679
1997-11-03 23:36,1.683
1997-11-03 23:42,1.687
1997-11-03 23:48,1.691
1997-11-03 23:54,1.695
1997-11-04 00:00,1.698
1997-11-04 00:06,1.701
1997-11-04 00:12,1.704
1997-11-04 00:18,1.707
1997-11-04 00:24,1.710
1997-11-04 00:30,1.712
1997-11-04 00:36,1.714
1997-11-04 00:42,1.716
1997-11-04 00:48,1.717
1997-11-04 00:54,1.719
1997-11-04 01:00,1.720
1997-11-04 01:06,1.721
1997-11-04 01:12,1.722
1997-11-04 01:18,1.722
1997-11-04 01:24,1.723
1997-11-04 01:30,1.723
1997-11-04 01:36,1.723
1997-11-04 01:42,1.723
1997-11-04 01:48,1.723
1997-11-04 01:54,1.722
1997-11-04 02:00,1.722
1997-11-04 02:06,1.721
1997-11-04 02:12,1.721
1997-11-04 02:18,1.720
1997-11-04 02:24,1.719
1997-11-04 02:30,1.719
1997-11-04 02:36,1.718
1997-11-04 02:42,1.717
1997-11-04 02:48,1.716
1997-11-04 02:54,1.715
1997-11-04 03:00,1.714
1997-11-04 03:06,1.713
1997-11-04 03:12,1.712
1997-11-04 03:18,1.711
1997-11-04 03:24,1.710
1997-11-04 03:30,1.709
1997-11-04 03:36,1.708
1997-11-04 03:42,1.707
1997-11-04 03:48,1.705
1997-11-04 03:54,1.704
1997-11-04 04:00,1.703
1997-11-04 04:06,1.702
1997-11-04 04:12,1.700
1997-11-04 04:18,1.699
1997-11-04 04:24,1.698
1997-11-04 04:30,1.696
1997-11-04 04:36,1.695
1997-11-04 04:42,1.693
1997-11-04 04:48,1.691
1997-11-04 04:54,1.690
1997-11-04 05:00,1.688
1997-11-04 05:06,1.686
1997-11-04 05:12,1.684
1997-11-04 05:18,1.683
1997-11-04 05:24,1.681
1997-11-04 05:30,1.679
1997-11-04 05:36,1.677
1997-11-04 05:42,1.675
1997-11-04 05:48,1.673
1997-11-04 05:54,1.672
1997-11-04 06:00,1.670
1997-11-04 06:06,1.668
1997-11-04 06:12,1.666
1997-11-04 06:18,1.665
1997-11-04 06:24,1.663
1997-11-04 06:30,1.662
1997-11-04 06:36,1.660
1997-11-04 06:42,1.659
1997-11-04 06:48,1.658
1997-11-04 06:54,1.657
1997-11-04 07:00,1.656
1997-11-04 07:06,1.655
1997-11-04 07:12,1.654
1997-11-04 07:18,1.653
1997-11-04 07:24,1.652
1997-11-04 07:30,1.651
1997-11-04 07:36,1.650
1997-11-04 07:42,1.650
1997-11-04 07:48,1.649
1997-11-04 07:54,1.648
1997-11-04 08:00,1.648
1997-11-04 08:06,1.647
1997-11-04 08:12,1.646
1997-11-04 08:18,1.645
1997-11-04 08:24,1.645
1997-11-04 08:30,1.644
1997-11-04 08:36,1.643
1997-11-04 08:42,1.641
1997-11-04 08:48,1.640
1997-11-04 08:54,1.639
1997-11-04 09:00,1.637
1997-11-04 09:06,1.635
1997-11-04 09:12,1.634
1997-11-04 09:18,1.632
1997-11-04 09:24,1.629
1997-11-04 09:30,1.627
1997-11-04 09:36,1.625
1997-11-04 09:42,1.622
1997-11-04 09:48,1.619
1997-11-04 09:54,1.616
1997-11-04 10:00,1.613
1997-11-04 10:06,1.610
1997-11-04 10:12,1.606
1997-11-04 10:18,1.603
1997-11-04 10:24,1.599
1997-11-04 10:30,1.595
1997-11-04 10:36,1.591
1997-11-04 10:42,1.587
1997-11-04 10:48,1.583
1997-11-04 10:54,1.579
1997-11-04 11:00,1.574
1997-11-04 11:06,1.569
1997-11-04 11:12,1.565
1997-11-04 11:18,1.560
1997-11-04 11:24,1.555
1997-11-04 11:30,1.550
1997-11-04 11:36,1.545
1997-11-04 11:42,1.540
1997-11-04 11:48,1.534
1997-11-04 11:54,1.529
1997-11-04 12:00,1.523
1997-11-04 12:06,1.518
1997-11-04 12:12,1.512
1997-11-04 12:18,1.506
1997-11-04 12:24,1.500
1997-11-04 12:30,1.494
1997-11-04 12:36,1.488
1997-11-04 12:42,1.481
1997-11-04 12:48,1.475
1997-11-04 12:54,1.469
1997-11-04 13:00,1.462
1997-11-04 13:06,1.455
1997-11-04 13:12,1.449
1997-11-04 13:18,1.442
1997-11-04 13:24,1.435
1997-11-04 13:30,1.428
1997-11-04 13:36,1.421
1997-11-04 13:42,1.414
1997-11-04 13:48,1.408
1997-11-04 13:54,1.401
1997-11-04 14:00,1.394
1997-11-04 14:06,1.387
1997-11-04 14:12,1.381
1997-11-04 14:18,1.374
1997-11-04 14:24,1.368
1997-11-04 14:30,1.361
1997-11-04 14:36,1.355
1997-11-04 14:42,1.349
1997-11-04 14:48,1.343
1997-11-04 14:54,1.338
1997-11-04 15:00,1.332
1997-11-04 15:06,1.327
1997-11-04 15:12,1.322
1997-11-04 15:18,1.317
1997-11-04 15:24,1.312
1997-11-04 15:30,1.307
1997-11-04 15:36,1.303
1997-11-04 15:42,1.299
1997-11-04 15:48,1.295
1997-11-04 15:54,1.292
1997-11-04 16:00,1.288
1997-11-04 16:06,1.285
1997-11-04 16:12,1.282
1997-11-04 16:18,1.279
1997-11-04 16:24,1.277
1997-11-04 16:30,1.274
1997-11-04 16:36,1.272
1997-11-04 16:42,1.270
1997-11-04 16:48,1.268
1997-11-04 16:54,1.267
1997-11-04 17:00,1.266
1997-11-04 17:06,1.265
1997-11-04 17:12,1.264
1997-11-04 17:18,1.263
1997-11-04 17:24,1.263
1997-11-04 17:30,1.263
1997-11-04 17:36,1.263
1997-11-04 17:42,1.263
1997-11-04 17:48,1.264
1997-11-04 17:54,1.265
1997-11-04 18:00,1.266
1997-11-04 18:06,1.268
1997-11-04 18:12,1.270
1997-11-04 18:18,1.272
1997-11-04 18:24,1.275
1997-11-04 18:30,1.277
1997-11-04 18:36,1.281
1997-11-04 18:42,1.284
1997-11-04 18:48,1.288
1997-11-04 18:54,1.292
1997-11-04 19:00,1.297
1997-11-04 19:06,1.302
1997-11-04 19:12,1.307
1997-11-04 19:18,1.312
1997-11-04 19:24,1.318
1997-11-04 19:30,1.324
1997-11-04 19:36,1.331
1997-11-04 19:42,1.338
1997-11-04 19:48,1.345
1997-11-04 19:54,1.352
1997-11-04 20:00,1.359
1997-11-04 20:06,1.367
1997-11-04 20:12,1.375
1997-11-04 20:18,1.383
1997-11-04 20:24,1.391
1997-11-04 20:30,1.400
1997-11-04 20:36,1.408
1997-11-04 20:42,1.417
1997-11-04 20:48,1.425
1997-11-04 20:54,1.434
1997-11-04 21:00,1.442
1997-11-04 21:06,1.451
1997-11-04 21:12,1.460
1997-11-04 21:18,1.468
1997-11-04 21:24,1.477
1997-11-04 21:30,1.485
1997-11-04 21:36,1.494
1997-11-04 21:42,1.502
1997-11-04 21:48,1.510
1997-11-04 21:54,1.518
1997-11-04 22:00,1.526
1997-11-04 22:06,1.534
1997-11-04 22:12,1.542
1997-11-04 22:18,1.550
1997-11-04 22:24,1.558
1997-11-04 22:30,1.565
1997-11-04 22:36,1.572
1997-11-04 22:42,1.580
1997-11-04 22:48,1.587
1997-11-04 22:54,1.594
1997-11-04 23:00,1.601
1997-11-04 23:06,1.607
1997-11-04 23:12,1.614
1997-11-04 23:18,1.620
1997-11-04 23:24,1.627
1997-11-04 23:30,1.633
1997-11-04 23:36,1.639
1997-11-04 23:42,1.645
1997-11-04 23:48,1.650
1997-11-04 23:54,1.656
1997-11-05 00:00,1.661
1997-11-05 00:06,1.666
1997-11-05 00:12,1.671
1997-11-05 00:18,1.676
1997-11-05 00:24,1.680
1997-11-05 00:30,1.684
1997-11-05 00:36,1.688
1997-11-05 00:42,1.692
1997-11-05 00:48,1.696
1997-11-05 00:54,1.699
1997-11-05 01:00,1.702
1997-11-05 01:06,1.705
1997-11-05 01:12,1.707
1997-11-05 01:18,1.710
1997-11-05 01:24,1.712
1997-11-05 01:30,1.714
1997-11-05 01:36,1.716
1997-11-05 01:42,1.717
1997-11-05 01:48,1.719
1997-11-05 01:54,1.720
1997-11-05 02:00,1.721
1997-11-05 02:06,1.721
1997-11-05 02:12,1.722
1997-11-05 02:18,1.723
1997-11-05 02:24,1.723
1997-11-05 02:30,1.723
1997-11-05 02:36,1.723
1997-11-05 02:42,1.723
1997-11-05 02:48,1.723
1997-11-05 02:54,1.723
1997-11-05 03:00,1.723
1997-11-05 03:06,1.723
1997-11-05 03:12,1.723
1997-11-05 03:18,1.722
1997-11-05 03:24,1.722
1997-11-05 03:30,1.721
1997-11-05 03:36,1.721
1997-11-05 03:42,1.720
1997-11-05 03:48,1.720
1997-11-05 03:54,1.719
1997-11-05 04:00,1.718
1997-11-05 04:06,1.717
1997-11-05 04:12,1.717
1997-11-05 04:18,1.716
1997-11-05 04:24,1.715
1997-11-05 04:30,1.714
1997-11-05 04:36,1.713
1997-11-05 04:42,1.711
1997-11-05 04:48,1.710
1997-11-05 04:54,1.709
1997-11-05 05:00,1.707
1997-11-05 05:06,1.706
1997-11-05 05:12,1.704
1997-11-05 05:18,1.703
1997-11-05 05:24,1.701
1997-11-05 05:30,1.699
1997-11-05 05:36,1.697
1997-11-05 05:42,1.696
1997-11-05 05:48,1.694
1997-11-05 05:54,1.692
1997-11-05 06:00,1.690
1997-11-05 06:06,1.688
1997-11-05 06:12,1.686
1997-11-05 06:18,1.684
1997-11-05 06:24,1.682
1997-11-05 06:30,1.680
1997-11-05 06:36,1.678
1997-11-05 06:42,1.676
1997-11-05 06:48,1.674
1997-11-05 06:54,1.672
1997-11-05 07:00,1.671
1997-11-05 07:06,1.669
1997-11-05 07:12,1.667
1997-11-05 07:18,1.666
1997-11-05 07:24,1.665
1997-11-05 07:30,1.663
1997-11-05 07:36,1.662
1997-11-05 07:42,1.661
1997-11-05 07:48,1.660
1997-11-05 07:54,1.659
1997-11-05 08:00,1.658
1997-11-05 08:06,1.657
1997-11-05 08:12,1.656
1997-11-05 08:18,1.655
1997-11-05 08:24,1.654
1997-11-05 08:30,1.653
1997-11-05 08:36,1.652
1997-11-05 08:42,1.651
1997-11-05 08:48,1.650
1997-11-05 08:54,1.649
1997-11-05 09:00,1.647
1997-11-05 09:06,1.646
1997-11-05 09:12,1.645
1997-11-05 09:18,1.643
1997-11-05 09:24,1.642
1997-11-05 09:30,1.640
1997-11-05 09:36,1.638
1997-11-05 09:42,1.636
1997-11-05 09:48,1.634
1997-11-05 09:54,1.632
1997-11-05 10:00,1.629
1997-11-05 10:06,1.627
1997-11-05 10:12,1.624
1997-11-05 10:18,1.621
1997-11-05 10:24,1.618
1997-11-05 10:30,1.615
1997-11-05 10:36,1.612
1997-11-05 10:42,1.609
1997-11-05 10:48,1.605
1997-11-05 10:54,1.602
1997-11-05 11:00,1.598
1997-11-05 11:06,1.594
1997-11-05 11:12,1.590
1997-11-05 11:18,1.586
1997-11-05 11:24,1.582
1997-11-05 11:30,1.578
1997-11-05 11:36,1.574
1997-11-05 11:42,1.570
1997-11-05 11:48,1.565
1997-11-05 11:54,1.560
1997-11-05 12:00,1.556
1997-11-05 12:06,1.551
1997-11-05 12:12,1.546
1997-11-05 12:18,1.541
1997-11-05 12:24,1.536
1997-11-05 12:30,1.531
1997-11-05 12:36,1.526
1997-11-05 12:42,1.520
1997-11-05 12:48,1.515
1997-11-05 12:54,1.509
1997-11-05 13:00,1.503
1997-11-05 13:06,1.498
1997-11-05 13:12,1.492
1997-11-05 13:18,1.486
1997-11-05 13:24,1.480
1997-11-05 13:30,1.473
1997-11-05 13:36,1.467
1997-11-05 13:42,1.461
1997-11-05 13:48,1.454
1997-11-05 13:54,1.448
1997-11-05 14:00,1.441
1997-11-05 14:06,1.435
1997-11-05 14:12,1.428
1997-11-05 14:18,1.422
1997-11-05 14:24,1.415
1997-11-05 14:30,1.409
1997-11-05 14:36,1.402
1997-11-05 14:42,1.396
1997-11-05 14:48,1.389
1997-11-05 14:54,1.383
1997-11-05 15:00,1.377
1997-11-05 15:06,1.371
1997-11-05 15:12,1.365
1997-11-05 15:18,1.359
1997-11-05 15:24,1.353
1997-11-05 15:30,1.348
1997-11-05 15:36,1.342
1997-11-05 15:42,1.337
1997-11-05 15:48,1.332
1997-11-05 15:54,1.327
1997-11-05 16:00,1.322
1997-11-05 16:06,1.318
1997-11-05 16:12,1.314
1997-11-05 16:18,1.309
1997-11-05 16:24,1.305
1997-11-05 16:30,1.301
1997-11-05 16:36,1.298
1997-11-05 16:42,1.294
1997-11-05 16:48,1.291
1997-11-05 16:54,1.288
1997-11-05 17:00,1.285
1997-11-05 17:06,1.282
1997-11-05 17:12,1.279
1997-11-05 17:18,1.277
1997-11-05 17:24,1.275
1997-11-05 17:30,1.273
1997-11-05 17:36,1.271
1997-11-05 17:42,1.269
1997-11-05 17:48,1.268
1997-11-05 17:54,1.267
1997-11-05 18:00,1.266
1997-11-05 18:06,1.265
1997-11-05 18:12,1.265
1997-11-05 18:18,1.264
1997-11-05 18:24,1.265
1997-11-05 18:30,1.265
1997-11-05 18:36,1.266
1997-11-05 18:42,1.267
1997-11-05 18:48,1.268
1997-11-05 18:54,1.270
1997-11-05 19:00,1.272
1997-11-05 19:06,1.274
1997-11-05 19:12,1.277
1997-11-05 19:18,1.279
1997-11-05 19:24,1.283
1997-11-05 19:30,1.286
1997-11-05 19:36,1.290
1997-11-05 19:42,1.295
1997-11-05 19:48,1.299
1997-11-05 19:54,1.304
1997-11-05 20:00,1.309
1997-11-05 20:06,1.315
1997-11-05 20:12,1.321
1997-11-05 20:18,1.327
1997-11-05 20:24,1.333
1997-11-05 20:30,1.339
1997-11-05 20:36,1.346
1997-11-05 20:42,1.353
1997-11-05 20:48,1.360
1997-11-05 20:54,1.368
1997-11-05 21:00,1.375
1997-11-05 21:06,1.383
1997-11-05 21:12,1.390
1997-11-05 21:18,1.398
1997-11-05 21:24,1.406
1997-11-05 21:30,1.414
1997-11-05 21:36,1.422
1997-11-05 21:42,1.430
1997-11-05 21:48,1.438
1997-11-05 21:54,1.446
1997-11-05 22:00,1.454
1997-11-05 22:06,1.462
1997-11-05 22:12,1.470
1997-11-05 22:18,1.479
1997-11-05 22:24,1.487
1997-11-05 22:30,1.494
1997-11-05 22:36,1.502
1997-11-05 22:42,1.510
1997-11-05 22:48,1.518
1997-11-05 22:54,1.526
1997-11-05 23:00,1.533
1997-11-05 23:06,1.541
1997-11-05 23:12,1.548
1997-11-05 23:18,1.556
1997-11-05 23:24,1.563
1997-11-05 23:30,1.570
1997-11-05 23:36,1.577
1997-11-05 23:42,1.584
1997-11-05 23:48,1.591
1997-11-05 23:54,1.598
1997-11-06 00:00,1.605
1997-11-06 00:06,1.611
1997-11-06 00:12,1.617
1997-11-06 00:18,1.624
1997-11-06 00:24,1.630
1997-11-06 00:30,1.635
1997-11-06 00:36,1.641
1997-11-06 00:42,1.647
1997-11-06 00:48,1.652
1997-11-06 00:54,1.657
1997-11-06 01:00,1.662
1997-11-06 01:06,1.666
1997-11-06 01:12,1.671
1997-11-06 01:18,1.675
1997-11-06 01:24,1.679
1997-11-06 01:30,1.683
1997-11-06 01:36,1.687
1997-11-06 01:42,1.690
1997-11-06 01:48,1.693
1997-11-06 01:54,1.696
1997-11-06 02:00,1.699
1997-11-06 02:06,1.701
1997-11-06 02:12,1.704
1997-11-06 02:18,1.706
1997-11-06 02:24,1.708
1997-11-06 02:30,1.710
1997-11-06 02:36,1.711
1997-11-06 02:42,1.713
1997-11-06 02:48,1.714
1997-11-06 02:54,1.715
1997-11-06 03:00,1.716
1997-11-06 03:06,1.717
1997-11-06 03:12,1.718
1997-11-06 03:18,1.718
1997-11-06 03:24,1.719
1997-11-06 03:30,1.719
1997-11-06 03:36,1.720
1997-11-06 03:42,1.720
1997-11-06 03:48,1.720
1997-11-06 03:54,1.720
1997-11-06 04:00,1.720
1997-11-06 04:06,1.720
1997-11-06 04:12,1.720
1997-11-06 04:18,1.719
1997-11-06 04:24,1.719
1997-11-06 04:30,1.718
1997-11-06 04:36,1.718
1997-11-06 04:42,1.717
1997-11-06 04:48,1.716
1997-11-06 04:54,1.715
1997-11-06 05:00,1.714
1997-11-06 05:06,1.713
1997-11-06 05:12,1.712
1997-11-06 05:18,1.711
1997-11-06 05:24,1.709
1997-11-06 05:30,1.708
1997-11-06 05:36,1.706
1997-11-06 05:42,1.705
1997-11-06 05:48,1.703
1997-11-06 05:54,1.702
1997-11-06 06:00,1.700
1997-11-06 06:06,1.698
1997-11-06 06:12,1.696
1997-11-06 06:18,1.694
1997-11-06 06:24,1.692
1997-11-06 06:30,1.690
1997-11-06 06:36,1.688
1997-11-06 06:42,1.686
1997-11-06 06:48,1.684
1997-11-06 06:54,1.682
1997-11-06 07:00,1.680
1997-11-06 07:06,1.678
1997-11-06 07:12,1.676
1997-11-06 07:18,1.675
1997-11-06 07:24,1.673
1997-11-06 07:30,1.671
1997-11-06 07:36,1.669
1997-11-06 07:42,1.667
1997-11-06 07:48,1.666
1997-11-06 07:54,1.664
1997-11-06 08:00,1.663
1997-11-06 08:06,1.661
1997-11-06 08:12,1.660
1997-11-06 08:18,1.658
1997-11-06 08:24,1.657
1997-11-06 08:30,1.656
1997-11-06 08:36,1.655
1997-11-06 08:42,1.653
1997-11-06 08:48,1.652
1997-11-06 08:54,1.651
1997-11-06 09:00,1.650
1997-11-06 09:06,1.648
1997-11-06 09:12,1.647
1997-11-06 09:18,1.646
1997-11-06 09:24,1.644
1997-11-06 09:30,1.643
1997-11-06 09:36,1.642
1997-11-06 09:42,1.640
1997-11-06 09:48,1.638
1997-11-06 09:54,1.637
1997-11-06 10:00,1.635
1997-11-06 10:06,1.633
1997-11-06 10:12,1.632
1997-11-06 10:18,1.630
1997-11-06 10:24,1.628
1997-11-06 10:30,1.625
1997-11-06 10:36,1.623
1997-11-06 10:42,1.621
1997-11-06 10:48,1.618
1997-11-06 10:54,1.616
1997-11-06 11:00,1.613
1997-11-06 11:06,1.611
1997-11-06 11:12,1.608
1997-11-06 11:18,1.605
1997-11-06 11:24,1.602
1997-11-06 11:30,1.599
1997-11-06 11:36,1.596
1997-11-06 11:42,1.593
1997-11-06 11:48,1.589
1997-11-06 11:54,1.586
1997-11-06 12:00,1.582
1997-11-06 12:06,1.579
1997-11-06 12:12,1.575
1997-11-06 12:18,1.571
1997-11-06 12:24,1.567
1997-11-06 12:30,1.563
1997-11-06 12:36,1.559
1997-11-06 12:42,1.555
1997-11-06 12:48,1.551
1997-11-06 12:54,1.547
1997-11-06 13:00,1.542
1997-11-06 13:06,1.538
1997-11-06 13:12,1.533
1997-11-06 13:18,1.528
1997-11-06 13:24,1.523
1997-11-06 13:30,1.518
1997-11-06 13:36,1.513
1997-11-06 13:42,1.508
1997-11-06 13:48,1.503
1997-11-06 13:54,1.497
1997-11-06 14:00,1.492
1997-11-06 14:06,1.487
1997-11-06 14:12,1.481
1997-11-06 14:18,1.475
1997-11-06 14:24,1.470
1997-11-06 14:30,1.464
1997-11-06 14:36,1.458
1997-11-06 14:42,1.452
1997-11-06 14:48,1.447
1997-11-06 14:54,1.441
1997-11-06 15:00,1.435
1997-11-06 15:06,1.429
1997-11-06 15:12,1.423
1997-11-06 15:18,1.418
1997-11-06 15:24,1.412
1997-11-06 15:30,1.406
1997-11-06 15:36,1.401
1997-11-06 15:42,1.395
1997-11-06 15:48,1.389
1997-11-06 15:54,1.384
1997-11-06 16:00,1.379
1997-11-06 16:06,1.373
1997-11-06 16:12,1.368
1997-11-06 16:18,1.363
1997-11-06 16:24,1.358
1997-11-06 16:30,1.353
1997-11-06 16:36,1.348
1997-11-06 16:42,1.343
1997-11-06 16:48,1.339
1997-11-06 16:54,1.334
1997-11-06 17:00,1.330
1997-11-06 17:06,1.326
1997-11-06 17:12,1.322
1997-11-06 17:18,1.318
1997-11-06 17:24,1.314
1997-11-06 17:30,1.310
1997-11-06 17:36,1.307
1997-11-06 17:42,1.304
1997-11-06 17:48,1.300
1997-11-06 17:54,1.298
1997-11-06 18:00,1.295
1997-11-06 18:06,1.292
1997-11-06 18:12,1.290
1997-11-06 18:18,1.288
1997-11-06 18:24,1.286
1997-11-06 18:30,1.284
1997-11-06 18:36,1.283
1997-11-06 18:42,1.281
1997-11-06 18:48,1.280
1997-11-06 18:54,1.280
1997-11-06 19:00,1.279
1997-11-06 19:06,1.279
1997-11-06 19:12,1.279
1997-11-06 19:18,1.279
1997-11-06 19:24,1.280
1997-11-06 19:30,1.281
1997-11-06 19:36,1.282
1997-11-06 19:42,1.284
1997-11-06 19:48,1.286
1997-11-06 19:54,1.288
1997-11-06 20:00,1.290
1997-11-06 20:06,1.293
1997-11-06 20:12,1.296
1997-11-06 20:18,1.299
1997-11-06 20:24,1.302
1997-11-06 20:30,1.306
1997-11-06 20:36,1.310
1997-11-06 20:42,1.315
1997-11-06 20:48,1.319
1997-11-06 20:54,1.324
1997-11-06 21:00,1.329
1997-11-06 21:06,1.334
1997-11-06 21:12,1.340
1997-11-06 21:18,1.345
1997-11-06 21:24,1.351
1997-11-06 21:30,1.357
1997-11-06 21:36,1.364
1997-11-06 21:42,1.370
1997-11-06 21:48,1.377
1997-11-06 21:54,1.383
1997-11-06 22:00,1.390
1997-11-06 22:06,1.397
1997-11-06 22:12,1.404
1997-11-06 22:18,1.411
1997-11-06 22:24,1.419
1997-11-06 22:30,1.426
1997-11-06 22:36,1.433
1997-11-06 22:42,1.441
1997-11-06 22:48,1.448
1997-11-06 22:54,1.456
1997-11-06 23:00,1.463
1997-11-06 23:06,1.471
1997-11-06 23:12,1.478
1997-11-06 23:18,1.486
1997-11-06 23:24,1.493
1997-11-06 23:30,1.501
1997-11-06 23:36,1.508
1997-11-06 23:42,1.516
1997-11-06 23:48,1.523
1997-11-06 23:54,1.530
1997-11-07 00:00,1.538
1997-11-07 00:06,1.545
1997-11-07 00:12,1.552
1997-11-07 00:18,1.559
1997-11-07 00:24,1.566
1997-11-07 00:30,1.573
1997-11-07 00:36,1.579
1997-11-07 00:42,1.586
1997-11-07 00:48,1.592
1997-11-07 00:54,1.598
1997-11-07 01:00,1.604
1997-11-07 01:06,1.610
1997-11-07 01:12,1.616
1997-11-07 01:18,1.622
1997-11-07 01:24,1.627
1997-11-07 01:30,1.633
1997-11-07 01:36,1.638
1997-11-07 01:42,1.643
1997-11-07 01:48,1.648
1997-11-07 01:54,1.652
1997-11-07 02:00,1.657
1997-11-07 02:06,1.661
1997-11-07 02:12,1.665
1997-11-07 02:18,1.669
1997-11-07 02:24,1.672
1997-11-07 02:30,1.676
1997-11-07 02:36,1.679
1997-11-07 02:42,1.682
1997-11-07 02:48,1.685
1997-11-07 02:54,1.688
1997-11-07 03:00,1.691
1997-11-07 03:06,1.693
1997-11-07 03:12,1.695
1997-11-07 03:18,1.697
1997-11-07 03:24,1.699
1997-11-07 03:30,1.701
1997-11-07 03:36,1.702
1997-11-07 03:42,1.704
1997-11-07 03:48,1.705
1997-11-07 03:54,1.706
1997-11-07 04:00,1.707
1997-11-07 04:06,1.707
1997-11-07 04:12,1.708
1997-11-07 04:18,1.708
1997-11-07 04:24,1.708
1997-11-07 04:30,1.708
1997-11-07 04:36,1.708
1997-11-07 04:42,1.708
1997-11-07 04:48,1.708
1997-11-07 04:54,1.707
1997-11-07 05:00,1.707
1997-11-07 05:06,1.706
1997-11-07 05:12,1.705
1997-11-07 05:18,1.704
1997-11-07 05:24,1.703
1997-11-07 05:30,1.702
1997-11-07 05:36,1.701
1997-11-07 05:42,1.700
1997-11-07 05:48,1.698
1997-11-07 05:54,1.697
1997-11-07 06:00,1.695
1997-11-07 06:06,1.694
1997-11-07 06:12,1.692
1997-11-07 06:18,1.690
1997-11-07 06:24,1.689
1997-11-07 06:30,1.687
1997-11-07 06:36,1.685
1997-11-07 06:42,1.683
1997-11-07 06:48,1.681
1997-11-07 06:54,1.679
1997-11-07 07:00,1.678
1997-11-07 07:06,1.676
1997-11-07 07:12,1.674
1997-11-07 07:18,1.672
1997-11-07 07:24,1.670
1997-11-07 07:30,1.668
1997-11-07 07:36,1.666
1997-11-07 07:42,1.664
1997-11-07 07:48,1.662
1997-11-07 07:54,1.660
1997-11-07 08:00,1.658
1997-11-07 08:06,1.656
1997-11-07 08:12,1.655
1997-11-07 08:18,1.653
1997-11-07 08:24,1.651
1997-11-07 08:30,1.649
1997-11-07 08:36,1.647
1997-11-07 08:42,1.646
1997-11-07 08:48,1.644
1997-11-07 08:54,1.642
1997-11-07 09:00,1.641
1997-11-07 09:06,1.639
1997-11-07 09:12,1.638
1997-11-07 09:18,1.636
1997-11-07 09:24,1.635
1997-11-07 09:30,1.633
1997-11-07 09:36,1.632
1997-11-07 09:42,1.630
1997-11-07 09:48,1.629
1997-11-07 09:54,1.627
1997-11-07 10:00,1.626
1997-11-07 10:06,1.624
1997-11-07 10:12,1.623
1997-11-07 10:18,1.621
1997-11-07 10:24,1.620
1997-11-07 10:30,1.619
1997-11-07 10:36,1.617
1997-11-07 10:42,1.616
1997-11-07 10:48,1.614
1997-11-07 10:54,1.613
1997-11-07 11:00,1.611
1997-11-07 11:06,1.610
1997-11-07 11:12,1.608
1997-11-07 11:18,1.606
1997-11-07 11:24,1.605
1997-11-07 11:30,1.603
1997-11-07 11:36,1.601
1997-11-07 11:42,1.599
1997-11-07 11:48,1.597
1997-11-07 11:54,1.595
1997-11-07 12:00,1.593
1997-11-07 12:06,1.591
1997-11-07 12:12,1.589
1997-11-07 12:18,1.587
1997-11-07 12:24,1.584
1997-11-07 12:30,1.582
1997-11-07 12:36,1.579
1997-11-07 12:42,1.577
1997-11-07 12:48,1.574
1997-11-07 12:54,1.571
1997-11-07 13:00,1.568
1997-11-07 13:06,1.565
1997-11-07 13:12,1.562
1997-11-07 13:18,1.559
1997-11-07 13:24,1.556
1997-11-07 13:30,1.553
1997-11-07 13:36,1.549
1997-11-07 13:42,1.546
1997-11-07 13:48,1.542
1997-11-07 13:54,1.539
1997-11-07 14:00,1.535
1997-11-07 14:06,1.531
1997-11-07 14:12,1.527
1997-11-07 14:18,1.523
1997-11-07 14:24,1.519
1997-11-07 14:30,1.515
1997-11-07 14:36,1.511
1997-11-07 14:42,1.507
1997-11-07 14:48,1.503
1997-11-07 14:54,1.498
1997-11-07 15:00,1.494
1997-11-07 15:06,1.490
1997-11-07 15:12,1.485
1997-11-07 15:18,1.481
1997-11-07 15:24,1.476
1997-11-07 15:30,1.471
1997-11-07 15:36,1.467
1997-11-07 15:42,1.462
1997-11-07 15:48,1.457
1997-11-07 15:54,1.452
1997-11-07 16:00,1.447
1997-11-07 16:06,1.442
1997-11-07 16:12,1.438
1997-11-07 16:18,1.433
1997-11-07 16:24,1.428
1997-11-07 16:30,1.423
1997-11-07 16:36,1.418
1997-11-07 16:42,1.413
1997-11-07 16:48,1.408
1997-11-07 16:54,1.403
1997-11-07 17:00,1.398
1997-11-07 17:06,1.393
1997-11-07 17:12,1.388
1997-11-07 17:18,1.384
1997-11-07 17:24,1.379
1997-11-07 17:30,1.374
1997-11-07 17:36,1.370
1997-11-07 17:42,1.365
1997-11-07 17:48,1.361
1997-11-07 17:54,1.357
1997-11-07 18:00,1.353
1997-11-07 18:06,1.349
1997-11-07 18:12,1.345
1997-11-07 18:18,1.341
1997-11-07 18:24,1.338
1997-11-07 18:30,1.335
1997-11-07 18:36,1.332
1997-11-07 18:42,1.329
1997-11-07 18:48,1.326
1997-11-07 18:54,1.323
1997-11-07 19:00,1.321
1997-11-07 19:06,1.319
1997-11-07 19:12,1.317
1997-11-07 19:18,1.315
1997-11-07 19:24,1.314
1997-11-07 19:30,1.312
1997-11-07 19:36,1.311
1997-11-07 19:42,1.311
1997-11-07 19:48,1.310
1997-11-07 19:54,1.309
1997-11-07 20:00,1.309
1997-11-07 20:06,1.309
1997-11-07 20:12,1.310
1997-11-07 20:18,1.310
1997-11-07 20:24,1.311
1997-11-07 20:30,1.312
1997-11-07 20:36,1.313
1997-11-07 20:42,1.314
1997-11-07 20:48,1.316
1997-11-07 20:54,1.318
1997-11-07 21:00,1.320
1997-11-07 21:06,1.322
1997-11-07 21:12,1.325
1997-11-07 21:18,1.327
1997-11-07 21:24,1.330
1997-11-07 21:30,1.333
1997-11-07 21:36,1.337
1997-11-07 21:42,1.341
1997-11-07 21:48,1.344
1997-11-07 21:54,1.349
1997-11-07 22:00,1.353
1997-11-07 22:06,1.357
1997-11-07 22:12,1.362
1997-11-07 22:18,1.367
1997-11-07 22:24,1.372
1997-11-07 22:30,1.378
1997-11-07 22:36,1.383
1997-11-07 22:42,1.389
1997-11-07 22:48,1.395
1997-11-07 22:54,1.401
1997-11-07 23:00,1.407
1997-11-07 23:06,1.413
1997-11-07 23:12,1.420
1997-11-07 23:18,1.426
1997-11-07 23:24,1.433
1997-11-07 23:30,1.439
1997-11-07 23:36,1.446
1997-11-07 23:42,1.453
1997-11-07 23:48,1.460
1997-11-07 23:54,1.467
1997-11-08 00:00,1.474
1997-11-08 00:06,1.481
1997-11-08 00:12,1.487
1997-11-08 00:18,1.494
1997-11-08 00:24,1.501
1997-11-08 00:30,1.508
1997-11-08 00:36,1.515
1997-11-08 00:42,1.522
1997-11-08 00:48,1.528
1997-11-08 00:54,1.535
1997-11-08 01:00,1.541
1997-11-08 01:06,1.548
1997-11-08 01:12,1.554
1997-11-08 01:18,1.560
1997-11-08 01:24,1.566
1997-11-08 01:30,1.573
1997-11-08 01:36,1.578
1997-11-08 01:42,1.584
1997-11-08 01:48,1.590
1997-11-08 01:54,1.596
1997-11-08 02:00,1.601
1997-11-08 02:06,1.606
1997-11-08 02:12,1.612
1997-11-08 02:18,1.617
1997-11-08 02:24,1.622
1997-11-08 02:30,1.627
1997-11-08 02:36,1.631
1997-11-08 02:42,1.636
1997-11-08 02:48,1.640
1997-11-08 02:54,1.644
1997-11-08 03:00,1.648
1997-11-08 03:06,1.652
1997-11-08 03:12,1.656
1997-11-08 03:18,1.659
1997-11-08 03:24,1.663
1997-11-08 03:30,1.666
1997-11-08 03:36,1.669
1997-11-08 03:42,1.671
1997-11-08 03:48,1.674
1997-11-08 03:54,1.676
1997-11-08 04:00,1.678
1997-11-08 04:06,1.680
1997-11-08 04:12,1.682
1997-11-08 04:18,1.683
1997-11-08 04:24,1.684
1997-11-08 04:30,1.685
1997-11-08 04:36,1.686
1997-11-08 04:42,1.687
1997-11-08 04:48,1.687
1997-11-08 04:54,1.687
1997-11-08 05:00,1.687
1997-11-08 05:06,1.687
1997-11-08 05:12,1.686
1997-11-08 05:18,1.686
1997-11-08 05:24,1.685
1997-11-08 05:30,1.684
1997-11-08 05:36,1.683
1997-11-08 05:42,1.682
1997-11-08 05:48,1.681
1997-11-08 05:54,1.679
1997-11-08 06:00,1.678
1997-11-08 06:06,1.677
1997-11-08 06:12,1.675
1997-11-08 06:18,1.673
1997-11-08 06:24,1.671
1997-11-08 06:30,1.670
1997-11-08 06:36,1.668
1997-11-08 06:42,1.666
1997-11-08 06:48,1.664
1997-11-08 06:54,1.662
1997-11-08 07:00,1.660
1997-11-08 07:06,1.658
1997-11-08 07:12,1.656
1997-11-08 07:18,1.654
1997-11-08 07:24,1.652
1997-11-08 07:30,1.650
1997-11-08 07:36,1.648
1997-11-08 07:42,1.646
1997-11-08 07:48,1.644
1997-11-08 07:54,1.642
1997-11-08 08:00,1.640
1997-11-08 08:06,1.638
1997-11-08 08:12,1.636
1997-11-08 08:18,1.634
1997-11-08 08:24,1.632
1997-11-08 08:30,1.629
1997-11-08 08:36,1.627
1997-11-08 08:42,1.625
1997-11-08 08:48,1.623
1997-11-08 08:54,1.621
1997-11-08 09:00,1.619
1997-11-08 09:06,1.617
1997-11-08 09:12,1.615
1997-11-08 09:18,1.613
1997-11-08 09:24,1.611
1997-11-08 09:30,1.609
1997-11-08 09:36,1.607
1997-11-08 09:42,1.605
1997-11-08 09:48,1.603
1997-11-08 09:54,1.601
1997-11-08 10:00,1.599
1997-11-08 10:06,1.598
1997-11-08 10:12,1.596
1997-11-08 10:18,1.595
1997-11-08 10:24,1.593
1997-11-08 10:30,1.592
1997-11-08 10:36,1.591
1997-11-08 10:42,1.589
1997-11-08 10:48,1.588
1997-11-08 10:54,1.587
1997-11-08 11:00,1.586
1997-11-08 11:06,1.585
1997-11-08 11:12,1.584
1997-11-08 11:18,1.584
1997-11-08 11:24,1.583
1997-11-08 11:30,1.582
1997-11-08 11:36,1.582
1997-11-08 11:42,1.581
1997-11-08 11:48,1.580
1997-11-08 11:54,1.580
1997-11-08 12:00,1.579
1997-11-08 12:06,1.578
1997-11-08 12:12,1.578
1997-11-08 12:18,1.577
1997-11-08 12:24,1.576
1997-11-08 12:30,1.575
1997-11-08 12:36,1.575
1997-11-08 12:42,1.574
1997-11-08 12:48,1.573
1997-11-08 12:54,1.572
1997-11-08 13:00,1.571
1997-11-08 13:06,1.570
1997-11-08 13:12,1.569
1997-11-08 13:18,1.567
1997-11-08 13:24,1.566
1997-11-08 13:30,1.565
1997-11-08 13:36,1.563
1997-11-08 13:42,1.562
1997-11-08 13:48,1.560
1997-11-08 13:54,1.559
1997-11-08 14:00,1.557
1997-11-08 14:06,1.555
1997-11-08 14:12,1.554
1997-11-08 14:18,1.552
1997-11-08 14:24,1.550
1997-11-08 14:30,1.548
1997-11-08 14:36,1.546
1997-11-08 14:42,1.544
1997-11-08 14:48,1.542
1997-11-08 14:54,1.540
1997-11-08 15:00,1.538
1997-11-08 15:06,1.536
1997-11-08 15:12,1.534
1997-11-08 15:18,1.531
1997-11-08 15:24,1.529
1997-11-08 15:30,1.526
1997-11-08 15:36,1.524
1997-11-08 15:42,1.521
1997-11-08 15:48,1.518
1997-11-08 15:54,1.515
1997-11-08 16:00,1.512
1997-11-08 16:06,1.509
1997-11-08 16:12,1.506
1997-11-08 16:18,1.502
1997-11-08 16:24,1.499
1997-11-08 16:30,1.495
1997-11-08 16:36,1.492
1997-11-08 16:42,1.488
1997-11-08 16:48,1.484
1997-11-08 16:54,1.480
1997-11-08 17:00,1.476
1997-11-08 17:06,1.472
1997-11-08 17:12,1.467
1997-11-08 17:18,1.463
1997-11-08 17:24,1.459
1997-11-08 17:30,1.454
1997-11-08 17:36,1.450
1997-11-08 17:42,1.445
1997-11-08 17:48,1.441
1997-11-08 17:54,1.437
1997-11-08 18:00,1.432
1997-11-08 18:06,1.428
1997-11-08 18:12,1.423
1997-11-08 18:18,1.419
1997-11-08 18:24,1.415
1997-11-08 18:30,1.411
1997-11-08 18:36,1.407
1997-11-08 18:42,1.403
1997-11-08 18:48,1.399
1997-11-08 18:54,1.396
1997-11-08 19:00,1.392
1997-11-08 19:06,1.389
1997-11-08 19:12,1.386
1997-11-08 19:18,1.382
1997-11-08 19:24,1.380
1997-11-08 19:30,1.377
1997-11-08 19:36,1.374
1997-11-08 19:42,1.372
1997-11-08 19:48,1.369
1997-11-08 19:54,1.367
1997-11-08 20:00,1.365
1997-11-08 20:06,1.363
1997-11-08 20:12,1.362
1997-11-08 20:18,1.360
1997-11-08 20:24,1.359
1997-11-08 20:30,1.357
1997-11-08 20:36,1.356
1997-11-08 20:42,1.355
1997-11-08 20:48,1.354
1997-11-08 20:54,1.353
1997-11-08 21:00,1.353
1997-11-08 21:06,1.353
1997-11-08 21:12,1.352
1997-11-08 21:18,1.352
1997-11-08 21:24,1.352
1997-11-08 21:30,1.353
1997-11-08 21:36,1.353
1997-11-08 21:42,1.354
1997-11-08 21:48,1.355
1997-11-08 21:54,1.356
1997-11-08 22:00,1.357
1997-11-08 22:06,1.358
1997-11-08 22:12,1.360
1997-11-08 22:18,1.362
1997-11-08 22:24,1.364
1997-11-08 22:30,1.367
1997-11-08 22:36,1.369
1997-11-08 22:42,1.372
1997-11-08 22:48,1.375
1997-11-08 22:54,1.379
1997-11-08 23:00,1.382
1997-11-08 23:06,1.386
1997-11-08 23:12,1.390
1997-11-08 23:18,1.394
1997-11-08 23:24,1.399
1997-11-08 23:30,1.403
1997-11-08 23:36,1.408
1997-11-08 23:42,1.413
1997-11-08 23:48,1.418
1997-11-08 23:54,1.424
1997-11-09 00:00,1.429
1997-11-09 00:06,1.435
1997-11-09 00:12,1.440
1997-11-09 00:18,1.446
1997-11-09 00:24,1.452
1997-11-09 00:30,1.458
1997-11-09 00:36,1.463
1997-11-09 00:42,1.469
1997-11-09 00:48,1.475
1997-11-09 00:54,1.481
1997-11-09 01:00,1.487
1997-11-09 01:06,1.493
1997-11-09 01:12,1.499
1997-11-09 01:18,1.505
1997-11-09 01:24,1.511
1997-11-09 01:30,1.517
1997-11-09 01:36,1.523
1997-11-09 01:42,1.528
1997-11-09 01:48,1.534
1997-11-09 01:54,1.540
1997-11-09 02:00,1.545
1997-11-09 02:06,1.551
1997-11-09 02:12,1.556
1997-11-09 02:18,1.562
1997-11-09 02:24,1.567
1997-11-09 02:30,1.573
1997-11-09 02:36,1.578
1997-11-09 02:42,1.583
1997-11-09 02:48,1.588
1997-11-09 02:54,1.593
1997-11-09 03:00,1.598
1997-11-09 03:06,1.603
1997-11-09 03:12,1.607
1997-11-09 03:18,1.612
1997-11-09 03:24,1.616
1997-11-09 03:30,1.620
1997-11-09 03:36,1.624
1997-11-09 03:42,1.628
1997-11-09 03:48,1.632
1997-11-09 03:54,1.636
1997-11-09 04:00,1.639
1997-11-09 04:06,1.642
1997-11-09 04:12,1.645
1997-11-09 04:18,1.647
1997-11-09 04:24,1.650
1997-11-09 04:30,1.652
1997-11-09 04:36,1.654
1997-11-09 04:42,1.655
1997-11-09 04:48,1.657
1997-11-09 04:54,1.658
1997-11-09 05:00,1.658
1997-11-09 05:06,1.659
1997-11-09 05:12,1.659
1997-11-09 05:18,1.659
1997-11-09 05:24,1.659
1997-11-09 05:30,1.659
1997-11-09 05:36,1.658
1997-11-09 05:42,1.657
1997-11-09 05:48,1.656
1997-11-09 05:54,1.655
1997-11-09 06:00,1.654
1997-11-09 06:06,1.652
1997-11-09 06:12,1.651
1997-11-09 06:18,1.649
1997-11-09 06:24,1.647
1997-11-09 06:30,1.645
1997-11-09 06:36,1.643
1997-11-09 06:42,1.641
1997-11-09 06:48,1.639
1997-11-09 06:54,1.636
1997-11-09 07:00,1.634
1997-11-09 07:06,1.632
1997-11-09 07:12,1.629
1997-11-09 07:18,1.627
1997-11-09 07:24,1.625
1997-11-09 07:30,1.622
1997-11-09 07:36,1.620
1997-11-09 07:42,1.617
1997-11-09 07:48,1.615
1997-11-09 07:54,1.613
1997-11-09 08:00,1.610
1997-11-09 08:06,1.608
1997-11-09 08:12,1.605
1997-11-09 08:18,1.603
1997-11-09 08:24,1.600
1997-11-09 08:30,1.598
1997-11-09 08:36,1.595
1997-11-09 08:42,1.592
1997-11-09 08:48,1.590
1997-11-09 08:54,1.587
1997-11-09 09:00,1.584
1997-11-09 09:06,1.582
1997-11-09 09:12,1.579
1997-11-09 09:18,1.576
1997-11-09 09:24,1.574
1997-11-09 09:30,1.571
1997-11-09 09:36,1.569
1997-11-09 09:42,1.566
1997-11-09 09:48,1.563
1997-11-09 09:54,1.561
1997-11-09 10:00,1.559
1997-11-09 10:06,1.556
1997-11-09 10:12,1.554
1997-11-09 10:18,1.552
1997-11-09 10:24,1.550
1997-11-09 10:30,1.548
1997-11-09 10:36,1.546
1997-11-09 10:42,1.544
1997-11-09 10:48,1.543
1997-11-09 10:54,1.542
1997-11-09 11:00,1.540
1997-11-09 11:06,1.539
1997-11-09 11:12,1.538
1997-11-09 11:18,1.538
1997-11-09 11:24,1.537
1997-11-09 11:30,1.536
1997-11-09 11:36,1.536
1997-11-09 11:42,1.536
1997-11-09 11:48,1.536
1997-11-09 11:54,1.536
1997-11-09 12:00,1.536
1997-11-09 12:06,1.536
1997-11-09 12:12,1.536
1997-11-09 12:18,1.537
1997-11-09 12:24,1.537
1997-11-09 12:30,1.538
1997-11-09 12:36,1.538
1997-11-09 12:42,1.539
1997-11-09 12:48,1.539
1997-11-09 12:54,1.540
1997-11-09 13:00,1.541
1997-11-09 13:06,1.541
1997-11-09 13:12,1.542
1997-11-09 13:18,1.543
1997-11-09 13:24,1.543
1997-11-09 13:30,1.544
1997-11-09 13:36,1.545
1997-11-09 13:42,1.545
1997-11-09 13:48,1.546
1997-11-09 13:54,1.546
1997-11-09 14:00,1.547
1997-11-09 14:06,1.548
1997-11-09 14:12,1.548
1997-11-09 14:18,1.549
1997-11-09 14:24,1.549
1997-11-09 14:30,1.550
1997-11-09 14:36,1.550
1997-11-09 14:42,1.551
1997-11-09 14:48,1.551
1997-11-09 14:54,1.552
1997-11-09 15:00,1.552
1997-11-09 15:06,1.553
1997-11-09 15:12,1.553
1997-11-09 15:18,1.553
1997-11-09 15:24,1.553
1997-11-09 15:30,1.554
1997-11-09 15:36,1.554
1997-11-09 15:42,1.554
1997-11-09 15:48,1.554
1997-11-09 15:54,1.554
1997-11-09 16:00,1.553
1997-11-09 16:06,1.553
1997-11-09 16:12,1.553
1997-11-09 16:18,1.552
1997-11-09 16:24,1.551
1997-11-09 16:30,1.550
1997-11-09 16:36,1.549
1997-11-09 16:42,1.548
1997-11-09 16:48,1.546
1997-11-09 16:54,1.545
1997-11-09 17:00,1.543
1997-11-09 17:06,1.541
1997-11-09 17:12,1.539
1997-11-09 17:18,1.536
1997-11-09 17:24,1.534
1997-11-09 17:30,1.531
1997-11-09 17:36,1.528
1997-11-09 17:42,1.525
1997-11-09 17:48,1.522
1997-11-09 17:54,1.519
1997-11-09 18:00,1.516
1997-11-09 18:06,1.512
1997-11-09 18:12,1.509
1997-11-09 18:18,1.505
1997-11-09 18:24,1.502
1997-11-09 18:30,1.498
1997-11-09 18:36,1.494
1997-11-09 18:42,1.491
1997-11-09 18:48,1.487
1997-11-09 18:54,1.484
1997-11-09 19:00,1.480
1997-11-09 19:06,1.476
1997-11-09 19:12,1.473
1997-11-09 19:18,1.470
1997-11-09 19:24,1.466
1997-11-09 19:30,1.463
1997-11-09 19:36,1.460
1997-11-09 19:42,1.456
1997-11-09 19:48,1.453
1997-11-09 19:54,1.450
1997-11-09 20:00,1.447
1997-11-09 20:06,1.445
1997-11-09 20:12,1.442
1997-11-09 20:18,1.439
1997-11-09 20:24,1.436
1997-11-09 20:30,1.434
1997-11-09 20:36,1.431
1997-11-09 20:42,1.429
1997-11-09 20:48,1.427
1997-11-09 20:54,1.424
1997-11-09 21:00,1.422
1997-11-09 21:06,1.420
1997-11-09 21:12,1.418
1997-11-09 21:18,1.416
1997-11-09 21:24,1.414
1997-11-09 21:30,1.412
1997-11-09 21:36,1.410
1997-11-09 21:42,1.409
1997-11-09 21:48,1.407
1997-11-09 21:54,1.406
1997-11-09 22:00,1.404
1997-11-09 22:06,1.403
1997-11-09 22:12,1.402
1997-11-09 22:18,1.401
1997-11-09 22:24,1.401
1997-11-09 22:30,1.400
1997-11-09 22:36,1.400
1997-11-09 22:42,1.400
1997-11-09 22:48,1.400
1997-11-09 22:54,1.400
1997-11-09 23:00,1.401
1997-11-09 23:06,1.402
1997-11-09 23:12,1.403
1997-11-09 23:18,1.404
1997-11-09 23:24,1.406
1997-11-09 23:30,1.407
1997-11-09 23:36,1.409
1997-11-09 23:42,1.412
1997-11-09 23:48,1.414
1997-11-09 23:54,1.417
1997-11-10 00:00,1.419
1997-11-10 00:06,1.423
1997-11-10 00:12,1.426
1997-11-10 00:18,1.429
1997-11-10 00:24,1.433
1997-11-10 00:30,1.436
1997-11-10 00:36,1.440
1997-11-10 00:42,1.444
1997-11-10 00:48,1.449
1997-11-10 00:54,1.453
1997-11-10 01:00,1.457
1997-11-10 01:06,1.462
1997-11-10 01:12,1.466
1997-11-10 01:18,1.471
1997-11-10 01:24,1.475
1997-11-10 01:30,1.480
1997-11-10 01:36,1.485
1997-11-10 01:42,1.489
1997-11-10 01:48,1.494
1997-11-10 01:54,1.499
1997-11-10 02:00,1.504
1997-11-10 02:06,1.509
1997-11-10 02:12,1.514
1997-11-10 02:18,1.519
1997-11-10 02:24,1.524
1997-11-10 02:30,1.529
1997-11-10 02:36,1.533
1997-11-10 02:42,1.538
1997-11-10 02:48,1.543
1997-11-10 02:54,1.548
1997-11-10 03:00,1.553
1997-11-10 03:06,1.558
1997-11-10 03:12,1.562
1997-11-10 03:18,1.567
1997-11-10 03:24,1.572
1997-11-10 03:30,1.576
1997-11-10 03:36,1.581
1997-11-10 03:42,1.585
1997-11-10 03:48,1.589
1997-11-10 03:54,1.593
1997-11-10 04:00,1.597
1997-11-10 04:06,1.601
1997-11-10 04:12,1.605
1997-11-10 04:18,1.608
1997-11-10 04:24,1.612
1997-11-10 04:30,1.615
1997-11-10 04:36,1.617
1997-11-10 04:42,1.620
1997-11-10 04:48,1.622
1997-11-10 04:54,1.624
1997-11-10 05:00,1.626
1997-11-10 05:06,1.627
1997-11-10 05:12,1.629
1997-11-10 05:18,1.630
1997-11-10 05:24,1.630
1997-11-10 05:30,1.631
1997-11-10 05:36,1.631
1997-11-10 05:42,1.631
1997-11-10 05:48,1.630
1997-11-10 05:54,1.629
1997-11-10 06:00,1.629
1997-11-10 06:06,1.627
1997-11-10 06:12,1.626
1997-11-10 06:18,1.624
1997-11-10 06:24,1.623
1997-11-10 06:30,1.621
1997-11-10 06:36,1.619
1997-11-10 06:42,1.616
1997-11-10 06:48,1.614
1997-11-10 06:54,1.611
1997-11-10 07:00,1.609
1997-11-10 07:06,1.606
1997-11-10 07:12,1.603
1997-11-10 07:18,1.600
1997-11-10 07:24,1.597
1997-11-10 07:30,1.594
1997-11-10 07:36,1.591
1997-11-10 07:42,1.588
1997-11-10 07:48,1.585
1997-11-10 07:54,1.582
1997-11-10 08:00,1.578
1997-11-10 08:06,1.575
1997-11-10 08:12,1.572
1997-11-10 08:18,1.568
1997-11-10 08:24,1.565
1997-11-10 08:30,1.562
1997-11-10 08:36,1.558
1997-11-10 08:42,1.555
1997-11-10 08:48,1.551
1997-11-10 08:54,1.548
1997-11-10 09:00,1.545
1997-11-10 09:06,1.541
1997-11-10 09:12,1.538
1997-11-10 09:18,1.534
1997-11-10 09:24,1.531
1997-11-10 09:30,1.527
1997-11-10 09:36,1.524
1997-11-10 09:42,1.520
1997-11-10 09:48,1.517
1997-11-10 09:54,1.513
1997-11-10 10:00,1.510
1997-11-10 10:06,1.507
1997-11-10 10:12,1.504
1997-11-10 10:18,1.500
1997-11-10 10:24,1.497
1997-11-10 10:30,1.495
1997-11-10 10:36,1.492
1997-11-10 10:42,1.489
1997-11-10 10:48,1.487
1997-11-10 10:54,1.484
1997-11-10 11:00,1.482
1997-11-10 11:06,1.480
1997-11-10 11:12,1.478
1997-11-10 11:18,1.477
1997-11-10 11:24,1.475
1997-11-10 11:30,1.474
1997-11-10 11:36,1.473
1997-11-10 11:42,1.472
1997-11-10 11:48,1.472
1997-11-10 11:54,1.471
1997-11-10 12:00,1.471
1997-11-10 12:06,1.471
1997-11-10 12:12,1.471
1997-11-10 12:18,1.471
1997-11-10 12:24,1.472
1997-11-10 12:30,1.473
1997-11-10 12:36,1.474
1997-11-10 12:42,1.475
1997-11-10 12:48,1.476
1997-11-10 12:54,1.477
1997-11-10 13:00,1.479
1997-11-10 13:06,1.480
1997-11-10 13:12,1.482
1997-11-10 13:18,1.484
1997-11-10 13:24,1.486
1997-11-10 13:30,1.488
1997-11-10 13:36,1.490
1997-11-10 13:42,1.492
1997-11-10 13:48,1.495
1997-11-10 13:54,1.497
1997-11-10 14:00,1.499
1997-11-10 14:06,1.502
1997-11-10 14:12,1.504
1997-11-10 14:18,1.507
1997-11-10 14:24,1.510
1997-11-10 14:30,1.512
1997-11-10 14:36,1.515
1997-11-10 14:42,1.518
1997-11-10 14:48,1.521
1997-11-10 14:54,1.524
1997-11-10 15:00,1.527
1997-11-10 15:06,1.530
1997-11-10 15:12,1.533
1997-11-10 15:18,1.536
1997-11-10 15:24,1.539
1997-11-10 15:30,1.542
1997-11-10 15:36,1.544
1997-11-10 15:42,1.547
1997-11-10 15:48,1.550
1997-11-10 15:54,1.553
1997-11-10 16:00,1.556
1997-11-10 16:06,1.558
1997-11-10 16:12,1.561
1997-11-10 16:18,1.564
1997-11-10 16:24,1.566
1997-11-10 16:30,1.568
1997-11-10 16:36,1.570
1997-11-10 16:42,1.572
1997-11-10 16:48,1.574
1997-11-10 16:54,1.576
1997-11-10 17:00,1.577
1997-11-10 17:06,1.578
1997-11-10 17:12,1.579
1997-11-10 17:18,1.580
1997-11-10 17:24,1.581
1997-11-10 17:30,1.581
1997-11-10 17:36,1.581
1997-11-10 17:42,1.581
1997-11-10 17:48,1.581
1997-11-10 17:54,1.581
1997-11-10 18:00,1.580
1997-11-10 18:06,1.579
1997-11-10 18:12,1.578
1997-11-10 18:18,1.577
1997-11-10 18:24,1.575
1997-11-10 18:30,1.574
1997-11-10 18:36,1.572
1997-11-10 18:42,1.570
1997-11-10 18:48,1.568
1997-11-10 18:54,1.566
1997-11-10 19:00,1.564
1997-11-10 19:06,1.562
1997-11-10 19:12,1.560
1997-11-10 19:18,1.557
1997-11-10 19:24,1.555
1997-11-10 19:30,1.552
1997-11-10 19:36,1.550
1997-11-10 19:42,1.547
1997-11-10 19:48,1.544
1997-11-10 19:54,1.542
1997-11-10 20:00,1.539
1997-11-10 20:06,1.536
1997-11-10 20:12,1.533
1997-11-10 20:18,1.531
1997-11-10 20:24,1.528
1997-11-10 20:30,1.525
1997-11-10 20:36,1.522
1997-11-10 20:42,1.520
1997-11-10 20:48,1.517
1997-11-10 20:54,1.514
1997-11-10 21:00,1.511
1997-11-10 21:06,1.508
1997-11-10 21:12,1.505
1997-11-10 21:18,1.503
1997-11-10 21:24,1.500
1997-11-10 21:30,1.497
1997-11-10 21:36,1.494
1997-11-10 21:42,1.491
1997-11-10 21:48,1.489
1997-11-10 21:54,1.486
1997-11-10 22:00,1.483
1997-11-10 22:06,1.481
1997-11-10 22:12,1.478
1997-11-10 22:18,1.475
1997-11-10 22:24,1.473
1997-11-10 22:30,1.470
1997-11-10 22:36,1.468
1997-11-10 22:42,1.466
1997-11-10 22:48,1.464
1997-11-10 22:54,1.462
1997-11-10 23:00,1.460
1997-11-10 23:06,1.459
1997-11-10 23:12,1.457
1997-11-10 23:18,1.456
1997-11-10 23:24,1.454
1997-11-10 23:30,1.454
1997-11-10 23:36,1.453
1997-11-10 23:42,1.452
1997-11-10 23:48,1.452
1997-11-10 23:54,1.451
1997-11-11 00:00,1.451
1997-11-11 00:06,1.452
1997-11-11 00:12,1.452
1997-11-11 00:18,1.453
1997-11-11 00:24,1.453
1997-11-11 00:30,1.454
1997-11-11 00:36,1.456
1997-11-11 00:42,1.457
1997-11-11 00:48,1.458
1997-11-11 00:54,1.460
1997-11-11 01:00,1.462
1997-11-11 01:06,1.464
1997-11-11 01:12,1.466
1997-11-11 01:18,1.469
1997-11-11 01:24,1.471
1997-11-11 01:30,1.474
1997-11-11 01:36,1.477
1997-11-11 01:42,1.479
1997-11-11 01:48,1.482
1997-11-11 01:54,1.486
1997-11-11 02:00,1.489
1997-11-11 02:06,1.492
1997-11-11 02:12,1.496
1997-11-11 02:18,1.499
1997-11-11 02:24,1.503
1997-11-11 02:30,1.506
1997-11-11 02:36,1.510
1997-11-11 02:42,1.514
1997-11-11 02:48,1.518
1997-11-11 02:54,1.522
1997-11-11 03:00,1.526
1997-11-11 03:06,1.530
1997-11-11 03:12,1.534
1997-11-11 03:18,1.538
1997-11-11 03:24,1.542
1997-11-11 03:30,1.546
1997-11-11 03:36,1.550
1997-11-11 03:42,1.554
1997-11-11 03:48,1.558
1997-11-11 03:54,1.562
1997-11-11 04:00,1.565
1997-11-11 04:06,1.569
1997-11-11 04:12,1.573
1997-11-11 04:18,1.576
1997-11-11 04:24,1.580
1997-11-11 04:30,1.583
1997-11-11 04:36,1.586
1997-11-11 04:42,1.589
1997-11-11 04:48,1.592
1997-11-11 04:54,1.594
1997-11-11 05:00,1.597
1997-11-11 05:06,1.599
1997-11-11 05:12,1.601
1997-11-11 05:18,1.603
1997-11-11 05:24,1.604
1997-11-11 05:30,1.605
1997-11-11 05:36,1.606
1997-11-11 05:42,1.607
1997-11-11 05:48,1.607
1997-11-11 05:54,1.607
1997-11-11 06:00,1.607
1997-11-11 06:06,1.607
1997-11-11 06:12,1.606
1997-11-11 06:18,1.605
1997-11-11 06:24,1.604
1997-11-11 06:30,1.602
1997-11-11 06:36,1.601
1997-11-11 06:42,1.599
1997-11-11 06:48,1.596
1997-11-11 06:54,1.594
1997-11-11 07:00,1.591
1997-11-11 07:06,1.589
1997-11-11 07:12,1.586
1997-11-11 07:18,1.583
1997-11-11 07:24,1.579
1997-11-11 07:30,1.576
1997-11-11 07:36,1.572
1997-11-11 07:42,1.569
1997-11-11 07:48,1.565
1997-11-11 07:54,1.561
1997-11-11 08:00,1.557
1997-11-11 08:06,1.553
1997-11-11 08:12,1.548
1997-11-11 08:18,1.544
1997-11-11 08:24,1.540
1997-11-11 08:30,1.535
1997-11-11 08:36,1.531
1997-11-11 08:42,1.526
1997-11-11 08:48,1.522
1997-11-11 08:54,1.517
1997-11-11 09:00,1.512
1997-11-11 09:06,1.508
1997-11-11 09:12,1.503
1997-11-11 09:18,1.498
1997-11-11 09:24,1.493
1997-11-11 09:30,1.489
1997-11-11 09:36,1.484
1997-11-11 09:42,1.479
1997-11-11 09:48,1.475
1997-11-11 09:54,1.470
1997-11-11 10:00,1.465
1997-11-11 10:06,1.461
1997-11-11 10:12,1.456
1997-11-11 10:18,1.452
1997-11-11 10:24,1.448
1997-11-11 10:30,1.444
1997-11-11 10:36,1.439
1997-11-11 10:42,1.435
1997-11-11 10:48,1.432
1997-11-11 10:54,1.428
1997-11-11 11:00,1.424
1997-11-11 11:06,1.421
1997-11-11 11:12,1.418
1997-11-11 11:18,1.415
1997-11-11 11:24,1.412
1997-11-11 11:30,1.409
1997-11-11 11:36,1.407
1997-11-11 11:42,1.405
1997-11-11 11:48,1.403
1997-11-11 11:54,1.401
1997-11-11 12:00,1.400
1997-11-11 12:06,1.398
1997-11-11 12:12,1.397
1997-11-11 12:18,1.397
1997-11-11 12:24,1.396
1997-11-11 12:30,1.396
1997-11-11 12:36,1.396
1997-11-11 12:42,1.396
1997-11-11 12:48,1.397
1997-11-11 12:54,1.397
1997-11-11 13:00,1.398
1997-11-11 13:06,1.400
1997-11-11 13:12,1.401
1997-11-11 13:18,1.403
1997-11-11 13:24,1.405
1997-11-11 13:30,1.407
1997-11-11 13:36,1.409
1997-11-11 13:42,1.412
1997-11-11 13:48,1.415
1997-11-11 13:54,1.418
1997-11-11 14:00,1.421
1997-11-11 14:06,1.424
1997-11-11 14:12,1.428
1997-11-11 14:18,1.431
1997-11-11 14:24,1.435
1997-11-11 14:30,1.439
1997-11-11 14:36,1.444
1997-11-11 14:42,1.448
1997-11-11 14:48,1.453
1997-11-11 14:54,1.457
1997-11-11 15:00,1.462
1997-11-11 15:06,1.467
1997-11-11 15:12,1.472
1997-11-11 15:18,1.477
1997-11-11 15:24,1.482
1997-11-11 15:30,1.487
1997-11-11 15:36,1.493
1997-11-11 15:42,1.498
1997-11-11 15:48,1.503
1997-11-11 15:54,1.509
1997-11-11 16:00,1.514
1997-11-11 16:06,1.519
1997-11-11 16:12,1.525
1997-11-11 16:18,1.530
1997-11-11 16:24,1.535
1997-11-11 16:30,1.541
1997-11-11 16:36,1.546
1997-11-11 16:42,1.551
1997-11-11 16:48,1.556
1997-11-11 16:54,1.561
1997-11-11 17:00,1.565
1997-11-11 17:06,1.570
1997-11-11 17:12,1.574
1997-11-11 17:18,1.579
1997-11-11 17:24,1.583
1997-11-11 17:30,1.587
1997-11-11 17:36,1.590
1997-11-11 17:42,1.594
1997-11-11 17:48,1.597
1997-11-11 17:54,1.600
1997-11-11 18:00,1.603
1997-11-11 18:06,1.606
1997-11-11 18:12,1.608
1997-11-11 18:18,1.611
1997-11-11 18:24,1.613
1997-11-11 18:30,1.615
1997-11-11 18:36,1.616
1997-11-11 18:42,1.618
1997-11-11 18:48,1.619
1997-11-11 18:54,1.620
1997-11-11 19:00,1.620
1997-11-11 19:06,1.621
1997-11-11 19:12,1.621
1997-11-11 19:18,1.621
1997-11-11 19:24,1.621
1997-11-11 19:30,1.621
1997-11-11 19:36,1.621
1997-11-11 19:42,1.620
1997-11-11 19:48,1.619
1997-11-11 19:54,1.618
1997-11-11 20:00,1.617
1997-11-11 20:06,1.616
1997-11-11 20:12,1.615
1997-11-11 20:18,1.613
1997-11-11 20:24,1.612
1997-11-11 20:30,1.610
1997-11-11 20:36,1.608
1997-11-11 20:42,1.606
1997-11-11 20:48,1.604
1997-11-11 20:54,1.602
1997-11-11 21:00,1.600
1997-11-11 21:06,1.597
1997-11-11 21:12,1.595
1997-11-11 21:18,1.592
1997-11-11 21:24,1.590
1997-11-11 21:30,1.587
1997-11-11 21:36,1.584
1997-11-11 21:42,1.582
1997-11-11 21:48,1.579
1997-11-11 21:54,1.576
1997-11-11 22:00,1.573
1997-11-11 22:06,1.570
1997-11-11 22:12,1.567
1997-11-11 22:18,1.564
1997-11-11 22:24,1.561
1997-11-11 22:30,1.558
1997-11-11 22:36,1.555
1997-11-11 22:42,1.552
1997-11-11 22:48,1.549
1997-11-11 22:54,1.546
1997-11-11 23:00,1.543
1997-11-11 23:06,1.540
1997-11-11 23:12,1.537
1997-11-11 23:18,1.534
1997-11-11 23:24,1.532
1997-11-11 23:30,1.529
1997-11-11 23:36,1.527
1997-11-11 23:42,1.524
1997-11-11 23:48,1.522
1997-11-11 23:54,1.520
1997-11-12 00:00,1.517
1997-11-12 00:06,1.515
1997-11-12 00:12,1.513
1997-11-12 00:18,1.512
1997-11-12 00:24,1.510
1997-11-12 00:30,1.509
1997-11-12 00:36,1.507
1997-11-12 00:42,1.506
1997-11-12 00:48,1.505
1997-11-12 00:54,1.504
1997-11-12 01:00,1.503
1997-11-12 01:06,1.503
1997-11-12 01:12,1.502
1997-11-12 01:18,1.502
1997-11-12 01:24,1.502
1997-11-12 01:30,1.502
1997-11-12 01:36,1.503
1997-11-12 01:42,1.503
1997-11-12 01:48,1.504
1997-11-12 01:54,1.504
1997-11-12 02:00,1.505
1997-11-12 02:06,1.507
1997-11-12 02:12,1.508
1997-11-12 02:18,1.509
1997-11-12 02:24,1.511
1997-11-12 02:30,1.513
1997-11-12 02:36,1.515
1997-11-12 02:42,1.517
1997-11-12 02:48,1.519
1997-11-12 02:54,1.521
1997-11-12 03:00,1.523
1997-11-12 03:06,1.526
1997-11-12 03:12,1.529
1997-11-12 03:18,1.531
1997-11-12 03:24,1.534
1997-11-12 03:30,1.537
1997-11-12 03:36,1.540
1997-11-12 03:42,1.543
1997-11-12 03:48,1.546
1997-11-12 03:54,1.549
1997-11-12 04:00,1.552
1997-11-12 04:06,1.555
1997-11-12 04:12,1.557
1997-11-12 04:18,1.560
1997-11-12 04:24,1.563
1997-11-12 04:30,1.566
1997-11-12 04:36,1.569
1997-11-12 04:42,1.571
1997-11-12 04:48,1.574
1997-11-12 04:54,1.576
1997-11-12 05:00,1.579
1997-11-12 05:06,1.581
1997-11-12 05:12,1.583
1997-11-12 05:18,1.585
1997-11-12 05:24,1.586
1997-11-12 05:30,1.588
1997-11-12 05:36,1.589
1997-11-12 05:42,1.590
1997-11-12 05:48,1.591
1997-11-12 05:54,1.592
1997-11-12 06:00,1.592
1997-11-12 06:06,1.593
1997-11-12 06:12,1.593
1997-11-12 06:18,1.593
1997-11-12 06:24,1.592
1997-11-12 06:30,1.591
1997-11-12 06:36,1.590
1997-11-12 06:42,1.589
1997-11-12 06:48,1.588
1997-11-12 06:54,1.586
1997-11-12 07:00,1.584
1997-11-12 07:06,1.582
1997-11-12 07:12,1.580
1997-11-12 07:18,1.577
1997-11-12 07:24,1.574
1997-11-12 07:30,1.571
1997-11-12 07:36,1.567
1997-11-12 07:42,1.564
1997-11-12 07:48,1.560
1997-11-12 07:54,1.556
1997-11-12 08:00,1.552
1997-11-12 08:06,1.547
1997-11-12 08:12,1.543
1997-11-12 08:18,1.538
1997-11-12 08:24,1.533
1997-11-12 08:30,1.528
1997-11-12 08:36,1.522
1997-11-12 08:42,1.517
1997-11-12 08:48,1.511
1997-11-12 08:54,1.506
1997-11-12 09:00,1.500
1997-11-12 09:06,1.494
1997-11-12 09:12,1.488
1997-11-12 09:18,1.482
1997-11-12 09:24,1.476
1997-11-12 09:30,1.470
1997-11-12 09:36,1.463
1997-11-12 09:42,1.457
1997-11-12 09:48,1.451
1997-11-12 09:54,1.445
1997-11-12 10:00,1.439
1997-11-12 10:06,1.433
1997-11-12 10:12,1.427
1997-11-12 10:18,1.421
1997-11-12 10:24,1.415
1997-11-12 10:30,1.409
1997-11-12 10:36,1.403
1997-11-12 10:42,1.398
1997-11-12 10:48,1.392
1997-11-12 10:54,1.387
1997-11-12 11:00,1.382
1997-11-12 11:06,1.377
1997-11-12 11:12,1.372
1997-11-12 11:18,1.367
1997-11-12 11:24,1.362
1997-11-12 11:30,1.358
1997-11-12 11:36,1.354
1997-11-12 11:42,1.350
1997-11-12 11:48,1.346
1997-11-12 11:54,1.343
1997-11-12 12:00,1.339
1997-11-12 12:06,1.336
1997-11-12 12:12,1.333
1997-11-12 12:18,1.331
1997-11-12 12:24,1.328
1997-11-12 12:30,1.326
1997-11-12 12:36,1.325
1997-11-12 12:42,1.323
1997-11-12 12:48,1.322
1997-11-12 12:54,1.321
1997-11-12 13:00,1.320
1997-11-12 13:06,1.320
1997-11-12 13:12,1.320
1997-11-12 13:18,1.320
1997-11-12 13:24,1.320
1997-11-12 13:30,1.321
1997-11-12 13:36,1.322
1997-11-12 13:42,1.324
1997-11-12 13:48,1.326
1997-11-12 13:54,1.328
1997-11-12 14:00,1.330
1997-11-12 14:06,1.333
1997-11-12 14:12,1.336
1997-11-12 14:18,1.339
1997-11-12 14:24,1.343
1997-11-12 14:30,1.347
1997-11-12 14:36,1.351
1997-11-12 14:42,1.356
1997-11-12 14:48,1.360
1997-11-12 14:54,1.366
1997-11-12 15:00,1.371
1997-11-12 15:06,1.376
1997-11-12 15:12,1.382
1997-11-12 15:18,1.388
1997-11-12 15:24,1.394
1997-11-12 15:30,1.401
1997-11-12 15:36,1.407
1997-11-12 15:42,1.414
1997-11-12 15:48,1.421
1997-11-12 15:54,1.428
1997-11-12 16:00,1.435
1997-11-12 16:06,1.442
1997-11-12 16:12,1.449
1997-11-12 16:18,1.457
1997-11-12 16:24,1.464
1997-11-12 16:30,1.471
1997-11-12 16:36,1.479
1997-11-12 16:42,1.486
1997-11-12 16:48,1.494
1997-11-12 16:54,1.501
1997-11-12 17:00,1.508
1997-11-12 17:06,1.515
1997-11-12 17:12,1.523
1997-11-12 17:18,1.530
1997-11-12 17:24,1.537
1997-11-12 17:30,1.544
1997-11-12 17:36,1.551
1997-11-12 17:42,1.557
1997-11-12 17:48,1.564
1997-11-12 17:54,1.570
1997-11-12 18:00,1.577
1997-11-12 18:06,1.583
1997-11-12 18:12,1.589
1997-11-12 18:18,1.595
1997-11-12 18:24,1.600
1997-11-12 18:30,1.606
1997-11-12 18:36,1.611
1997-11-12 18:42,1.616
1997-11-12 18:48,1.621
1997-11-12 18:54,1.626
1997-11-12 19:00,1.630
1997-11-12 19:06,1.634
1997-11-12 19:12,1.638
1997-11-12 19:18,1.642
1997-11-12 19:24,1.646
1997-11-12 19:30,1.649
1997-11-12 19:36,1.652
1997-11-12 19:42,1.654
1997-11-12 19:48,1.657
1997-11-12 19:54,1.659
1997-11-12 20:00,1.661
1997-11-12 20:06,1.663
1997-11-12 20:12,1.664
1997-11-12 20:18,1.665
1997-11-12 20:24,1.666
1997-11-12 20:30,1.667
1997-11-12 20:36,1.667
1997-11-12 20:42,1.667
1997-11-12 20:48,1.667
1997-11-12 20:54,1.667
1997-11-12 21:00,1.667
1997-11-12 21:06,1.666
1997-11-12 21:12,1.665
1997-11-12 21:18,1.664
1997-11-12 21:24,1.663
1997-11-12 21:30,1.661
1997-11-12 21:36,1.660
1997-11-12 21:42,1.658
1997-11-12 21:48,1.656
1997-11-12 21:54,1.654
1997-11-12 22:00,1.652
1997-11-12 22:06,1.650
1997-11-12 22:12,1.647
1997-11-12 22:18,1.645
1997-11-12 22:24,1.643
1997-11-12 22:30,1.640
1997-11-12 22:36,1.637
1997-11-12 22:42,1.635
1997-11-12 22:48,1.632
1997-11-12 22:54,1.629
1997-11-12 23:00,1.627
1997-11-12 23:06,1.624
1997-11-12 23:12,1.621
1997-11-12 23:18,1.618
1997-11-12 23:24,1.615
1997-11-12 23:30,1.612
1997-11-12 23:36,1.609
1997-11-12 23:42,1.606
1997-11-12 23:48,1.603
1997-11-12 23:54,1.600
1997-11-13 00:00,1.598
1997-11-13 00:06,1.595
1997-11-13 00:12,1.592
1997-11-13 00:18,1.589
1997-11-13 00:24,1.586
1997-11-13 00:30,1.583
1997-11-13 00:36,1.580
1997-11-13 00:42,1.578
1997-11-13 00:48,1.575
1997-11-13 00:54,1.572
1997-11-13 01:00,1.570
1997-11-13 01:06,1.567
1997-11-13 01:12,1.565
1997-11-13 01:18,1.563
1997-11-13 01:24,1.561
1997-11-13 01:30,1.559
1997-11-13 01:36,1.557
1997-11-13 01:42,1.555
1997-11-13 01:48,1.553
1997-11-13 01:54,1.552
1997-11-13 02:00,1.550
1997-11-13 02:06,1.549
1997-11-13 02:12,1.548
1997-11-13 02:18,1.548
1997-11-13 02:24,1.547
1997-11-13 02:30,1.546
1997-11-13 02:36,1.546
1997-11-13 02:42,1.546
1997-11-13 02:48,1.546
1997-11-13 02:54,1.546
1997-11-13 03:00,1.547
1997-11-13 03:06,1.547
1997-11-13 03:12,1.548
1997-11-13 03:18,1.549
1997-11-13 03:24,1.550
1997-11-13 03:30,1.551
1997-11-13 03:36,1.553
1997-11-13 03:42,1.554
1997-11-13 03:48,1.555
1997-11-13 03:54,1.557
1997-11-13 04:00,1.559
1997-11-13 04:06,1.560
1997-11-13 04:12,1.562
1997-11-13 04:18,1.564
1997-11-13 04:24,1.566
1997-11-13 04:30,1.567
1997-11-13 04:36,1.569
1997-11-13 04:42,1.571
1997-11-13 04:48,1.573
1997-11-13 04:54,1.574
1997-11-13 05:00,1.576
1997-11-13 05:06,1.578
1997-11-13 05:12,1.579
1997-11-13 05:18,1.581
1997-11-13 05:24,1.582
1997-11-13 05:30,1.583
1997-11-13 05:36,1.584
1997-11-13 05:42,1.585
1997-11-13 05:48,1.586
1997-11-13 05:54,1.587
1997-11-13 06:00,1.588
1997-11-13 06:06,1.588
1997-11-13 06:12,1.589
1997-11-13 06:18,1.589
1997-11-13 06:24,1.589
1997-11-13 06:30,1.589
1997-11-13 06:36,1.589
1997-11-13 06:42,1.588
1997-11-13 06:48,1.587
1997-11-13 06:54,1.586
1997-11-13 07:00,1.585
1997-11-13 07:06,1.584
1997-11-13 07:12,1.582
1997-11-13 07:18,1.581
1997-11-13 07:24,1.579
1997-11-13 07:30,1.576
1997-11-13 07:36,1.574
1997-11-13 07:42,1.571
1997-11-13 07:48,1.568
1997-11-13 07:54,1.565
1997-11-13 08:00,1.561
1997-11-13 08:06,1.557
1997-11-13 08:12,1.553
1997-11-13 08:18,1.548
1997-11-13 08:24,1.544
1997-11-13 08:30,1.539
1997-11-13 08:36,1.534
1997-11-13 08:42,1.528
1997-11-13 08:48,1.522
1997-11-13 08:54,1.516
1997-11-13 09:00,1.510
1997-11-13 09:06,1.504
1997-11-13 09:12,1.497
1997-11-13 09:18,1.491
1997-11-13 09:24,1.484
1997-11-13 09:30,1.477
1997-11-13 09:36,1.469
1997-11-13 09:42,1.462
1997-11-13 09:48,1.455
1997-11-13 09:54,1.447
1997-11-13 10:00,1.440
1997-11-13 10:06,1.432
1997-11-13 10:12,1.425
1997-11-13 10:18,1.417
1997-11-13 10:24,1.410
1997-11-13 10:30,1.402
1997-11-13 10:36,1.395
1997-11-13 10:42,1.388
1997-11-13 10:48,1.381
1997-11-13 10:54,1.373
1997-11-13 11:00,1.366
1997-11-13 11:06,1.360
1997-11-13 11:12,1.353
1997-11-13 11:18,1.346
1997-11-13 11:24,1.340
1997-11-13 11:30,1.334
1997-11-13 11:36,1.327
1997-11-13 11:42,1.322
1997-11-13 11:48,1.316
1997-11-13 11:54,1.310
1997-11-13 12:00,1.305
1997-11-13 12:06,1.300
1997-11-13 12:12,1.295
1997-11-13 12:18,1.290
1997-11-13 12:24,1.286
1997-11-13 12:30,1.282
1997-11-13 12:36,1.278
1997-11-13 12:42,1.274
1997-11-13 12:48,1.270
1997-11-13 12:54,1.267
1997-11-13 13:00,1.264
1997-11-13 13:06,1.262
1997-11-13 13:12,1.259
1997-11-13 13:18,1.257
1997-11-13 13:24,1.255
1997-11-13 13:30,1.254
1997-11-13 13:36,1.253
1997-11-13 13:42,1.252
1997-11-13 13:48,1.252
1997-11-13 13:54,1.252
1997-11-13 14:00,1.252
1997-11-13 14:06,1.253
1997-11-13 14:12,1.254
1997-11-13 14:18,1.255
1997-11-13 14:24,1.257
1997-11-13 14:30,1.260
1997-11-13 14:36,1.262
1997-11-13 14:42,1.265
1997-11-13 14:48,1.269
1997-11-13 14:54,1.273
1997-11-13 15:00,1.277
1997-11-13 15:06,1.281
1997-11-13 15:12,1.286
1997-11-13 15:18,1.291
1997-11-13 15:24,1.297
1997-11-13 15:30,1.303
1997-11-13 15:36,1.309
1997-11-13 15:42,1.316
1997-11-13 15:48,1.322
1997-11-13 15:54,1.330
1997-11-13 16:00,1.337
1997-11-13 16:06,1.344
1997-11-13 16:12,1.352
1997-11-13 16:18,1.360
1997-11-13 16:24,1.368
1997-11-13 16:30,1.376
1997-11-13 16:36,1.384
1997-11-13 16:42,1.393
1997-11-13 16:48,1.401
1997-11-13 16:54,1.410
1997-11-13 17:00,1.419
1997-11-13 17:06,1.428
1997-11-13 17:12,1.436
1997-11-13 17:18,1.445
1997-11-13 17:24,1.454
1997-11-13 17:30,1.463
1997-11-13 17:36,1.472
1997-11-13 17:42,1.481
1997-11-13 17:48,1.489
1997-11-13 17:54,1.498
1997-11-13 18:00,1.507
1997-11-13 18:06,1.516
1997-11-13 18:12,1.524
1997-11-13 18:18,1.533
1997-11-13 18:24,1.541
1997-11-13 18:30,1.550
1997-11-13 18:36,1.558
1997-11-13 18:42,1.566
1997-11-13 18:48,1.574
1997-11-13 18:54,1.582
1997-11-13 19:00,1.590
1997-11-13 19:06,1.597
1997-11-13 19:12,1.605
1997-11-13 19:18,1.612
1997-11-13 19:24,1.619
1997-11-13 19:30,1.626
1997-11-13 19:36,1.632
1997-11-13 19:42,1.639
1997-11-13 19:48,1.645
1997-11-13 19:54,1.651
1997-11-13 20:00,1.656
1997-11-13 20:06,1.661
1997-11-13 20:12,1.666
1997-11-13 20:18,1.671
1997-11-13 20:24,1.675
1997-11-13 20:30,1.679
1997-11-13 20:36,1.683
1997-11-13 20:42,1.686
1997-11-13 20:48,1.689
1997-11-13 20:54,1.692
1997-11-13 21:00,1.695
1997-11-13 21:06,1.697
1997-11-13 21:12,1.698
1997-11-13 21:18,1.700
1997-11-13 21:24,1.701
1997-11-13 21:30,1.702
1997-11-13 21:36,1.703
1997-11-13 21:42,1.703
1997-11-13 21:48,1.703
1997-11-13 21:54,1.703
1997-11-13 22:00,1.703
1997-11-13 22:06,1.702
1997-11-13 22:12,1.702
1997-11-13 22:18,1.701
1997-11-13 22:24,1.700
1997-11-13 22:30,1.699
1997-11-13 22:36,1.697
1997-11-13 22:42,1.696
1997-11-13 22:48,1.694
1997-11-13 22:54,1.693
1997-11-13 23:00,1.691
1997-11-13 23:06,1.689
1997-11-13 23:12,1.687
1997-11-13 23:18,1.685
1997-11-13 23:24,1.683
1997-11-13 23:30,1.681
1997-11-13 23:36,1.679
1997-11-13 23:42,1.676
1997-11-13 23:48,1.674
1997-11-13 23:54,1.671
1997-11-14 00:00,1.669
1997-11-14 00:06,1.666
1997-11-14 00:12,1.664
1997-11-14 00:18,1.661
1997-11-14 00:24,1.658
1997-11-14 00:30,1.656
1997-11-14 00:36,1.653
1997-11-14 00:42,1.650
1997-11-14 00:48,1.647
1997-11-14 00:54,1.644
1997-11-14 01:00,1.641
1997-11-14 01:06,1.638
1997-11-14 01:12,1.635
1997-11-14 01:18,1.632
1997-11-14 01:24,1.629
1997-11-14 01:30,1.626
1997-11-14 01:36,1.623
1997-11-14 01:42,1.620
1997-11-14 01:48,1.617
1997-11-14 01:54,1.614
1997-11-14 02:00,1.611
1997-11-14 02:06,1.608
1997-11-14 02:12,1.606
1997-11-14 02:18,1.603
1997-11-14 02:24,1.601
1997-11-14 02:30,1.599
1997-11-14 02:36,1.597
1997-11-14 02:42,1.595
1997-11-14 02:48,1.593
1997-11-14 02:54,1.591
1997-11-14 03:00,1.590
1997-11-14 03:06,1.588
1997-11-14 03:12,1.587
1997-11-14 03:18,1.586
1997-11-14 03:24,1.586
1997-11-14 03:30,1.585
1997-11-14 03:36,1.584
1997-11-14 03:42,1.584
1997-11-14 03:48,1.584
1997-11-14 03:54,1.584
1997-11-14 04:00,1.584
1997-11-14 04:06,1.584
1997-11-14 04:12,1.584
1997-11-14 04:18,1.585
1997-11-14 04:24,1.585
1997-11-14 04:30,1.585
1997-11-14 04:36,1.586
1997-11-14 04:42,1.586
1997-11-14 04:48,1.587
1997-11-14 04:54,1.588
1997-11-14 05:00,1.588
1997-11-14 05:06,1.589
1997-11-14 05:12,1.590
1997-11-14 05:18,1.590
1997-11-14 05:24,1.591
1997-11-14 05:30,1.591
1997-11-14 05:36,1.592
1997-11-14 05:42,1.592
1997-11-14 05:48,1.593
1997-11-14 05:54,1.593
1997-11-14 06:00,1.593
1997-11-14 06:06,1.594
1997-11-14 06:12,1.594
1997-11-14 06:18,1.594
1997-11-14 06:24,1.594
1997-11-14 06:30,1.594
1997-11-14 06:36,1.594
1997-11-14 06:42,1.594
1997-11-14 06:48,1.593
1997-11-14 06:54,1.593
1997-11-14 07:00,1.592
1997-11-14 07:06,1.592
1997-11-14 07:12,1.591
1997-11-14 07:18,1.590
1997-11-14 07:24,1.588
1997-11-14 07:30,1.587
1997-11-14 07:36,1.585
1997-11-14 07:42,1.584
1997-11-14 07:48,1.582
1997-11-14 07:54,1.579
1997-11-14 08:00,1.577
1997-11-14 08:06,1.574
1997-11-14 08:12,1.571
1997-11-14 08:18,1.568
1997-11-14 08:24,1.564
1997-11-14 08:30,1.560
1997-11-14 08:36,1.556
1997-11-14 08:42,1.552
1997-11-14 08:48,1.547
1997-11-14 08:54,1.542
1997-11-14 09:00,1.536
1997-11-14 09:06,1.531
1997-11-14 09:12,1.524
1997-11-14 09:18,1.518
1997-11-14 09:24,1.512
1997-11-14 09:30,1.505
1997-11-14 09:36,1.498
1997-11-14 09:42,1.490
1997-11-14 09:48,1.483
1997-11-14 09:54,1.475
1997-11-14 10:00,1.467
1997-11-14 10:06,1.459
1997-11-14 10:12,1.451
1997-11-14 10:18,1.443
1997-11-14 10:24,1.435
1997-11-14 10:30,1.426
1997-11-14 10:36,1.418
1997-11-14 10:42,1.409
1997-11-14 10:48,1.401
1997-11-14 10:54,1.392
1997-11-14 11:00,1.384
1997-11-14 11:06,1.376
1997-11-14 11:12,1.367
1997-11-14 11:18,1.359
1997-11-14 11:24,1.351
1997-11-14 11:30,1.343
1997-11-14 11:36,1.335
1997-11-14 11:42,1.328
1997-11-14 11:48,1.320
1997-11-14 11:54,1.313
1997-11-14 12:00,1.305
1997-11-14 12:06,1.298
1997-11-14 12:12,1.291
1997-11-14 12:18,1.285
1997-11-14 12:24,1.278
1997-11-14 12:30,1.272
1997-11-14 12:36,1.266
1997-11-14 12:42,1.260
1997-11-14 12:48,1.254
1997-11-14 12:54,1.249
1997-11-14 13:00,1.244
1997-11-14 13:06,1.239
1997-11-14 13:12,1.234
1997-11-14 13:18,1.229
1997-11-14 13:24,1.225
1997-11-14 13:30,1.221
1997-11-14 13:36,1.218
1997-11-14 13:42,1.214
1997-11-14 13:48,1.211
1997-11-14 13:54,1.209
1997-11-14 14:00,1.206
1997-11-14 14:06,1.205
1997-11-14 14:12,1.203
1997-11-14 14:18,1.202
1997-11-14 14:24,1.201
1997-11-14 14:30,1.201
1997-11-14 14:36,1.201
1997-11-14 14:42,1.201
1997-11-14 14:48,1.202
1997-11-14 14:54,1.203
1997-11-14 15:00,1.205
1997-11-14 15:06,1.207
1997-11-14 15:12,1.210
1997-11-14 15:18,1.213
1997-11-14 15:24,1.216
1997-11-14 15:30,1.220
1997-11-14 15:36,1.224
1997-11-14 15:42,1.229
1997-11-14 15:48,1.234
1997-11-14 15:54,1.239
1997-11-14 16:00,1.245
1997-11-14 16:06,1.251
1997-11-14 16:12,1.258
1997-11-14 16:18,1.265
1997-11-14 16:24,1.272
1997-11-14 16:30,1.279
1997-11-14 16:36,1.287
1997-11-14 16:42,1.295
1997-11-14 16:48,1.303
1997-11-14 16:54,1.311
1997-11-14 17:00,1.320
1997-11-14 17:06,1.328
1997-11-14 17:12,1.337
1997-11-14 17:18,1.346
1997-11-14 17:24,1.355
1997-11-14 17:30,1.365
1997-11-14 17:36,1.374
1997-11-14 17:42,1.383
1997-11-14 17:48,1.393
1997-11-14 17:54,1.403
1997-11-14 18:00,1.412
1997-11-14 18:06,1.422
1997-11-14 18:12,1.432
1997-11-14 18:18,1.442
1997-11-14 18:24,1.452
1997-11-14 18:30,1.462
1997-11-14 18:36,1.472
1997-11-14 18:42,1.481
1997-11-14 18:48,1.491
1997-11-14 18:54,1.501
1997-11-14 19:00,1.511
1997-11-14 19:06,1.521
1997-11-14 19:12,1.531
1997-11-14 19:18,1.540
1997-11-14 19:24,1.550
1997-11-14 19:30,1.559
1997-11-14 19:36,1.569
1997-11-14 19:42,1.578
1997-11-14 19:48,1.587
1997-11-14 19:54,1.596
1997-11-14 20:00,1.604
1997-11-14 20:06,1.612
1997-11-14 20:12,1.621
1997-11-14 20:18,1.629
1997-11-14 20:24,1.636
1997-11-14 20:30,1.643
1997-11-14 20:36,1.650
1997-11-14 20:42,1.657
1997-11-14 20:48,1.664
1997-11-14 20:54,1.670
1997-11-14 21:00,1.675
1997-11-14 21:06,1.681
1997-11-14 21:12,1.686
1997-11-14 21:18,1.690
1997-11-14 21:24,1.695
1997-11-14 21:30,1.699
1997-11-14 21:36,1.702
1997-11-14 21:42,1.706
1997-11-14 21:48,1.709
1997-11-14 21:54,1.711
1997-11-14 22:00,1.714
1997-11-14 22:06,1.716
1997-11-14 22:12,1.718
1997-11-14 22:18,1.719
1997-11-14 22:24,1.720
1997-11-14 22:30,1.721
1997-11-14 22:36,1.722
1997-11-14 22:42,1.723
1997-11-14 22:48,1.723
1997-11-14 22:54,1.723
1997-11-14 23:00,1.723
1997-11-14 23:06,1.723
1997-11-14 23:12,1.723
1997-11-14 23:18,1.722
1997-11-14 23:24,1.721
1997-11-14 23:30,1.721
1997-11-14 23:36,1.720
1997-11-14 23:42,1.719
1997-11-14 23:48,1.718
1997-11-14 23:54,1.717
1997-11-15 00:00,1.715
1997-11-15 00:06,1.714
1997-11-15 00:12,1.712
1997-11-15 00:18,1.711
1997-11-15 00:24,1.709
1997-11-15 00:30,1.707
1997-11-15 00:36,1.705
1997-11-15 00:42,1.703
1997-11-15 00:48,1.701
1997-11-15 00:54,1.699
1997-11-15 01:00,1.697
1997-11-15 01:06,1.694
1997-11-15 01:12,1.692
1997-11-15 01:18,1.689
1997-11-15 01:24,1.686
1997-11-15 01:30,1.684
1997-11-15 01:36,1.681
1997-11-15 01:42,1.678
1997-11-15 01:48,1.675
1997-11-15 01:54,1.672
1997-11-15 02:00,1.669
1997-11-15 02:06,1.666
1997-11-15 02:12,1.663
1997-11-15 02:18,1.660
1997-11-15 02:24,1.657
1997-11-15 02:30,1.654
1997-11-15 02:36,1.651
1997-11-15 02:42,1.648
1997-11-15 02:48,1.645
1997-11-15 02:54,1.642
1997-11-15 03:00,1.640
1997-11-15 03:06,1.637
1997-11-15 03:12,1.635
1997-11-15 03:18,1.632
1997-11-15 03:24,1.630
1997-11-15 03:30,1.628
1997-11-15 03:36,1.626
1997-11-15 03:42,1.624
1997-11-15 03:48,1.623
1997-11-15 03:54,1.621
1997-11-15 04:00,1.620
1997-11-15 04:06,1.618
1997-11-15 04:12,1.617
1997-11-15 04:18,1.616
1997-11-15 04:24,1.615
1997-11-15 04:30,1.614
1997-11-15 04:36,1.613
1997-11-15 04:42,1.612
1997-11-15 04:48,1.612
1997-11-15 04:54,1.611
1997-11-15 05:00,1.610
1997-11-15 05:06,1.610
1997-11-15 05:12,1.609
1997-11-15 05:18,1.609
1997-11-15 05:24,1.609
1997-11-15 05:30,1.608
1997-11-15 05:36,1.608
1997-11-15 05:42,1.608
1997-11-15 05:48,1.607
1997-11-15 05:54,1.607
1997-11-15 06:00,1.607
1997-11-15 06:06,1.606
1997-11-15 06:12,1.606
1997-11-15 06:18,1.606
1997-11-15 06:24,1.605
1997-11-15 06:30,1.605
1997-11-15 06:36,1.604
1997-11-15 06:42,1.604
1997-11-15 06:48,1.604
1997-11-15 06:54,1.603
1997-11-15 07:00,1.603
1997-11-15 07:06,1.602
1997-11-15 07:12,1.601
1997-11-15 07:18,1.601
1997-11-15 07:24,1.600
1997-11-15 07:30,1.599
1997-11-15 07:36,1.598
1997-11-15 07:42,1.597
1997-11-15 07:48,1.596
1997-11-15 07:54,1.594
1997-11-15 08:00,1.593
1997-11-15 08:06,1.591
1997-11-15 08:12,1.589
1997-11-15 08:18,1.587
1997-11-15 08:24,1.585
1997-11-15 08:30,1.582
1997-11-15 08:36,1.579
1997-11-15 08:42,1.576
1997-11-15 08:48,1.573
1997-11-15 08:54,1.569
1997-11-15 09:00,1.565
1997-11-15 09:06,1.561
1997-11-15 09:12,1.556
1997-11-15 09:18,1.551
1997-11-15 09:24,1.546
1997-11-15 09:30,1.540
1997-11-15 09:36,1.535
1997-11-15 09:42,1.528
1997-11-15 09:48,1.522
1997-11-15 09:54,1.515
1997-11-15 10:00,1.508
1997-11-15 10:06,1.501
1997-11-15 10:12,1.494
1997-11-15 10:18,1.486
1997-11-15 10:24,1.478
1997-11-15 10:30,1.470
1997-11-15 10:36,1.462
1997-11-15 10:42,1.453
1997-11-15 10:48,1.445
1997-11-15 10:54,1.436
1997-11-15 11:00,1.427
1997-11-15 11:06,1.419
1997-11-15 11:12,1.410
1997-11-15 11:18,1.401
1997-11-15 11:24,1.392
1997-11-15 11:30,1.383
1997-11-15 11:36,1.374
1997-11-15 11:42,1.366
1997-11-15 11:48,1.357
1997-11-15 11:54,1.348
1997-11-15 12:00,1.340
1997-11-15 12:06,1.331
1997-11-15 12:12,1.323
1997-11-15 12:18,1.314
1997-11-15 12:24,1.306
1997-11-15 12:30,1.298
1997-11-15 12:36,1.290
1997-11-15 12:42,1.283
1997-11-15 12:48,1.275
1997-11-15 12:54,1.268
1997-11-15 13:00,1.261
1997-11-15 13:06,1.254
1997-11-15 13:12,1.247
1997-11-15 13:18,1.241
1997-11-15 13:24,1.234
1997-11-15 13:30,1.228
1997-11-15 13:36,1.222
1997-11-15 13:42,1.217
1997-11-15 13:48,1.211
1997-11-15 13:54,1.206
1997-11-15 14:00,1.202
1997-11-15 14:06,1.197
1997-11-15 14:12,1.193
1997-11-15 14:18,1.189
1997-11-15 14:24,1.186
1997-11-15 14:30,1.183
1997-11-15 14:36,1.180
1997-11-15 14:42,1.177
1997-11-15 14:48,1.175
1997-11-15 14:54,1.174
1997-11-15 15:00,1.173
1997-11-15 15:06,1.172
1997-11-15 15:12,1.171
1997-11-15 15:18,1.171
1997-11-15 15:24,1.172
1997-11-15 15:30,1.173
1997-11-15 15:36,1.174
1997-11-15 15:42,1.176
1997-11-15 15:48,1.178
1997-11-15 15:54,1.181
1997-11-15 16:00,1.184
1997-11-15 16:06,1.187
1997-11-15 16:12,1.191
1997-11-15 16:18,1.195
1997-11-15 16:24,1.200
1997-11-15 16:30,1.205
1997-11-15 16:36,1.210
1997-11-15 16:42,1.216
1997-11-15 16:48,1.222
1997-11-15 16:54,1.228
1997-11-15 17:00,1.235
1997-11-15 17:06,1.242
1997-11-15 17:12,1.249
1997-11-15 17:18,1.257
1997-11-15 17:24,1.265
1997-11-15 17:30,1.273
1997-11-15 17:36,1.281
1997-11-15 17:42,1.290
1997-11-15 17:48,1.299
1997-11-15 17:54,1.308
1997-11-15 18:00,1.317
1997-11-15 18:06,1.326
1997-11-15 18:12,1.336
1997-11-15 18:18,1.345
1997-11-15 18:24,1.355
1997-11-15 18:30,1.365
1997-11-15 18:36,1.375
1997-11-15 18:42,1.385
1997-11-15 18:48,1.395
1997-11-15 18:54,1.406
1997-11-15 19:00,1.416
1997-11-15 19:06,1.427
1997-11-15 19:12,1.437
1997-11-15 19:18,1.448
1997-11-15 19:24,1.458
1997-11-15 19:30,1.469
1997-11-15 19:36,1.479
1997-11-15 19:42,1.490
1997-11-15 19:48,1.500
1997-11-15 19:54,1.511
1997-11-15 20:00,1.521
1997-11-15 20:06,1.531
1997-11-15 20:12,1.541
1997-11-15 20:18,1.551
1997-11-15 20:24,1.561
1997-11-15 20:30,1.571
1997-11-15 20:36,1.580
1997-11-15 20:42,1.589
1997-11-15 20:48,1.598
1997-11-15 20:54,1.607
1997-11-15 21:00,1.615
1997-11-15 21:06,1.623
1997-11-15 21:12,1.631
1997-11-15 21:18,1.639
1997-11-15 21:24,1.646
1997-11-15 21:30,1.653
1997-11-15 21:36,1.660
1997-11-15 21:42,1.666
1997-11-15 21:48,1.672
1997-11-15 21:54,1.677
1997-11-15 22:00,1.683
1997-11-15 22:06,1.688
1997-11-15 22:12,1.692
1997-11-15 22:18,1.697
1997-11-15 22:24,1.700
1997-11-15 22:30,1.704
1997-11-15 22:36,1.708
1997-11-15 22:42,1.711
1997-11-15 22:48,1.713
1997-11-15 22:54,1.716
1997-11-15 23:00,1.718
1997-11-15 23:06,1.720
1997-11-15 23:12,1.722
1997-11-15 23:18,1.724
1997-11-15 23:24,1.725
1997-11-15 23:30,1.726
1997-11-15 23:36,1.727
1997-11-15 23:42,1.728
1997-11-15 23:48,1.729
1997-11-15 23:54,1.729
1997-11-16 00:00,1.729
1997-11-16 00:06,1.730
1997-11-16 00:12,1.730
1997-11-16 00:18,1.729
1997-11-16 00:24,1.729
1997-11-16 00:30,1.729
1997-11-16 00:36,1.728
1997-11-16 00:42,1.727
1997-11-16 00:48,1.727
1997-11-16 00:54,1.726
1997-11-16 01:00,1.725
1997-11-16 01:06,1.723
1997-11-16 01:12,1.722
1997-11-16 01:18,1.721
1997-11-16 01:24,1.719
1997-11-16 01:30,1.717
1997-11-16 01:36,1.716
1997-11-16 01:42,1.714
1997-11-16 01:48,1.712
1997-11-16 01:54,1.710
1997-11-16 02:00,1.707
1997-11-16 02:06,1.705
1997-11-16 02:12,1.703
1997-11-16 02:18,1.700
1997-11-16 02:24,1.698
1997-11-16 02:30,1.695
1997-11-16 02:36,1.693
1997-11-16 02:42,1.690
1997-11-16 02:48,1.687
1997-11-16 02:54,1.685
1997-11-16 03:00,1.682
1997-11-16 03:06,1.679
1997-11-16 03:12,1.677
1997-11-16 03:18,1.674
1997-11-16 03:24,1.671
1997-11-16 03:30,1.669
1997-11-16 03:36,1.666
1997-11-16 03:42,1.664
1997-11-16 03:48,1.661
1997-11-16 03:54,1.659
1997-11-16 04:00,1.656
1997-11-16 04:06,1.654
1997-11-16 04:12,1.652
1997-11-16 04:18,1.650
1997-11-16 04:24,1.647
1997-11-16 04:30,1.645
1997-11-16 04:36,1.643
1997-11-16 04:42,1.642
1997-11-16 04:48,1.640
1997-11-16 04:54,1.638
1997-11-16 05:00,1.636
1997-11-16 05:06,1.635
1997-11-16 05:12,1.633
1997-11-16 05:18,1.632
1997-11-16 05:24,1.630
1997-11-16 05:30,1.629
1997-11-16 05:36,1.627
1997-11-16 05:42,1.626
1997-11-16 05:48,1.625
1997-11-16 05:54,1.624
1997-11-16 06:00,1.623
1997-11-16 06:06,1.621
1997-11-16 06:12,1.620
1997-11-16 06:18,1.619
1997-11-16 06:24,1.619
1997-11-16 06:30,1.618
1997-11-16 06:36,1.617
1997-11-16 06:42,1.616
1997-11-16 06:48,1.615
1997-11-16 06:54,1.614
1997-11-16 07:00,1.613
1997-11-16 07:06,1.613
1997-11-16 07:12,1.612
1997-11-16 07:18,1.611
1997-11-16 07:24,1.610
1997-11-16 07:30,1.609
1997-11-16 07:36,1.609
1997-11-16 07:42,1.608
1997-11-16 07:48,1.607
1997-11-16 07:54,1.606
1997-11-16 08:00,1.605
1997-11-16 08:06,1.604
1997-11-16 08:12,1.602
1997-11-16 08:18,1.601
1997-11-16 08:24,1.599
1997-11-16 08:30,1.598
1997-11-16 08:36,1.596
1997-11-16 08:42,1.594
1997-11-16 08:48,1.592
1997-11-16 08:54,1.589
1997-11-16 09:00,1.586
1997-11-16 09:06,1.584
1997-11-16 09:12,1.581
1997-11-16 09:18,1.577
1997-11-16 09:24,1.574
1997-11-16 09:30,1.570
1997-11-16 09:36,1.566
1997-11-16 09:42,1.561
1997-11-16 09:48,1.557
1997-11-16 09:54,1.552
1997-11-16 10:00,1.546
1997-11-16 10:06,1.541
1997-11-16 10:12,1.535
1997-11-16 10:18,1.529
1997-11-16 10:24,1.523
1997-11-16 10:30,1.516
1997-11-16 10:36,1.510
1997-11-16 10:42,1.503
1997-11-16 10:48,1.495
1997-11-16 10:54,1.488
1997-11-16 11:00,1.480
1997-11-16 11:06,1.472
1997-11-16 11:12,1.464
1997-11-16 11:18,1.456
1997-11-16 11:24,1.448
1997-11-16 11:30,1.440
1997-11-16 11:36,1.431
1997-11-16 11:42,1.422
1997-11-16 11:48,1.414
1997-11-16 11:54,1.405
1997-11-16 12:00,1.396
1997-11-16 12:06,1.387
1997-11-16 12:12,1.379
1997-11-16 12:18,1.370
1997-11-16 12:24,1.361
1997-11-16 12:30,1.352
1997-11-16 12:36,1.344
1997-11-16 12:42,1.335
1997-11-16 12:48,1.326
1997-11-16 12:54,1.318
1997-11-16 13:00,1.310
1997-11-16 13:06,1.301
1997-11-16 13:12,1.293
1997-11-16 13:18,1.285
1997-11-16 13:24,1.277
1997-11-16 13:30,1.270
1997-11-16 13:36,1.262
1997-11-16 13:42,1.255
1997-11-16 13:48,1.248
1997-11-16 13:54,1.241
1997-11-16 14:00,1.235
1997-11-16 14:06,1.228
1997-11-16 14:12,1.222
1997-11-16 14:18,1.216
1997-11-16 14:24,1.210
1997-11-16 14:30,1.205
1997-11-16 14:36,1.200
1997-11-16 14:42,1.195
1997-11-16 14:48,1.191
1997-11-16 14:54,1.187
1997-11-16 15:00,1.183
1997-11-16 15:06,1.180
1997-11-16 15:12,1.177
1997-11-16 15:18,1.174
1997-11-16 15:24,1.171
1997-11-16 15:30,1.169
1997-11-16 15:36,1.168
1997-11-16 15:42,1.167
1997-11-16 15:48,1.166
1997-11-16 15:54,1.165
1997-11-16 16:00,1.165
1997-11-16 16:06,1.165
1997-11-16 16:12,1.166
1997-11-16 16:18,1.167
1997-11-16 16:24,1.169
1997-11-16 16:30,1.171
1997-11-16 16:36,1.173
1997-11-16 16:42,1.175
1997-11-16 16:48,1.178
1997-11-16 16:54,1.182
1997-11-16 17:00,1.186
1997-11-16 17:06,1.190
1997-11-16 17:12,1.194
1997-11-16 17:18,1.199
1997-11-16 17:24,1.204
1997-11-16 17:30,1.210
1997-11-16 17:36,1.216
1997-11-16 17:42,1.222
1997-11-16 17:48,1.229
1997-11-16 17:54,1.235
1997-11-16 18:00,1.243
1997-11-16 18:06,1.250
1997-11-16 18:12,1.258
1997-11-16 18:18,1.266
1997-11-16 18:24,1.274
1997-11-16 18:30,1.282
1997-11-16 18:36,1.291
1997-11-16 18:42,1.300
1997-11-16 18:48,1.309
1997-11-16 18:54,1.319
1997-11-16 19:00,1.328
1997-11-16 19:06,1.338
1997-11-16 19:12,1.348
1997-11-16 19:18,1.358
1997-11-16 19:24,1.368
1997-11-16 19:30,1.378
1997-11-16 19:36,1.388
1997-11-16 19:42,1.399
1997-11-16 19:48,1.409
1997-11-16 19:54,1.420
1997-11-16 20:00,1.430
1997-11-16 20:06,1.441
1997-11-16 20:12,1.451
1997-11-16 20:18,1.462
1997-11-16 20:24,1.472
1997-11-16 20:30,1.482
1997-11-16 20:36,1.493
1997-11-16 20:42,1.503
1997-11-16 20:48,1.513
1997-11-16 20:54,1.523
1997-11-16 21:00,1.532
1997-11-16 21:06,1.542
1997-11-16 21:12,1.551
1997-11-16 21:18,1.561
1997-11-16 21:24,1.570
1997-11-16 21:30,1.578
1997-11-16 21:36,1.587
1997-11-16 21:42,1.595
1997-11-16 21:48,1.603
1997-11-16 21:54,1.611
1997-11-16 22:00,1.619
1997-11-16 22:06,1.626
1997-11-16 22:12,1.633
1997-11-16 22:18,1.640
1997-11-16 22:24,1.646
1997-11-16 22:30,1.652
1997-11-16 22:36,1.658
1997-11-16 22:42,1.664
1997-11-16 22:48,1.669
1997-11-16 22:54,1.674
1997-11-16 23:00,1.679
1997-11-16 23:06,1.683
1997-11-16 23:12,1.688
1997-11-16 23:18,1.691
1997-11-16 23:24,1.695
1997-11-16 23:30,1.699
1997-11-16 23:36,1.702
1997-11-16 23:42,1.705
1997-11-16 23:48,1.707
1997-11-16 23:54,1.710
1997-11-17 00:00,1.712
1997-11-17 00:06,1.714
1997-11-17 00:12,1.716
1997-11-17 00:18,1.717
1997-11-17 00:24,1.719
1997-11-17 00:30,1.720
1997-11-17 00:36,1.721
1997-11-17 00:42,1.722
1997-11-17 00:48,1.722
1997-11-17 00:54,1.723
1997-11-17 01:00,1.723
1997-11-17 01:06,1.724
1997-11-17 01:12,1.724
1997-11-17 01:18,1.723
1997-11-17 01:24,1.723
1997-11-17 01:30,1.723
1997-11-17 01:36,1.722
1997-11-17 01:42,1.722
1997-11-17 01:48,1.721
1997-11-17 01:54,1.720
1997-11-17 02:00,1.719
1997-11-17 02:06,1.718
1997-11-17 02:12,1.717
1997-11-17 02:18,1.716
1997-11-17 02:24,1.714
1997-11-17 02:30,1.713
1997-11-17 02:36,1.711
1997-11-17 02:42,1.710
1997-11-17 02:48,1.708
1997-11-17 02:54,1.706
1997-11-17 03:00,1.705
1997-11-17 03:06,1.703
1997-11-17 03:12,1.701
1997-11-17 03:18,1.699
1997-11-17 03:24,1.697
1997-11-17 03:30,1.695
1997-11-17 03:36,1.692
1997-11-17 03:42,1.690
1997-11-17 03:48,1.688
1997-11-17 03:54,1.686
1997-11-17 04:00,1.683
1997-11-17 04:06,1.681
1997-11-17 04:12,1.678
1997-11-17 04:18,1.676
1997-11-17 04:24,1.674
1997-11-17 04:30,1.671
1997-11-17 04:36,1.669
1997-11-17 04:42,1.666
1997-11-17 04:48,1.664
1997-11-17 04:54,1.661
1997-11-17 05:00,1.659
1997-11-17 05:06,1.657
1997-11-17 05:12,1.654
1997-11-17 05:18,1.652
1997-11-17 05:24,1.650
1997-11-17 05:30,1.647
1997-11-17 05:36,1.645
1997-11-17 05:42,1.643
1997-11-17 05:48,1.641
1997-11-17 05:54,1.639
1997-11-17 06:00,1.637
1997-11-17 06:06,1.635
1997-11-17 06:12,1.634
1997-11-17 06:18,1.632
1997-11-17 06:24,1.630
1997-11-17 06:30,1.629
1997-11-17 06:36,1.627
1997-11-17 06:42,1.626
1997-11-17 06:48,1.624
1997-11-17 06:54,1.623
1997-11-17 07:00,1.622
1997-11-17 07:06,1.621
1997-11-17 07:12,1.619
1997-11-17 07:18,1.618
1997-11-17 07:24,1.617
1997-11-17 07:30,1.616
1997-11-17 07:36,1.615
1997-11-17 07:42,1.614
1997-11-17 07:48,1.613
1997-11-17 07:54,1.612
1997-11-17 08:00,1.611
1997-11-17 08:06,1.610
1997-11-17 08:12,1.609
1997-11-17 08:18,1.608
1997-11-17 08:24,1.607
1997-11-17 08:30,1.605
1997-11-17 08:36,1.604
1997-11-17 08:42,1.603
1997-11-17 08:48,1.601
1997-11-17 08:54,1.599
1997-11-17 09:00,1.597
1997-11-17 09:06,1.596
1997-11-17 09:12,1.593
1997-11-17 09:18,1.591
1997-11-17 09:24,1.589
1997-11-17 09:30,1.586
1997-11-17 09:36,1.583
1997-11-17 09:42,1.581
1997-11-17 09:48,1.577
1997-11-17 09:54,1.574
1997-11-17 10:00,1.571
1997-11-17 10:06,1.567
1997-11-17 10:12,1.563
1997-11-17 10:18,1.559
1997-11-17 10:24,1.554
1997-11-17 10:30,1.550
1997-11-17 10:36,1.545
1997-11-17 10:42,1.540
1997-11-17 10:48,1.535
1997-11-17 10:54,1.529
1997-11-17 11:00,1.524
1997-11-17 11:06,1.518
1997-11-17 11:12,1.512
1997-11-17 11:18,1.506
1997-11-17 11:24,1.499
1997-11-17 11:30,1.492
1997-11-17 11:36,1.485
1997-11-17 11:42,1.478
1997-11-17 11:48,1.471
1997-11-17 11:54,1.464
1997-11-17 12:00,1.456
1997-11-17 12:06,1.449
1997-11-17 12:12,1.441
1997-11-17 12:18,1.433
1997-11-17 12:24,1.425
1997-11-17 12:30,1.417
1997-11-17 12:36,1.408
1997-11-17 12:42,1.400
1997-11-17 12:48,1.392
1997-11-17 12:54,1.383
1997-11-17 13:00,1.375
1997-11-17 13:06,1.367
1997-11-17 13:12,1.358
1997-11-17 13:18,1.350
1997-11-17 13:24,1.342
1997-11-17 13:30,1.333
1997-11-17 13:36,1.325
1997-11-17 13:42,1.317
1997-11-17 13:48,1.309
1997-11-17 13:54,1.302
1997-11-17 14:00,1.294
1997-11-17 14:06,1.286
1997-11-17 14:12,1.279
1997-11-17 14:18,1.272
1997-11-17 14:24,1.265
1997-11-17 14:30,1.258
1997-11-17 14:36,1.252
1997-11-17 14:42,1.246
1997-11-17 14:48,1.240
1997-11-17 14:54,1.234
1997-11-17 15:00,1.228
1997-11-17 15:06,1.223
1997-11-17 15:12,1.218
1997-11-17 15:18,1.213
1997-11-17 15:24,1.209
1997-11-17 15:30,1.205
1997-11-17 15:36,1.201
1997-11-17 15:42,1.197
1997-11-17 15:48,1.194
1997-11-17 15:54,1.191
1997-11-17 16:00,1.188
1997-11-17 16:06,1.186
1997-11-17 16:12,1.184
1997-11-17 16:18,1.182
1997-11-17 16:24,1.181
1997-11-17 16:30,1.180
1997-11-17 16:36,1.179
1997-11-17 16:42,1.178
1997-11-17 16:48,1.178
1997-11-17 16:54,1.179
1997-11-17 17:00,1.179
1997-11-17 17:06,1.180
1997-11-17 17:12,1.181
1997-11-17 17:18,1.183
1997-11-17 17:24,1.185
1997-11-17 17:30,1.188
1997-11-17 17:36,1.190
1997-11-17 17:42,1.193
1997-11-17 17:48,1.197
1997-11-17 17:54,1.201
1997-11-17 18:00,1.205
1997-11-17 18:06,1.209
1997-11-17 18:12,1.214
1997-11-17 18:18,1.219
1997-11-17 18:24,1.225
1997-11-17 18:30,1.231
1997-11-17 18:36,1.237
1997-11-17 18:42,1.244
1997-11-17 18:48,1.251
1997-11-17 18:54,1.258
1997-11-17 19:00,1.265
1997-11-17 19:06,1.273
1997-11-17 19:12,1.281
1997-11-17 19:18,1.289
1997-11-17 19:24,1.298
1997-11-17 19:30,1.306
1997-11-17 19:36,1.315
1997-11-17 19:42,1.324
1997-11-17 19:48,1.333
1997-11-17 19:54,1.342
1997-11-17 20:00,1.352
1997-11-17 20:06,1.361
1997-11-17 20:12,1.371
1997-11-17 20:18,1.381
1997-11-17 20:24,1.390
1997-11-17 20:30,1.400
1997-11-17 20:36,1.410
1997-11-17 20:42,1.419
1997-11-17 20:48,1.429
1997-11-17 20:54,1.439
1997-11-17 21:00,1.448
1997-11-17 21:06,1.458
1997-11-17 21:12,1.467
1997-11-17 21:18,1.477
1997-11-17 21:24,1.486
1997-11-17 21:30,1.495
1997-11-17 21:36,1.504
1997-11-17 21:42,1.513
1997-11-17 21:48,1.522
1997-11-17 21:54,1.531
1997-11-17 22:00,1.539
1997-11-17 22:06,1.548
1997-11-17 22:12,1.556
1997-11-17 22:18,1.564
1997-11-17 22:24,1.572
1997-11-17 22:30,1.580
1997-11-17 22:36,1.587
1997-11-17 22:42,1.594
1997-11-17 22:48,1.601
1997-11-17 22:54,1.608
1997-11-17 23:00,1.615
1997-11-17 23:06,1.621
1997-11-17 23:12,1.627
1997-11-17 23:18,1.633
1997-11-17 23:24,1.639
1997-11-17 23:30,1.645
1997-11-17 23:36,1.650
1997-11-17 23:42,1.655
1997-11-17 23:48,1.659
1997-11-17 23:54,1.664
1997-11-18 00:00,1.668
1997-11-18 00:06,1.672
1997-11-18 00:12,1.676
1997-11-18 00:18,1.679
1997-11-18 00:24,1.683
1997-11-18 00:30,1.686
1997-11-18 00:36,1.688
1997-11-18 00:42,1.691
1997-11-18 00:48,1.693
1997-11-18 00:54,1.695
1997-11-18 01:00,1.697
1997-11-18 01:06,1.699
1997-11-18 01:12,1.700
1997-11-18 01:18,1.702
1997-11-18 01:24,1.703
1997-11-18 01:30,1.704
1997-11-18 01:36,1.705
1997-11-18 01:42,1.705
1997-11-18 01:48,1.706
1997-11-18 01:54,1.706
1997-11-18 02:00,1.707
1997-11-18 02:06,1.707
1997-11-18 02:12,1.707
1997-11-18 02:18,1.707
1997-11-18 02:24,1.707
1997-11-18 02:30,1.706
1997-11-18 02:36,1.706
1997-11-18 02:42,1.706
1997-11-18 02:48,1.705
1997-11-18 02:54,1.705
1997-11-18 03:00,1.704
1997-11-18 03:06,1.703
1997-11-18 03:12,1.702
1997-11-18 03:18,1.701
1997-11-18 03:24,1.700
1997-11-18 03:30,1.699
1997-11-18 03:36,1.698
1997-11-18 03:42,1.697
1997-11-18 03:48,1.696
1997-11-18 03:54,1.694
1997-11-18 04:00,1.693
1997-11-18 04:06,1.691
1997-11-18 04:12,1.689
1997-11-18 04:18,1.687
1997-11-18 04:24,1.685
1997-11-18 04:30,1.683
1997-11-18 04:36,1.681
1997-11-18 04:42,1.679
1997-11-18 04:48,1.677
1997-11-18 04:54,1.675
1997-11-18 05:00,1.672
1997-11-18 05:06,1.670
1997-11-18 05:12,1.667
1997-11-18 05:18,1.665
1997-11-18 05:24,1.662
1997-11-18 05:30,1.660
1997-11-18 05:36,1.657
1997-11-18 05:42,1.654
1997-11-18 05:48,1.652
1997-11-18 05:54,1.649
1997-11-18 06:00,1.647
1997-11-18 06:06,1.644
1997-11-18 06:12,1.642
1997-11-18 06:18,1.640
1997-11-18 06:24,1.637
1997-11-18 06:30,1.635
1997-11-18 06:36,1.633
1997-11-18 06:42,1.631
1997-11-18 06:48,1.629
1997-11-18 06:54,1.627
1997-11-18 07:00,1.626
1997-11-18 07:06,1.624
1997-11-18 07:12,1.622
1997-11-18 07:18,1.621
1997-11-18 07:24,1.619
1997-11-18 07:30,1.618
1997-11-18 07:36,1.617
1997-11-18 07:42,1.615
1997-11-18 07:48,1.614
1997-11-18 07:54,1.613
1997-11-18 08:00,1.612
1997-11-18 08:06,1.610
1997-11-18 08:12,1.609
1997-11-18 08:18,1.608
1997-11-18 08:24,1.607
1997-11-18 08:30,1.606
1997-11-18 08:36,1.604
1997-11-18 08:42,1.603
1997-11-18 08:48,1.602
1997-11-18 08:54,1.600
1997-11-18 09:00,1.599
1997-11-18 09:06,1.597
1997-11-18 09:12,1.595
1997-11-18 09:18,1.594
1997-11-18 09:24,1.592
1997-11-18 09:30,1.590
1997-11-18 09:36,1.588
1997-11-18 09:42,1.586
1997-11-18 09:48,1.584
1997-11-18 09:54,1.581
1997-11-18 10:00,1.579
1997-11-18 10:06,1.576
1997-11-18 10:12,1.574
1997-11-18 10:18,1.571
1997-11-18 10:24,1.568
1997-11-18 10:30,1.565
1997-11-18 10:36,1.562
1997-11-18 10:42,1.558
1997-11-18 10:48,1.555
1997-11-18 10:54,1.551
1997-11-18 11:00,1.548
1997-11-18 11:06,1.544
1997-11-18 11:12,1.540
1997-11-18 11:18,1.536
1997-11-18 11:24,1.531
1997-11-18 11:30,1.527
1997-11-18 11:36,1.522
1997-11-18 11:42,1.517
1997-11-18 11:48,1.512
1997-11-18 11:54,1.507
1997-11-18 12:00,1.502
1997-11-18 12:06,1.496
1997-11-18 12:12,1.490
1997-11-18 12:18,1.484
1997-11-18 12:24,1.478
1997-11-18 12:30,1.472
1997-11-18 12:36,1.466
1997-11-18 12:42,1.459
1997-11-18 12:48,1.452
1997-11-18 12:54,1.445
1997-11-18 13:00,1.438
1997-11-18 13:06,1.431
1997-11-18 13:12,1.424
1997-11-18 13:18,1.416
1997-11-18 13:24,1.409
1997-11-18 13:30,1.402
1997-11-18 13:36,1.394
1997-11-18 13:42,1.386
1997-11-18 13:48,1.379
1997-11-18 13:54,1.371
1997-11-18 14:00,1.364
1997-11-18 14:06,1.356
1997-11-18 14:12,1.349
1997-11-18 14:18,1.342
1997-11-18 14:24,1.334
1997-11-18 14:30,1.327
1997-11-18 14:36,1.320
1997-11-18 14:42,1.313
1997-11-18 14:48,1.307
1997-11-18 14:54,1.300
1997-11-18 15:00,1.294
1997-11-18 15:06,1.288
1997-11-18 15:12,1.282
1997-11-18 15:18,1.276
1997-11-18 15:24,1.270
1997-11-18 15:30,1.265
1997-11-18 15:36,1.260
1997-11-18 15:42,1.255
1997-11-18 15:48,1.250
1997-11-18 15:54,1.246
1997-11-18 16:00,1.241
1997-11-18 16:06,1.237
1997-11-18 16:12,1.233
1997-11-18 16:18,1.230
1997-11-18 16:24,1.226
1997-11-18 16:30,1.223
1997-11-18 16:36,1.220
1997-11-18 16:42,1.218
1997-11-18 16:48,1.215
1997-11-18 16:54,1.213
1997-11-18 17:00,1.211
1997-11-18 17:06,1.209
1997-11-18 17:12,1.208
1997-11-18 17:18,1.207
1997-11-18 17:24,1.206
1997-11-18 17:30,1.206
1997-11-18 17:36,1.205
1997-11-18 17:42,1.205
1997-11-18 17:48,1.206
1997-11-18 17:54,1.207
1997-11-18 18:00,1.208
1997-11-18 18:06,1.209
1997-11-18 18:12,1.211
1997-11-18 18:18,1.213
1997-11-18 18:24,1.215
1997-11-18 18:30,1.218
1997-11-18 18:36,1.221
1997-11-18 18:42,1.225
1997-11-18 18:48,1.229
1997-11-18 18:54,1.233
1997-11-18 19:00,1.238
1997-11-18 19:06,1.243
1997-11-18 19:12,1.248
1997-11-18 19:18,1.254
1997-11-18 19:24,1.259
1997-11-18 19:30,1.266
1997-11-18 19:36,1.272
1997-11-18 19:42,1.279
1997-11-18 19:48,1.286
1997-11-18 19:54,1.293
1997-11-18 20:00,1.300
1997-11-18 20:06,1.308
1997-11-18 20:12,1.316
1997-11-18 20:18,1.323
1997-11-18 20:24,1.331
1997-11-18 20:30,1.340
1997-11-18 20:36,1.348
1997-11-18 20:42,1.356
1997-11-18 20:48,1.364
1997-11-18 20:54,1.373
1997-11-18 21:00,1.381
1997-11-18 21:06,1.390
1997-11-18 21:12,1.398
1997-11-18 21:18,1.407
1997-11-18 21:24,1.415
1997-11-18 21:30,1.423
1997-11-18 21:36,1.432
1997-11-18 21:42,1.440
1997-11-18 21:48,1.448
1997-11-18 21:54,1.457
1997-11-18 22:00,1.465
1997-11-18 22:06,1.473
1997-11-18 22:12,1.481
1997-11-18 22:18,1.489
1997-11-18 22:24,1.497
1997-11-18 22:30,1.505
1997-11-18 22:36,1.513
1997-11-18 22:42,1.520
1997-11-18 22:48,1.528
1997-11-18 22:54,1.535
1997-11-18 23:00,1.542
1997-11-18 23:06,1.550
1997-11-18 23:12,1.557
1997-11-18 23:18,1.564
1997-11-18 23:24,1.571
1997-11-18 23:30,1.577
1997-11-18 23:36,1.584
1997-11-18 23:42,1.590
1997-11-18 23:48,1.596
1997-11-18 23:54,1.602
1997-11-19 00:00,1.608
1997-11-19 00:06,1.613
1997-11-19 00:12,1.619
1997-11-19 00:18,1.624
1997-11-19 00:24,1.629
1997-11-19 00:30,1.633
1997-11-19 00:36,1.638
1997-11-19 00:42,1.642
1997-11-19 00:48,1.646
1997-11-19 00:54,1.650
1997-11-19 01:00,1.653
1997-11-19 01:06,1.656
1997-11-19 01:12,1.659
1997-11-19 01:18,1.662
1997-11-19 01:24,1.665
1997-11-19 01:30,1.667
1997-11-19 01:36,1.669
1997-11-19 01:42,1.671
1997-11-19 01:48,1.673
1997-11-19 01:54,1.675
1997-11-19 02:00,1.676
1997-11-19 02:06,1.677
1997-11-19 02:12,1.679
1997-11-19 02:18,1.680
1997-11-19 02:24,1.681
1997-11-19 02:30,1.681
1997-11-19 02:36,1.682
1997-11-19 02:42,1.683
1997-11-19 02:48,1.683
1997-11-19 02:54,1.684
1997-11-19 03:00,1.684
1997-11-19 03:06,1.684
1997-11-19 03:12,1.685
1997-11-19 03:18,1.685
1997-11-19 03:24,1.685
1997-11-19 03:30,1.685
1997-11-19 03:36,1.685
1997-11-19 03:42,1.684
1997-11-19 03:48,1.684
1997-11-19 03:54,1.684
1997-11-19 04:00,1.683
1997-11-19 04:06,1.682
1997-11-19 04:12,1.682
1997-11-19 04:18,1.681
1997-11-19 04:24,1.680
1997-11-19 04:30,1.679
1997-11-19 04:36,1.677
1997-11-19 04:42,1.676
1997-11-19 04:48,1.675
1997-11-19 04:54,1.673
1997-11-19 05:00,1.671
1997-11-19 05:06,1.669
1997-11-19 05:12,1.667
1997-11-19 05:18,1.665
1997-11-19 05:24,1.663
1997-11-19 05:30,1.661
1997-11-19 05:36,1.659
1997-11-19 05:42,1.656
1997-11-19 05:48,1.654
1997-11-19 05:54,1.651
1997-11-19 06:00,1.649
1997-11-19 06:06,1.646
1997-11-19 06:12,1.643
1997-11-19 06:18,1.641
1997-11-19 06:24,1.638
1997-11-19 06:30,1.636
1997-11-19 06:36,1.633
1997-11-19 06:42,1.631
1997-11-19 06:48,1.628
1997-11-19 06:54,1.626
1997-11-19 07:00,1.624
1997-11-19 07:06,1.622
1997-11-19 07:12,1.620
1997-11-19 07:18,1.618
1997-11-19 07:24,1.616
1997-11-19 07:30,1.614
1997-11-19 07:36,1.612
1997-11-19 07:42,1.610
1997-11-19 07:48,1.609
1997-11-19 07:54,1.607
1997-11-19 08:00,1.606
1997-11-19 08:06,1.604
1997-11-19 08:12,1.603
1997-11-19 08:18,1.601
1997-11-19 08:24,1.600
1997-11-19 08:30,1.599
1997-11-19 08:36,1.597
1997-11-19 08:42,1.596
1997-11-19 08:48,1.594
1997-11-19 08:54,1.593
1997-11-19 09:00,1.591
1997-11-19 09:06,1.590
1997-11-19 09:12,1.588
1997-11-19 09:18,1.587
1997-11-19 09:24,1.585
1997-11-19 09:30,1.583
1997-11-19 09:36,1.582
1997-11-19 09:42,1.580
1997-11-19 09:48,1.578
1997-11-19 09:54,1.576
1997-11-19 10:00,1.574
1997-11-19 10:06,1.572
1997-11-19 10:12,1.570
1997-11-19 10:18,1.568
1997-11-19 10:24,1.566
1997-11-19 10:30,1.564
1997-11-19 10:36,1.562
1997-11-19 10:42,1.559
1997-11-19 10:48,1.557
1997-11-19 10:54,1.555
1997-11-19 11:00,1.552
1997-11-19 11:06,1.550
1997-11-19 11:12,1.547
1997-11-19 11:18,1.544
1997-11-19 11:24,1.542
1997-11-19 11:30,1.539
1997-11-19 11:36,1.536
1997-11-19 11:42,1.533
1997-11-19 11:48,1.530
1997-11-19 11:54,1.527
1997-11-19 12:00,1.524
1997-11-19 12:06,1.520
1997-11-19 12:12,1.517
1997-11-19 12:18,1.513
1997-11-19 12:24,1.509
1997-11-19 12:30,1.505
1997-11-19 12:36,1.501
1997-11-19 12:42,1.497
1997-11-19 12:48,1.492
1997-11-19 12:54,1.488
1997-11-19 13:00,1.483
1997-11-19 13:06,1.478
1997-11-19 13:12,1.473
1997-11-19 13:18,1.467
1997-11-19 13:24,1.462
1997-11-19 13:30,1.456
1997-11-19 13:36,1.451
1997-11-19 13:42,1.445
1997-11-19 13:48,1.439
1997-11-19 13:54,1.433
1997-11-19 14:00,1.427
1997-11-19 14:06,1.420
1997-11-19 14:12,1.414
1997-11-19 14:18,1.408
1997-11-19 14:24,1.401
1997-11-19 14:30,1.395
1997-11-19 14:36,1.389
1997-11-19 14:42,1.383
1997-11-19 14:48,1.376
1997-11-19 14:54,1.370
1997-11-19 15:00,1.364
1997-11-19 15:06,1.358
1997-11-19 15:12,1.352
1997-11-19 15:18,1.346
1997-11-19 15:24,1.341
1997-11-19 15:30,1.335
1997-11-19 15:36,1.330
1997-11-19 15:42,1.324
1997-11-19 15:48,1.319
1997-11-19 15:54,1.314
1997-11-19 16:00,1.309
1997-11-19 16:06,1.304
1997-11-19 16:12,1.300
1997-11-19 16:18,1.295
1997-11-19 16:24,1.291
1997-11-19 16:30,1.287
1997-11-19 16:36,1.282
1997-11-19 16:42,1.279
1997-11-19 16:48,1.275
1997-11-19 16:54,1.271
1997-11-19 17:00,1.268
1997-11-19 17:06,1.265
1997-11-19 17:12,1.262
1997-11-19 17:18,1.259
1997-11-19 17:24,1.256
1997-11-19 17:30,1.254
1997-11-19 17:36,1.251
1997-11-19 17:42,1.249
1997-11-19 17:48,1.247
1997-11-19 17:54,1.246
1997-11-19 18:00,1.244
1997-11-19 18:06,1.243
1997-11-19 18:12,1.243
1997-11-19 18:18,1.242
1997-11-19 18:24,1.242
1997-11-19 18:30,1.242
1997-11-19 18:36,1.242
1997-11-19 18:42,1.243
1997-11-19 18:48,1.244
1997-11-19 18:54,1.245
1997-11-19 19:00,1.247
1997-11-19 19:06,1.249
1997-11-19 19:12,1.251
1997-11-19 19:18,1.254
1997-11-19 19:24,1.257
1997-11-19 19:30,1.260
1997-11-19 19:36,1.264
1997-11-19 19:42,1.268
1997-11-19 19:48,1.272
1997-11-19 19:54,1.277
1997-11-19 20:00,1.281
1997-11-19 20:06,1.286
1997-11-19 20:12,1.292
1997-11-19 20:18,1.297
1997-11-19 20:24,1.303
1997-11-19 20:30,1.309
1997-11-19 20:36,1.315
1997-11-19 20:42,1.321
1997-11-19 20:48,1.327
1997-11-19 20:54,1.334
1997-11-19 21:00,1.340
1997-11-19 21:06,1.347
1997-11-19 21:12,1.354
1997-11-19 21:18,1.361
1997-11-19 21:24,1.367
1997-11-19 21:30,1.374
1997-11-19 21:36,1.381
1997-11-19 21:42,1.388
1997-11-19 21:48,1.395
1997-11-19 21:54,1.402
1997-11-19 22:00,1.409
1997-11-19 22:06,1.416
1997-11-19 22:12,1.423
1997-11-19 22:18,1.430
1997-11-19 22:24,1.437
1997-11-19 22:30,1.444
1997-11-19 22:36,1.451
1997-11-19 22:42,1.458
1997-11-19 22:48,1.465
1997-11-19 22:54,1.472
1997-11-19 23:00,1.478
1997-11-19 23:06,1.485
1997-11-19 23:12,1.492
1997-11-19 23:18,1.499
1997-11-19 23:24,1.505
1997-11-19 23:30,1.512
1997-11-19 23:36,1.519
1997-11-19 23:42,1.525
1997-11-19 23:48,1.532
1997-11-19 23:54,1.538
1997-11-20 00:00,1.544
1997-11-20 00:06,1.550
1997-11-20 00:12,1.556
1997-11-20 00:18,1.562
1997-11-20 00:24,1.568
1997-11-20 00:30,1.574
1997-11-20 00:36,1.579
1997-11-20 00:42,1.584
1997-11-20 00:48,1.589
1997-11-20 00:54,1.594
1997-11-20 01:00,1.599
1997-11-20 01:06,1.603
1997-11-20 01:12,1.608
1997-11-20 01:18,1.612
1997-11-20 01:24,1.616
1997-11-20 01:30,1.619
1997-11-20 01:36,1.623
1997-11-20 01:42,1.626
1997-11-20 01:48,1.629
1997-11-20 01:54,1.632
1997-11-20 02:00,1.634
1997-11-20 02:06,1.637
1997-11-20 02:12,1.639
1997-11-20 02:18,1.641
1997-11-20 02:24,1.643
1997-11-20 02:30,1.645
1997-11-20 02:36,1.647
1997-11-20 02:42,1.649
1997-11-20 02:48,1.650
1997-11-20 02:54,1.651
1997-11-20 03:00,1.653
1997-11-20 03:06,1.654
1997-11-20 03:12,1.655
1997-11-20 03:18,1.656
1997-11-20 03:24,1.656
1997-11-20 03:30,1.657
1997-11-20 03:36,1.658
1997-11-20 03:42,1.658
1997-11-20 03:48,1.659
1997-11-20 03:54,1.659
1997-11-20 04:00,1.659
1997-11-20 04:06,1.660
1997-11-20 04:12,1.660
1997-11-20 04:18,1.660
1997-11-20 04:24,1.659
1997-11-20 04:30,1.659
1997-11-20 04:36,1.659
1997-11-20 04:42,1.658
1997-11-20 04:48,1.657
1997-11-20 04:54,1.657
1997-11-20 05:00,1.656
1997-11-20 05:06,1.655
1997-11-20 05:12,1.653
1997-11-20 05:18,1.652
1997-11-20 05:24,1.651
1997-11-20 05:30,1.649
1997-11-20 05:36,1.647
1997-11-20 05:42,1.646
1997-11-20 05:48,1.644
1997-11-20 05:54,1.642
1997-11-20 06:00,1.639
1997-11-20 06:06,1.637
1997-11-20 06:12,1.635
1997-11-20 06:18,1.633
1997-11-20 06:24,1.630
1997-11-20 06:30,1.628
1997-11-20 06:36,1.625
1997-11-20 06:42,1.623
1997-11-20 06:48,1.621
1997-11-20 06:54,1.618
1997-11-20 07:00,1.616
1997-11-20 07:06,1.613
1997-11-20 07:12,1.611
1997-11-20 07:18,1.609
1997-11-20 07:24,1.606
1997-11-20 07:30,1.604
1997-11-20 07:36,1.602
1997-11-20 07:42,1.600
1997-11-20 07:48,1.598
1997-11-20 07:54,1.596
1997-11-20 08:00,1.594
1997-11-20 08:06,1.592
1997-11-20 08:12,1.590
1997-11-20 08:18,1.589
1997-11-20 08:24,1.587
1997-11-20 08:30,1.585
1997-11-20 08:36,1.584
1997-11-20 08:42,1.582
1997-11-20 08:48,1.580
1997-11-20 08:54,1.579
1997-11-20 09:00,1.577
1997-11-20 09:06,1.575
1997-11-20 09:12,1.574
1997-11-20 09:18,1.572
1997-11-20 09:24,1.570
1997-11-20 09:30,1.569
1997-11-20 09:36,1.567
1997-11-20 09:42,1.565
1997-11-20 09:48,1.564
1997-11-20 09:54,1.562
1997-11-20 10:00,1.560
1997-11-20 10:06,1.558
1997-11-20 10:12,1.557
1997-11-20 10:18,1.555
1997-11-20 10:24,1.553
1997-11-20 10:30,1.551
1997-11-20 10:36,1.549
1997-11-20 10:42,1.547
1997-11-20 10:48,1.546
1997-11-20 10:54,1.544
1997-11-20 11:00,1.542
1997-11-20 11:06,1.540
1997-11-20 11:12,1.538
1997-11-20 11:18,1.536
1997-11-20 11:24,1.535
1997-11-20 11:30,1.533
1997-11-20 11:36,1.531
1997-11-20 11:42,1.529
1997-11-20 11:48,1.527
1997-11-20 11:54,1.526
1997-11-20 12:00,1.524
1997-11-20 12:06,1.522
1997-11-20 12:12,1.520
1997-11-20 12:18,1.518
1997-11-20 12:24,1.516
1997-11-20 12:30,1.514
1997-11-20 12:36,1.511
1997-11-20 12:42,1.509
1997-11-20 12:48,1.507
1997-11-20 12:54,1.504
1997-11-20 13:00,1.502
1997-11-20 13:06,1.499
1997-11-20 13:12,1.496
1997-11-20 13:18,1.493
1997-11-20 13:24,1.490
1997-11-20 13:30,1.487
1997-11-20 13:36,1.483
1997-11-20 13:42,1.480
1997-11-20 13:48,1.476
1997-11-20 13:54,1.472
1997-11-20 14:00,1.468
1997-11-20 14:06,1.464
1997-11-20 14:12,1.460
1997-11-20 14:18,1.456
1997-11-20 14:24,1.452
1997-11-20 14:30,1.447
1997-11-20 14:36,1.443
1997-11-20 14:42,1.438
1997-11-20 14:48,1.434
1997-11-20 14:54,1.429
1997-11-20 15:00,1.424
1997-11-20 15:06,1.420
1997-11-20 15:12,1.415
1997-11-20 15:18,1.410
1997-11-20 15:24,1.405
1997-11-20 15:30,1.401
1997-11-20 15:36,1.396
1997-11-20 15:42,1.391
1997-11-20 15:48,1.386
1997-11-20 15:54,1.382
1997-11-20 16:00,1.377
1997-11-20 16:06,1.373
1997-11-20 16:12,1.368
1997-11-20 16:18,1.364
1997-11-20 16:24,1.359
1997-11-20 16:30,1.355
1997-11-20 16:36,1.351
1997-11-20 16:42,1.347
1997-11-20 16:48,1.343
1997-11-20 16:54,1.339
1997-11-20 17:00,1.335
1997-11-20 17:06,1.331
1997-11-20 17:12,1.327
1997-11-20 17:18,1.324
1997-11-20 17:24,1.320
1997-11-20 17:30,1.317
1997-11-20 17:36,1.314
1997-11-20 17:42,1.311
1997-11-20 17:48,1.308
1997-11-20 17:54,1.305
1997-11-20 18:00,1.302
1997-11-20 18:06,1.299
1997-11-20 18:12,1.297
1997-11-20 18:18,1.295
1997-11-20 18:24,1.293
1997-11-20 18:30,1.291
1997-11-20 18:36,1.290
1997-11-20 18:42,1.288
1997-11-20 18:48,1.287
1997-11-20 18:54,1.287
1997-11-20 19:00,1.286
1997-11-20 19:06,1.286
1997-11-20 19:12,1.286
1997-11-20 19:18,1.286
1997-11-20 19:24,1.286
1997-11-20 19:30,1.287
1997-11-20 19:36,1.288
1997-11-20 19:42,1.290
1997-11-20 19:48,1.291
1997-11-20 19:54,1.293
1997-11-20 20:00,1.295
1997-11-20 20:06,1.297
1997-11-20 20:12,1.300
1997-11-20 20:18,1.303
1997-11-20 20:24,1.306
1997-11-20 20:30,1.309
1997-11-20 20:36,1.313
1997-11-20 20:42,1.317
1997-11-20 20:48,1.321
1997-11-20 20:54,1.325
1997-11-20 21:00,1.329
1997-11-20 21:06,1.333
1997-11-20 21:12,1.338
1997-11-20 21:18,1.343
1997-11-20 21:24,1.348
1997-11-20 21:30,1.352
1997-11-20 21:36,1.357
1997-11-20 21:42,1.363
1997-11-20 21:48,1.368
1997-11-20 21:54,1.373
1997-11-20 22:00,1.378
1997-11-20 22:06,1.384
1997-11-20 22:12,1.389
1997-11-20 22:18,1.395
1997-11-20 22:24,1.400
1997-11-20 22:30,1.406
1997-11-20 22:36,1.411
1997-11-20 22:42,1.417
1997-11-20 22:48,1.422
1997-11-20 22:54,1.428
1997-11-20 23:00,1.434
1997-11-20 23:06,1.440
1997-11-20 23:12,1.445
1997-11-20 23:18,1.451
1997-11-20 23:24,1.457
1997-11-20 23:30,1.462
1997-11-20 23:36,1.468
1997-11-20 23:42,1.474
1997-11-20 23:48,1.480
1997-11-20 23:54,1.485
1997-11-21 00:00,1.491
1997-11-21 00:06,1.497
1997-11-21 00:12,1.502
1997-11-21 00:18,1.508
1997-11-21 00:24,1.514
1997-11-21 00:30,1.519
1997-11-21 00:36,1.524
1997-11-21 00:42,1.530
1997-11-21 00:48,1.535
1997-11-21 00:54,1.540
1997-11-21 01:00,1.545
1997-11-21 01:06,1.550
1997-11-21 01:12,1.555
1997-11-21 01:18,1.559
1997-11-21 01:24,1.564
1997-11-21 01:30,1.568
1997-11-21 01:36,1.573
1997-11-21 01:42,1.577
1997-11-21 01:48,1.581
1997-11-21 01:54,1.584
1997-11-21 02:00,1.588
1997-11-21 02:06,1.591
1997-11-21 02:12,1.595
1997-11-21 02:18,1.598
1997-11-21 02:24,1.601
1997-11-21 02:30,1.604
1997-11-21 02:36,1.606
1997-11-21 02:42,1.609
1997-11-21 02:48,1.611
1997-11-21 02:54,1.614
1997-11-21 03:00,1.616
1997-11-21 03:06,1.618
1997-11-21 03:12,1.619
1997-11-21 03:18,1.621
1997-11-21 03:24,1.623
1997-11-21 03:30,1.624
1997-11-21 03:36,1.625
1997-11-21 03:42,1.626
1997-11-21 03:48,1.627
1997-11-21 03:54,1.628
1997-11-21 04:00,1.629
1997-11-21 04:06,1.630
1997-11-21 04:12,1.630
1997-11-21 04:18,1.631
1997-11-21 04:24,1.631
1997-11-21 04:30,1.631
1997-11-21 04:36,1.631
1997-11-21 04:42,1.631
1997-11-21 04:48,1.631
1997-11-21 04:54,1.631
1997-11-21 05:00,1.631
1997-11-21 05:06,1.630
1997-11-21 05:12,1.629
1997-11-21 05:18,1.629
1997-11-21 05:24,1.628
1997-11-21 05:30,1.627
1997-11-21 05:36,1.626
1997-11-21 05:42,1.624
1997-11-21 05:48,1.623
1997-11-21 05:54,1.621
1997-11-21 06:00,1.620
1997-11-21 06:06,1.618
1997-11-21 06:12,1.616
1997-11-21 06:18,1.615
1997-11-21 06:24,1.613
1997-11-21 06:30,1.611
1997-11-21 06:36,1.609
1997-11-21 06:42,1.606
1997-11-21 06:48,1.604
1997-11-21 06:54,1.602
1997-11-21 07:00,1.600
1997-11-21 07:06,1.598
1997-11-21 07:12,1.595
1997-11-21 07:18,1.593
1997-11-21 07:24,1.591
1997-11-21 07:30,1.588
1997-11-21 07:36,1.586
1997-11-21 07:42,1.584
1997-11-21 07:48,1.582
1997-11-21 07:54,1.579
1997-11-21 08:00,1.577
1997-11-21 08:06,1.575
1997-11-21 08:12,1.573
1997-11-21 08:18,1.571
1997-11-21 08:24,1.569
1997-11-21 08:30,1.566
1997-11-21 08:36,1.564
1997-11-21 08:42,1.562
1997-11-21 08:48,1.560
1997-11-21 08:54,1.558
1997-11-21 09:00,1.556
1997-11-21 09:06,1.555
1997-11-21 09:12,1.553
1997-11-21 09:18,1.551
1997-11-21 09:24,1.549
1997-11-21 09:30,1.547
1997-11-21 09:36,1.545
1997-11-21 09:42,1.543
1997-11-21 09:48,1.542
1997-11-21 09:54,1.540
1997-11-21 10:00,1.538
1997-11-21 10:06,1.536
1997-11-21 10:12,1.535
1997-11-21 10:18,1.533
1997-11-21 10:24,1.531
1997-11-21 10:30,1.529
1997-11-21 10:36,1.528
1997-11-21 10:42,1.526
1997-11-21 10:48,1.525
1997-11-21 10:54,1.523
1997-11-21 11:00,1.521
1997-11-21 11:06,1.520
1997-11-21 11:12,1.519
1997-11-21 11:18,1.517
1997-11-21 11:24,1.516
1997-11-21 11:30,1.514
1997-11-21 11:36,1.513
1997-11-21 11:42,1.512
1997-11-21 11:48,1.511
1997-11-21 11:54,1.509
1997-11-21 12:00,1.508
1997-11-21 12:06,1.507
1997-11-21 12:12,1.506
1997-11-21 12:18,1.505
1997-11-21 12:24,1.504
1997-11-21 12:30,1.503
1997-11-21 12:36,1.502
1997-11-21 12:42,1.501
1997-11-21 12:48,1.499
1997-11-21 12:54,1.498
1997-11-21 13:00,1.497
1997-11-21 13:06,1.496
1997-11-21 13:12,1.495
1997-11-21 13:18,1.494
1997-11-21 13:24,1.493
1997-11-21 13:30,1.491
1997-11-21 13:36,1.490
1997-11-21 13:42,1.489
1997-11-21 13:48,1.487
1997-11-21 13:54,1.486
1997-11-21 14:00,1.484
1997-11-21 14:06,1.482
1997-11-21 14:12,1.480
1997-11-21 14:18,1.479
1997-11-21 14:24,1.477
1997-11-21 14:30,1.475
1997-11-21 14:36,1.472
1997-11-21 14:42,1.470
1997-11-21 14:48,1.468
1997-11-21 14:54,1.465
1997-11-21 15:00,1.463
1997-11-21 15:06,1.460
1997-11-21 15:12,1.458
1997-11-21 15:18,1.455
1997-11-21 15:24,1.452
1997-11-21 15:30,1.449
1997-11-21 15:36,1.446
1997-11-21 15:42,1.443
1997-11-21 15:48,1.440
1997-11-21 15:54,1.437
1997-11-21 16:00,1.434
1997-11-21 16:06,1.431
1997-11-21 16:12,1.427
1997-11-21 16:18,1.424
1997-11-21 16:24,1.421
1997-11-21 16:30,1.417
1997-11-21 16:36,1.414
1997-11-21 16:42,1.410
1997-11-21 16:48,1.407
1997-11-21 16:54,1.403
1997-11-21 17:00,1.400
1997-11-21 17:06,1.396
1997-11-21 17:12,1.393
1997-11-21 17:18,1.389
1997-11-21 17:24,1.386
1997-11-21 17:30,1.383
1997-11-21 17:36,1.379
1997-11-21 17:42,1.376
1997-11-21 17:48,1.373
1997-11-21 17:54,1.370
1997-11-21 18:00,1.367
1997-11-21 18:06,1.364
1997-11-21 18:12,1.361
1997-11-21 18:18,1.358
1997-11-21 18:24,1.355
1997-11-21 18:30,1.353
1997-11-21 18:36,1.350
1997-11-21 18:42,1.348
1997-11-21 18:48,1.346
1997-11-21 18:54,1.344
1997-11-21 19:00,1.342
1997-11-21 19:06,1.341
1997-11-21 19:12,1.339
1997-11-21 19:18,1.338
1997-11-21 19:24,1.337
1997-11-21 19:30,1.336
1997-11-21 19:36,1.335
1997-11-21 19:42,1.335
1997-11-21 19:48,1.334
1997-11-21 19:54,1.334
1997-11-21 20:00,1.334
1997-11-21 20:06,1.335
1997-11-21 20:12,1.335
1997-11-21 20:18,1.336
1997-11-21 20:24,1.337
1997-11-21 20:30,1.338
1997-11-21 20:36,1.339
1997-11-21 20:42,1.340
1997-11-21 20:48,1.342
1997-11-21 20:54,1.344
1997-11-21 21:00,1.346
1997-11-21 21:06,1.348
1997-11-21 21:12,1.350
1997-11-21 21:18,1.352
1997-11-21 21:24,1.355
1997-11-21 21:30,1.358
1997-11-21 21:36,1.361
1997-11-21 21:42,1.364
1997-11-21 21:48,1.367
1997-11-21 21:54,1.370
1997-11-21 22:00,1.373
1997-11-21 22:06,1.377
1997-11-21 22:12,1.381
1997-11-21 22:18,1.384
1997-11-21 22:24,1.388
1997-11-21 22:30,1.392
1997-11-21 22:36,1.396
1997-11-21 22:42,1.400
1997-11-21 22:48,1.404
1997-11-21 22:54,1.408
1997-11-21 23:00,1.412
1997-11-21 23:06,1.417
1997-11-21 23:12,1.421
1997-11-21 23:18,1.426
1997-11-21 23:24,1.430
1997-11-21 23:30,1.434
1997-11-21 23:36,1.439
1997-11-21 23:42,1.443
1997-11-21 23:48,1.448
1997-11-21 23:54,1.453
1997-11-22 00:00,1.457
1997-11-22 00:06,1.462
1997-11-22 00:12,1.466
1997-11-22 00:18,1.471
1997-11-22 00:24,1.476
1997-11-22 00:30,1.480
1997-11-22 00:36,1.485
1997-11-22 00:42,1.489
1997-11-22 00:48,1.494
1997-11-22 00:54,1.498
1997-11-22 01:00,1.503
1997-11-22 01:06,1.507
1997-11-22 01:12,1.512
1997-11-22 01:18,1.516
1997-11-22 01:24,1.520
1997-11-22 01:30,1.524
1997-11-22 01:36,1.529
1997-11-22 01:42,1.533
1997-11-22 01:48,1.537
1997-11-22 01:54,1.541
1997-11-22 02:00,1.545
1997-11-22 02:06,1.548
1997-11-22 02:12,1.552
1997-11-22 02:18,1.556
1997-11-22 02:24,1.559
1997-11-22 02:30,1.562
1997-11-22 02:36,1.566
1997-11-22 02:42,1.569
1997-11-22 02:48,1.572
1997-11-22 02:54,1.575
1997-11-22 03:00,1.578
1997-11-22 03:06,1.580
1997-11-22 03:12,1.583
1997-11-22 03:18,1.585
1997-11-22 03:24,1.587
1997-11-22 03:30,1.590
1997-11-22 03:36,1.592
1997-11-22 03:42,1.593
1997-11-22 03:48,1.595
1997-11-22 03:54,1.596
1997-11-22 04:00,1.598
1997-11-22 04:06,1.599
1997-11-22 04:12,1.600
1997-11-22 04:18,1.601
1997-11-22 04:24,1.602
1997-11-22 04:30,1.602
1997-11-22 04:36,1.603
1997-11-22 04:42,1.603
1997-11-22 04:48,1.603
1997-11-22 04:54,1.603
1997-11-22 05:00,1.603
1997-11-22 05:06,1.602
1997-11-22 05:12,1.602
1997-11-22 05:18,1.601
1997-11-22 05:24,1.601
1997-11-22 05:30,1.600
1997-11-22 05:36,1.599
1997-11-22 05:42,1.598
1997-11-22 05:48,1.597
1997-11-22 05:54,1.595
1997-11-22 06:00,1.594
1997-11-22 06:06,1.593
1997-11-22 06:12,1.591
1997-11-22 06:18,1.590
1997-11-22 06:24,1.588
1997-11-22 06:30,1.586
1997-11-22 06:36,1.584
1997-11-22 06:42,1.583
1997-11-22 06:48,1.581
1997-11-22 06:54,1.579
1997-11-22 07:00,1.577
1997-11-22 07:06,1.575
1997-11-22 07:12,1.573
1997-11-22 07:18,1.571
1997-11-22 07:24,1.568
1997-11-22 07:30,1.566
1997-11-22 07:36,1.564
1997-11-22 07:42,1.562
1997-11-22 07:48,1.559
1997-11-22 07:54,1.557
1997-11-22 08:00,1.555
1997-11-22 08:06,1.552
1997-11-22 08:12,1.550
1997-11-22 08:18,1.548
1997-11-22 08:24,1.545
1997-11-22 08:30,1.543
1997-11-22 08:36,1.541
1997-11-22 08:42,1.538
1997-11-22 08:48,1.536
1997-11-22 08:54,1.534
1997-11-22 09:00,1.531
1997-11-22 09:06,1.529
1997-11-22 09:12,1.526
1997-11-22 09:18,1.524
1997-11-22 09:24,1.522
1997-11-22 09:30,1.520
1997-11-22 09:36,1.517
1997-11-22 09:42,1.515
1997-11-22 09:48,1.513
1997-11-22 09:54,1.511
1997-11-22 10:00,1.509
1997-11-22 10:06,1.507
1997-11-22 10:12,1.505
1997-11-22 10:18,1.503
1997-11-22 10:24,1.502
1997-11-22 10:30,1.500
1997-11-22 10:36,1.498
1997-11-22 10:42,1.497
1997-11-22 10:48,1.495
1997-11-22 10:54,1.494
1997-11-22 11:00,1.492
1997-11-22 11:06,1.491
1997-11-22 11:12,1.490
1997-11-22 11:18,1.488
1997-11-22 11:24,1.487
1997-11-22 11:30,1.486
1997-11-22 11:36,1.485
1997-11-22 11:42,1.484
1997-11-22 11:48,1.483
1997-11-22 11:54,1.483
1997-11-22 12:00,1.482
1997-11-22 12:06,1.481
1997-11-22 12:12,1.480
1997-11-22 12:18,1.480
1997-11-22 12:24,1.479
1997-11-22 12:30,1.479
1997-11-22 12:36,1.478
1997-11-22 12:42,1.478
1997-11-22 12:48,1.478
1997-11-22 12:54,1.477
1997-11-22 13:00,1.477
1997-11-22 13:06,1.477
1997-11-22 13:12,1.477
1997-11-22 13:18,1.476
1997-11-22 13:24,1.476
1997-11-22 13:30,1.476
1997-11-22 13:36,1.476
1997-11-22 13:42,1.476
1997-11-22 13:48,1.476
1997-11-22 13:54,1.476
1997-11-22 14:00,1.476
1997-11-22 14:06,1.476
1997-11-22 14:12,1.476
1997-11-22 14:18,1.476
1997-11-22 14:24,1.476
1997-11-22 14:30,1.476
1997-11-22 14:36,1.476
1997-11-22 14:42,1.476
1997-11-22 14:48,1.476
1997-11-22 14:54,1.476
1997-11-22 15:00,1.476
1997-11-22 15:06,1.475
1997-11-22 15:12,1.475
1997-11-22 15:18,1.475
1997-11-22 15:24,1.474
1997-11-22 15:30,1.474
1997-11-22 15:36,1.473
1997-11-22 15:42,1.472
1997-11-22 15:48,1.472
1997-11-22 15:54,1.471
1997-11-22 16:00,1.470
1997-11-22 16:06,1.468
1997-11-22 16:12,1.467
1997-11-22 16:18,1.466
1997-11-22 16:24,1.464
1997-11-22 16:30,1.463
1997-11-22 16:36,1.461
1997-11-22 16:42,1.459
1997-11-22 16:48,1.457
1997-11-22 16:54,1.455
1997-11-22 17:00,1.453
1997-11-22 17:06,1.450
1997-11-22 17:12,1.448
1997-11-22 17:18,1.446
1997-11-22 17:24,1.443
1997-11-22 17:30,1.441
1997-11-22 17:36,1.438
1997-11-22 17:42,1.436
1997-11-22 17:48,1.433
1997-11-22 17:54,1.430
1997-11-22 18:00,1.428
1997-11-22 18:06,1.425
1997-11-22 18:12,1.423
1997-11-22 18:18,1.420
1997-11-22 18:24,1.418
1997-11-22 18:30,1.415
1997-11-22 18:36,1.413
1997-11-22 18:42,1.410
1997-11-22 18:48,1.408
1997-11-22 18:54,1.406
1997-11-22 19:00,1.404
1997-11-22 19:06,1.402
1997-11-22 19:12,1.400
1997-11-22 19:18,1.398
1997-11-22 19:24,1.397
1997-11-22 19:30,1.395
1997-11-22 19:36,1.394
1997-11-22 19:42,1.392
1997-11-22 19:48,1.391
1997-11-22 19:54,1.390
1997-11-22 20:00,1.389
1997-11-22 20:06,1.388
1997-11-22 20:12,1.387
1997-11-22 20:18,1.386
1997-11-22 20:24,1.386
1997-11-22 20:30,1.385
1997-11-22 20:36,1.385
1997-11-22 20:42,1.385
1997-11-22 20:48,1.384
1997-11-22 20:54,1.384
1997-11-22 21:00,1.384
1997-11-22 21:06,1.385
1997-11-22 21:12,1.385
1997-11-22 21:18,1.385
1997-11-22 21:24,1.386
1997-11-22 21:30,1.387
1997-11-22 21:36,1.388
1997-11-22 21:42,1.389
1997-11-22 21:48,1.390
1997-11-22 21:54,1.391
1997-11-22 22:00,1.392
1997-11-22 22:06,1.394
1997-11-22 22:12,1.396
1997-11-22 22:18,1.397
1997-11-22 22:24,1.399
1997-11-22 22:30,1.401
1997-11-22 22:36,1.403
1997-11-22 22:42,1.406
1997-11-22 22:48,1.408
1997-11-22 22:54,1.411
1997-11-22 23:00,1.413
1997-11-22 23:06,1.416
1997-11-22 23:12,1.419
1997-11-22 23:18,1.422
1997-11-22 23:24,1.425
1997-11-22 23:30,1.428
1997-11-22 23:36,1.431
1997-11-22 23:42,1.434
1997-11-22 23:48,1.438
1997-11-22 23:54,1.441
1997-11-23 00:00,1.444
1997-11-23 00:06,1.448
1997-11-23 00:12,1.451
1997-11-23 00:18,1.455
1997-11-23 00:24,1.458
1997-11-23 00:30,1.461
1997-11-23 00:36,1.465
1997-11-23 00:42,1.468
1997-11-23 00:48,1.472
1997-11-23 00:54,1.475
1997-11-23 01:00,1.479
1997-11-23 01:06,1.482
1997-11-23 01:12,1.485
1997-11-23 01:18,1.489
1997-11-23 01:24,1.492
1997-11-23 01:30,1.496
1997-11-23 01:36,1.499
1997-11-23 01:42,1.502
1997-11-23 01:48,1.506
1997-11-23 01:54,1.509
1997-11-23 02:00,1.512
1997-11-23 02:06,1.516
1997-11-23 02:12,1.519
1997-11-23 02:18,1.522
1997-11-23 02:24,1.526
1997-11-23 02:30,1.529
1997-11-23 02:36,1.532
1997-11-23 02:42,1.535
1997-11-23 02:48,1.538
1997-11-23 02:54,1.541
1997-11-23 03:00,1.544
1997-11-23 03:06,1.547
1997-11-23 03:12,1.550
1997-11-23 03:18,1.553
1997-11-23 03:24,1.555
1997-11-23 03:30,1.558
1997-11-23 03:36,1.560
1997-11-23 03:42,1.563
1997-11-23 03:48,1.565
1997-11-23 03:54,1.567
1997-11-23 04:00,1.569
1997-11-23 04:06,1.570
1997-11-23 04:12,1.572
1997-11-23 04:18,1.573
1997-11-23 04:24,1.574
1997-11-23 04:30,1.575
1997-11-23 04:36,1.576
1997-11-23 04:42,1.577
1997-11-23 04:48,1.577
1997-11-23 04:54,1.577
1997-11-23 05:00,1.577
1997-11-23 05:06,1.577
1997-11-23 05:12,1.577
1997-11-23 05:18,1.576
1997-11-23 05:24,1.576
1997-11-23 05:30,1.575
1997-11-23 05:36,1.574
1997-11-23 05:42,1.573
1997-11-23 05:48,1.572
1997-11-23 05:54,1.571
1997-11-23 06:00,1.569
1997-11-23 06:06,1.568
1997-11-23 06:12,1.566
1997-11-23 06:18,1.564
1997-11-23 06:24,1.563
1997-11-23 06:30,1.561
1997-11-23 06:36,1.559
1997-11-23 06:42,1.557
1997-11-23 06:48,1.555
1997-11-23 06:54,1.553
1997-11-23 07:00,1.551
1997-11-23 07:06,1.549
1997-11-23 07:12,1.547
1997-11-23 07:18,1.545
1997-11-23 07:24,1.543
1997-11-23 07:30,1.540
1997-11-23 07:36,1.538
1997-11-23 07:42,1.536
1997-11-23 07:48,1.533
1997-11-23 07:54,1.531
1997-11-23 08:00,1.529
1997-11-23 08:06,1.526
1997-11-23 08:12,1.524
1997-11-23 08:18,1.521
1997-11-23 08:24,1.519
1997-11-23 08:30,1.516
1997-11-23 08:36,1.514
1997-11-23 08:42,1.511
1997-11-23 08:48,1.508
1997-11-23 08:54,1.506
1997-11-23 09:00,1.503
1997-11-23 09:06,1.500
1997-11-23 09:12,1.497
1997-11-23 09:18,1.495
1997-11-23 09:24,1.492
1997-11-23 09:30,1.489
1997-11-23 09:36,1.486
1997-11-23 09:42,1.484
1997-11-23 09:48,1.481
1997-11-23 09:54,1.479
1997-11-23 10:00,1.476
1997-11-23 10:06,1.474
1997-11-23 10:12,1.471
1997-11-23 10:18,1.469
1997-11-23 10:24,1.467
1997-11-23 10:30,1.465
1997-11-23 10:36,1.463
1997-11-23 10:42,1.461
1997-11-23 10:48,1.459
1997-11-23 10:54,1.457
1997-11-23 11:00,1.456
1997-11-23 11:06,1.454
1997-11-23 11:12,1.453
1997-11-23 11:18,1.452
1997-11-23 11:24,1.450
1997-11-23 11:30,1.449
1997-11-23 11:36,1.449
1997-11-23 11:42,1.448
1997-11-23 11:48,1.447
1997-11-23 11:54,1.446
1997-11-23 12:00,1.446
1997-11-23 12:06,1.446
1997-11-23 12:12,1.445
1997-11-23 12:18,1.445
1997-11-23 12:24,1.445
1997-11-23 12:30,1.445
1997-11-23 12:36,1.445
1997-11-23 12:42,1.445
1997-11-23 12:48,1.445
1997-11-23 12:54,1.445
1997-11-23 13:00,1.445
1997-11-23 13:06,1.445
1997-11-23 13:12,1.446
1997-11-23 13:18,1.446
1997-11-23 13:24,1.447
1997-11-23 13:30,1.447
1997-11-23 13:36,1.448
1997-11-23 13:42,1.449
1997-11-23 13:48,1.450
1997-11-23 13:54,1.450
1997-11-23 14:00,1.451
1997-11-23 14:06,1.452
1997-11-23 14:12,1.453
1997-11-23 14:18,1.455
1997-11-23 14:24,1.456
1997-11-23 14:30,1.457
1997-11-23 14:36,1.459
1997-11-23 14:42,1.460
1997-11-23 14:48,1.462
1997-11-23 14:54,1.463
1997-11-23 15:00,1.465
1997-11-23 15:06,1.466
1997-11-23 15:12,1.468
1997-11-23 15:18,1.470
1997-11-23 15:24,1.471
1997-11-23 15:30,1.473
1997-11-23 15:36,1.474
1997-11-23 15:42,1.476
1997-11-23 15:48,1.477
1997-11-23 15:54,1.479
1997-11-23 16:00,1.480
1997-11-23 16:06,1.481
1997-11-23 16:12,1.482
1997-11-23 16:18,1.483
1997-11-23 16:24,1.484
1997-11-23 16:30,1.485
1997-11-23 16:36,1.485
1997-11-23 16:42,1.486
1997-11-23 16:48,1.486
1997-11-23 16:54,1.486
1997-11-23 17:00,1.486
1997-11-23 17:06,1.486
1997-11-23 17:12,1.485
1997-11-23 17:18,1.485
1997-11-23 17:24,1.484
1997-11-23 17:30,1.483
1997-11-23 17:36,1.482
1997-11-23 17:42,1.481
1997-11-23 17:48,1.480
1997-11-23 17:54,1.479
1997-11-23 18:00,1.477
1997-11-23 18:06,1.476
1997-11-23 18:12,1.474
1997-11-23 18:18,1.473
1997-11-23 18:24,1.471
1997-11-23 18:30,1.469
1997-11-23 18:36,1.468
1997-11-23 18:42,1.466
1997-11-23 18:48,1.464
1997-11-23 18:54,1.463
1997-11-23 19:00,1.461
1997-11-23 19:06,1.460
1997-11-23 19:12,1.458
1997-11-23 19:18,1.456
1997-11-23 19:24,1.455
1997-11-23 19:30,1.453
1997-11-23 19:36,1.452
1997-11-23 19:42,1.451
1997-11-23 19:48,1.449
1997-11-23 19:54,1.448
1997-11-23 20:00,1.447
1997-11-23 20:06,1.446
1997-11-23 20:12,1.444
1997-11-23 20:18,1.443
1997-11-23 20:24,1.442
1997-11-23 20:30,1.441
1997-11-23 20:36,1.440
1997-11-23 20:42,1.439
1997-11-23 20:48,1.438
1997-11-23 20:54,1.437
1997-11-23 21:00,1.436
1997-11-23 21:06,1.435
1997-11-23 21:12,1.434
1997-11-23 21:18,1.434
1997-11-23 21:24,1.433
1997-11-23 21:30,1.432
1997-11-23 21:36,1.432
1997-11-23 21:42,1.431
1997-11-23 21:48,1.431
1997-11-23 21:54,1.430
1997-11-23 22:00,1.430
1997-11-23 22:06,1.430
1997-11-23 22:12,1.430
1997-11-23 22:18,1.430
1997-11-23 22:24,1.430
1997-11-23 22:30,1.430
1997-11-23 22:36,1.431
1997-11-23 22:42,1.431
1997-11-23 22:48,1.432
1997-11-23 22:54,1.433
1997-11-23 23:00,1.434
1997-11-23 23:06,1.435
1997-11-23 23:12,1.436
1997-11-23 23:18,1.438
1997-11-23 23:24,1.439
1997-11-23 23:30,1.441
1997-11-23 23:36,1.442
1997-11-23 23:42,1.444
1997-11-23 23:48,1.446
1997-11-23 23:54,1.448
1997-11-24 00:00,1.450
1997-11-24 00:06,1.452
1997-11-24 00:12,1.454
1997-11-24 00:18,1.457
1997-11-24 00:24,1.459
1997-11-24 00:30,1.461
1997-11-24 00:36,1.464
1997-11-24 00:42,1.466
1997-11-24 00:48,1.468
1997-11-24 00:54,1.471
1997-11-24 01:00,1.473
1997-11-24 01:06,1.475
1997-11-24 01:12,1.478
1997-11-24 01:18,1.480
1997-11-24 01:24,1.483
1997-11-24 01:30,1.485
1997-11-24 01:36,1.487
1997-11-24 01:42,1.490
1997-11-24 01:48,1.492
1997-11-24 01:54,1.494
1997-11-24 02:00,1.497
1997-11-24 02:06,1.499
1997-11-24 02:12,1.502
1997-11-24 02:18,1.504
1997-11-24 02:24,1.507
1997-11-24 02:30,1.509
1997-11-24 02:36,1.512
1997-11-24 02:42,1.514
1997-11-24 02:48,1.517
1997-11-24 02:54,1.519
1997-11-24 03:00,1.522
1997-11-24 03:06,1.524
1997-11-24 03:12,1.527
1997-11-24 03:18,1.529
1997-11-24 03:24,1.531
1997-11-24 03:30,1.534
1997-11-24 03:36,1.536
1997-11-24 03:42,1.538
1997-11-24 03:48,1.541
1997-11-24 03:54,1.543
1997-11-24 04:00,1.545
1997-11-24 04:06,1.547
1997-11-24 04:12,1.548
1997-11-24 04:18,1.550
1997-11-24 04:24,1.552
1997-11-24 04:30,1.553
1997-11-24 04:36,1.554
1997-11-24 04:42,1.555
1997-11-24 04:48,1.556
1997-11-24 04:54,1.556
1997-11-24 05:00,1.557
1997-11-24 05:06,1.557
1997-11-24 05:12,1.557
1997-11-24 05:18,1.557
1997-11-24 05:24,1.556
1997-11-24 05:30,1.556
1997-11-24 05:36,1.555
1997-11-24 05:42,1.554
1997-11-24 05:48,1.553
1997-11-24 05:54,1.551
1997-11-24 06:00,1.550
1997-11-24 06:06,1.548
1997-11-24 06:12,1.547
1997-11-24 06:18,1.545
1997-11-24 06:24,1.543
1997-11-24 06:30,1.541
1997-11-24 06:36,1.539
1997-11-24 06:42,1.536
1997-11-24 06:48,1.534
1997-11-24 06:54,1.532
1997-11-24 07:00,1.529
1997-11-24 07:06,1.527
1997-11-24 07:12,1.524
1997-11-24 07:18,1.522
1997-11-24 07:24,1.519
1997-11-24 07:30,1.517
1997-11-24 07:36,1.514
1997-11-24 07:42,1.511
1997-11-24 07:48,1.509
1997-11-24 07:54,1.506
1997-11-24 08:00,1.503
1997-11-24 08:06,1.501
1997-11-24 08:12,1.498
1997-11-24 08:18,1.495
1997-11-24 08:24,1.492
1997-11-24 08:30,1.489
1997-11-24 08:36,1.486
1997-11-24 08:42,1.483
1997-11-24 08:48,1.480
1997-11-24 08:54,1.477
1997-11-24 09:00,1.474
1997-11-24 09:06,1.471
1997-11-24 09:12,1.468
1997-11-24 09:18,1.465
1997-11-24 09:24,1.461
1997-11-24 09:30,1.458
1997-11-24 09:36,1.455
1997-11-24 09:42,1.452
1997-11-24 09:48,1.448
1997-11-24 09:54,1.445
1997-11-24 10:00,1.442
1997-11-24 10:06,1.439
1997-11-24 10:12,1.436
1997-11-24 10:18,1.433
1997-11-24 10:24,1.430
1997-11-24 10:30,1.427
1997-11-24 10:36,1.425
1997-11-24 10:42,1.422
1997-11-24 10:48,1.420
1997-11-24 10:54,1.418
1997-11-24 11:00,1.415
1997-11-24 11:06,1.413
1997-11-24 11:12,1.412
1997-11-24 11:18,1.410
1997-11-24 11:24,1.408
1997-11-24 11:30,1.407
1997-11-24 11:36,1.406
1997-11-24 11:42,1.405
1997-11-24 11:48,1.404
1997-11-24 11:54,1.403
1997-11-24 12:00,1.402
1997-11-24 12:06,1.402
1997-11-24 12:12,1.402
1997-11-24 12:18,1.401
1997-11-24 12:24,1.401
1997-11-24 12:30,1.401
1997-11-24 12:36,1.402
1997-11-24 12:42,1.402
1997-11-24 12:48,1.402
1997-11-24 12:54,1.403
1997-11-24 13:00,1.403
1997-11-24 13:06,1.404
1997-11-24 13:12,1.405
1997-11-24 13:18,1.406
1997-11-24 13:24,1.407
1997-11-24 13:30,1.408
1997-11-24 13:36,1.409
1997-11-24 13:42,1.410
1997-11-24 13:48,1.412
1997-11-24 13:54,1.413
1997-11-24 14:00,1.415
1997-11-24 14:06,1.416
1997-11-24 14:12,1.418
1997-11-24 14:18,1.420
1997-11-24 14:24,1.422
1997-11-24 14:30,1.424
1997-11-24 14:36,1.427
1997-11-24 14:42,1.429
1997-11-24 14:48,1.431
1997-11-24 14:54,1.434
1997-11-24 15:00,1.437
1997-11-24 15:06,1.439
1997-11-24 15:12,1.442
1997-11-24 15:18,1.445
1997-11-24 15:24,1.448
1997-11-24 15:30,1.451
1997-11-24 15:36,1.454
1997-11-24 15:42,1.458
1997-11-24 15:48,1.461
1997-11-24 15:54,1.464
1997-11-24 16:00,1.467
1997-11-24 16:06,1.470
1997-11-24 16:12,1.473
1997-11-24 16:18,1.477
1997-11-24 16:24,1.479
1997-11-24 16:30,1.482
1997-11-24 16:36,1.485
1997-11-24 16:42,1.488
1997-11-24 16:48,1.490
1997-11-24 16:54,1.493
1997-11-24 17:00,1.495
1997-11-24 17:06,1.497
1997-11-24 17:12,1.499
1997-11-24 17:18,1.501
1997-11-24 17:24,1.502
1997-11-24 17:30,1.504
1997-11-24 17:36,1.505
1997-11-24 17:42,1.506
1997-11-24 17:48,1.507
1997-11-24 17:54,1.508
1997-11-24 18:00,1.508
1997-11-24 18:06,1.509
1997-11-24 18:12,1.509
1997-11-24 18:18,1.509
1997-11-24 18:24,1.509
1997-11-24 18:30,1.509
1997-11-24 18:36,1.509
1997-11-24 18:42,1.508
1997-11-24 18:48,1.508
1997-11-24 18:54,1.508
1997-11-24 19:00,1.507
1997-11-24 19:06,1.506
1997-11-24 19:12,1.506
1997-11-24 19:18,1.505
1997-11-24 19:24,1.505
1997-11-24 19:30,1.504
1997-11-24 19:36,1.503
1997-11-24 19:42,1.502
1997-11-24 19:48,1.501
1997-11-24 19:54,1.501
1997-11-24 20:00,1.500
1997-11-24 20:06,1.499
1997-11-24 20:12,1.498
1997-11-24 20:18,1.497
1997-11-24 20:24,1.496
1997-11-24 20:30,1.495
1997-11-24 20:36,1.494
1997-11-24 20:42,1.493
1997-11-24 20:48,1.492
1997-11-24 20:54,1.491
1997-11-24 21:00,1.490
1997-11-24 21:06,1.489
1997-11-24 21:12,1.488
1997-11-24 21:18,1.487
1997-11-24 21:24,1.485
1997-11-24 21:30,1.484
1997-11-24 21:36,1.483
1997-11-24 21:42,1.482
1997-11-24 21:48,1.481
1997-11-24 21:54,1.479
1997-11-24 22:00,1.478
1997-11-24 22:06,1.477
1997-11-24 22:12,1.476
1997-11-24 22:18,1.475
1997-11-24 22:24,1.474
1997-11-24 22:30,1.473
1997-11-24 22:36,1.472
1997-11-24 22:42,1.471
1997-11-24 22:48,1.471
1997-11-24 22:54,1.470
1997-11-24 23:00,1.470
1997-11-24 23:06,1.469
1997-11-24 23:12,1.469
1997-11-24 23:18,1.469
1997-11-24 23:24,1.469
1997-11-24 23:30,1.469
1997-11-24 23:36,1.469
1997-11-24 23:42,1.469
1997-11-24 23:48,1.470
1997-11-24 23:54,1.471
1997-11-25 00:00,1.471
1997-11-25 00:06,1.472
1997-11-25 00:12,1.473
1997-11-25 00:18,1.474
1997-11-25 00:24,1.475
1997-11-25 00:30,1.476
1997-11-25 00:36,1.477
1997-11-25 00:42,1.478
1997-11-25 00:48,1.480
1997-11-25 00:54,1.481
1997-11-25 01:00,1.482
1997-11-25 01:06,1.484
1997-11-25 01:12,1.485
1997-11-25 01:18,1.487
1997-11-25 01:24,1.488
1997-11-25 01:30,1.490
1997-11-25 01:36,1.491
1997-11-25 01:42,1.493
1997-11-25 01:48,1.494
1997-11-25 01:54,1.495
1997-11-25 02:00,1.497
1997-11-25 02:06,1.499
1997-11-25 02:12,1.500
1997-11-25 02:18,1.502
1997-11-25 02:24,1.503
1997-11-25 02:30,1.505
1997-11-25 02:36,1.506
1997-11-25 02:42,1.508
1997-11-25 02:48,1.510
1997-11-25 02:54,1.511
1997-11-25 03:00,1.513
1997-11-25 03:06,1.515
1997-11-25 03:12,1.517
1997-11-25 03:18,1.518
1997-11-25 03:24,1.520
1997-11-25 03:30,1.522
1997-11-25 03:36,1.524
1997-11-25 03:42,1.525
1997-11-25 03:48,1.527
1997-11-25 03:54,1.529
1997-11-25 04:00,1.531
1997-11-25 04:06,1.532
1997-11-25 04:12,1.534
1997-11-25 04:18,1.535
1997-11-25 04:24,1.537
1997-11-25 04:30,1.538
1997-11-25 04:36,1.539
1997-11-25 04:42,1.540
1997-11-25 04:48,1.541
1997-11-25 04:54,1.542
1997-11-25 05:00,1.542
1997-11-25 05:06,1.543
1997-11-25 05:12,1.543
1997-11-25 05:18,1.543
1997-11-25 05:24,1.543
1997-11-25 05:30,1.542
1997-11-25 05:36,1.542
1997-11-25 05:42,1.541
1997-11-25 05:48,1.540
1997-11-25 05:54,1.539
1997-11-25 06:00,1.538
1997-11-25 06:06,1.536
1997-11-25 06:12,1.535
1997-11-25 06:18,1.533
1997-11-25 06:24,1.531
1997-11-25 06:30,1.529
1997-11-25 06:36,1.526
1997-11-25 06:42,1.524
1997-11-25 06:48,1.522
1997-11-25 06:54,1.519
1997-11-25 07:00,1.516
1997-11-25 07:06,1.513
1997-11-25 07:12,1.511
1997-11-25 07:18,1.508
1997-11-25 07:24,1.505
1997-11-25 07:30,1.501
1997-11-25 07:36,1.498
1997-11-25 07:42,1.495
1997-11-25 07:48,1.492
1997-11-25 07:54,1.488
1997-11-25 08:00,1.485
1997-11-25 08:06,1.482
1997-11-25 08:12,1.478
1997-11-25 08:18,1.475
1997-11-25 08:24,1.471
1997-11-25 08:30,1.468
1997-11-25 08:36,1.464
1997-11-25 08:42,1.461
1997-11-25 08:48,1.457
1997-11-25 08:54,1.453
1997-11-25 09:00,1.450
1997-11-25 09:06,1.446
1997-11-25 09:12,1.442
1997-11-25 09:18,1.438
1997-11-25 09:24,1.435
1997-11-25 09:30,1.431
1997-11-25 09:36,1.427
1997-11-25 09:42,1.423
1997-11-25 09:48,1.419
1997-11-25 09:54,1.415
1997-11-25 10:00,1.412
1997-11-25 10:06,1.408
1997-11-25 10:12,1.404
1997-11-25 10:18,1.400
1997-11-25 10:24,1.397
1997-11-25 10:30,1.393
1997-11-25 10:36,1.390
1997-11-25 10:42,1.386
1997-11-25 10:48,1.383
1997-11-25 10:54,1.380
1997-11-25 11:00,1.377
1997-11-25 11:06,1.374
1997-11-25 11:12,1.371
1997-11-25 11:18,1.369
1997-11-25 11:24,1.367
1997-11-25 11:30,1.364
1997-11-25 11:36,1.362
1997-11-25 11:42,1.361
1997-11-25 11:48,1.359
1997-11-25 11:54,1.358
1997-11-25 12:00,1.356
1997-11-25 12:06,1.355
1997-11-25 12:12,1.354
1997-11-25 12:18,1.354
1997-11-25 12:24,1.353
1997-11-25 12:30,1.353
1997-11-25 12:36,1.353
1997-11-25 12:42,1.353
1997-11-25 12:48,1.353
1997-11-25 12:54,1.354
1997-11-25 13:00,1.354
1997-11-25 13:06,1.355
1997-11-25 13:12,1.356
1997-11-25 13:18,1.357
1997-11-25 13:24,1.358
1997-11-25 13:30,1.359
1997-11-25 13:36,1.361
1997-11-25 13:42,1.362
1997-11-25 13:48,1.364
1997-11-25 13:54,1.366
1997-11-25 14:00,1.368
1997-11-25 14:06,1.370
1997-11-25 14:12,1.373
1997-11-25 14:18,1.375
1997-11-25 14:24,1.378
1997-11-25 14:30,1.380
1997-11-25 14:36,1.383
1997-11-25 14:42,1.386
1997-11-25 14:48,1.389
1997-11-25 14:54,1.393
1997-11-25 15:00,1.396
1997-11-25 15:06,1.400
1997-11-25 15:12,1.403
1997-11-25 15:18,1.407
1997-11-25 15:24,1.411
1997-11-25 15:30,1.415
1997-11-25 15:36,1.419
1997-11-25 15:42,1.423
1997-11-25 15:48,1.428
1997-11-25 15:54,1.432
1997-11-25 16:00,1.437
1997-11-25 16:06,1.441
1997-11-25 16:12,1.446
1997-11-25 16:18,1.450
1997-11-25 16:24,1.455
1997-11-25 16:30,1.459
1997-11-25 16:36,1.464
1997-11-25 16:42,1.468
1997-11-25 16:48,1.472
1997-11-25 16:54,1.477
1997-11-25 17:00,1.481
1997-11-25 17:06,1.485
1997-11-25 17:12,1.489
1997-11-25 17:18,1.493
1997-11-25 17:24,1.497
1997-11-25 17:30,1.501
1997-11-25 17:36,1.504
1997-11-25 17:42,1.507
1997-11-25 17:48,1.511
1997-11-25 17:54,1.514
1997-11-25 18:00,1.516
1997-11-25 18:06,1.519
1997-11-25 18:12,1.522
1997-11-25 18:18,1.524
1997-11-25 18:24,1.526
1997-11-25 18:30,1.528
1997-11-25 18:36,1.530
1997-11-25 18:42,1.532
1997-11-25 18:48,1.533
1997-11-25 18:54,1.535
1997-11-25 19:00,1.536
1997-11-25 19:06,1.537
1997-11-25 19:12,1.538
1997-11-25 19:18,1.539
1997-11-25 19:24,1.540
1997-11-25 19:30,1.540
1997-11-25 19:36,1.541
1997-11-25 19:42,1.541
1997-11-25 19:48,1.542
1997-11-25 19:54,1.542
1997-11-25 20:00,1.542
1997-11-25 20:06,1.542
1997-11-25 20:12,1.542
1997-11-25 20:18,1.542
1997-11-25 20:24,1.542
1997-11-25 20:30,1.541
1997-11-25 20:36,1.541
1997-11-25 20:42,1.541
1997-11-25 20:48,1.540
1997-11-25 20:54,1.539
1997-11-25 21:00,1.539
1997-11-25 21:06,1.538
1997-11-25 21:12,1.537
1997-11-25 21:18,1.536
1997-11-25 21:24,1.535
1997-11-25 21:30,1.534
1997-11-25 21:36,1.533
1997-11-25 21:42,1.532
1997-11-25 21:48,1.530
1997-11-25 21:54,1.529
1997-11-25 22:00,1.528
1997-11-25 22:06,1.526
1997-11-25 22:12,1.525
1997-11-25 22:18,1.523
1997-11-25 22:24,1.522
1997-11-25 22:30,1.521
1997-11-25 22:36,1.519
1997-11-25 22:42,1.518
1997-11-25 22:48,1.516
1997-11-25 22:54,1.515
1997-11-25 23:00,1.514
1997-11-25 23:06,1.512
1997-11-25 23:12,1.511
1997-11-25 23:18,1.510
1997-11-25 23:24,1.509
1997-11-25 23:30,1.508
1997-11-25 23:36,1.507
1997-11-25 23:42,1.506
1997-11-25 23:48,1.505
1997-11-25 23:54,1.505
1997-11-26 00:00,1.504
1997-11-26 00:06,1.503
1997-11-26 00:12,1.503
1997-11-26 00:18,1.503
1997-11-26 00:24,1.503
1997-11-26 00:30,1.502
1997-11-26 00:36,1.502
1997-11-26 00:42,1.502
1997-11-26 00:48,1.503
1997-11-26 00:54,1.503
1997-11-26 01:00,1.503
1997-11-26 01:06,1.503
1997-11-26 01:12,1.504
1997-11-26 01:18,1.504
1997-11-26 01:24,1.505
1997-11-26 01:30,1.505
1997-11-26 01:36,1.506
1997-11-26 01:42,1.506
1997-11-26 01:48,1.507
1997-11-26 01:54,1.508
1997-11-26 02:00,1.508
1997-11-26 02:06,1.509
1997-11-26 02:12,1.510
1997-11-26 02:18,1.511
1997-11-26 02:24,1.512
1997-11-26 02:30,1.513
1997-11-26 02:36,1.514
1997-11-26 02:42,1.514
1997-11-26 02:48,1.515
1997-11-26 02:54,1.516
1997-11-26 03:00,1.517
1997-11-26 03:06,1.518
1997-11-26 03:12,1.520
1997-11-26 03:18,1.521
1997-11-26 03:24,1.522
1997-11-26 03:30,1.523
1997-11-26 03:36,1.524
1997-11-26 03:42,1.525
1997-11-26 03:48,1.526
1997-11-26 03:54,1.527
1997-11-26 04:00,1.528
1997-11-26 04:06,1.529
1997-11-26 04:12,1.530
1997-11-26 04:18,1.531
1997-11-26 04:24,1.532
1997-11-26 04:30,1.533
1997-11-26 04:36,1.534
1997-11-26 04:42,1.534
1997-11-26 04:48,1.535
1997-11-26 04:54,1.535
1997-11-26 05:00,1.536
1997-11-26 05:06,1.536
1997-11-26 05:12,1.536
1997-11-26 05:18,1.536
1997-11-26 05:24,1.536
1997-11-26 05:30,1.536
1997-11-26 05:36,1.535
1997-11-26 05:42,1.535
1997-11-26 05:48,1.534
1997-11-26 05:54,1.533
1997-11-26 06:00,1.532
1997-11-26 06:06,1.531
1997-11-26 06:12,1.529
1997-11-26 06:18,1.528
1997-11-26 06:24,1.526
1997-11-26 06:30,1.524
1997-11-26 06:36,1.522
1997-11-26 06:42,1.520
1997-11-26 06:48,1.518
1997-11-26 06:54,1.515
1997-11-26 07:00,1.512
1997-11-26 07:06,1.509
1997-11-26 07:12,1.507
1997-11-26 07:18,1.503
1997-11-26 07:24,1.500
1997-11-26 07:30,1.497
1997-11-26 07:36,1.493
1997-11-26 07:42,1.490
1997-11-26 07:48,1.486
1997-11-26 07:54,1.482
1997-11-26 08:00,1.478
1997-11-26 08:06,1.474
1997-11-26 08:12,1.470
1997-11-26 08:18,1.466
1997-11-26 08:24,1.462
1997-11-26 08:30,1.458
1997-11-26 08:36,1.453
1997-11-26 08:42,1.449
1997-11-26 08:48,1.445
1997-11-26 08:54,1.440
1997-11-26 09:00,1.436
1997-11-26 09:06,1.431
1997-11-26 09:12,1.426
1997-11-26 09:18,1.422
1997-11-26 09:24,1.417
1997-11-26 09:30,1.412
1997-11-26 09:36,1.408
1997-11-26 09:42,1.403
1997-11-26 09:48,1.398
1997-11-26 09:54,1.394
1997-11-26 10:00,1.389
1997-11-26 10:06,1.384
1997-11-26 10:12,1.380
1997-11-26 10:18,1.375
1997-11-26 10:24,1.371
1997-11-26 10:30,1.366
1997-11-26 10:36,1.362
1997-11-26 10:42,1.358
1997-11-26 10:48,1.354
1997-11-26 10:54,1.350
1997-11-26 11:00,1.346
1997-11-26 11:06,1.342
1997-11-26 11:12,1.338
1997-11-26 11:18,1.335
1997-11-26 11:24,1.331
1997-11-26 11:30,1.328
1997-11-26 11:36,1.325
1997-11-26 11:42,1.322
1997-11-26 11:48,1.320
1997-11-26 11:54,1.317
1997-11-26 12:00,1.315
1997-11-26 12:06,1.313
1997-11-26 12:12,1.311
1997-11-26 12:18,1.309
1997-11-26 12:24,1.308
1997-11-26 12:30,1.306
1997-11-26 12:36,1.305
1997-11-26 12:42,1.305
1997-11-26 12:48,1.304
1997-11-26 12:54,1.304
1997-11-26 13:00,1.303
1997-11-26 13:06,1.304
1997-11-26 13:12,1.304
1997-11-26 13:18,1.304
1997-11-26 13:24,1.305
1997-11-26 13:30,1.306
1997-11-26 13:36,1.307
1997-11-26 13:42,1.309
1997-11-26 13:48,1.310
1997-11-26 13:54,1.312
1997-11-26 14:00,1.314
1997-11-26 14:06,1.317
1997-11-26 14:12,1.319
1997-11-26 14:18,1.322
1997-11-26 14:24,1.325
1997-11-26 14:30,1.328
1997-11-26 14:36,1.331
1997-11-26 14:42,1.334
1997-11-26 14:48,1.338
1997-11-26 14:54,1.342
1997-11-26 15:00,1.346
1997-11-26 15:06,1.350
1997-11-26 15:12,1.354
1997-11-26 15:18,1.359
1997-11-26 15:24,1.363
1997-11-26 15:30,1.368
1997-11-26 15:36,1.373
1997-11-26 15:42,1.378
1997-11-26 15:48,1.383
1997-11-26 15:54,1.388
1997-11-26 16:00,1.393
1997-11-26 16:06,1.399
1997-11-26 16:12,1.404
1997-11-26 16:18,1.409
1997-11-26 16:24,1.415
1997-11-26 16:30,1.421
1997-11-26 16:36,1.426
1997-11-26 16:42,1.432
1997-11-26 16:48,1.438
1997-11-26 16:54,1.443
1997-11-26 17:00,1.449
1997-11-26 17:06,1.454
1997-11-26 17:12,1.460
1997-11-26 17:18,1.466
1997-11-26 17:24,1.471
1997-11-26 17:30,1.476
1997-11-26 17:36,1.482
1997-11-26 17:42,1.487
1997-11-26 17:48,1.492
1997-11-26 17:54,1.497
1997-11-26 18:00,1.502
1997-11-26 18:06,1.507
1997-11-26 18:12,1.512
1997-11-26 18:18,1.516
1997-11-26 18:24,1.520
1997-11-26 18:30,1.525
1997-11-26 18:36,1.529
1997-11-26 18:42,1.533
1997-11-26 18:48,1.537
1997-11-26 18:54,1.540
1997-11-26 19:00,1.544
1997-11-26 19:06,1.547
1997-11-26 19:12,1.550
1997-11-26 19:18,1.553
1997-11-26 19:24,1.556
1997-11-26 19:30,1.558
1997-11-26 19:36,1.561
1997-11-26 19:42,1.563
1997-11-26 19:48,1.565
1997-11-26 19:54,1.567
1997-11-26 20:00,1.568
1997-11-26 20:06,1.570
1997-11-26 20:12,1.571
1997-11-26 20:18,1.573
1997-11-26 20:24,1.574
1997-11-26 20:30,1.575
1997-11-26 20:36,1.575
1997-11-26 20:42,1.576
1997-11-26 20:48,1.576
1997-11-26 20:54,1.576
1997-11-26 21:00,1.577
1997-11-26 21:06,1.577
1997-11-26 21:12,1.576
1997-11-26 21:18,1.576
1997-11-26 21:24,1.576
1997-11-26 21:30,1.575
1997-11-26 21:36,1.575
1997-11-26 21:42,1.574
1997-11-26 21:48,1.573
1997-11-26 21:54,1.572
1997-11-26 22:00,1.571
1997-11-26 22:06,1.570
1997-11-26 22:12,1.569
1997-11-26 22:18,1.568
1997-11-26 22:24,1.566
1997-11-26 22:30,1.565
1997-11-26 22:36,1.564
1997-11-26 22:42,1.562
1997-11-26 22:48,1.561
1997-11-26 22:54,1.559
1997-11-26 23:00,1.558
1997-11-26 23:06,1.556
1997-11-26 23:12,1.555
1997-11-26 23:18,1.553
1997-11-26 23:24,1.552
1997-11-26 23:30,1.550
1997-11-26 23:36,1.549
1997-11-26 23:42,1.547
1997-11-26 23:48,1.546
1997-11-26 23:54,1.545
1997-11-27 00:00,1.543
1997-11-27 00:06,1.542
1997-11-27 00:12,1.540
1997-11-27 00:18,1.539
1997-11-27 00:24,1.538
1997-11-27 00:30,1.537
1997-11-27 00:36,1.536
1997-11-27 00:42,1.535
1997-11-27 00:48,1.534
1997-11-27 00:54,1.533
1997-11-27 01:00,1.532
1997-11-27 01:06,1.531
1997-11-27 01:12,1.530
1997-11-27 01:18,1.530
1997-11-27 01:24,1.529
1997-11-27 01:30,1.529
1997-11-27 01:36,1.528
1997-11-27 01:42,1.528
1997-11-27 01:48,1.528
1997-11-27 01:54,1.527
1997-11-27 02:00,1.527
1997-11-27 02:06,1.527
1997-11-27 02:12,1.527
1997-11-27 02:18,1.527
1997-11-27 02:24,1.528
1997-11-27 02:30,1.528
1997-11-27 02:36,1.528
1997-11-27 02:42,1.528
1997-11-27 02:48,1.529
1997-11-27 02:54,1.529
1997-11-27 03:00,1.530
1997-11-27 03:06,1.530
1997-11-27 03:12,1.531
1997-11-27 03:18,1.531
1997-11-27 03:24,1.532
1997-11-27 03:30,1.532
1997-11-27 03:36,1.533
1997-11-27 03:42,1.534
1997-11-27 03:48,1.534
1997-11-27 03:54,1.535
1997-11-27 04:00,1.535
1997-11-27 04:06,1.536
1997-11-27 04:12,1.536
1997-11-27 04:18,1.537
1997-11-27 04:24,1.537
1997-11-27 04:30,1.538
1997-11-27 04:36,1.538
1997-11-27 04:42,1.538
1997-11-27 04:48,1.538
1997-11-27 04:54,1.538
1997-11-27 05:00,1.538
1997-11-27 05:06,1.538
1997-11-27 05:12,1.538
1997-11-27 05:18,1.538
1997-11-27 05:24,1.537
1997-11-27 05:30,1.537
1997-11-27 05:36,1.536
1997-11-27 05:42,1.536
1997-11-27 05:48,1.535
1997-11-27 05:54,1.534
1997-11-27 06:00,1.533
1997-11-27 06:06,1.532
1997-11-27 06:12,1.531
1997-11-27 06:18,1.529
1997-11-27 06:24,1.528
1997-11-27 06:30,1.526
1997-11-27 06:36,1.524
1997-11-27 06:42,1.522
1997-11-27 06:48,1.520
1997-11-27 06:54,1.518
1997-11-27 07:00,1.515
1997-11-27 07:06,1.513
1997-11-27 07:12,1.510
1997-11-27 07:18,1.507
1997-11-27 07:24,1.504
1997-11-27 07:30,1.501
1997-11-27 07:36,1.498
1997-11-27 07:42,1.494
1997-11-27 07:48,1.490
1997-11-27 07:54,1.487
1997-11-27 08:00,1.483
1997-11-27 08:06,1.478
1997-11-27 08:12,1.474
1997-11-27 08:18,1.470
1997-11-27 08:24,1.465
1997-11-27 08:30,1.460
1997-11-27 08:36,1.456
1997-11-27 08:42,1.451
1997-11-27 08:48,1.446
1997-11-27 08:54,1.440
1997-11-27 09:00,1.435
1997-11-27 09:06,1.430
1997-11-27 09:12,1.424
1997-11-27 09:18,1.419
1997-11-27 09:24,1.413
1997-11-27 09:30,1.408
1997-11-27 09:36,1.402
1997-11-27 09:42,1.396
1997-11-27 09:48,1.391
1997-11-27 09:54,1.385
1997-11-27 10:00,1.379
1997-11-27 10:06,1.374
1997-11-27 10:12,1.368
1997-11-27 10:18,1.363
1997-11-27 10:24,1.357
1997-11-27 10:30,1.352
1997-11-27 10:36,1.346
1997-11-27 10:42,1.341
1997-11-27 10:48,1.336
1997-11-27 10:54,1.331
1997-11-27 11:00,1.326
1997-11-27 11:06,1.321
1997-11-27 11:12,1.316
1997-11-27 11:18,1.312
1997-11-27 11:24,1.307
1997-11-27 11:30,1.303
1997-11-27 11:36,1.299
1997-11-27 11:42,1.295
1997-11-27 11:48,1.291
1997-11-27 11:54,1.287
1997-11-27 12:00,1.284
1997-11-27 12:06,1.280
1997-11-27 12:12,1.277
1997-11-27 12:18,1.274
1997-11-27 12:24,1.271
1997-11-27 12:30,1.269
1997-11-27 12:36,1.267
1997-11-27 12:42,1.264
1997-11-27 12:48,1.263
1997-11-27 12:54,1.261
1997-11-27 13:00,1.260
1997-11-27 13:06,1.258
1997-11-27 13:12,1.258
1997-11-27 13:18,1.257
1997-11-27 13:24,1.257
1997-11-27 13:30,1.256
1997-11-27 13:36,1.257
1997-11-27 13:42,1.257
1997-11-27 13:48,1.258
1997-11-27 13:54,1.259
1997-11-27 14:00,1.260
1997-11-27 14:06,1.262
1997-11-27 14:12,1.264
1997-11-27 14:18,1.266
1997-11-27 14:24,1.268
1997-11-27 14:30,1.271
1997-11-27 14:36,1.274
1997-11-27 14:42,1.277
1997-11-27 14:48,1.280
1997-11-27 14:54,1.284
1997-11-27 15:00,1.288
1997-11-27 15:06,1.292
1997-11-27 15:12,1.297
1997-11-27 15:18,1.302
1997-11-27 15:24,1.307
1997-11-27 15:30,1.312
1997-11-27 15:36,1.317
1997-11-27 15:42,1.322
1997-11-27 15:48,1.328
1997-11-27 15:54,1.334
1997-11-27 16:00,1.340
1997-11-27 16:06,1.346
1997-11-27 16:12,1.352
1997-11-27 16:18,1.358
1997-11-27 16:24,1.364
1997-11-27 16:30,1.371
1997-11-27 16:36,1.377
1997-11-27 16:42,1.383
1997-11-27 16:48,1.390
1997-11-27 16:54,1.397
1997-11-27 17:00,1.403
1997-11-27 17:06,1.410
1997-11-27 17:12,1.416
1997-11-27 17:18,1.423
1997-11-27 17:24,1.430
1997-11-27 17:30,1.436
1997-11-27 17:36,1.443
1997-11-27 17:42,1.450
1997-11-27 17:48,1.456
1997-11-27 17:54,1.463
1997-11-27 18:00,1.469
1997-11-27 18:06,1.475
1997-11-27 18:12,1.482
1997-11-27 18:18,1.488
1997-11-27 18:24,1.494
1997-11-27 18:30,1.500
1997-11-27 18:36,1.506
1997-11-27 18:42,1.512
1997-11-27 18:48,1.518
1997-11-27 18:54,1.524
1997-11-27 19:00,1.529
1997-11-27 19:06,1.535
1997-11-27 19:12,1.540
1997-11-27 19:18,1.545
1997-11-27 19:24,1.550
1997-11-27 19:30,1.555
1997-11-27 19:36,1.559
1997-11-27 19:42,1.564
1997-11-27 19:48,1.568
1997-11-27 19:54,1.572
1997-11-27 20:00,1.576
1997-11-27 20:06,1.579
1997-11-27 20:12,1.582
1997-11-27 20:18,1.585
1997-11-27 20:24,1.588
1997-11-27 20:30,1.591
1997-11-27 20:36,1.593
1997-11-27 20:42,1.595
1997-11-27 20:48,1.597
1997-11-27 20:54,1.599
1997-11-27 21:00,1.600
1997-11-27 21:06,1.602
1997-11-27 21:12,1.603
1997-11-27 21:18,1.604
1997-11-27 21:24,1.604
1997-11-27 21:30,1.605
1997-11-27 21:36,1.605
1997-11-27 21:42,1.605
1997-11-27 21:48,1.605
1997-11-27 21:54,1.605
1997-11-27 22:00,1.605
1997-11-27 22:06,1.604
1997-11-27 22:12,1.604
1997-11-27 22:18,1.603
1997-11-27 22:24,1.602
1997-11-27 22:30,1.601
1997-11-27 22:36,1.600
1997-11-27 22:42,1.599
1997-11-27 22:48,1.598
1997-11-27 22:54,1.597
1997-11-27 23:00,1.596
1997-11-27 23:06,1.595
1997-11-27 23:12,1.594
1997-11-27 23:18,1.592
1997-11-27 23:24,1.591
1997-11-27 23:30,1.590
1997-11-27 23:36,1.588
1997-11-27 23:42,1.587
1997-11-27 23:48,1.585
1997-11-27 23:54,1.584
1997-11-28 00:00,1.582
1997-11-28 00:06,1.581
1997-11-28 00:12,1.579
1997-11-28 00:18,1.577
1997-11-28 00:24,1.576
1997-11-28 00:30,1.574
1997-11-28 00:36,1.572
1997-11-28 00:42,1.571
1997-11-28 00:48,1.569
1997-11-28 00:54,1.567
1997-11-28 01:00,1.566
1997-11-28 01:06,1.564
1997-11-28 01:12,1.563
1997-11-28 01:18,1.561
1997-11-28 01:24,1.560
1997-11-28 01:30,1.558
1997-11-28 01:36,1.557
1997-11-28 01:42,1.556
1997-11-28 01:48,1.554
1997-11-28 01:54,1.553
1997-11-28 02:00,1.552
1997-11-28 02:06,1.551
1997-11-28 02:12,1.550
1997-11-28 02:18,1.549
1997-11-28 02:24,1.549
1997-11-28 02:30,1.548
1997-11-28 02:36,1.547
1997-11-28 02:42,1.547
1997-11-28 02:48,1.547
1997-11-28 02:54,1.546
1997-11-28 03:00,1.546
1997-11-28 03:06,1.546
1997-11-28 03:12,1.546
1997-11-28 03:18,1.546
1997-11-28 03:24,1.546
1997-11-28 03:30,1.546
1997-11-28 03:36,1.547
1997-11-28 03:42,1.547
1997-11-28 03:48,1.547
1997-11-28 03:54,1.547
1997-11-28 04:00,1.547
1997-11-28 04:06,1.548
1997-11-28 04:12,1.548
1997-11-28 04:18,1.548
1997-11-28 04:24,1.548
1997-11-28 04:30,1.548
1997-11-28 04:36,1.548
1997-11-28 04:42,1.548
1997-11-28 04:48,1.548
1997-11-28 04:54,1.548
1997-11-28 05:00,1.548
1997-11-28 05:06,1.547
1997-11-28 05:12,1.547
1997-11-28 05:18,1.546
1997-11-28 05:24,1.546
1997-11-28 05:30,1.545
1997-11-28 05:36,1.544
1997-11-28 05:42,1.543
1997-11-28 05:48,1.542
1997-11-28 05:54,1.541
1997-11-28 06:00,1.540
1997-11-28 06:06,1.539
1997-11-28 06:12,1.537
1997-11-28 06:18,1.536
1997-11-28 06:24,1.535
1997-11-28 06:30,1.533
1997-11-28 06:36,1.531
1997-11-28 06:42,1.529
1997-11-28 06:48,1.527
1997-11-28 06:54,1.525
1997-11-28 07:00,1.523
1997-11-28 07:06,1.521
1997-11-28 07:12,1.518
1997-11-28 07:18,1.516
1997-11-28 07:24,1.513
1997-11-28 07:30,1.510
1997-11-28 07:36,1.507
1997-11-28 07:42,1.504
1997-11-28 07:48,1.501
1997-11-28 07:54,1.498
1997-11-28 08:00,1.494
1997-11-28 08:06,1.490
1997-11-28 08:12,1.486
1997-11-28 08:18,1.482
1997-11-28 08:24,1.477
1997-11-28 08:30,1.473
1997-11-28 08:36,1.468
1997-11-28 08:42,1.463
1997-11-28 08:48,1.458
1997-11-28 08:54,1.453
1997-11-28 09:00,1.447
1997-11-28 09:06,1.441
1997-11-28 09:12,1.436
1997-11-28 09:18,1.430
1997-11-28 09:24,1.424
1997-11-28 09:30,1.417
1997-11-28 09:36,1.411
1997-11-28 09:42,1.405
1997-11-28 09:48,1.398
1997-11-28 09:54,1.392
1997-11-28 10:00,1.385
1997-11-28 10:06,1.379
1997-11-28 10:12,1.372
1997-11-28 10:18,1.365
1997-11-28 10:24,1.359
1997-11-28 10:30,1.352
1997-11-28 10:36,1.346
1997-11-28 10:42,1.340
1997-11-28 10:48,1.333
1997-11-28 10:54,1.327
1997-11-28 11:00,1.321
1997-11-28 11:06,1.315
1997-11-28 11:12,1.309
1997-11-28 11:18,1.303
1997-11-28 11:24,1.297
1997-11-28 11:30,1.292
1997-11-28 11:36,1.286
1997-11-28 11:42,1.281
1997-11-28 11:48,1.276
1997-11-28 11:54,1.271
1997-11-28 12:00,1.266
1997-11-28 12:06,1.262
1997-11-28 12:12,1.257
1997-11-28 12:18,1.253
1997-11-28 12:24,1.249
1997-11-28 12:30,1.245
1997-11-28 12:36,1.242
1997-11-28 12:42,1.238
1997-11-28 12:48,1.235
1997-11-28 12:54,1.232
1997-11-28 13:00,1.229
1997-11-28 13:06,1.226
1997-11-28 13:12,1.224
1997-11-28 13:18,1.222
1997-11-28 13:24,1.220
1997-11-28 13:30,1.218
1997-11-28 13:36,1.217
1997-11-28 13:42,1.216
1997-11-28 13:48,1.215
1997-11-28 13:54,1.214
1997-11-28 14:00,1.214
1997-11-28 14:06,1.214
1997-11-28 14:12,1.215
1997-11-28 14:18,1.216
1997-11-28 14:24,1.217
1997-11-28 14:30,1.218
1997-11-28 14:36,1.220
1997-11-28 14:42,1.222
1997-11-28 14:48,1.225
1997-11-28 14:54,1.228
1997-11-28 15:00,1.231
1997-11-28 15:06,1.234
1997-11-28 15:12,1.238
1997-11-28 15:18,1.242
1997-11-28 15:24,1.247
1997-11-28 15:30,1.251
1997-11-28 15:36,1.256
1997-11-28 15:42,1.262
1997-11-28 15:48,1.267
1997-11-28 15:54,1.273
1997-11-28 16:00,1.279
1997-11-28 16:06,1.285
1997-11-28 16:12,1.291
1997-11-28 16:18,1.298
1997-11-28 16:24,1.304
1997-11-28 16:30,1.311
1997-11-28 16:36,1.318
1997-11-28 16:42,1.325
1997-11-28 16:48,1.332
1997-11-28 16:54,1.339
1997-11-28 17:00,1.347
1997-11-28 17:06,1.354
1997-11-28 17:12,1.361
1997-11-28 17:18,1.369
1997-11-28 17:24,1.376
1997-11-28 17:30,1.384
1997-11-28 17:36,1.391
1997-11-28 17:42,1.399
1997-11-28 17:48,1.406
1997-11-28 17:54,1.414
1997-11-28 18:00,1.422
1997-11-28 18:06,1.429
1997-11-28 18:12,1.437
1997-11-28 18:18,1.444
1997-11-28 18:24,1.452
1997-11-28 18:30,1.459
1997-11-28 18:36,1.467
1997-11-28 18:42,1.474
1997-11-28 18:48,1.481
1997-11-28 18:54,1.489
1997-11-28 19:00,1.496
1997-11-28 19:06,1.503
1997-11-28 19:12,1.510
1997-11-28 19:18,1.517
1997-11-28 19:24,1.524
1997-11-28 19:30,1.530
1997-11-28 19:36,1.537
1997-11-28 19:42,1.543
1997-11-28 19:48,1.550
1997-11-28 19:54,1.556
1997-11-28 20:00,1.561
1997-11-28 20:06,1.567
1997-11-28 20:12,1.572
1997-11-28 20:18,1.578
1997-11-28 20:24,1.583
1997-11-28 20:30,1.587
1997-11-28 20:36,1.592
1997-11-28 20:42,1.596
1997-11-28 20:48,1.600
1997-11-28 20:54,1.603
1997-11-28 21:00,1.606
1997-11-28 21:06,1.610
1997-11-28 21:12,1.612
1997-11-28 21:18,1.615
1997-11-28 21:24,1.617
1997-11-28 21:30,1.619
1997-11-28 21:36,1.621
1997-11-28 21:42,1.622
1997-11-28 21:48,1.623
1997-11-28 21:54,1.625
1997-11-28 22:00,1.625
1997-11-28 22:06,1.626
1997-11-28 22:12,1.626
1997-11-28 22:18,1.627
1997-11-28 22:24,1.627
1997-11-28 22:30,1.627
1997-11-28 22:36,1.627
1997-11-28 22:42,1.626
1997-11-28 22:48,1.626
1997-11-28 22:54,1.626
1997-11-28 23:00,1.625
1997-11-28 23:06,1.624
1997-11-28 23:12,1.624
1997-11-28 23:18,1.623
1997-11-28 23:24,1.622
1997-11-28 23:30,1.621
1997-11-28 23:36,1.620
1997-11-28 23:42,1.619
1997-11-28 23:48,1.618
1997-11-28 23:54,1.617
1997-11-29 00:00,1.615
1997-11-29 00:06,1.614
1997-11-29 00:12,1.613
1997-11-29 00:18,1.611
1997-11-29 00:24,1.610
1997-11-29 00:30,1.608
1997-11-29 00:36,1.607
1997-11-29 00:42,1.605
1997-11-29 00:48,1.603
1997-11-29 00:54,1.601
1997-11-29 01:00,1.600
1997-11-29 01:06,1.598
1997-11-29 01:12,1.596
1997-11-29 01:18,1.594
1997-11-29 01:24,1.592
1997-11-29 01:30,1.590
1997-11-29 01:36,1.588
1997-11-29 01:42,1.586
1997-11-29 01:48,1.585
1997-11-29 01:54,1.583
1997-11-29 02:00,1.581
1997-11-29 02:06,1.579
1997-11-29 02:12,1.577
1997-11-29 02:18,1.576
1997-11-29 02:24,1.574
1997-11-29 02:30,1.573
1997-11-29 02:36,1.571
1997-11-29 02:42,1.570
1997-11-29 02:48,1.569
1997-11-29 02:54,1.568
1997-11-29 03:00,1.567
1997-11-29 03:06,1.566
1997-11-29 03:12,1.565
1997-11-29 03:18,1.564
1997-11-29 03:24,1.564
1997-11-29 03:30,1.563
1997-11-29 03:36,1.563
1997-11-29 03:42,1.562
1997-11-29 03:48,1.562
1997-11-29 03:54,1.562
1997-11-29 04:00,1.562
1997-11-29 04:06,1.562
1997-11-29 04:12,1.561
1997-11-29 04:18,1.561
1997-11-29 04:24,1.561
1997-11-29 04:30,1.561
1997-11-29 04:36,1.561
1997-11-29 04:42,1.561
1997-11-29 04:48,1.560
1997-11-29 04:54,1.560
1997-11-29 05:00,1.560
1997-11-29 05:06,1.559
1997-11-29 05:12,1.559
1997-11-29 05:18,1.558
1997-11-29 05:24,1.558
1997-11-29 05:30,1.557
1997-11-29 05:36,1.556
1997-11-29 05:42,1.555
1997-11-29 05:48,1.554
1997-11-29 05:54,1.553
1997-11-29 06:00,1.552
1997-11-29 06:06,1.550
1997-11-29 06:12,1.549
1997-11-29 06:18,1.548
1997-11-29 06:24,1.546
1997-11-29 06:30,1.544
1997-11-29 06:36,1.543
1997-11-29 06:42,1.541
1997-11-29 06:48,1.539
1997-11-29 06:54,1.537
1997-11-29 07:00,1.535
1997-11-29 07:06,1.533
1997-11-29 07:12,1.531
1997-11-29 07:18,1.529
1997-11-29 07:24,1.526
1997-11-29 07:30,1.524
1997-11-29 07:36,1.521
1997-11-29 07:42,1.518
1997-11-29 07:48,1.515
1997-11-29 07:54,1.512
1997-11-29 08:00,1.509
1997-11-29 08:06,1.506
1997-11-29 08:12,1.502
1997-11-29 08:18,1.498
1997-11-29 08:24,1.494
1997-11-29 08:30,1.490
1997-11-29 08:36,1.486
1997-11-29 08:42,1.481
1997-11-29 08:48,1.477
1997-11-29 08:54,1.472
1997-11-29 09:00,1.466
1997-11-29 09:06,1.461
1997-11-29 09:12,1.456
1997-11-29 09:18,1.450
1997-11-29 09:24,1.444
1997-11-29 09:30,1.438
1997-11-29 09:36,1.431
1997-11-29 09:42,1.425
1997-11-29 09:48,1.418
1997-11-29 09:54,1.411
1997-11-29 10:00,1.404
1997-11-29 10:06,1.397
1997-11-29 10:12,1.390
1997-11-29 10:18,1.383
1997-11-29 10:24,1.376
1997-11-29 10:30,1.369
1997-11-29 10:36,1.361
1997-11-29 10:42,1.354
1997-11-29 10:48,1.347
1997-11-29 10:54,1.339
1997-11-29 11:00,1.332
1997-11-29 11:06,1.325
1997-11-29 11:12,1.318
1997-11-29 11:18,1.311
1997-11-29 11:24,1.304
1997-11-29 11:30,1.298
1997-11-29 11:36,1.291
1997-11-29 11:42,1.285
1997-11-29 11:48,1.278
1997-11-29 11:54,1.272
1997-11-29 12:00,1.266
1997-11-29 12:06,1.260
1997-11-29 12:12,1.254
1997-11-29 12:18,1.249
1997-11-29 12:24,1.243
1997-11-29 12:30,1.238
1997-11-29 12:36,1.233
1997-11-29 12:42,1.228
1997-11-29 12:48,1.223
1997-11-29 12:54,1.219
1997-11-29 13:00,1.214
1997-11-29 13:06,1.210
1997-11-29 13:12,1.206
1997-11-29 13:18,1.203
1997-11-29 13:24,1.199
1997-11-29 13:30,1.196
1997-11-29 13:36,1.193
1997-11-29 13:42,1.190
1997-11-29 13:48,1.188
1997-11-29 13:54,1.186
1997-11-29 14:00,1.184
1997-11-29 14:06,1.182
1997-11-29 14:12,1.181
1997-11-29 14:18,1.180
1997-11-29 14:24,1.179
1997-11-29 14:30,1.179
1997-11-29 14:36,1.179
1997-11-29 14:42,1.179
1997-11-29 14:48,1.180
1997-11-29 14:54,1.181
1997-11-29 15:00,1.183
1997-11-29 15:06,1.185
1997-11-29 15:12,1.187
1997-11-29 15:18,1.190
1997-11-29 15:24,1.193
1997-11-29 15:30,1.196
1997-11-29 15:36,1.200
1997-11-29 15:42,1.204
1997-11-29 15:48,1.208
1997-11-29 15:54,1.213
1997-11-29 16:00,1.218
1997-11-29 16:06,1.223
1997-11-29 16:12,1.229
1997-11-29 16:18,1.235
1997-11-29 16:24,1.241
1997-11-29 16:30,1.247
1997-11-29 16:36,1.254
1997-11-29 16:42,1.261
1997-11-29 16:48,1.268
1997-11-29 16:54,1.275
1997-11-29 17:00,1.283
1997-11-29 17:06,1.290
1997-11-29 17:12,1.298
1997-11-29 17:18,1.305
1997-11-29 17:24,1.313
1997-11-29 17:30,1.321
1997-11-29 17:36,1.329
1997-11-29 17:42,1.337
1997-11-29 17:48,1.346
1997-11-29 17:54,1.354
1997-11-29 18:00,1.362
1997-11-29 18:06,1.370
1997-11-29 18:12,1.379
1997-11-29 18:18,1.387
1997-11-29 18:24,1.396
1997-11-29 18:30,1.404
1997-11-29 18:36,1.413
1997-11-29 18:42,1.421
1997-11-29 18:48,1.429
1997-11-29 18:54,1.438
1997-11-29 19:00,1.446
1997-11-29 19:06,1.455
1997-11-29 19:12,1.463
1997-11-29 19:18,1.471
1997-11-29 19:24,1.480
1997-11-29 19:30,1.488
1997-11-29 19:36,1.496
1997-11-29 19:42,1.504
1997-11-29 19:48,1.512
1997-11-29 19:54,1.520
1997-11-29 20:00,1.527
1997-11-29 20:06,1.535
1997-11-29 20:12,1.542
1997-11-29 20:18,1.549
1997-11-29 20:24,1.556
1997-11-29 20:30,1.563
1997-11-29 20:36,1.569
1997-11-29 20:42,1.575
1997-11-29 20:48,1.581
1997-11-29 20:54,1.587
1997-11-29 21:00,1.592
1997-11-29 21:06,1.597
1997-11-29 21:12,1.602
1997-11-29 21:18,1.607
1997-11-29 21:24,1.611
1997-11-29 21:30,1.615
1997-11-29 21:36,1.618
1997-11-29 21:42,1.622
1997-11-29 21:48,1.625
1997-11-29 21:54,1.628
1997-11-29 22:00,1.630
1997-11-29 22:06,1.632
1997-11-29 22:12,1.634
1997-11-29 22:18,1.636
1997-11-29 22:24,1.638
1997-11-29 22:30,1.639
1997-11-29 22:36,1.640
1997-11-29 22:42,1.641
1997-11-29 22:48,1.642
1997-11-29 22:54,1.642
1997-11-29 23:00,1.643
1997-11-29 23:06,1.643
1997-11-29 23:12,1.643
1997-11-29 23:18,1.643
1997-11-29 23:24,1.643
1997-11-29 23:30,1.643
1997-11-29 23:36,1.642
1997-11-29 23:42,1.642
1997-11-29 23:48,1.641
1997-11-29 23:54,1.641
1997-11-30 00:00,1.640
1997-11-30 00:06,1.639
1997-11-30 00:12,1.638
1997-11-30 00:18,1.637
1997-11-30 00:24,1.636
1997-11-30 00:30,1.635
1997-11-30 00:36,1.634
1997-11-30 00:42,1.633
1997-11-30 00:48,1.631
1997-11-30 00:54,1.630
1997-11-30 01:00,1.628
1997-11-30 01:06,1.627
1997-11-30 01:12,1.625
1997-11-30 01:18,1.623
1997-11-30 01:24,1.622
1997-11-30 01:30,1.620
1997-11-30 01:36,1.618
1997-11-30 01:42,1.616
1997-11-30 01:48,1.614
1997-11-30 01:54,1.612
1997-11-30 02:00,1.610
1997-11-30 02:06,1.608
1997-11-30 02:12,1.606
1997-11-30 02:18,1.604
1997-11-30 02:24,1.602
1997-11-30 02:30,1.600
1997-11-30 02:36,1.598
1997-11-30 02:42,1.596
1997-11-30 02:48,1.594
1997-11-30 02:54,1.593
1997-11-30 03:00,1.591
1997-11-30 03:06,1.589
1997-11-30 03:12,1.588
1997-11-30 03:18,1.586
1997-11-30 03:24,1.585
1997-11-30 03:30,1.584
1997-11-30 03:36,1.582
1997-11-30 03:42,1.581
1997-11-30 03:48,1.580
1997-11-30 03:54,1.579
1997-11-30 04:00,1.578
1997-11-30 04:06,1.578
1997-11-30 04:12,1.577
1997-11-30 04:18,1.576
1997-11-30 04:24,1.576
1997-11-30 04:30,1.575
1997-11-30 04:36,1.574
1997-11-30 04:42,1.574
1997-11-30 04:48,1.573
1997-11-30 04:54,1.573
1997-11-30 05:00,1.572
1997-11-30 05:06,1.572
1997-11-30 05:12,1.571
1997-11-30 05:18,1.570
1997-11-30 05:24,1.570
1997-11-30 05:30,1.569
1997-11-30 05:36,1.568
1997-11-30 05:42,1.567
1997-11-30 05:48,1.566
1997-11-30 05:54,1.565
1997-11-30 06:00,1.564
1997-11-30 06:06,1.563
1997-11-30 06:12,1.562
1997-11-30 06:18,1.561
1997-11-30 06:24,1.559
1997-11-30 06:30,1.558
1997-11-30 06:36,1.556
1997-11-30 06:42,1.555
1997-11-30 06:48,1.553
1997-11-30 06:54,1.551
1997-11-30 07:00,1.550
1997-11-30 07:06,1.548
1997-11-30 07:12,1.546
1997-11-30 07:18,1.544
1997-11-30 07:24,1.542
1997-11-30 07:30,1.539
1997-11-30 07:36,1.537
1997-11-30 07:42,1.534
1997-11-30 07:48,1.532
1997-11-30 07:54,1.529
1997-11-30 08:00,1.526
1997-11-30 08:06,1.523
1997-11-30 08:12,1.520
1997-11-30 08:18,1.517
1997-11-30 08:24,1.514
1997-11-30 08:30,1.510
1997-11-30 08:36,1.506
1997-11-30 08:42,1.502
1997-11-30 08:48,1.498
1997-11-30 08:54,1.494
1997-11-30 09:00,1.489
1997-11-30 09:06,1.484
1997-11-30 09:12,1.479
1997-11-30 09:18,1.474
1997-11-30 09:24,1.469
1997-11-30 09:30,1.463
1997-11-30 09:36,1.457
1997-11-30 09:42,1.451
1997-11-30 09:48,1.445
1997-11-30 09:54,1.439
1997-11-30 10:00,1.432
1997-11-30 10:06,1.425
1997-11-30 10:12,1.418
1997-11-30 10:18,1.411
1997-11-30 10:24,1.404
1997-11-30 10:30,1.396
1997-11-30 10:36,1.389
1997-11-30 10:42,1.381
1997-11-30 10:48,1.374
1997-11-30 10:54,1.366
1997-11-30 11:00,1.359
1997-11-30 11:06,1.351
1997-11-30 11:12,1.343
1997-11-30 11:18,1.335
1997-11-30 11:24,1.328
1997-11-30 11:30,1.320
1997-11-30 11:36,1.312
1997-11-30 11:42,1.305
1997-11-30 11:48,1.298
1997-11-30 11:54,1.290
1997-11-30 12:00,1.283
1997-11-30 12:06,1.276
1997-11-30 12:12,1.269
1997-11-30 12:18,1.262
1997-11-30 12:24,1.255
1997-11-30 12:30,1.249
1997-11-30 12:36,1.242
1997-11-30 12:42,1.236
1997-11-30 12:48,1.230
1997-11-30 12:54,1.224
1997-11-30 13:00,1.218
1997-11-30 13:06,1.213
1997-11-30 13:12,1.207
1997-11-30 13:18,1.202
1997-11-30 13:24,1.197
1997-11-30 13:30,1.192
1997-11-30 13:36,1.188
1997-11-30 13:42,1.183
1997-11-30 13:48,1.179
1997-11-30 13:54,1.175
1997-11-30 14:00,1.172
1997-11-30 14:06,1.168
1997-11-30 14:12,1.165
1997-11-30 14:18,1.163
1997-11-30 14:24,1.160
1997-11-30 14:30,1.158
1997-11-30 14:36,1.156
1997-11-30 14:42,1.155
1997-11-30 14:48,1.153
1997-11-30 14:54,1.153
1997-11-30 15:00,1.152
1997-11-30 15:06,1.152
1997-11-30 15:12,1.152
1997-11-30 15:18,1.153
1997-11-30 15:24,1.154
1997-11-30 15:30,1.155
1997-11-30 15:36,1.157
1997-11-30 15:42,1.159
1997-11-30 15:48,1.161
1997-11-30 15:54,1.164
1997-11-30 16:00,1.167
1997-11-30 16:06,1.171
1997-11-30 16:12,1.175
1997-11-30 16:18,1.179
1997-11-30 16:24,1.184
1997-11-30 16:30,1.189
1997-11-30 16:36,1.194
1997-11-30 16:42,1.200
1997-11-30 16:48,1.205
1997-11-30 16:54,1.212
1997-11-30 17:00,1.218
1997-11-30 17:06,1.225
1997-11-30 17:12,1.232
1997-11-30 17:18,1.239
1997-11-30 17:24,1.246
1997-11-30 17:30,1.254
1997-11-30 17:36,1.262
1997-11-30 17:42,1.270
1997-11-30 17:48,1.278
1997-11-30 17:54,1.286
1997-11-30 18:00,1.294
1997-11-30 18:06,1.303
1997-11-30 18:12,1.312
1997-11-30 18:18,1.320
1997-11-30 18:24,1.329
1997-11-30 18:30,1.338
1997-11-30 18:36,1.347
1997-11-30 18:42,1.356
1997-11-30 18:48,1.365
1997-11-30 18:54,1.375
1997-11-30 19:00,1.384
1997-11-30 19:06,1.393
1997-11-30 19:12,1.402
1997-11-30 19:18,1.412
1997-11-30 19:24,1.421
1997-11-30 19:30,1.430
1997-11-30 19:36,1.439
1997-11-30 19:42,1.449
1997-11-30 19:48,1.458
1997-11-30 19:54,1.467
1997-11-30 20:00,1.476
1997-11-30 20:06,1.485
1997-11-30 20:12,1.493
1997-11-30 20:18,1.502
1997-11-30 20:24,1.510
1997-11-30 20:30,1.519
1997-11-30 20:36,1.527
1997-11-30 20:42,1.535
1997-11-30 20:48,1.542
1997-11-30 20:54,1.550
1997-11-30 21:00,1.557
1997-11-30 21:06,1.564
1997-11-30 21:12,1.571
1997-11-30 21:18,1.577
1997-11-30 21:24,1.584
1997-11-30 21:30,1.590
1997-11-30 21:36,1.595
1997-11-30 21:42,1.601
1997-11-30 21:48,1.606
1997-11-30 21:54,1.610
1997-11-30 22:00,1.615
1997-11-30 22:06,1.619
1997-11-30 22:12,1.623
1997-11-30 22:18,1.627
1997-11-30 22:24,1.630
1997-11-30 22:30,1.633
1997-11-30 22:36,1.636
1997-11-30 22:42,1.639
1997-11-30 22:48,1.641
1997-11-30 22:54,1.643
1997-11-30 23:00,1.645
1997-11-30 23:06,1.647
1997-11-30 23:12,1.648
1997-11-30 23:18,1.650
1997-11-30 23:24,1.651
1997-11-30 23:30,1.652
1997-11-30 23:36,1.652
1997-11-30 23:42,1.653
1997-11-30 23:48,1.653
1997-11-30 23:54,1.654
1997-12-01 00:00,1.654
1997-12-01 00:06,1.654
1997-12-01 00:12,1.654
1997-12-01 00:18,1.653
1997-12-01 00:24,1.653
1997-12-01 00:30,1.652
1997-12-01 00:36,1.652
1997-12-01 00:42,1.651
1997-12-01 00:48,1.650
1997-12-01 00:54,1.650
1997-12-01 01:00,1.649
1997-12-01 01:06,1.648
1997-12-01 01:12,1.646
1997-12-01 01:18,1.645
1997-12-01 01:24,1.644
1997-12-01 01:30,1.642
1997-12-01 01:36,1.641
1997-12-01 01:42,1.639
1997-12-01 01:48,1.638
1997-12-01 01:54,1.636
1997-12-01 02:00,1.634
1997-12-01 02:06,1.633
1997-12-01 02:12,1.631
1997-12-01 02:18,1.629
1997-12-01 02:24,1.627
1997-12-01 02:30,1.625
1997-12-01 02:36,1.623
1997-12-01 02:42,1.621
1997-12-01 02:48,1.619
1997-12-01 02:54,1.617
1997-12-01 03:00,1.615
1997-12-01 03:06,1.613
1997-12-01 03:12,1.612
1997-12-01 03:18,1.610
1997-12-01 03:24,1.608
1997-12-01 03:30,1.606
1997-12-01 03:36,1.604
1997-12-01 03:42,1.603
1997-12-01 03:48,1.601
1997-12-01 03:54,1.599
1997-12-01 04:00,1.598
1997-12-01 04:06,1.596
1997-12-01 04:12,1.595
1997-12-01 04:18,1.594
1997-12-01 04:24,1.592
1997-12-01 04:30,1.591
1997-12-01 04:36,1.590
1997-12-01 04:42,1.589
1997-12-01 04:48,1.587
1997-12-01 04:54,1.586
1997-12-01 05:00,1.585
1997-12-01 05:06,1.584
1997-12-01 05:12,1.583
1997-12-01 05:18,1.582
1997-12-01 05:24,1.581
1997-12-01 05:30,1.580
1997-12-01 05:36,1.579
1997-12-01 05:42,1.578
1997-12-01 05:48,1.577
1997-12-01 05:54,1.576
1997-12-01 06:00,1.575
1997-12-01 06:06,1.574
1997-12-01 06:12,1.573
1997-12-01 06:18,1.572
1997-12-01 06:24,1.571
1997-12-01 06:30,1.570
1997-12-01 06:36,1.568
1997-12-01 06:42,1.567
1997-12-01 06:48,1.566
1997-12-01 06:54,1.565
1997-12-01 07:00,1.563
1997-12-01 07:06,1.562
1997-12-01 07:12,1.560
1997-12-01 07:18,1.558
1997-12-01 07:24,1.557
1997-12-01 07:30,1.555
1997-12-01 07:36,1.553
1997-12-01 07:42,1.551
1997-12-01 07:48,1.549
1997-12-01 07:54,1.547
1997-12-01 08:00,1.544
1997-12-01 08:06,1.542
1997-12-01 08:12,1.539
1997-12-01 08:18,1.537
1997-12-01 08:24,1.534
1997-12-01 08:30,1.531
1997-12-01 08:36,1.527
1997-12-01 08:42,1.524
1997-12-01 08:48,1.521
1997-12-01 08:54,1.517
1997-12-01 09:00,1.513
1997-12-01 09:06,1.509
1997-12-01 09:12,1.504
1997-12-01 09:18,1.500
1997-12-01 09:24,1.495
1997-12-01 09:30,1.490
1997-12-01 09:36,1.485
1997-12-01 09:42,1.480
1997-12-01 09:48,1.474
1997-12-01 09:54,1.469
1997-12-01 10:00,1.463
1997-12-01 10:06,1.457
1997-12-01 10:12,1.450
1997-12-01 10:18,1.444
1997-12-01 10:24,1.437
1997-12-01 10:30,1.431
1997-12-01 10:36,1.424
1997-12-01 10:42,1.417
1997-12-01 10:48,1.409
1997-12-01 10:54,1.402
1997-12-01 11:00,1.395
1997-12-01 11:06,1.387
1997-12-01 11:12,1.379
1997-12-01 11:18,1.372
1997-12-01 11:24,1.364
1997-12-01 11:30,1.356
1997-12-01 11:36,1.348
1997-12-01 11:42,1.340
1997-12-01 11:48,1.332
1997-12-01 11:54,1.324
1997-12-01 12:00,1.317
1997-12-01 12:06,1.309
1997-12-01 12:12,1.301
1997-12-01 12:18,1.293
1997-12-01 12:24,1.285
1997-12-01 12:30,1.278
1997-12-01 12:36,1.270
1997-12-01 12:42,1.263
1997-12-01 12:48,1.256
1997-12-01 12:54,1.248
1997-12-01 13:00,1.241
1997-12-01 13:06,1.235
1997-12-01 13:12,1.228
1997-12-01 13:18,1.221
1997-12-01 13:24,1.215
1997-12-01 13:30,1.209
1997-12-01 13:36,1.202
1997-12-01 13:42,1.197
1997-12-01 13:48,1.191
1997-12-01 13:54,1.186
1997-12-01 14:00,1.180
1997-12-01 14:06,1.175
1997-12-01 14:12,1.171
1997-12-01 14:18,1.166
1997-12-01 14:24,1.162
1997-12-01 14:30,1.158
1997-12-01 14:36,1.155
1997-12-01 14:42,1.151
1997-12-01 14:48,1.148
1997-12-01 14:54,1.145
1997-12-01 15:00,1.143
1997-12-01 15:06,1.141
1997-12-01 15:12,1.139
1997-12-01 15:18,1.138
1997-12-01 15:24,1.136
1997-12-01 15:30,1.136
1997-12-01 15:36,1.135
1997-12-01 15:42,1.135
1997-12-01 15:48,1.135
1997-12-01 15:54,1.136
1997-12-01 16:00,1.137
1997-12-01 16:06,1.138
1997-12-01 16:12,1.140
1997-12-01 16:18,1.142
1997-12-01 16:24,1.144
1997-12-01 16:30,1.147
1997-12-01 16:36,1.150
1997-12-01 16:42,1.153
1997-12-01 16:48,1.157
1997-12-01 16:54,1.161
1997-12-01 17:00,1.165
1997-12-01 17:06,1.170
1997-12-01 17:12,1.175
1997-12-01 17:18,1.180
1997-12-01 17:24,1.186
1997-12-01 17:30,1.192
1997-12-01 17:36,1.199
1997-12-01 17:42,1.205
1997-12-01 17:48,1.212
1997-12-01 17:54,1.219
1997-12-01 18:00,1.227
1997-12-01 18:06,1.234
1997-12-01 18:12,1.242
1997-12-01 18:18,1.250
1997-12-01 18:24,1.259
1997-12-01 18:30,1.267
1997-12-01 18:36,1.276
1997-12-01 18:42,1.285
1997-12-01 18:48,1.294
1997-12-01 18:54,1.303
1997-12-01 19:00,1.313
1997-12-01 19:06,1.322
1997-12-01 19:12,1.332
1997-12-01 19:18,1.341
1997-12-01 19:24,1.351
1997-12-01 19:30,1.361
1997-12-01 19:36,1.371
1997-12-01 19:42,1.381
1997-12-01 19:48,1.391
1997-12-01 19:54,1.400
1997-12-01 20:00,1.410
1997-12-01 20:06,1.420
1997-12-01 20:12,1.430
1997-12-01 20:18,1.439
1997-12-01 20:24,1.449
1997-12-01 20:30,1.458
1997-12-01 20:36,1.468
1997-12-01 20:42,1.477
1997-12-01 20:48,1.486
1997-12-01 20:54,1.495
1997-12-01 21:00,1.503
1997-12-01 21:06,1.512
1997-12-01 21:12,1.520
1997-12-01 21:18,1.528
1997-12-01 21:24,1.536
1997-12-01 21:30,1.544
1997-12-01 21:36,1.551
1997-12-01 21:42,1.558
1997-12-01 21:48,1.565
1997-12-01 21:54,1.572
1997-12-01 22:00,1.578
1997-12-01 22:06,1.584
1997-12-01 22:12,1.590
1997-12-01 22:18,1.596
1997-12-01 22:24,1.601
1997-12-01 22:30,1.607
1997-12-01 22:36,1.611
1997-12-01 22:42,1.616
1997-12-01 22:48,1.620
1997-12-01 22:54,1.624
1997-12-01 23:00,1.628
1997-12-01 23:06,1.632
1997-12-01 23:12,1.635
1997-12-01 23:18,1.638
1997-12-01 23:24,1.641
1997-12-01 23:30,1.644
1997-12-01 23:36,1.646
1997-12-01 23:42,1.648
1997-12-01 23:48,1.650
1997-12-01 23:54,1.652
1997-12-02 00:00,1.653
1997-12-02 00:06,1.654
1997-12-02 00:12,1.655
1997-12-02 00:18,1.656
1997-12-02 00:24,1.657
1997-12-02 00:30,1.657
1997-12-02 00:36,1.658
1997-12-02 00:42,1.658
1997-12-02 00:48,1.658
1997-12-02 00:54,1.658
1997-12-02 01:00,1.658
1997-12-02 01:06,1.657
1997-12-02 01:12,1.657
1997-12-02 01:18,1.656
1997-12-02 01:24,1.656
1997-12-02 01:30,1.655
1997-12-02 01:36,1.654
1997-12-02 01:42,1.653
1997-12-02 01:48,1.652
1997-12-02 01:54,1.651
1997-12-02 02:00,1.649
1997-12-02 02:06,1.648
1997-12-02 02:12,1.647
1997-12-02 02:18,1.645
1997-12-02 02:24,1.644
1997-12-02 02:30,1.642
1997-12-02 02:36,1.641
1997-12-02 02:42,1.639
1997-12-02 02:48,1.638
1997-12-02 02:54,1.636
1997-12-02 03:00,1.634
1997-12-02 03:06,1.633
1997-12-02 03:12,1.631
1997-12-02 03:18,1.629
1997-12-02 03:24,1.628
1997-12-02 03:30,1.626
1997-12-02 03:36,1.624
1997-12-02 03:42,1.622
1997-12-02 03:48,1.620
1997-12-02 03:54,1.619
1997-12-02 04:00,1.617
1997-12-02 04:06,1.615
1997-12-02 04:12,1.613
1997-12-02 04:18,1.611
1997-12-02 04:24,1.609
1997-12-02 04:30,1.608
1997-12-02 04:36,1.606
1997-12-02 04:42,1.604
1997-12-02 04:48,1.602
1997-12-02 04:54,1.601
1997-12-02 05:00,1.599
1997-12-02 05:06,1.597
1997-12-02 05:12,1.596
1997-12-02 05:18,1.594
1997-12-02 05:24,1.592
1997-12-02 05:30,1.591
1997-12-02 05:36,1.589
1997-12-02 05:42,1.588
1997-12-02 05:48,1.587
1997-12-02 05:54,1.585
1997-12-02 06:00,1.584
1997-12-02 06:06,1.583
1997-12-02 06:12,1.581
1997-12-02 06:18,1.580
1997-12-02 06:24,1.579
1997-12-02 06:30,1.578
1997-12-02 06:36,1.577
1997-12-02 06:42,1.575
1997-12-02 06:48,1.574
1997-12-02 06:54,1.573
1997-12-02 07:00,1.572
1997-12-02 07:06,1.571
1997-12-02 07:12,1.570
1997-12-02 07:18,1.569
1997-12-02 07:24,1.567
1997-12-02 07:30,1.566
1997-12-02 07:36,1.565
1997-12-02 07:42,1.563
1997-12-02 07:48,1.562
1997-12-02 07:54,1.560
1997-12-02 08:00,1.559
1997-12-02 08:06,1.557
1997-12-02 08:12,1.555
1997-12-02 08:18,1.553
1997-12-02 08:24,1.551
1997-12-02 08:30,1.548
1997-12-02 08:36,1.546
1997-12-02 08:42,1.543
1997-12-02 08:48,1.541
1997-12-02 08:54,1.538
1997-12-02 09:00,1.534
1997-12-02 09:06,1.531
1997-12-02 09:12,1.528
1997-12-02 09:18,1.524
1997-12-02 09:24,1.520
1997-12-02 09:30,1.516
1997-12-02 09:36,1.512
1997-12-02 09:42,1.507
1997-12-02 09:48,1.503
1997-12-02 09:54,1.498
1997-12-02 10:00,1.493
1997-12-02 10:06,1.488
1997-12-02 10:12,1.482
1997-12-02 10:18,1.477
1997-12-02 10:24,1.471
1997-12-02 10:30,1.465
1997-12-02 10:36,1.459
1997-12-02 10:42,1.453
1997-12-02 10:48,1.447
1997-12-02 10:54,1.441
1997-12-02 11:00,1.434
1997-12-02 11:06,1.427
1997-12-02 11:12,1.420
1997-12-02 11:18,1.413
1997-12-02 11:24,1.406
1997-12-02 11:30,1.399
1997-12-02 11:36,1.392
1997-12-02 11:42,1.384
1997-12-02 11:48,1.377
1997-12-02 11:54,1.369
1997-12-02 12:00,1.361
1997-12-02 12:06,1.354
1997-12-02 12:12,1.346
1997-12-02 12:18,1.338
1997-12-02 12:24,1.330
1997-12-02 12:30,1.322
1997-12-02 12:36,1.314
1997-12-02 12:42,1.307
1997-12-02 12:48,1.299
1997-12-02 12:54,1.291
1997-12-02 13:00,1.283
1997-12-02 13:06,1.275
1997-12-02 13:12,1.268
1997-12-02 13:18,1.260
1997-12-02 13:24,1.253
1997-12-02 13:30,1.245
1997-12-02 13:36,1.238
1997-12-02 13:42,1.231
1997-12-02 13:48,1.224
1997-12-02 13:54,1.217
1997-12-02 14:00,1.211
1997-12-02 14:06,1.205
1997-12-02 14:12,1.198
1997-12-02 14:18,1.192
1997-12-02 14:24,1.187
1997-12-02 14:30,1.181
1997-12-02 14:36,1.176
1997-12-02 14:42,1.171
1997-12-02 14:48,1.166
1997-12-02 14:54,1.162
1997-12-02 15:00,1.158
1997-12-02 15:06,1.154
1997-12-02 15:12,1.150
1997-12-02 15:18,1.147
1997-12-02 15:24,1.144
1997-12-02 15:30,1.141
1997-12-02 15:36,1.139
1997-12-02 15:42,1.137
1997-12-02 15:48,1.135
1997-12-02 15:54,1.133
1997-12-02 16:00,1.132
1997-12-02 16:06,1.131
1997-12-02 16:12,1.130
1997-12-02 16:18,1.130
1997-12-02 16:24,1.130
1997-12-02 16:30,1.130
1997-12-02 16:36,1.131
1997-12-02 16:42,1.132
1997-12-02 16:48,1.133
1997-12-02 16:54,1.134
1997-12-02 17:00,1.136
1997-12-02 17:06,1.138
1997-12-02 17:12,1.141
1997-12-02 17:18,1.144
1997-12-02 17:24,1.147
1997-12-02 17:30,1.150
1997-12-02 17:36,1.154
1997-12-02 17:42,1.158
1997-12-02 17:48,1.163
1997-12-02 17:54,1.168
1997-12-02 18:00,1.173
1997-12-02 18:06,1.179
1997-12-02 18:12,1.185
1997-12-02 18:18,1.191
1997-12-02 18:24,1.198
1997-12-02 18:30,1.205
1997-12-02 18:36,1.212
1997-12-02 18:42,1.219
1997-12-02 18:48,1.227
1997-12-02 18:54,1.235
1997-12-02 19:00,1.244
1997-12-02 19:06,1.252
1997-12-02 19:12,1.261
1997-12-02 19:18,1.270
1997-12-02 19:24,1.279
1997-12-02 19:30,1.288
1997-12-02 19:36,1.298
1997-12-02 19:42,1.308
1997-12-02 19:48,1.317
1997-12-02 19:54,1.327
1997-12-02 20:00,1.337
1997-12-02 20:06,1.347
1997-12-02 20:12,1.357
1997-12-02 20:18,1.367
1997-12-02 20:24,1.377
1997-12-02 20:30,1.387
1997-12-02 20:36,1.397
1997-12-02 20:42,1.407
1997-12-02 20:48,1.416
1997-12-02 20:54,1.426
1997-12-02 21:00,1.436
1997-12-02 21:06,1.445
1997-12-02 21:12,1.454
1997-12-02 21:18,1.463
1997-12-02 21:24,1.472
1997-12-02 21:30,1.481
1997-12-02 21:36,1.490
1997-12-02 21:42,1.498
1997-12-02 21:48,1.507
1997-12-02 21:54,1.515
1997-12-02 22:00,1.522
1997-12-02 22:06,1.530
1997-12-02 22:12,1.538
1997-12-02 22:18,1.545
1997-12-02 22:24,1.552
1997-12-02 22:30,1.559
1997-12-02 22:36,1.565
1997-12-02 22:42,1.572
1997-12-02 22:48,1.578
1997-12-02 22:54,1.584
1997-12-02 23:00,1.590
1997-12-02 23:06,1.595
1997-12-02 23:12,1.600
1997-12-02 23:18,1.605
1997-12-02 23:24,1.610
1997-12-02 23:30,1.615
1997-12-02 23:36,1.619
1997-12-02 23:42,1.623
1997-12-02 23:48,1.627
1997-12-02 23:54,1.630
1997-12-03 00:00,1.633
1997-12-03 00:06,1.636
1997-12-03 00:12,1.639
1997-12-03 00:18,1.642
1997-12-03 00:24,1.644
1997-12-03 00:30,1.646
1997-12-03 00:36,1.648
1997-12-03 00:42,1.649
1997-12-03 00:48,1.650
1997-12-03 00:54,1.652
1997-12-03 01:00,1.652
1997-12-03 01:06,1.653
1997-12-03 01:12,1.654
1997-12-03 01:18,1.654
1997-12-03 01:24,1.654
1997-12-03 01:30,1.654
1997-12-03 01:36,1.654
1997-12-03 01:42,1.654
1997-12-03 01:48,1.653
1997-12-03 01:54,1.653
1997-12-03 02:00,1.652
1997-12-03 02:06,1.652
1997-12-03 02:12,1.651
1997-12-03 02:18,1.650
1997-12-03 02:24,1.649
1997-12-03 02:30,1.648
1997-12-03 02:36,1.647
1997-12-03 02:42,1.646
1997-12-03 02:48,1.645
1997-12-03 02:54,1.644
1997-12-03 03:00,1.643
1997-12-03 03:06,1.641
1997-12-03 03:12,1.640
1997-12-03 03:18,1.639
1997-12-03 03:24,1.637
1997-12-03 03:30,1.636
1997-12-03 03:36,1.635
1997-12-03 03:42,1.633
1997-12-03 03:48,1.632
1997-12-03 03:54,1.630
1997-12-03 04:00,1.628
1997-12-03 04:06,1.627
1997-12-03 04:12,1.625
1997-12-03 04:18,1.623
1997-12-03 04:24,1.621
1997-12-03 04:30,1.620
1997-12-03 04:36,1.618
1997-12-03 04:42,1.616
1997-12-03 04:48,1.614
1997-12-03 04:54,1.612
1997-12-03 05:00,1.610
1997-12-03 05:06,1.608
1997-12-03 05:12,1.606
1997-12-03 05:18,1.604
1997-12-03 05:24,1.601
1997-12-03 05:30,1.599
1997-12-03 05:36,1.597
1997-12-03 05:42,1.595
1997-12-03 05:48,1.593
1997-12-03 05:54,1.591
1997-12-03 06:00,1.590
1997-12-03 06:06,1.588
1997-12-03 06:12,1.586
1997-12-03 06:18,1.584
1997-12-03 06:24,1.583
1997-12-03 06:30,1.581
1997-12-03 06:36,1.580
1997-12-03 06:42,1.578
1997-12-03 06:48,1.577
1997-12-03 06:54,1.576
1997-12-03 07:00,1.574
1997-12-03 07:06,1.573
1997-12-03 07:12,1.572
1997-12-03 07:18,1.571
1997-12-03 07:24,1.570
1997-12-03 07:30,1.569
1997-12-03 07:36,1.568
1997-12-03 07:42,1.567
1997-12-03 07:48,1.566
1997-12-03 07:54,1.565
1997-12-03 08:00,1.564
1997-12-03 08:06,1.563
1997-12-03 08:12,1.562
1997-12-03 08:18,1.561
1997-12-03 08:24,1.559
1997-12-03 08:30,1.558
1997-12-03 08:36,1.556
1997-12-03 08:42,1.555
1997-12-03 08:48,1.553
1997-12-03 08:54,1.551
1997-12-03 09:00,1.548
1997-12-03 09:06,1.546
1997-12-03 09:12,1.544
1997-12-03 09:18,1.541
1997-12-03 09:24,1.538
1997-12-03 09:30,1.535
1997-12-03 09:36,1.532
1997-12-03 09:42,1.528
1997-12-03 09:48,1.525
1997-12-03 09:54,1.521
1997-12-03 10:00,1.517
1997-12-03 10:06,1.513
1997-12-03 10:12,1.509
1997-12-03 10:18,1.505
1997-12-03 10:24,1.500
1997-12-03 10:30,1.496
1997-12-03 10:36,1.491
1997-12-03 10:42,1.486
1997-12-03 10:48,1.481
1997-12-03 10:54,1.475
1997-12-03 11:00,1.470
1997-12-03 11:06,1.465
1997-12-03 11:12,1.459
1997-12-03 11:18,1.453
1997-12-03 11:24,1.447
1997-12-03 11:30,1.441
1997-12-03 11:36,1.435
1997-12-03 11:42,1.429
1997-12-03 11:48,1.422
1997-12-03 11:54,1.416
1997-12-03 12:00,1.409
1997-12-03 12:06,1.403
1997-12-03 12:12,1.396
1997-12-03 12:18,1.389
1997-12-03 12:24,1.382
1997-12-03 12:30,1.374
1997-12-03 12:36,1.367
1997-12-03 12:42,1.360
1997-12-03 12:48,1.352
1997-12-03 12:54,1.345
1997-12-03 13:00,1.337
1997-12-03 13:06,1.330
1997-12-03 13:12,1.322
1997-12-03 13:18,1.314
1997-12-03 13:24,1.307
1997-12-03 13:30,1.299
1997-12-03 13:36,1.292
1997-12-03 13:42,1.284
1997-12-03 13:48,1.277
1997-12-03 13:54,1.269
1997-12-03 14:00,1.262
1997-12-03 14:06,1.255
1997-12-03 14:12,1.248
1997-12-03 14:18,1.241
1997-12-03 14:24,1.234
1997-12-03 14:30,1.227
1997-12-03 14:36,1.221
1997-12-03 14:42,1.215
1997-12-03 14:48,1.209
1997-12-03 14:54,1.203
1997-12-03 15:00,1.198
1997-12-03 15:06,1.192
1997-12-03 15:12,1.187
1997-12-03 15:18,1.182
1997-12-03 15:24,1.178
1997-12-03 15:30,1.173
1997-12-03 15:36,1.169
1997-12-03 15:42,1.165
1997-12-03 15:48,1.162
1997-12-03 15:54,1.158
1997-12-03 16:00,1.155
1997-12-03 16:06,1.153
1997-12-03 16:12,1.150
1997-12-03 16:18,1.148
1997-12-03 16:24,1.145
1997-12-03 16:30,1.144
1997-12-03 16:36,1.142
1997-12-03 16:42,1.141
1997-12-03 16:48,1.140
1997-12-03 16:54,1.139
1997-12-03 17:00,1.138
1997-12-03 17:06,1.138
1997-12-03 17:12,1.138
1997-12-03 17:18,1.138
1997-12-03 17:24,1.139
1997-12-03 17:30,1.139
1997-12-03 17:36,1.141
1997-12-03 17:42,1.142
1997-12-03 17:48,1.144
1997-12-03 17:54,1.146
1997-12-03 18:00,1.148
1997-12-03 18:06,1.151
1997-12-03 18:12,1.154
1997-12-03 18:18,1.158
1997-12-03 18:24,1.162
1997-12-03 18:30,1.166
1997-12-03 18:36,1.171
1997-12-03 18:42,1.176
1997-12-03 18:48,1.181
1997-12-03 18:54,1.187
1997-12-03 19:00,1.193
1997-12-03 19:06,1.199
1997-12-03 19:12,1.206
1997-12-03 19:18,1.213
1997-12-03 19:24,1.220
1997-12-03 19:30,1.228
1997-12-03 19:36,1.236
1997-12-03 19:42,1.244
1997-12-03 19:48,1.252
1997-12-03 19:54,1.261
1997-12-03 20:00,1.270
1997-12-03 20:06,1.279
1997-12-03 20:12,1.288
1997-12-03 20:18,1.297
1997-12-03 20:24,1.306
1997-12-03 20:30,1.316
1997-12-03 20:36,1.325
1997-12-03 20:42,1.335
1997-12-03 20:48,1.344
1997-12-03 20:54,1.354
1997-12-03 21:00,1.363
1997-12-03 21:06,1.373
1997-12-03 21:12,1.382
1997-12-03 21:18,1.392
1997-12-03 21:24,1.401
1997-12-03 21:30,1.410
1997-12-03 21:36,1.419
1997-12-03 21:42,1.428
1997-12-03 21:48,1.437
1997-12-03 21:54,1.446
1997-12-03 22:00,1.455
1997-12-03 22:06,1.463
1997-12-03 22:12,1.472
1997-12-03 22:18,1.480
1997-12-03 22:24,1.488
1997-12-03 22:30,1.496
1997-12-03 22:36,1.503
1997-12-03 22:42,1.511
1997-12-03 22:48,1.519
1997-12-03 22:54,1.526
1997-12-03 23:00,1.533
1997-12-03 23:06,1.540
1997-12-03 23:12,1.547
1997-12-03 23:18,1.553
1997-12-03 23:24,1.559
1997-12-03 23:30,1.566
1997-12-03 23:36,1.571
1997-12-03 23:42,1.577
1997-12-03 23:48,1.583
1997-12-03 23:54,1.588
1997-12-04 00:00,1.593
1997-12-04 00:06,1.598
1997-12-04 00:12,1.602
1997-12-04 00:18,1.607
1997-12-04 00:24,1.611
1997-12-04 00:30,1.614
1997-12-04 00:36,1.618
1997-12-04 00:42,1.621
1997-12-04 00:48,1.624
1997-12-04 00:54,1.627
1997-12-04 01:00,1.629
1997-12-04 01:06,1.631
1997-12-04 01:12,1.633
1997-12-04 01:18,1.635
1997-12-04 01:24,1.637
1997-12-04 01:30,1.638
1997-12-04 01:36,1.639
1997-12-04 01:42,1.640
1997-12-04 01:48,1.640
1997-12-04 01:54,1.641
1997-12-04 02:00,1.641
1997-12-04 02:06,1.641
1997-12-04 02:12,1.641
1997-12-04 02:18,1.641
1997-12-04 02:24,1.641
1997-12-04 02:30,1.641
1997-12-04 02:36,1.640
1997-12-04 02:42,1.640
1997-12-04 02:48,1.639
1997-12-04 02:54,1.639
1997-12-04 03:00,1.638
1997-12-04 03:06,1.637
1997-12-04 03:12,1.636
1997-12-04 03:18,1.635
1997-12-04 03:24,1.634
1997-12-04 03:30,1.633
1997-12-04 03:36,1.632
1997-12-04 03:42,1.631
1997-12-04 03:48,1.630
1997-12-04 03:54,1.629
1997-12-04 04:00,1.628
1997-12-04 04:06,1.626
1997-12-04 04:12,1.625
1997-12-04 04:18,1.623
1997-12-04 04:24,1.622
1997-12-04 04:30,1.620
1997-12-04 04:36,1.619
1997-12-04 04:42,1.617
1997-12-04 04:48,1.615
1997-12-04 04:54,1.613
1997-12-04 05:00,1.611
1997-12-04 05:06,1.609
1997-12-04 05:12,1.607
1997-12-04 05:18,1.605
1997-12-04 05:24,1.603
1997-12-04 05:30,1.600
1997-12-04 05:36,1.598
1997-12-04 05:42,1.596
1997-12-04 05:48,1.593
1997-12-04 05:54,1.591
1997-12-04 06:00,1.589
1997-12-04 06:06,1.587
1997-12-04 06:12,1.584
1997-12-04 06:18,1.582
1997-12-04 06:24,1.580
1997-12-04 06:30,1.578
1997-12-04 06:36,1.576
1997-12-04 06:42,1.574
1997-12-04 06:48,1.572
1997-12-04 06:54,1.570
1997-12-04 07:00,1.569
1997-12-04 07:06,1.567
1997-12-04 07:12,1.566
1997-12-04 07:18,1.564
1997-12-04 07:24,1.563
1997-12-04 07:30,1.562
1997-12-04 07:36,1.561
1997-12-04 07:42,1.560
1997-12-04 07:48,1.559
1997-12-04 07:54,1.558
1997-12-04 08:00,1.557
1997-12-04 08:06,1.556
1997-12-04 08:12,1.556
1997-12-04 08:18,1.555
1997-12-04 08:24,1.554
1997-12-04 08:30,1.553
1997-12-04 08:36,1.552
1997-12-04 08:42,1.551
1997-12-04 08:48,1.550
1997-12-04 08:54,1.549
1997-12-04 09:00,1.548
1997-12-04 09:06,1.546
1997-12-04 09:12,1.545
1997-12-04 09:18,1.543
1997-12-04 09:24,1.542
1997-12-04 09:30,1.540
1997-12-04 09:36,1.538
1997-12-04 09:42,1.536
1997-12-04 09:48,1.534
1997-12-04 09:54,1.531
1997-12-04 10:00,1.529
1997-12-04 10:06,1.526
1997-12-04 10:12,1.523
1997-12-04 10:18,1.520
1997-12-04 10:24,1.517
1997-12-04 10:30,1.514
1997-12-04 10:36,1.510
1997-12-04 10:42,1.507
1997-12-04 10:48,1.503
1997-12-04 10:54,1.499
1997-12-04 11:00,1.495
1997-12-04 11:06,1.491
1997-12-04 11:12,1.487
1997-12-04 11:18,1.483
1997-12-04 11:24,1.479
1997-12-04 11:30,1.474
1997-12-04 11:36,1.470
1997-12-04 11:42,1.465
1997-12-04 11:48,1.460
1997-12-04 11:54,1.455
1997-12-04 12:00,1.450
1997-12-04 12:06,1.445
1997-12-04 12:12,1.440
1997-12-04 12:18,1.434
1997-12-04 12:24,1.429
1997-12-04 12:30,1.423
1997-12-04 12:36,1.417
1997-12-04 12:42,1.412
1997-12-04 12:48,1.406
1997-12-04 12:54,1.399
1997-12-04 13:00,1.393
1997-12-04 13:06,1.387
1997-12-04 13:12,1.380
1997-12-04 13:18,1.374
1997-12-04 13:24,1.367
1997-12-04 13:30,1.360
1997-12-04 13:36,1.353
1997-12-04 13:42,1.346
1997-12-04 13:48,1.340
1997-12-04 13:54,1.333
1997-12-04 14:00,1.326
1997-12-04 14:06,1.319
1997-12-04 14:12,1.312
1997-12-04 14:18,1.305
1997-12-04 14:24,1.298
1997-12-04 14:30,1.291
1997-12-04 14:36,1.285
1997-12-04 14:42,1.278
1997-12-04 14:48,1.272
1997-12-04 14:54,1.265
1997-12-04 15:00,1.259
1997-12-04 15:06,1.253
1997-12-04 15:12,1.247
1997-12-04 15:18,1.241
1997-12-04 15:24,1.236
1997-12-04 15:30,1.230
1997-12-04 15:36,1.225
1997-12-04 15:42,1.220
1997-12-04 15:48,1.215
1997-12-04 15:54,1.211
1997-12-04 16:00,1.206
1997-12-04 16:06,1.202
1997-12-04 16:12,1.198
1997-12-04 16:18,1.194
1997-12-04 16:24,1.191
1997-12-04 16:30,1.187
1997-12-04 16:36,1.184
1997-12-04 16:42,1.181
1997-12-04 16:48,1.178
1997-12-04 16:54,1.175
1997-12-04 17:00,1.173
1997-12-04 17:06,1.171
1997-12-04 17:12,1.169
1997-12-04 17:18,1.167
1997-12-04 17:24,1.165
1997-12-04 17:30,1.164
1997-12-04 17:36,1.162
1997-12-04 17:42,1.162
1997-12-04 17:48,1.161
1997-12-04 17:54,1.160
1997-12-04 18:00,1.160
1997-12-04 18:06,1.160
1997-12-04 18:12,1.161
1997-12-04 18:18,1.162
1997-12-04 18:24,1.163
1997-12-04 18:30,1.164
1997-12-04 18:36,1.166
1997-12-04 18:42,1.168
1997-12-04 18:48,1.170
1997-12-04 18:54,1.173
1997-12-04 19:00,1.176
1997-12-04 19:06,1.179
1997-12-04 19:12,1.183
1997-12-04 19:18,1.187
1997-12-04 19:24,1.192
1997-12-04 19:30,1.196
1997-12-04 19:36,1.202
1997-12-04 19:42,1.207
1997-12-04 19:48,1.213
1997-12-04 19:54,1.219
1997-12-04 20:00,1.225
1997-12-04 20:06,1.232
1997-12-04 20:12,1.239
1997-12-04 20:18,1.246
1997-12-04 20:24,1.254
1997-12-04 20:30,1.261
1997-12-04 20:36,1.269
1997-12-04 20:42,1.277
1997-12-04 20:48,1.285
1997-12-04 20:54,1.293
1997-12-04 21:00,1.302
1997-12-04 21:06,1.310
1997-12-04 21:12,1.318
1997-12-04 21:18,1.327
1997-12-04 21:24,1.335
1997-12-04 21:30,1.344
1997-12-04 21:36,1.353
1997-12-04 21:42,1.361
1997-12-04 21:48,1.370
1997-12-04 21:54,1.378
1997-12-04 22:00,1.387
1997-12-04 22:06,1.395
1997-12-04 22:12,1.404
1997-12-04 22:18,1.412
1997-12-04 22:24,1.420
1997-12-04 22:30,1.428
1997-12-04 22:36,1.436
1997-12-04 22:42,1.444
1997-12-04 22:48,1.452
1997-12-04 22:54,1.460
1997-12-04 23:00,1.468
1997-12-04 23:06,1.475
1997-12-04 23:12,1.483
1997-12-04 23:18,1.490
1997-12-04 23:24,1.497
1997-12-04 23:30,1.504
1997-12-04 23:36,1.511
1997-12-04 23:42,1.518
1997-12-04 23:48,1.525
1997-12-04 23:54,1.531
1997-12-05 00:00,1.537
1997-12-05 00:06,1.543
1997-12-05 00:12,1.549
1997-12-05 00:18,1.555
1997-12-05 00:24,1.560
1997-12-05 00:30,1.565
1997-12-05 00:36,1.571
1997-12-05 00:42,1.575
1997-12-05 00:48,1.580
1997-12-05 00:54,1.584
1997-12-05 01:00,1.588
1997-12-05 01:06,1.592
1997-12-05 01:12,1.595
1997-12-05 01:18,1.599
1997-12-05 01:24,1.602
1997-12-05 01:30,1.605
1997-12-05 01:36,1.607
1997-12-05 01:42,1.609
1997-12-05 01:48,1.611
1997-12-05 01:54,1.613
1997-12-05 02:00,1.615
1997-12-05 02:06,1.616
1997-12-05 02:12,1.617
1997-12-05 02:18,1.618
1997-12-05 02:24,1.619
1997-12-05 02:30,1.620
1997-12-05 02:36,1.620
1997-12-05 02:42,1.620
1997-12-05 02:48,1.620
1997-12-05 02:54,1.620
1997-12-05 03:00,1.620
1997-12-05 03:06,1.620
1997-12-05 03:12,1.620
1997-12-05 03:18,1.619
1997-12-05 03:24,1.619
1997-12-05 03:30,1.618
1997-12-05 03:36,1.617
1997-12-05 03:42,1.617
1997-12-05 03:48,1.616
1997-12-05 03:54,1.615
1997-12-05 04:00,1.614
1997-12-05 04:06,1.613
1997-12-05 04:12,1.611
1997-12-05 04:18,1.610
1997-12-05 04:24,1.609
1997-12-05 04:30,1.607
1997-12-05 04:36,1.606
1997-12-05 04:42,1.604
1997-12-05 04:48,1.603
1997-12-05 04:54,1.601
1997-12-05 05:00,1.599
1997-12-05 05:06,1.597
1997-12-05 05:12,1.595
1997-12-05 05:18,1.593
1997-12-05 05:24,1.591
1997-12-05 05:30,1.589
1997-12-05 05:36,1.586
1997-12-05 05:42,1.584
1997-12-05 05:48,1.582
1997-12-05 05:54,1.579
1997-12-05 06:00,1.577
1997-12-05 06:06,1.574
1997-12-05 06:12,1.572
1997-12-05 06:18,1.569
1997-12-05 06:24,1.567
1997-12-05 06:30,1.564
1997-12-05 06:36,1.562
1997-12-05 06:42,1.560
1997-12-05 06:48,1.557
1997-12-05 06:54,1.555
1997-12-05 07:00,1.553
1997-12-05 07:06,1.551
1997-12-05 07:12,1.549
1997-12-05 07:18,1.547
1997-12-05 07:24,1.545
1997-12-05 07:30,1.544
1997-12-05 07:36,1.542
1997-12-05 07:42,1.540
1997-12-05 07:48,1.539
1997-12-05 07:54,1.538
1997-12-05 08:00,1.536
1997-12-05 08:06,1.535
1997-12-05 08:12,1.534
1997-12-05 08:18,1.533
1997-12-05 08:24,1.532
1997-12-05 08:30,1.532
1997-12-05 08:36,1.531
1997-12-05 08:42,1.530
1997-12-05 08:48,1.529
1997-12-05 08:54,1.529
1997-12-05 09:00,1.528
1997-12-05 09:06,1.527
1997-12-05 09:12,1.526
1997-12-05 09:18,1.525
1997-12-05 09:24,1.525
1997-12-05 09:30,1.524
1997-12-05 09:36,1.523
1997-12-05 09:42,1.522
1997-12-05 09:48,1.521
1997-12-05 09:54,1.519
1997-12-05 10:00,1.518
1997-12-05 10:06,1.517
1997-12-05 10:12,1.515
1997-12-05 10:18,1.514
1997-12-05 10:24,1.512
1997-12-05 10:30,1.511
1997-12-05 10:36,1.509
1997-12-05 10:42,1.507
1997-12-05 10:48,1.505
1997-12-05 10:54,1.503
1997-12-05 11:00,1.501
1997-12-05 11:06,1.498
1997-12-05 11:12,1.496
1997-12-05 11:18,1.493
1997-12-05 11:24,1.491
1997-12-05 11:30,1.488
1997-12-05 11:36,1.486
1997-12-05 11:42,1.483
1997-12-05 11:48,1.480
1997-12-05 11:54,1.477
1997-12-05 12:00,1.474
1997-12-05 12:06,1.470
1997-12-05 12:12,1.467
1997-12-05 12:18,1.464
1997-12-05 12:24,1.460
1997-12-05 12:30,1.456
1997-12-05 12:36,1.453
1997-12-05 12:42,1.449
1997-12-05 12:48,1.445
1997-12-05 12:54,1.441
1997-12-05 13:00,1.436
1997-12-05 13:06,1.432
1997-12-05 13:12,1.428
1997-12-05 13:18,1.423
1997-12-05 13:24,1.418
1997-12-05 13:30,1.413
1997-12-05 13:36,1.408
1997-12-05 13:42,1.403
1997-12-05 13:48,1.398
1997-12-05 13:54,1.393
1997-12-05 14:00,1.388
1997-12-05 14:06,1.382
1997-12-05 14:12,1.377
1997-12-05 14:18,1.371
1997-12-05 14:24,1.365
1997-12-05 14:30,1.360
1997-12-05 14:36,1.354
1997-12-05 14:42,1.348
1997-12-05 14:48,1.343
1997-12-05 14:54,1.337
1997-12-05 15:00,1.331
1997-12-05 15:06,1.326
1997-12-05 15:12,1.320
1997-12-05 15:18,1.315
1997-12-05 15:24,1.309
1997-12-05 15:30,1.304
1997-12-05 15:36,1.299
1997-12-05 15:42,1.293
1997-12-05 15:48,1.288
1997-12-05 15:54,1.283
1997-12-05 16:00,1.278
1997-12-05 16:06,1.274
1997-12-05 16:12,1.269
1997-12-05 16:18,1.264
1997-12-05 16:24,1.260
1997-12-05 16:30,1.256
1997-12-05 16:36,1.251
1997-12-05 16:42,1.247
1997-12-05 16:48,1.243
1997-12-05 16:54,1.240
1997-12-05 17:00,1.236
1997-12-05 17:06,1.233
1997-12-05 17:12,1.229
1997-12-05 17:18,1.226
1997-12-05 17:24,1.223
1997-12-05 17:30,1.220
1997-12-05 17:36,1.217
1997-12-05 17:42,1.215
1997-12-05 17:48,1.212
1997-12-05 17:54,1.210
1997-12-05 18:00,1.208
1997-12-05 18:06,1.206
1997-12-05 18:12,1.205
1997-12-05 18:18,1.203
1997-12-05 18:24,1.202
1997-12-05 18:30,1.201
1997-12-05 18:36,1.201
1997-12-05 18:42,1.200
1997-12-05 18:48,1.200
1997-12-05 18:54,1.200
1997-12-05 19:00,1.200
1997-12-05 19:06,1.201
1997-12-05 19:12,1.202
1997-12-05 19:18,1.203
1997-12-05 19:24,1.205
1997-12-05 19:30,1.206
1997-12-05 19:36,1.209
1997-12-05 19:42,1.211
1997-12-05 19:48,1.214
1997-12-05 19:54,1.217
1997-12-05 20:00,1.220
1997-12-05 20:06,1.224
1997-12-05 20:12,1.228
1997-12-05 20:18,1.232
1997-12-05 20:24,1.236
1997-12-05 20:30,1.241
1997-12-05 20:36,1.246
1997-12-05 20:42,1.251
1997-12-05 20:48,1.257
1997-12-05 20:54,1.262
1997-12-05 21:00,1.268
1997-12-05 21:06,1.274
1997-12-05 21:12,1.280
1997-12-05 21:18,1.287
1997-12-05 21:24,1.293
1997-12-05 21:30,1.300
1997-12-05 21:36,1.307
1997-12-05 21:42,1.314
1997-12-05 21:48,1.321
1997-12-05 21:54,1.328
1997-12-05 22:00,1.335
1997-12-05 22:06,1.342
1997-12-05 22:12,1.349
1997-12-05 22:18,1.357
1997-12-05 22:24,1.364
1997-12-05 22:30,1.371
1997-12-05 22:36,1.379
1997-12-05 22:42,1.386
1997-12-05 22:48,1.393
1997-12-05 22:54,1.401
1997-12-05 23:00,1.408
1997-12-05 23:06,1.415
1997-12-05 23:12,1.423
1997-12-05 23:18,1.430
1997-12-05 23:24,1.437
1997-12-05 23:30,1.444
1997-12-05 23:36,1.451
1997-12-05 23:42,1.458
1997-12-05 23:48,1.465
1997-12-05 23:54,1.471
1997-12-06 00:00,1.478
1997-12-06 00:06,1.484
1997-12-06 00:12,1.491
1997-12-06 00:18,1.497
1997-12-06 00:24,1.503
1997-12-06 00:30,1.509
1997-12-06 00:36,1.515
1997-12-06 00:42,1.520
1997-12-06 00:48,1.526
1997-12-06 00:54,1.531
1997-12-06 01:00,1.536
1997-12-06 01:06,1.541
1997-12-06 01:12,1.546
1997-12-06 01:18,1.550
1997-12-06 01:24,1.554
1997-12-06 01:30,1.558
1997-12-06 01:36,1.562
1997-12-06 01:42,1.566
1997-12-06 01:48,1.569
1997-12-06 01:54,1.572
1997-12-06 02:00,1.575
1997-12-06 02:06,1.578
1997-12-06 02:12,1.580
1997-12-06 02:18,1.582
1997-12-06 02:24,1.584
1997-12-06 02:30,1.586
1997-12-06 02:36,1.588
1997-12-06 02:42,1.589
1997-12-06 02:48,1.590
1997-12-06 02:54,1.591
1997-12-06 03:00,1.592
1997-12-06 03:06,1.592
1997-12-06 03:12,1.593
1997-12-06 03:18,1.593
1997-12-06 03:24,1.593
1997-12-06 03:30,1.593
1997-12-06 03:36,1.593
1997-12-06 03:42,1.592
1997-12-06 03:48,1.592
1997-12-06 03:54,1.591
1997-12-06 04:00,1.590
1997-12-06 04:06,1.589
1997-12-06 04:12,1.588
1997-12-06 04:18,1.587
1997-12-06 04:24,1.586
1997-12-06 04:30,1.585
1997-12-06 04:36,1.583
1997-12-06 04:42,1.581
1997-12-06 04:48,1.580
1997-12-06 04:54,1.578
1997-12-06 05:00,1.576
1997-12-06 05:06,1.574
1997-12-06 05:12,1.572
1997-12-06 05:18,1.570
1997-12-06 05:24,1.567
1997-12-06 05:30,1.565
1997-12-06 05:36,1.563
1997-12-06 05:42,1.560
1997-12-06 05:48,1.558
1997-12-06 05:54,1.555
1997-12-06 06:00,1.553
1997-12-06 06:06,1.550
1997-12-06 06:12,1.547
1997-12-06 06:18,1.545
1997-12-06 06:24,1.542
1997-12-06 06:30,1.539
1997-12-06 06:36,1.536
1997-12-06 06:42,1.534
1997-12-06 06:48,1.531
1997-12-06 06:54,1.528
1997-12-06 07:00,1.526
1997-12-06 07:06,1.523
1997-12-06 07:12,1.521
1997-12-06 07:18,1.518
1997-12-06 07:24,1.516
1997-12-06 07:30,1.514
1997-12-06 07:36,1.511
1997-12-06 07:42,1.509
1997-12-06 07:48,1.507
1997-12-06 07:54,1.505
1997-12-06 08:00,1.503
1997-12-06 08:06,1.502
1997-12-06 08:12,1.500
1997-12-06 08:18,1.498
1997-12-06 08:24,1.497
1997-12-06 08:30,1.495
1997-12-06 08:36,1.494
1997-12-06 08:42,1.493
1997-12-06 08:48,1.492
1997-12-06 08:54,1.490
1997-12-06 09:00,1.489
1997-12-06 09:06,1.489
1997-12-06 09:12,1.488
1997-12-06 09:18,1.487
1997-12-06 09:24,1.486
1997-12-06 09:30,1.485
1997-12-06 09:36,1.485
1997-12-06 09:42,1.484
1997-12-06 09:48,1.484
1997-12-06 09:54,1.483
1997-12-06 10:00,1.482
1997-12-06 10:06,1.482
1997-12-06 10:12,1.481
1997-12-06 10:18,1.481
1997-12-06 10:24,1.480
1997-12-06 10:30,1.480
1997-12-06 10:36,1.479
1997-12-06 10:42,1.479
1997-12-06 10:48,1.478
1997-12-06 10:54,1.478
1997-12-06 11:00,1.477
1997-12-06 11:06,1.477
1997-12-06 11:12,1.476
1997-12-06 11:18,1.475
1997-12-06 11:24,1.474
1997-12-06 11:30,1.474
1997-12-06 11:36,1.473
1997-12-06 11:42,1.472
1997-12-06 11:48,1.471
1997-12-06 11:54,1.470
1997-12-06 12:00,1.469
1997-12-06 12:06,1.468
1997-12-06 12:12,1.467
1997-12-06 12:18,1.465
1997-12-06 12:24,1.464
1997-12-06 12:30,1.463
1997-12-06 12:36,1.461
1997-12-06 12:42,1.460
1997-12-06 12:48,1.458
1997-12-06 12:54,1.456
1997-12-06 13:00,1.454
1997-12-06 13:06,1.452
1997-12-06 13:12,1.450
1997-12-06 13:18,1.448
1997-12-06 13:24,1.446
1997-12-06 13:30,1.443
1997-12-06 13:36,1.441
1997-12-06 13:42,1.438
1997-12-06 13:48,1.436
1997-12-06 13:54,1.433
1997-12-06 14:00,1.430
1997-12-06 14:06,1.427
1997-12-06 14:12,1.424
1997-12-06 14:18,1.421
1997-12-06 14:24,1.418
1997-12-06 14:30,1.414
1997-12-06 14:36,1.411
1997-12-06 14:42,1.407
1997-12-06 14:48,1.404
1997-12-06 14:54,1.400
1997-12-06 15:00,1.397
1997-12-06 15:06,1.393
1997-12-06 15:12,1.389
1997-12-06 15:18,1.385
1997-12-06 15:24,1.381
1997-12-06 15:30,1.377
1997-12-06 15:36,1.373
1997-12-06 15:42,1.369
1997-12-06 15:48,1.365
1997-12-06 15:54,1.361
1997-12-06 16:00,1.357
1997-12-06 16:06,1.353
1997-12-06 16:12,1.349
1997-12-06 16:18,1.345
1997-12-06 16:24,1.341
1997-12-06 16:30,1.337
1997-12-06 16:36,1.333
1997-12-06 16:42,1.329
1997-12-06 16:48,1.325
1997-12-06 16:54,1.321
1997-12-06 17:00,1.317
1997-12-06 17:06,1.313
1997-12-06 17:12,1.310
1997-12-06 17:18,1.306
1997-12-06 17:24,1.302
1997-12-06 17:30,1.299
1997-12-06 17:36,1.296
1997-12-06 17:42,1.292
1997-12-06 17:48,1.289
1997-12-06 17:54,1.286
1997-12-06 18:00,1.283
1997-12-06 18:06,1.280
1997-12-06 18:12,1.277
1997-12-06 18:18,1.275
1997-12-06 18:24,1.272
1997-12-06 18:30,1.270
1997-12-06 18:36,1.268
1997-12-06 18:42,1.266
1997-12-06 18:48,1.264
1997-12-06 18:54,1.263
1997-12-06 19:00,1.261
1997-12-06 19:06,1.260
1997-12-06 19:12,1.259
1997-12-06 19:18,1.258
1997-12-06 19:24,1.258
1997-12-06 19:30,1.257
1997-12-06 19:36,1.257
1997-12-06 19:42,1.257
1997-12-06 19:48,1.257
1997-12-06 19:54,1.258
1997-12-06 20:00,1.258
1997-12-06 20:06,1.259
1997-12-06 20:12,1.260
1997-12-06 20:18,1.262
1997-12-06 20:24,1.263
1997-12-06 20:30,1.265
1997-12-06 20:36,1.267
1997-12-06 20:42,1.269
1997-12-06 20:48,1.271
1997-12-06 20:54,1.274
1997-12-06 21:00,1.277
1997-12-06 21:06,1.280
1997-12-06 21:12,1.283
1997-12-06 21:18,1.286
1997-12-06 21:24,1.290
1997-12-06 21:30,1.294
1997-12-06 21:36,1.298
1997-12-06 21:42,1.302
1997-12-06 21:48,1.306
1997-12-06 21:54,1.311
1997-12-06 22:00,1.316
1997-12-06 22:06,1.320
1997-12-06 22:12,1.325
1997-12-06 22:18,1.331
1997-12-06 22:24,1.336
1997-12-06 22:30,1.341
1997-12-06 22:36,1.347
1997-12-06 22:42,1.352
1997-12-06 22:48,1.358
1997-12-06 22:54,1.364
1997-12-06 23:00,1.370
1997-12-06 23:06,1.376
1997-12-06 23:12,1.382
1997-12-06 23:18,1.388
1997-12-06 23:24,1.394
1997-12-06 23:30,1.400
1997-12-06 23:36,1.406
1997-12-06 23:42,1.412
1997-12-06 23:48,1.418
1997-12-06 23:54,1.424
1997-12-07 00:00,1.430
1997-12-07 00:06,1.436
1997-12-07 00:12,1.442
1997-12-07 00:18,1.448
1997-12-07 00:24,1.453
1997-12-07 00:30,1.459
1997-12-07 00:36,1.465
1997-12-07 00:42,1.470
1997-12-07 00:48,1.476
1997-12-07 00:54,1.481
1997-12-07 01:00,1.486
1997-12-07 01:06,1.491
1997-12-07 01:12,1.496
1997-12-07 01:18,1.501
1997-12-07 01:24,1.506
1997-12-07 01:30,1.510
1997-12-07 01:36,1.514
1997-12-07 01:42,1.519
1997-12-07 01:48,1.523
1997-12-07 01:54,1.526
1997-12-07 02:00,1.530
1997-12-07 02:06,1.534
1997-12-07 02:12,1.537
1997-12-07 02:18,1.540
1997-12-07 02:24,1.543
1997-12-07 02:30,1.546
1997-12-07 02:36,1.548
1997-12-07 02:42,1.551
1997-12-07 02:48,1.553
1997-12-07 02:54,1.555
1997-12-07 03:00,1.557
1997-12-07 03:06,1.558
1997-12-07 03:12,1.560
1997-12-07 03:18,1.561
1997-12-07 03:24,1.562
1997-12-07 03:30,1.562
1997-12-07 03:36,1.563
1997-12-07 03:42,1.563
1997-12-07 03:48,1.563
1997-12-07 03:54,1.563
1997-12-07 04:00,1.563
1997-12-07 04:06,1.562
1997-12-07 04:12,1.562
1997-12-07 04:18,1.561
1997-12-07 04:24,1.560
1997-12-07 04:30,1.558
1997-12-07 04:36,1.557
1997-12-07 04:42,1.555
1997-12-07 04:48,1.554
1997-12-07 04:54,1.552
1997-12-07 05:00,1.549
1997-12-07 05:06,1.547
1997-12-07 05:12,1.545
1997-12-07 05:18,1.542
1997-12-07 05:24,1.540
1997-12-07 05:30,1.537
1997-12-07 05:36,1.534
1997-12-07 05:42,1.531
1997-12-07 05:48,1.528
1997-12-07 05:54,1.525
1997-12-07 06:00,1.522
1997-12-07 06:06,1.519
1997-12-07 06:12,1.516
1997-12-07 06:18,1.513
1997-12-07 06:24,1.510
1997-12-07 06:30,1.506
1997-12-07 06:36,1.503
1997-12-07 06:42,1.500
1997-12-07 06:48,1.497
1997-12-07 06:54,1.494
1997-12-07 07:00,1.491
1997-12-07 07:06,1.487
1997-12-07 07:12,1.484
1997-12-07 07:18,1.481
1997-12-07 07:24,1.478
1997-12-07 07:30,1.475
1997-12-07 07:36,1.472
1997-12-07 07:42,1.470
1997-12-07 07:48,1.467
1997-12-07 07:54,1.464
1997-12-07 08:00,1.461
1997-12-07 08:06,1.459
1997-12-07 08:12,1.456
1997-12-07 08:18,1.454
1997-12-07 08:24,1.451
1997-12-07 08:30,1.449
1997-12-07 08:36,1.447
1997-12-07 08:42,1.445
1997-12-07 08:48,1.443
1997-12-07 08:54,1.441
1997-12-07 09:00,1.439
1997-12-07 09:06,1.437
1997-12-07 09:12,1.435
1997-12-07 09:18,1.434
1997-12-07 09:24,1.432
1997-12-07 09:30,1.431
1997-12-07 09:36,1.430
1997-12-07 09:42,1.429
1997-12-07 09:48,1.428
1997-12-07 09:54,1.427
1997-12-07 10:00,1.426
1997-12-07 10:06,1.425
1997-12-07 10:12,1.425
1997-12-07 10:18,1.424
1997-12-07 10:24,1.424
1997-12-07 10:30,1.424
1997-12-07 10:36,1.424
1997-12-07 10:42,1.424
1997-12-07 10:48,1.424
1997-12-07 10:54,1.424
1997-12-07 11:00,1.424
1997-12-07 11:06,1.425
1997-12-07 11:12,1.425
1997-12-07 11:18,1.426
1997-12-07 11:24,1.426
1997-12-07 11:30,1.427
1997-12-07 11:36,1.428
1997-12-07 11:42,1.428
1997-12-07 11:48,1.429
1997-12-07 11:54,1.430
1997-12-07 12:00,1.430
1997-12-07 12:06,1.431
1997-12-07 12:12,1.432
1997-12-07 12:18,1.433
1997-12-07 12:24,1.433
1997-12-07 12:30,1.434
1997-12-07 12:36,1.435
1997-12-07 12:42,1.435
1997-12-07 12:48,1.436
1997-12-07 12:54,1.436
1997-12-07 13:00,1.437
1997-12-07 13:06,1.437
1997-12-07 13:12,1.438
1997-12-07 13:18,1.438
1997-12-07 13:24,1.438
1997-12-07 13:30,1.439
1997-12-07 13:36,1.439
1997-12-07 13:42,1.439
1997-12-07 13:48,1.439
1997-12-07 13:54,1.439
1997-12-07 14:00,1.439
1997-12-07 14:06,1.439
1997-12-07 14:12,1.438
1997-12-07 14:18,1.438
1997-12-07 14:24,1.438
1997-12-07 14:30,1.437
1997-12-07 14:36,1.437
1997-12-07 14:42,1.436
1997-12-07 14:48,1.436
1997-12-07 14:54,1.435
1997-12-07 15:00,1.434
1997-12-07 15:06,1.434
1997-12-07 15:12,1.433
1997-12-07 15:18,1.432
1997-12-07 15:24,1.430
1997-12-07 15:30,1.429
1997-12-07 15:36,1.428
1997-12-07 15:42,1.427
1997-12-07 15:48,1.425
1997-12-07 15:54,1.423
1997-12-07 16:00,1.422
1997-12-07 16:06,1.420
1997-12-07 16:12,1.418
1997-12-07 16:18,1.416
1997-12-07 16:24,1.413
1997-12-07 16:30,1.411
1997-12-07 16:36,1.409
1997-12-07 16:42,1.406
1997-12-07 16:48,1.404
1997-12-07 16:54,1.401
1997-12-07 17:00,1.398
1997-12-07 17:06,1.396
1997-12-07 17:12,1.393
1997-12-07 17:18,1.390
1997-12-07 17:24,1.387
1997-12-07 17:30,1.384
1997-12-07 17:36,1.381
1997-12-07 17:42,1.378
1997-12-07 17:48,1.375
1997-12-07 17:54,1.373
1997-12-07 18:00,1.370
1997-12-07 18:06,1.367
1997-12-07 18:12,1.364
1997-12-07 18:18,1.361
1997-12-07 18:24,1.359
1997-12-07 18:30,1.356
1997-12-07 18:36,1.354
1997-12-07 18:42,1.351
1997-12-07 18:48,1.349
1997-12-07 18:54,1.347
1997-12-07 19:00,1.345
1997-12-07 19:06,1.343
1997-12-07 19:12,1.341
1997-12-07 19:18,1.339
1997-12-07 19:24,1.338
1997-12-07 19:30,1.336
1997-12-07 19:36,1.335
1997-12-07 19:42,1.334
1997-12-07 19:48,1.332
1997-12-07 19:54,1.331
1997-12-07 20:00,1.330
1997-12-07 20:06,1.330
1997-12-07 20:12,1.329
1997-12-07 20:18,1.328
1997-12-07 20:24,1.328
1997-12-07 20:30,1.327
1997-12-07 20:36,1.327
1997-12-07 20:42,1.327
1997-12-07 20:48,1.327
1997-12-07 20:54,1.327
1997-12-07 21:00,1.327
1997-12-07 21:06,1.328
1997-12-07 21:12,1.328
1997-12-07 21:18,1.329
1997-12-07 21:24,1.330
1997-12-07 21:30,1.331
1997-12-07 21:36,1.332
1997-12-07 21:42,1.333
1997-12-07 21:48,1.334
1997-12-07 21:54,1.336
1997-12-07 22:00,1.338
1997-12-07 22:06,1.340
1997-12-07 22:12,1.342
1997-12-07 22:18,1.344
1997-12-07 22:24,1.347
1997-12-07 22:30,1.349
1997-12-07 22:36,1.352
1997-12-07 22:42,1.355
1997-12-07 22:48,1.358
1997-12-07 22:54,1.362
1997-12-07 23:00,1.365
1997-12-07 23:06,1.369
1997-12-07 23:12,1.372
1997-12-07 23:18,1.376
1997-12-07 23:24,1.380
1997-12-07 23:30,1.384
1997-12-07 23:36,1.389
1997-12-07 23:42,1.393
1997-12-07 23:48,1.397
1997-12-07 23:54,1.402
1997-12-08 00:00,1.406
1997-12-08 00:06,1.411
1997-12-08 00:12,1.415
1997-12-08 00:18,1.420
1997-12-08 00:24,1.425
1997-12-08 00:30,1.429
1997-12-08 00:36,1.434
1997-12-08 00:42,1.438
1997-12-08 00:48,1.443
1997-12-08 00:54,1.447
1997-12-08 01:00,1.452
1997-12-08 01:06,1.456
1997-12-08 01:12,1.460
1997-12-08 01:18,1.465
1997-12-08 01:24,1.469
1997-12-08 01:30,1.473
1997-12-08 01:36,1.477
1997-12-08 01:42,1.481
1997-12-08 01:48,1.485
1997-12-08 01:54,1.488
1997-12-08 02:00,1.492
1997-12-08 02:06,1.495
1997-12-08 02:12,1.499
1997-12-08 02:18,1.502
1997-12-08 02:24,1.505
1997-12-08 02:30,1.509
1997-12-08 02:36,1.512
1997-12-08 02:42,1.514
1997-12-08 02:48,1.517
1997-12-08 02:54,1.520
1997-12-08 03:00,1.522
1997-12-08 03:06,1.524
1997-12-08 03:12,1.526
1997-12-08 03:18,1.528
1997-12-08 03:24,1.530
1997-12-08 03:30,1.532
1997-12-08 03:36,1.533
1997-12-08 03:42,1.534
1997-12-08 03:48,1.535
1997-12-08 03:54,1.536
1997-12-08 04:00,1.536
1997-12-08 04:06,1.536
1997-12-08 04:12,1.536
1997-12-08 04:18,1.536
1997-12-08 04:24,1.535
1997-12-08 04:30,1.535
1997-12-08 04:36,1.533
1997-12-08 04:42,1.532
1997-12-08 04:48,1.531
1997-12-08 04:54,1.529
1997-12-08 05:00,1.527
1997-12-08 05:06,1.525
1997-12-08 05:12,1.522
1997-12-08 05:18,1.520
1997-12-08 05:24,1.517
1997-12-08 05:30,1.514
1997-12-08 05:36,1.511
1997-12-08 05:42,1.507
1997-12-08 05:48,1.504
1997-12-08 05:54,1.500
1997-12-08 06:00,1.497
1997-12-08 06:06,1.493
1997-12-08 06:12,1.489
1997-12-08 06:18,1.485
1997-12-08 06:24,1.481
1997-12-08 06:30,1.477
1997-12-08 06:36,1.473
1997-12-08 06:42,1.469
1997-12-08 06:48,1.465
1997-12-08 06:54,1.461
1997-12-08 07:00,1.457
1997-12-08 07:06,1.453
1997-12-08 07:12,1.449
1997-12-08 07:18,1.445
1997-12-08 07:24,1.441
1997-12-08 07:30,1.437
1997-12-08 07:36,1.434
1997-12-08 07:42,1.430
1997-12-08 07:48,1.426
1997-12-08 07:54,1.422
1997-12-08 08:00,1.419
1997-12-08 08:06,1.415
1997-12-08 08:12,1.412
1997-12-08 08:18,1.408
1997-12-08 08:24,1.405
1997-12-08 08:30,1.401
1997-12-08 08:36,1.398
1997-12-08 08:42,1.395
1997-12-08 08:48,1.392
1997-12-08 08:54,1.388
1997-12-08 09:00,1.385
1997-12-08 09:06,1.382
1997-12-08 09:12,1.379
1997-12-08 09:18,1.377
1997-12-08 09:24,1.374
1997-12-08 09:30,1.371
1997-12-08 09:36,1.369
1997-12-08 09:42,1.367
1997-12-08 09:48,1.364
1997-12-08 09:54,1.362
1997-12-08 10:00,1.360
1997-12-08 10:06,1.359
1997-12-08 10:12,1.357
1997-12-08 10:18,1.356
1997-12-08 10:24,1.355
1997-12-08 10:30,1.354
1997-12-08 10:36,1.353
1997-12-08 10:42,1.352
1997-12-08 10:48,1.352
1997-12-08 10:54,1.352
1997-12-08 11:00,1.352
1997-12-08 11:06,1.352
1997-12-08 11:12,1.352
1997-12-08 11:18,1.353
1997-12-08 11:24,1.354
1997-12-08 11:30,1.355
1997-12-08 11:36,1.356
1997-12-08 11:42,1.357
1997-12-08 11:48,1.358
1997-12-08 11:54,1.360
1997-12-08 12:00,1.361
1997-12-08 12:06,1.363
1997-12-08 12:12,1.365
1997-12-08 12:18,1.367
1997-12-08 12:24,1.369
1997-12-08 12:30,1.371
1997-12-08 12:36,1.373
1997-12-08 12:42,1.376
1997-12-08 12:48,1.378
1997-12-08 12:54,1.380
1997-12-08 13:00,1.383
1997-12-08 13:06,1.385
1997-12-08 13:12,1.387
1997-12-08 13:18,1.390
1997-12-08 13:24,1.392
1997-12-08 13:30,1.395
1997-12-08 13:36,1.397
1997-12-08 13:42,1.400
1997-12-08 13:48,1.402
1997-12-08 13:54,1.405
1997-12-08 14:00,1.407
1997-12-08 14:06,1.409
1997-12-08 14:12,1.412
1997-12-08 14:18,1.414
1997-12-08 14:24,1.417
1997-12-08 14:30,1.419
1997-12-08 14:36,1.422
1997-12-08 14:42,1.424
1997-12-08 14:48,1.427
1997-12-08 14:54,1.429
1997-12-08 15:00,1.431
1997-12-08 15:06,1.434
1997-12-08 15:12,1.436
1997-12-08 15:18,1.438
1997-12-08 15:24,1.440
1997-12-08 15:30,1.442
1997-12-08 15:36,1.444
1997-12-08 15:42,1.446
1997-12-08 15:48,1.448
1997-12-08 15:54,1.449
1997-12-08 16:00,1.451
1997-12-08 16:06,1.452
1997-12-08 16:12,1.453
1997-12-08 16:18,1.455
1997-12-08 16:24,1.455
1997-12-08 16:30,1.456
1997-12-08 16:36,1.457
1997-12-08 16:42,1.457
1997-12-08 16:48,1.457
1997-12-08 16:54,1.457
1997-12-08 17:00,1.457
1997-12-08 17:06,1.457
1997-12-08 17:12,1.457
1997-12-08 17:18,1.456
1997-12-08 17:24,1.455
1997-12-08 17:30,1.454
1997-12-08 17:36,1.453
1997-12-08 17:42,1.452
1997-12-08 17:48,1.451
1997-12-08 17:54,1.449
1997-12-08 18:00,1.448
1997-12-08 18:06,1.446
1997-12-08 18:12,1.445
1997-12-08 18:18,1.443
1997-12-08 18:24,1.442
1997-12-08 18:30,1.440
1997-12-08 18:36,1.438
1997-12-08 18:42,1.436
1997-12-08 18:48,1.435
1997-12-08 18:54,1.433
1997-12-08 19:00,1.431
1997-12-08 19:06,1.430
1997-12-08 19:12,1.428
1997-12-08 19:18,1.427
1997-12-08 19:24,1.425
1997-12-08 19:30,1.424
1997-12-08 19:36,1.422
1997-12-08 19:42,1.421
1997-12-08 19:48,1.420
1997-12-08 19:54,1.418
1997-12-08 20:00,1.417
1997-12-08 20:06,1.416
1997-12-08 20:12,1.415
1997-12-08 20:18,1.413
1997-12-08 20:24,1.412
1997-12-08 20:30,1.411
1997-12-08 20:36,1.410
1997-12-08 20:42,1.409
1997-12-08 20:48,1.408
1997-12-08 20:54,1.407
1997-12-08 21:00,1.406
1997-12-08 21:06,1.404
1997-12-08 21:12,1.403
1997-12-08 21:18,1.402
1997-12-08 21:24,1.402
1997-12-08 21:30,1.401
1997-12-08 21:36,1.400
1997-12-08 21:42,1.399
1997-12-08 21:48,1.398
1997-12-08 21:54,1.398
1997-12-08 22:00,1.397
1997-12-08 22:06,1.397
1997-12-08 22:12,1.396
1997-12-08 22:18,1.396
1997-12-08 22:24,1.396
1997-12-08 22:30,1.396
1997-12-08 22:36,1.396
1997-12-08 22:42,1.396
1997-12-08 22:48,1.397
1997-12-08 22:54,1.397
1997-12-08 23:00,1.398
1997-12-08 23:06,1.399
1997-12-08 23:12,1.400
1997-12-08 23:18,1.402
1997-12-08 23:24,1.403
1997-12-08 23:30,1.405
1997-12-08 23:36,1.406
1997-12-08 23:42,1.408
1997-12-08 23:48,1.410
1997-12-08 23:54,1.412
1997-12-09 00:00,1.415
1997-12-09 00:06,1.417
1997-12-09 00:12,1.420
1997-12-09 00:18,1.422
1997-12-09 00:24,1.425
1997-12-09 00:30,1.428
1997-12-09 00:36,1.430
1997-12-09 00:42,1.433
1997-12-09 00:48,1.436
1997-12-09 00:54,1.439
1997-12-09 01:00,1.442
1997-12-09 01:06,1.445
1997-12-09 01:12,1.448
1997-12-09 01:18,1.451
1997-12-09 01:24,1.454
1997-12-09 01:30,1.457
1997-12-09 01:36,1.460
1997-12-09 01:42,1.463
1997-12-09 01:48,1.466
1997-12-09 01:54,1.469
1997-12-09 02:00,1.471
1997-12-09 02:06,1.474
1997-12-09 02:12,1.477
1997-12-09 02:18,1.480
1997-12-09 02:24,1.482
1997-12-09 02:30,1.485
1997-12-09 02:36,1.488
1997-12-09 02:42,1.490
1997-12-09 02:48,1.493
1997-12-09 02:54,1.495
1997-12-09 03:00,1.498
1997-12-09 03:06,1.500
1997-12-09 03:12,1.502
1997-12-09 03:18,1.504
1997-12-09 03:24,1.506
1997-12-09 03:30,1.508
1997-12-09 03:36,1.510
1997-12-09 03:42,1.511
1997-12-09 03:48,1.513
1997-12-09 03:54,1.514
1997-12-09 04:00,1.515
1997-12-09 04:06,1.516
1997-12-09 04:12,1.516
1997-12-09 04:18,1.517
1997-12-09 04:24,1.517
1997-12-09 04:30,1.517
1997-12-09 04:36,1.516
1997-12-09 04:42,1.516
1997-12-09 04:48,1.515
1997-12-09 04:54,1.514
1997-12-09 05:00,1.512
1997-12-09 05:06,1.510
1997-12-09 05:12,1.508
1997-12-09 05:18,1.506
1997-12-09 05:24,1.504
1997-12-09 05:30,1.501
1997-12-09 05:36,1.498
1997-12-09 05:42,1.495
1997-12-09 05:48,1.491
1997-12-09 05:54,1.487
1997-12-09 06:00,1.484
1997-12-09 06:06,1.480
1997-12-09 06:12,1.475
1997-12-09 06:18,1.471
1997-12-09 06:24,1.466
1997-12-09 06:30,1.462
1997-12-09 06:36,1.457
1997-12-09 06:42,1.452
1997-12-09 06:48,1.447
1997-12-09 06:54,1.442
1997-12-09 07:00,1.437
1997-12-09 07:06,1.432
1997-12-09 07:12,1.427
1997-12-09 07:18,1.422
1997-12-09 07:24,1.417
1997-12-09 07:30,1.412
1997-12-09 07:36,1.407
1997-12-09 07:42,1.402
1997-12-09 07:48,1.397
1997-12-09 07:54,1.392
1997-12-09 08:00,1.387
1997-12-09 08:06,1.383
1997-12-09 08:12,1.378
1997-12-09 08:18,1.373
1997-12-09 08:24,1.368
1997-12-09 08:30,1.364
1997-12-09 08:36,1.359
1997-12-09 08:42,1.354
1997-12-09 08:48,1.350
1997-12-09 08:54,1.345
1997-12-09 09:00,1.341
1997-12-09 09:06,1.336
1997-12-09 09:12,1.332
1997-12-09 09:18,1.328
1997-12-09 09:24,1.324
1997-12-09 09:30,1.320
1997-12-09 09:36,1.316
1997-12-09 09:42,1.312
1997-12-09 09:48,1.308
1997-12-09 09:54,1.304
1997-12-09 10:00,1.301
1997-12-09 10:06,1.298
1997-12-09 10:12,1.294
1997-12-09 10:18,1.291
1997-12-09 10:24,1.289
1997-12-09 10:30,1.286
1997-12-09 10:36,1.284
1997-12-09 10:42,1.282
1997-12-09 10:48,1.280
1997-12-09 10:54,1.278
1997-12-09 11:00,1.277
1997-12-09 11:06,1.275
1997-12-09 11:12,1.275
1997-12-09 11:18,1.274
1997-12-09 11:24,1.274
1997-12-09 11:30,1.273
1997-12-09 11:36,1.274
1997-12-09 11:42,1.274
1997-12-09 11:48,1.275
1997-12-09 11:54,1.276
1997-12-09 12:00,1.277
1997-12-09 12:06,1.278
1997-12-09 12:12,1.280
1997-12-09 12:18,1.282
1997-12-09 12:24,1.284
1997-12-09 12:30,1.286
1997-12-09 12:36,1.289
1997-12-09 12:42,1.291
1997-12-09 12:48,1.294
1997-12-09 12:54,1.297
1997-12-09 13:00,1.300
1997-12-09 13:06,1.304
1997-12-09 13:12,1.307
1997-12-09 13:18,1.311
1997-12-09 13:24,1.314
1997-12-09 13:30,1.318
1997-12-09 13:36,1.322
1997-12-09 13:42,1.326
1997-12-09 13:48,1.330
1997-12-09 13:54,1.334
1997-12-09 14:00,1.339
1997-12-09 14:06,1.343
1997-12-09 14:12,1.347
1997-12-09 14:18,1.352
1997-12-09 14:24,1.356
1997-12-09 14:30,1.361
1997-12-09 14:36,1.366
1997-12-09 14:42,1.370
1997-12-09 14:48,1.375
1997-12-09 14:54,1.380
1997-12-09 15:00,1.385
1997-12-09 15:06,1.390
1997-12-09 15:12,1.395
1997-12-09 15:18,1.400
1997-12-09 15:24,1.405
1997-12-09 15:30,1.410
1997-12-09 15:36,1.415
1997-12-09 15:42,1.420
1997-12-09 15:48,1.425
1997-12-09 15:54,1.430
1997-12-09 16:00,1.434
1997-12-09 16:06,1.439
1997-12-09 16:12,1.444
1997-12-09 16:18,1.448
1997-12-09 16:24,1.452
1997-12-09 16:30,1.457
1997-12-09 16:36,1.461
1997-12-09 16:42,1.464
1997-12-09 16:48,1.468
1997-12-09 16:54,1.472
1997-12-09 17:00,1.475
1997-12-09 17:06,1.478
1997-12-09 17:12,1.481
1997-12-09 17:18,1.484
1997-12-09 17:24,1.486
1997-12-09 17:30,1.488
1997-12-09 17:36,1.490
1997-12-09 17:42,1.492
1997-12-09 17:48,1.494
1997-12-09 17:54,1.495
1997-12-09 18:00,1.497
1997-12-09 18:06,1.498
1997-12-09 18:12,1.499
1997-12-09 18:18,1.499
1997-12-09 18:24,1.500
1997-12-09 18:30,1.500
1997-12-09 18:36,1.501
1997-12-09 18:42,1.501
1997-12-09 18:48,1.501
1997-12-09 18:54,1.501
1997-12-09 19:00,1.501
1997-12-09 19:06,1.501
1997-12-09 19:12,1.501
1997-12-09 19:18,1.500
1997-12-09 19:24,1.500
1997-12-09 19:30,1.500
1997-12-09 19:36,1.499
1997-12-09 19:42,1.499
1997-12-09 19:48,1.498
1997-12-09 19:54,1.498
1997-12-09 20:00,1.497
1997-12-09 20:06,1.497
1997-12-09 20:12,1.496
1997-12-09 20:18,1.495
1997-12-09 20:24,1.494
1997-12-09 20:30,1.494
1997-12-09 20:36,1.493
1997-12-09 20:42,1.492
1997-12-09 20:48,1.491
1997-12-09 20:54,1.490
1997-12-09 21:00,1.489
1997-12-09 21:06,1.488
1997-12-09 21:12,1.487
1997-12-09 21:18,1.485
1997-12-09 21:24,1.484
1997-12-09 21:30,1.483
1997-12-09 21:36,1.481
1997-12-09 21:42,1.480
1997-12-09 21:48,1.478
1997-12-09 21:54,1.477
1997-12-09 22:00,1.475
1997-12-09 22:06,1.473
1997-12-09 22:12,1.472
1997-12-09 22:18,1.470
1997-12-09 22:24,1.469
1997-12-09 22:30,1.467
1997-12-09 22:36,1.466
1997-12-09 22:42,1.464
1997-12-09 22:48,1.463
1997-12-09 22:54,1.461
1997-12-09 23:00,1.460
1997-12-09 23:06,1.459
1997-12-09 23:12,1.458
1997-12-09 23:18,1.457
1997-12-09 23:24,1.456
1997-12-09 23:30,1.456
1997-12-09 23:36,1.455
1997-12-09 23:42,1.455
1997-12-09 23:48,1.454
1997-12-09 23:54,1.454
1997-12-10 00:00,1.454
1997-12-10 00:06,1.454
1997-12-10 00:12,1.454
1997-12-10 00:18,1.455
1997-12-10 00:24,1.455
1997-12-10 00:30,1.456
1997-12-10 00:36,1.456
1997-12-10 00:42,1.457
1997-12-10 00:48,1.458
1997-12-10 00:54,1.459
1997-12-10 01:00,1.460
1997-12-10 01:06,1.461
1997-12-10 01:12,1.462
1997-12-10 01:18,1.463
1997-12-10 01:24,1.465
1997-12-10 01:30,1.466
1997-12-10 01:36,1.467
1997-12-10 01:42,1.469
1997-12-10 01:48,1.470
1997-12-10 01:54,1.472
1997-12-10 02:00,1.473
1997-12-10 02:06,1.475
1997-12-10 02:12,1.476
1997-12-10 02:18,1.478
1997-12-10 02:24,1.480
1997-12-10 02:30,1.481
1997-12-10 02:36,1.483
1997-12-10 02:42,1.485
1997-12-10 02:48,1.486
1997-12-10 02:54,1.488
1997-12-10 03:00,1.490
1997-12-10 03:06,1.491
1997-12-10 03:12,1.493
1997-12-10 03:18,1.494
1997-12-10 03:24,1.496
1997-12-10 03:30,1.498
1997-12-10 03:36,1.499
1997-12-10 03:42,1.500
1997-12-10 03:48,1.502
1997-12-10 03:54,1.503
1997-12-10 04:00,1.504
1997-12-10 04:06,1.505
1997-12-10 04:12,1.506
1997-12-10 04:18,1.507
1997-12-10 04:24,1.507
1997-12-10 04:30,1.508
1997-12-10 04:36,1.508
1997-12-10 04:42,1.508
1997-12-10 04:48,1.507
1997-12-10 04:54,1.507
1997-12-10 05:00,1.506
1997-12-10 05:06,1.505
1997-12-10 05:12,1.504
1997-12-10 05:18,1.502
1997-12-10 05:24,1.501
1997-12-10 05:30,1.499
1997-12-10 05:36,1.496
1997-12-10 05:42,1.494
1997-12-10 05:48,1.491
1997-12-10 05:54,1.488
1997-12-10 06:00,1.484
1997-12-10 06:06,1.480
1997-12-10 06:12,1.477
1997-12-10 06:18,1.472
1997-12-10 06:24,1.468
1997-12-10 06:30,1.464
1997-12-10 06:36,1.459
1997-12-10 06:42,1.454
1997-12-10 06:48,1.449
1997-12-10 06:54,1.443
1997-12-10 07:00,1.438
1997-12-10 07:06,1.432
1997-12-10 07:12,1.427
1997-12-10 07:18,1.421
1997-12-10 07:24,1.415
1997-12-10 07:30,1.409
1997-12-10 07:36,1.403
1997-12-10 07:42,1.397
1997-12-10 07:48,1.391
1997-12-10 07:54,1.385
1997-12-10 08:00,1.379
1997-12-10 08:06,1.373
1997-12-10 08:12,1.367
1997-12-10 08:18,1.360
1997-12-10 08:24,1.354
1997-12-10 08:30,1.348
1997-12-10 08:36,1.342
1997-12-10 08:42,1.336
1997-12-10 08:48,1.330
1997-12-10 08:54,1.324
1997-12-10 09:00,1.318
1997-12-10 09:06,1.312
1997-12-10 09:12,1.306
1997-12-10 09:18,1.300
1997-12-10 09:24,1.294
1997-12-10 09:30,1.288
1997-12-10 09:36,1.283
1997-12-10 09:42,1.277
1997-12-10 09:48,1.272
1997-12-10 09:54,1.266
1997-12-10 10:00,1.261
1997-12-10 10:06,1.256
1997-12-10 10:12,1.251
1997-12-10 10:18,1.246
1997-12-10 10:24,1.241
1997-12-10 10:30,1.237
1997-12-10 10:36,1.232
1997-12-10 10:42,1.228
1997-12-10 10:48,1.224
1997-12-10 10:54,1.221
1997-12-10 11:00,1.217
1997-12-10 11:06,1.214
1997-12-10 11:12,1.211
1997-12-10 11:18,1.209
1997-12-10 11:24,1.206
1997-12-10 11:30,1.204
1997-12-10 11:36,1.203
1997-12-10 11:42,1.201
1997-12-10 11:48,1.200
1997-12-10 11:54,1.199
1997-12-10 12:00,1.199
1997-12-10 12:06,1.198
1997-12-10 12:12,1.198
1997-12-10 12:18,1.199
1997-12-10 12:24,1.199
1997-12-10 12:30,1.200
1997-12-10 12:36,1.202
1997-12-10 12:42,1.203
1997-12-10 12:48,1.205
1997-12-10 12:54,1.207
1997-12-10 13:00,1.210
1997-12-10 13:06,1.213
1997-12-10 13:12,1.216
1997-12-10 13:18,1.219
1997-12-10 13:24,1.222
1997-12-10 13:30,1.226
1997-12-10 13:36,1.230
1997-12-10 13:42,1.234
1997-12-10 13:48,1.238
1997-12-10 13:54,1.243
1997-12-10 14:00,1.248
1997-12-10 14:06,1.253
1997-12-10 14:12,1.258
1997-12-10 14:18,1.263
1997-12-10 14:24,1.269
1997-12-10 14:30,1.274
1997-12-10 14:36,1.280
1997-12-10 14:42,1.286
1997-12-10 14:48,1.293
1997-12-10 14:54,1.299
1997-12-10 15:00,1.305
1997-12-10 15:06,1.312
1997-12-10 15:12,1.319
1997-12-10 15:18,1.325
1997-12-10 15:24,1.332
1997-12-10 15:30,1.339
1997-12-10 15:36,1.346
1997-12-10 15:42,1.354
1997-12-10 15:48,1.361
1997-12-10 15:54,1.368
1997-12-10 16:00,1.375
1997-12-10 16:06,1.382
1997-12-10 16:12,1.390
1997-12-10 16:18,1.397
1997-12-10 16:24,1.404
1997-12-10 16:30,1.411
1997-12-10 16:36,1.418
1997-12-10 16:42,1.425
1997-12-10 16:48,1.432
1997-12-10 16:54,1.438
1997-12-10 17:00,1.445
1997-12-10 17:06,1.451
1997-12-10 17:12,1.458
1997-12-10 17:18,1.464
1997-12-10 17:24,1.470
1997-12-10 17:30,1.475
1997-12-10 17:36,1.481
1997-12-10 17:42,1.486
1997-12-10 17:48,1.491
1997-12-10 17:54,1.496
1997-12-10 18:00,1.501
1997-12-10 18:06,1.505
1997-12-10 18:12,1.509
1997-12-10 18:18,1.513
1997-12-10 18:24,1.517
1997-12-10 18:30,1.521
1997-12-10 18:36,1.524
1997-12-10 18:42,1.527
1997-12-10 18:48,1.530
1997-12-10 18:54,1.533
1997-12-10 19:00,1.536
1997-12-10 19:06,1.538
1997-12-10 19:12,1.540
1997-12-10 19:18,1.542
1997-12-10 19:24,1.544
1997-12-10 19:30,1.546
1997-12-10 19:36,1.548
1997-12-10 19:42,1.549
1997-12-10 19:48,1.551
1997-12-10 19:54,1.552
1997-12-10 20:00,1.553
1997-12-10 20:06,1.554
1997-12-10 20:12,1.555
1997-12-10 20:18,1.555
1997-12-10 20:24,1.556
1997-12-10 20:30,1.556
1997-12-10 20:36,1.557
1997-12-10 20:42,1.557
1997-12-10 20:48,1.557
1997-12-10 20:54,1.557
1997-12-10 21:00,1.557
1997-12-10 21:06,1.556
1997-12-10 21:12,1.556
1997-12-10 21:18,1.555
1997-12-10 21:24,1.555
1997-12-10 21:30,1.554
1997-12-10 21:36,1.553
1997-12-10 21:42,1.552
1997-12-10 21:48,1.551
1997-12-10 21:54,1.550
1997-12-10 22:00,1.549
1997-12-10 22:06,1.547
1997-12-10 22:12,1.546
1997-12-10 22:18,1.544
1997-12-10 22:24,1.543
1997-12-10 22:30,1.541
1997-12-10 22:36,1.539
1997-12-10 22:42,1.537
1997-12-10 22:48,1.535
1997-12-10 22:54,1.533
1997-12-10 23:00,1.532
1997-12-10 23:06,1.530
1997-12-10 23:12,1.528
1997-12-10 23:18,1.526
1997-12-10 23:24,1.524
1997-12-10 23:30,1.522
1997-12-10 23:36,1.520
1997-12-10 23:42,1.518
1997-12-10 23:48,1.516
1997-12-10 23:54,1.515
1997-12-11 00:00,1.513
1997-12-11 00:06,1.511
1997-12-11 00:12,1.510
1997-12-11 00:18,1.508
1997-12-11 00:24,1.507
1997-12-11 00:30,1.506
1997-12-11 00:36,1.504
1997-12-11 00:42,1.503
1997-12-11 00:48,1.502
1997-12-11 00:54,1.501
1997-12-11 01:00,1.500
1997-12-11 01:06,1.499
1997-12-11 01:12,1.498
1997-12-11 01:18,1.498
1997-12-11 01:24,1.497
1997-12-11 01:30,1.497
1997-12-11 01:36,1.496
1997-12-11 01:42,1.496
1997-12-11 01:48,1.496
1997-12-11 01:54,1.496
1997-12-11 02:00,1.496
1997-12-11 02:06,1.496
1997-12-11 02:12,1.496
1997-12-11 02:18,1.496
1997-12-11 02:24,1.496
1997-12-11 02:30,1.496
1997-12-11 02:36,1.497
1997-12-11 02:42,1.497
1997-12-11 02:48,1.498
1997-12-11 02:54,1.498
1997-12-11 03:00,1.499
1997-12-11 03:06,1.500
1997-12-11 03:12,1.500
1997-12-11 03:18,1.501
1997-12-11 03:24,1.502
1997-12-11 03:30,1.502
1997-12-11 03:36,1.503
1997-12-11 03:42,1.504
1997-12-11 03:48,1.505
1997-12-11 03:54,1.505
1997-12-11 04:00,1.506
1997-12-11 04:06,1.507
1997-12-11 04:12,1.507
1997-12-11 04:18,1.508
1997-12-11 04:24,1.508
1997-12-11 04:30,1.509
1997-12-11 04:36,1.509
1997-12-11 04:42,1.509
1997-12-11 04:48,1.509
1997-12-11 04:54,1.509
1997-12-11 05:00,1.508
1997-12-11 05:06,1.508
1997-12-11 05:12,1.507
1997-12-11 05:18,1.506
1997-12-11 05:24,1.505
1997-12-11 05:30,1.504
1997-12-11 05:36,1.502
1997-12-11 05:42,1.501
1997-12-11 05:48,1.499
1997-12-11 05:54,1.496
1997-12-11 06:00,1.494
1997-12-11 06:06,1.491
1997-12-11 06:12,1.488
1997-12-11 06:18,1.485
1997-12-11 06:24,1.481
1997-12-11 06:30,1.478
1997-12-11 06:36,1.474
1997-12-11 06:42,1.469
1997-12-11 06:48,1.465
1997-12-11 06:54,1.460
1997-12-11 07:00,1.455
1997-12-11 07:06,1.450
1997-12-11 07:12,1.445
1997-12-11 07:18,1.439
1997-12-11 07:24,1.434
1997-12-11 07:30,1.428
1997-12-11 07:36,1.422
1997-12-11 07:42,1.415
1997-12-11 07:48,1.409
1997-12-11 07:54,1.402
1997-12-11 08:00,1.396
1997-12-11 08:06,1.389
1997-12-11 08:12,1.382
1997-12-11 08:18,1.375
1997-12-11 08:24,1.368
1997-12-11 08:30,1.361
1997-12-11 08:36,1.353
1997-12-11 08:42,1.346
1997-12-11 08:48,1.339
1997-12-11 08:54,1.331
1997-12-11 09:00,1.324
1997-12-11 09:06,1.316
1997-12-11 09:12,1.309
1997-12-11 09:18,1.302
1997-12-11 09:24,1.294
1997-12-11 09:30,1.287
1997-12-11 09:36,1.279
1997-12-11 09:42,1.272
1997-12-11 09:48,1.265
1997-12-11 09:54,1.258
1997-12-11 10:00,1.251
1997-12-11 10:06,1.244
1997-12-11 10:12,1.237
1997-12-11 10:18,1.230
1997-12-11 10:24,1.223
1997-12-11 10:30,1.217
1997-12-11 10:36,1.211
1997-12-11 10:42,1.205
1997-12-11 10:48,1.199
1997-12-11 10:54,1.193
1997-12-11 11:00,1.187
1997-12-11 11:06,1.182
1997-12-11 11:12,1.177
1997-12-11 11:18,1.172
1997-12-11 11:24,1.168
1997-12-11 11:30,1.163
1997-12-11 11:36,1.159
1997-12-11 11:42,1.155
1997-12-11 11:48,1.152
1997-12-11 11:54,1.149
1997-12-11 12:00,1.146
1997-12-11 12:06,1.143
1997-12-11 12:12,1.141
1997-12-11 12:18,1.139
1997-12-11 12:24,1.137
1997-12-11 12:30,1.136
1997-12-11 12:36,1.135
1997-12-11 12:42,1.134
1997-12-11 12:48,1.134
1997-12-11 12:54,1.134
1997-12-11 13:00,1.134
1997-12-11 13:06,1.135
1997-12-11 13:12,1.136
1997-12-11 13:18,1.138
1997-12-11 13:24,1.139
1997-12-11 13:30,1.141
1997-12-11 13:36,1.144
1997-12-11 13:42,1.147
1997-12-11 13:48,1.150
1997-12-11 13:54,1.153
1997-12-11 14:00,1.157
1997-12-11 14:06,1.161
1997-12-11 14:12,1.165
1997-12-11 14:18,1.170
1997-12-11 14:24,1.175
1997-12-11 14:30,1.180
1997-12-11 14:36,1.186
1997-12-11 14:42,1.192
1997-12-11 14:48,1.198
1997-12-11 14:54,1.204
1997-12-11 15:00,1.211
1997-12-11 15:06,1.218
1997-12-11 15:12,1.225
1997-12-11 15:18,1.232
1997-12-11 15:24,1.240
1997-12-11 15:30,1.248
1997-12-11 15:36,1.255
1997-12-11 15:42,1.263
1997-12-11 15:48,1.272
1997-12-11 15:54,1.280
1997-12-11 16:00,1.288
1997-12-11 16:06,1.297
1997-12-11 16:12,1.306
1997-12-11 16:18,1.314
1997-12-11 16:24,1.323
1997-12-11 16:30,1.332
1997-12-11 16:36,1.341
1997-12-11 16:42,1.349
1997-12-11 16:48,1.358
1997-12-11 16:54,1.367
1997-12-11 17:00,1.376
1997-12-11 17:06,1.385
1997-12-11 17:12,1.393
1997-12-11 17:18,1.402
1997-12-11 17:24,1.410
1997-12-11 17:30,1.419
1997-12-11 17:36,1.427
1997-12-11 17:42,1.435
1997-12-11 17:48,1.443
1997-12-11 17:54,1.451
1997-12-11 18:00,1.459
1997-12-11 18:06,1.466
1997-12-11 18:12,1.474
1997-12-11 18:18,1.481
1997-12-11 18:24,1.488
1997-12-11 18:30,1.495
1997-12-11 18:36,1.501
1997-12-11 18:42,1.508
1997-12-11 18:48,1.514
1997-12-11 18:54,1.520
1997-12-11 19:00,1.526
1997-12-11 19:06,1.532
1997-12-11 19:12,1.537
1997-12-11 19:18,1.542
1997-12-11 19:24,1.547
1997-12-11 19:30,1.552
1997-12-11 19:36,1.556
1997-12-11 19:42,1.560
1997-12-11 19:48,1.564
1997-12-11 19:54,1.568
1997-12-11 20:00,1.572
1997-12-11 20:06,1.575
1997-12-11 20:12,1.578
1997-12-11 20:18,1.581
1997-12-11 20:24,1.584
1997-12-11 20:30,1.586
1997-12-11 20:36,1.588
1997-12-11 20:42,1.590
1997-12-11 20:48,1.592
1997-12-11 20:54,1.594
1997-12-11 21:00,1.595
1997-12-11 21:06,1.596
1997-12-11 21:12,1.598
1997-12-11 21:18,1.598
1997-12-11 21:24,1.599
1997-12-11 21:30,1.600
1997-12-11 21:36,1.600
1997-12-11 21:42,1.600
1997-12-11 21:48,1.600
1997-12-11 21:54,1.600
1997-12-11 22:00,1.600
1997-12-11 22:06,1.600
1997-12-11 22:12,1.599
1997-12-11 22:18,1.598
1997-12-11 22:24,1.598
1997-12-11 22:30,1.597
1997-12-11 22:36,1.596
1997-12-11 22:42,1.595
1997-12-11 22:48,1.594
1997-12-11 22:54,1.592
1997-12-11 23:00,1.591
1997-12-11 23:06,1.589
1997-12-11 23:12,1.588
1997-12-11 23:18,1.586
1997-12-11 23:24,1.584
1997-12-11 23:30,1.583
1997-12-11 23:36,1.581
1997-12-11 23:42,1.579
1997-12-11 23:48,1.577
1997-12-11 23:54,1.575
1997-12-12 00:00,1.573
1997-12-12 00:06,1.570
1997-12-12 00:12,1.568
1997-12-12 00:18,1.566
1997-12-12 00:24,1.564
1997-12-12 00:30,1.562
1997-12-12 00:36,1.559
1997-12-12 00:42,1.557
1997-12-12 00:48,1.555
1997-12-12 00:54,1.553
1997-12-12 01:00,1.550
1997-12-12 01:06,1.548
1997-12-12 01:12,1.546
1997-12-12 01:18,1.544
1997-12-12 01:24,1.542
1997-12-12 01:30,1.540
1997-12-12 01:36,1.538
1997-12-12 01:42,1.536
1997-12-12 01:48,1.534
1997-12-12 01:54,1.533
1997-12-12 02:00,1.531
1997-12-12 02:06,1.530
1997-12-12 02:12,1.528
1997-12-12 02:18,1.527
1997-12-12 02:24,1.526
1997-12-12 02:30,1.525
1997-12-12 02:36,1.524
1997-12-12 02:42,1.523
1997-12-12 02:48,1.522
1997-12-12 02:54,1.522
1997-12-12 03:00,1.521
1997-12-12 03:06,1.520
1997-12-12 03:12,1.520
1997-12-12 03:18,1.520
1997-12-12 03:24,1.519
1997-12-12 03:30,1.519
1997-12-12 03:36,1.519
1997-12-12 03:42,1.519
1997-12-12 03:48,1.519
1997-12-12 03:54,1.519
1997-12-12 04:00,1.519
1997-12-12 04:06,1.519
1997-12-12 04:12,1.519
1997-12-12 04:18,1.519
1997-12-12 04:24,1.519
1997-12-12 04:30,1.519
1997-12-12 04:36,1.519
1997-12-12 04:42,1.518
1997-12-12 04:48,1.518
1997-12-12 04:54,1.518
1997-12-12 05:00,1.517
1997-12-12 05:06,1.517
1997-12-12 05:12,1.516
1997-12-12 05:18,1.516
1997-12-12 05:24,1.515
1997-12-12 05:30,1.514
1997-12-12 05:36,1.513
1997-12-12 05:42,1.512
1997-12-12 05:48,1.510
1997-12-12 05:54,1.509
1997-12-12 06:00,1.507
1997-12-12 06:06,1.505
1997-12-12 06:12,1.503
1997-12-12 06:18,1.501
1997-12-12 06:24,1.498
1997-12-12 06:30,1.496
1997-12-12 06:36,1.493
1997-12-12 06:42,1.490
1997-12-12 06:48,1.487
1997-12-12 06:54,1.483
1997-12-12 07:00,1.480
1997-12-12 07:06,1.476
1997-12-12 07:12,1.471
1997-12-12 07:18,1.467
1997-12-12 07:24,1.462
1997-12-12 07:30,1.457
1997-12-12 07:36,1.452
1997-12-12 07:42,1.447
1997-12-12 07:48,1.441
1997-12-12 07:54,1.436
1997-12-12 08:00,1.429
1997-12-12 08:06,1.423
1997-12-12 08:12,1.417
1997-12-12 08:18,1.410
1997-12-12 08:24,1.403
1997-12-12 08:30,1.396
1997-12-12 08:36,1.388
1997-12-12 08:42,1.381
1997-12-12 08:48,1.373
1997-12-12 08:54,1.365
1997-12-12 09:00,1.357
1997-12-12 09:06,1.349
1997-12-12 09:12,1.341
1997-12-12 09:18,1.333
1997-12-12 09:24,1.324
1997-12-12 09:30,1.316
1997-12-12 09:36,1.307
1997-12-12 09:42,1.299
1997-12-12 09:48,1.290
1997-12-12 09:54,1.282
1997-12-12 10:00,1.273
1997-12-12 10:06,1.265
1997-12-12 10:12,1.256
1997-12-12 10:18,1.248
1997-12-12 10:24,1.240
1997-12-12 10:30,1.231
1997-12-12 10:36,1.223
1997-12-12 10:42,1.215
1997-12-12 10:48,1.208
1997-12-12 10:54,1.200
1997-12-12 11:00,1.193
1997-12-12 11:06,1.185
1997-12-12 11:12,1.178
1997-12-12 11:18,1.171
1997-12-12 11:24,1.165
1997-12-12 11:30,1.158
1997-12-12 11:36,1.152
1997-12-12 11:42,1.146
1997-12-12 11:48,1.140
1997-12-12 11:54,1.135
1997-12-12 12:00,1.129
1997-12-12 12:06,1.124
1997-12-12 12:12,1.120
1997-12-12 12:18,1.115
1997-12-12 12:24,1.111
1997-12-12 12:30,1.107
1997-12-12 12:36,1.104
1997-12-12 12:42,1.100
1997-12-12 12:48,1.097
1997-12-12 12:54,1.095
1997-12-12 13:00,1.092
1997-12-12 13:06,1.090
1997-12-12 13:12,1.089
1997-12-12 13:18,1.087
1997-12-12 13:24,1.087
1997-12-12 13:30,1.086
1997-12-12 13:36,1.086
1997-12-12 13:42,1.086
1997-12-12 13:48,1.087
1997-12-12 13:54,1.088
1997-12-12 14:00,1.089
1997-12-12 14:06,1.091
1997-12-12 14:12,1.093
1997-12-12 14:18,1.096
1997-12-12 14:24,1.099
1997-12-12 14:30,1.102
1997-12-12 14:36,1.106
1997-12-12 14:42,1.110
1997-12-12 14:48,1.115
1997-12-12 14:54,1.120
1997-12-12 15:00,1.125
1997-12-12 15:06,1.131
1997-12-12 15:12,1.137
1997-12-12 15:18,1.143
1997-12-12 15:24,1.150
1997-12-12 15:30,1.157
1997-12-12 15:36,1.164
1997-12-12 15:42,1.171
1997-12-12 15:48,1.179
1997-12-12 15:54,1.187
1997-12-12 16:00,1.195
1997-12-12 16:06,1.204
1997-12-12 16:12,1.212
1997-12-12 16:18,1.221
1997-12-12 16:24,1.230
1997-12-12 16:30,1.239
1997-12-12 16:36,1.249
1997-12-12 16:42,1.258
1997-12-12 16:48,1.267
1997-12-12 16:54,1.277
1997-12-12 17:00,1.286
1997-12-12 17:06,1.296
1997-12-12 17:12,1.306
1997-12-12 17:18,1.316
1997-12-12 17:24,1.325
1997-12-12 17:30,1.335
1997-12-12 17:36,1.345
1997-12-12 17:42,1.354
1997-12-12 17:48,1.364
1997-12-12 17:54,1.374
1997-12-12 18:00,1.384
1997-12-12 18:06,1.393
1997-12-12 18:12,1.403
1997-12-12 18:18,1.412
1997-12-12 18:24,1.421
1997-12-12 18:30,1.431
1997-12-12 18:36,1.440
1997-12-12 18:42,1.449
1997-12-12 18:48,1.458
1997-12-12 18:54,1.466
1997-12-12 19:00,1.475
1997-12-12 19:06,1.483
1997-12-12 19:12,1.492
1997-12-12 19:18,1.500
1997-12-12 19:24,1.508
1997-12-12 19:30,1.515
1997-12-12 19:36,1.523
1997-12-12 19:42,1.530
1997-12-12 19:48,1.537
1997-12-12 19:54,1.543
1997-12-12 20:00,1.550
1997-12-12 20:06,1.556
1997-12-12 20:12,1.562
1997-12-12 20:18,1.567
1997-12-12 20:24,1.573
1997-12-12 20:30,1.578
1997-12-12 20:36,1.582
1997-12-12 20:42,1.587
1997-12-12 20:48,1.591
1997-12-12 20:54,1.595
1997-12-12 21:00,1.598
1997-12-12 21:06,1.602
1997-12-12 21:12,1.605
1997-12-12 21:18,1.608
1997-12-12 21:24,1.610
1997-12-12 21:30,1.613
1997-12-12 21:36,1.615
1997-12-12 21:42,1.616
1997-12-12 21:48,1.618
1997-12-12 21:54,1.620
1997-12-12 22:00,1.621
1997-12-12 22:06,1.622
1997-12-12 22:12,1.623
1997-12-12 22:18,1.623
1997-12-12 22:24,1.624
1997-12-12 22:30,1.624
1997-12-12 22:36,1.625
1997-12-12 22:42,1.625
1997-12-12 22:48,1.625
1997-12-12 22:54,1.625
1997-12-12 23:00,1.624
1997-12-12 23:06,1.624
1997-12-12 23:12,1.623
1997-12-12 23:18,1.623
1997-12-12 23:24,1.622
1997-12-12 23:30,1.621
1997-12-12 23:36,1.620
1997-12-12 23:42,1.619
1997-12-12 23:48,1.618
1997-12-12 23:54,1.617
1997-12-13 00:00,1.615
1997-12-13 00:06,1.614
1997-12-13 00:12,1.612
1997-12-13 00:18,1.610
1997-12-13 00:24,1.608
1997-12-13 00:30,1.606
1997-12-13 00:36,1.604
1997-12-13 00:42,1.602
1997-12-13 00:48,1.600
1997-12-13 00:54,1.597
1997-12-13 01:00,1.595
1997-12-13 01:06,1.593
1997-12-13 01:12,1.590
1997-12-13 01:18,1.588
1997-12-13 01:24,1.585
1997-12-13 01:30,1.582
1997-12-13 01:36,1.580
1997-12-13 01:42,1.577
1997-12-13 01:48,1.574
1997-12-13 01:54,1.572
1997-12-13 02:00,1.569
1997-12-13 02:06,1.567
1997-12-13 02:12,1.564
1997-12-13 02:18,1.562
1997-12-13 02:24,1.560
1997-12-13 02:30,1.558
1997-12-13 02:36,1.556
1997-12-13 02:42,1.554
1997-12-13 02:48,1.552
1997-12-13 02:54,1.550
1997-12-13 03:00,1.548
1997-12-13 03:06,1.547
1997-12-13 03:12,1.545
1997-12-13 03:18,1.544
1997-12-13 03:24,1.543
1997-12-13 03:30,1.541
1997-12-13 03:36,1.540
1997-12-13 03:42,1.539
1997-12-13 03:48,1.538
1997-12-13 03:54,1.537
1997-12-13 04:00,1.537
1997-12-13 04:06,1.536
1997-12-13 04:12,1.535
1997-12-13 04:18,1.535
1997-12-13 04:24,1.534
1997-12-13 04:30,1.533
1997-12-13 04:36,1.533
1997-12-13 04:42,1.532
1997-12-13 04:48,1.531
1997-12-13 04:54,1.531
1997-12-13 05:00,1.530
1997-12-13 05:06,1.529
1997-12-13 05:12,1.528
1997-12-13 05:18,1.527
1997-12-13 05:24,1.527
1997-12-13 05:30,1.526
1997-12-13 05:36,1.525
1997-12-13 05:42,1.524
1997-12-13 05:48,1.522
1997-12-13 05:54,1.521
1997-12-13 06:00,1.520
1997-12-13 06:06,1.518
1997-12-13 06:12,1.517
1997-12-13 06:18,1.515
1997-12-13 06:24,1.514
1997-12-13 06:30,1.512
1997-12-13 06:36,1.510
1997-12-13 06:42,1.508
1997-12-13 06:48,1.506
1997-12-13 06:54,1.503
1997-12-13 07:00,1.501
1997-12-13 07:06,1.498
1997-12-13 07:12,1.496
1997-12-13 07:18,1.493
1997-12-13 07:24,1.489
1997-12-13 07:30,1.486
1997-12-13 07:36,1.482
1997-12-13 07:42,1.479
1997-12-13 07:48,1.475
1997-12-13 07:54,1.470
1997-12-13 08:00,1.466
1997-12-13 08:06,1.461
1997-12-13 08:12,1.456
1997-12-13 08:18,1.450
1997-12-13 08:24,1.445
1997-12-13 08:30,1.439
1997-12-13 08:36,1.433
1997-12-13 08:42,1.426
1997-12-13 08:48,1.419
1997-12-13 08:54,1.412
1997-12-13 09:00,1.405
1997-12-13 09:06,1.398
1997-12-13 09:12,1.390
1997-12-13 09:18,1.382
1997-12-13 09:24,1.374
1997-12-13 09:30,1.365
1997-12-13 09:36,1.357
1997-12-13 09:42,1.348
1997-12-13 09:48,1.339
1997-12-13 09:54,1.330
1997-12-13 10:00,1.321
1997-12-13 10:06,1.312
1997-12-13 10:12,1.303
1997-12-13 10:18,1.294
1997-12-13 10:24,1.285
1997-12-13 10:30,1.276
1997-12-13 10:36,1.266
1997-12-13 10:42,1.257
1997-12-13 10:48,1.248
1997-12-13 10:54,1.239
1997-12-13 11:00,1.230
1997-12-13 11:06,1.222
1997-12-13 11:12,1.213
1997-12-13 11:18,1.205
1997-12-13 11:24,1.196
1997-12-13 11:30,1.188
1997-12-13 11:36,1.180
1997-12-13 11:42,1.172
1997-12-13 11:48,1.165
1997-12-13 11:54,1.157
1997-12-13 12:00,1.150
1997-12-13 12:06,1.143
1997-12-13 12:12,1.136
1997-12-13 12:18,1.130
1997-12-13 12:24,1.123
1997-12-13 12:30,1.117
1997-12-13 12:36,1.111
1997-12-13 12:42,1.106
1997-12-13 12:48,1.100
1997-12-13 12:54,1.095
1997-12-13 13:00,1.090
1997-12-13 13:06,1.086
1997-12-13 13:12,1.082
1997-12-13 13:18,1.078
1997-12-13 13:24,1.074
1997-12-13 13:30,1.071
1997-12-13 13:36,1.068
1997-12-13 13:42,1.065
1997-12-13 13:48,1.063
1997-12-13 13:54,1.061
1997-12-13 14:00,1.060
1997-12-13 14:06,1.058
1997-12-13 14:12,1.058
1997-12-13 14:18,1.057
1997-12-13 14:24,1.058
1997-12-13 14:30,1.058
1997-12-13 14:36,1.059
1997-12-13 14:42,1.061
1997-12-13 14:48,1.062
1997-12-13 14:54,1.065
1997-12-13 15:00,1.068
1997-12-13 15:06,1.071
1997-12-13 15:12,1.074
1997-12-13 15:18,1.078
1997-12-13 15:24,1.083
1997-12-13 15:30,1.088
1997-12-13 15:36,1.093
1997-12-13 15:42,1.098
1997-12-13 15:48,1.104
1997-12-13 15:54,1.111
1997-12-13 16:00,1.117
1997-12-13 16:06,1.124
1997-12-13 16:12,1.132
1997-12-13 16:18,1.139
1997-12-13 16:24,1.147
1997-12-13 16:30,1.155
1997-12-13 16:36,1.163
1997-12-13 16:42,1.172
1997-12-13 16:48,1.181
1997-12-13 16:54,1.189
1997-12-13 17:00,1.198
1997-12-13 17:06,1.208
1997-12-13 17:12,1.217
1997-12-13 17:18,1.227
1997-12-13 17:24,1.236
1997-12-13 17:30,1.246
1997-12-13 17:36,1.256
1997-12-13 17:42,1.266
1997-12-13 17:48,1.276
1997-12-13 17:54,1.286
1997-12-13 18:00,1.296
1997-12-13 18:06,1.306
1997-12-13 18:12,1.316
1997-12-13 18:18,1.326
1997-12-13 18:24,1.337
1997-12-13 18:30,1.347
1997-12-13 18:36,1.357
1997-12-13 18:42,1.367
1997-12-13 18:48,1.378
1997-12-13 18:54,1.388
1997-12-13 19:00,1.398
1997-12-13 19:06,1.408
1997-12-13 19:12,1.418
1997-12-13 19:18,1.428
1997-12-13 19:24,1.438
1997-12-13 19:30,1.447
1997-12-13 19:36,1.457
1997-12-13 19:42,1.466
1997-12-13 19:48,1.476
1997-12-13 19:54,1.485
1997-12-13 20:00,1.494
1997-12-13 20:06,1.502
1997-12-13 20:12,1.510
1997-12-13 20:18,1.519
1997-12-13 20:24,1.526
1997-12-13 20:30,1.534
1997-12-13 20:36,1.541
1997-12-13 20:42,1.548
1997-12-13 20:48,1.555
1997-12-13 20:54,1.561
1997-12-13 21:00,1.567
1997-12-13 21:06,1.573
1997-12-13 21:12,1.578
1997-12-13 21:18,1.583
1997-12-13 21:24,1.588
1997-12-13 21:30,1.593
1997-12-13 21:36,1.597
1997-12-13 21:42,1.601
1997-12-13 21:48,1.604
1997-12-13 21:54,1.608
1997-12-13 22:00,1.611
1997-12-13 22:06,1.613
1997-12-13 22:12,1.616
1997-12-13 22:18,1.618
1997-12-13 22:24,1.620
1997-12-13 22:30,1.622
1997-12-13 22:36,1.624
1997-12-13 22:42,1.625
1997-12-13 22:48,1.627
1997-12-13 22:54,1.628
1997-12-13 23:00,1.629
1997-12-13 23:06,1.630
1997-12-13 23:12,1.631
1997-12-13 23:18,1.631
1997-12-13 23:24,1.632
1997-12-13 23:30,1.632
1997-12-13 23:36,1.632
1997-12-13 23:42,1.632
1997-12-13 23:48,1.632
1997-12-13 23:54,1.632
1997-12-14 00:00,1.632
1997-12-14 00:06,1.631
1997-12-14 00:12,1.631
1997-12-14 00:18,1.630
1997-12-14 00:24,1.629
1997-12-14 00:30,1.628
1997-12-14 00:36,1.627
1997-12-14 00:42,1.626
1997-12-14 00:48,1.625
1997-12-14 00:54,1.623
1997-12-14 01:00,1.621
1997-12-14 01:06,1.620
1997-12-14 01:12,1.618
1997-12-14 01:18,1.616
1997-12-14 01:24,1.614
1997-12-14 01:30,1.611
1997-12-14 01:36,1.609
1997-12-14 01:42,1.607
1997-12-14 01:48,1.604
1997-12-14 01:54,1.601
1997-12-14 02:00,1.599
1997-12-14 02:06,1.596
1997-12-14 02:12,1.594
1997-12-14 02:18,1.591
1997-12-14 02:24,1.588
1997-12-14 02:30,1.586
1997-12-14 02:36,1.583
1997-12-14 02:42,1.580
1997-12-14 02:48,1.578
1997-12-14 02:54,1.575
1997-12-14 03:00,1.573
1997-12-14 03:06,1.571
1997-12-14 03:12,1.569
1997-12-14 03:18,1.566
1997-12-14 03:24,1.564
1997-12-14 03:30,1.562
1997-12-14 03:36,1.560
1997-12-14 03:42,1.559
1997-12-14 03:48,1.557
1997-12-14 03:54,1.555
1997-12-14 04:00,1.554
1997-12-14 04:06,1.552
1997-12-14 04:12,1.551
1997-12-14 04:18,1.550
1997-12-14 04:24,1.548
1997-12-14 04:30,1.547
1997-12-14 04:36,1.546
1997-12-14 04:42,1.545
1997-12-14 04:48,1.543
1997-12-14 04:54,1.542
1997-12-14 05:00,1.541
1997-12-14 05:06,1.540
1997-12-14 05:12,1.539
1997-12-14 05:18,1.538
1997-12-14 05:24,1.536
1997-12-14 05:30,1.535
1997-12-14 05:36,1.534
1997-12-14 05:42,1.533
1997-12-14 05:48,1.532
1997-12-14 05:54,1.530
1997-12-14 06:00,1.529
1997-12-14 06:06,1.528
1997-12-14 06:12,1.527
1997-12-14 06:18,1.525
1997-12-14 06:24,1.524
1997-12-14 06:30,1.523
1997-12-14 06:36,1.521
1997-12-14 06:42,1.520
1997-12-14 06:48,1.518
1997-12-14 06:54,1.516
1997-12-14 07:00,1.515
1997-12-14 07:06,1.513
1997-12-14 07:12,1.511
1997-12-14 07:18,1.509
1997-12-14 07:24,1.507
1997-12-14 07:30,1.505
1997-12-14 07:36,1.503
1997-12-14 07:42,1.500
1997-12-14 07:48,1.498
1997-12-14 07:54,1.495
1997-12-14 08:00,1.492
1997-12-14 08:06,1.489
1997-12-14 08:12,1.486
1997-12-14 08:18,1.482
1997-12-14 08:24,1.478
1997-12-14 08:30,1.474
1997-12-14 08:36,1.470
1997-12-14 08:42,1.465
1997-12-14 08:48,1.460
1997-12-14 08:54,1.455
1997-12-14 09:00,1.450
1997-12-14 09:06,1.444
1997-12-14 09:12,1.438
1997-12-14 09:18,1.431
1997-12-14 09:24,1.425
1997-12-14 09:30,1.418
1997-12-14 09:36,1.411
1997-12-14 09:42,1.403
1997-12-14 09:48,1.395
1997-12-14 09:54,1.388
1997-12-14 10:00,1.379
1997-12-14 10:06,1.371
1997-12-14 10:12,1.362
1997-12-14 10:18,1.354
1997-12-14 10:24,1.345
1997-12-14 10:30,1.336
1997-12-14 10:36,1.327
1997-12-14 10:42,1.318
1997-12-14 10:48,1.308
1997-12-14 10:54,1.299
1997-12-14 11:00,1.290
1997-12-14 11:06,1.281
1997-12-14 11:12,1.271
1997-12-14 11:18,1.262
1997-12-14 11:24,1.253
1997-12-14 11:30,1.244
1997-12-14 11:36,1.235
1997-12-14 11:42,1.226
1997-12-14 11:48,1.217
1997-12-14 11:54,1.209
1997-12-14 12:00,1.200
1997-12-14 12:06,1.192
1997-12-14 12:12,1.184
1997-12-14 12:18,1.175
1997-12-14 12:24,1.168
1997-12-14 12:30,1.160
1997-12-14 12:36,1.152
1997-12-14 12:42,1.145
1997-12-14 12:48,1.138
1997-12-14 12:54,1.131
1997-12-14 13:00,1.124
1997-12-14 13:06,1.118
1997-12-14 13:12,1.111
1997-12-14 13:18,1.105
1997-12-14 13:24,1.099
1997-12-14 13:30,1.094
1997-12-14 13:36,1.089
1997-12-14 13:42,1.084
1997-12-14 13:48,1.079
1997-12-14 13:54,1.074
1997-12-14 14:00,1.070
1997-12-14 14:06,1.067
1997-12-14 14:12,1.063
1997-12-14 14:18,1.060
1997-12-14 14:24,1.057
1997-12-14 14:30,1.055
1997-12-14 14:36,1.053
1997-12-14 14:42,1.052
1997-12-14 14:48,1.051
1997-12-14 14:54,1.050
1997-12-14 15:00,1.050
1997-12-14 15:06,1.050
1997-12-14 15:12,1.050
1997-12-14 15:18,1.051
1997-12-14 15:24,1.053
1997-12-14 15:30,1.055
1997-12-14 15:36,1.057
1997-12-14 15:42,1.060
1997-12-14 15:48,1.063
1997-12-14 15:54,1.067
1997-12-14 16:00,1.071
1997-12-14 16:06,1.075
1997-12-14 16:12,1.080
1997-12-14 16:18,1.085
1997-12-14 16:24,1.090
1997-12-14 16:30,1.096
1997-12-14 16:36,1.102
1997-12-14 16:42,1.109
1997-12-14 16:48,1.116
1997-12-14 16:54,1.123
1997-12-14 17:00,1.130
1997-12-14 17:06,1.138
1997-12-14 17:12,1.146
1997-12-14 17:18,1.154
1997-12-14 17:24,1.162
1997-12-14 17:30,1.170
1997-12-14 17:36,1.179
1997-12-14 17:42,1.188
1997-12-14 17:48,1.197
1997-12-14 17:54,1.206
1997-12-14 18:00,1.215
1997-12-14 18:06,1.225
1997-12-14 18:12,1.234
1997-12-14 18:18,1.244
1997-12-14 18:24,1.254
1997-12-14 18:30,1.264
1997-12-14 18:36,1.274
1997-12-14 18:42,1.284
1997-12-14 18:48,1.294
1997-12-14 18:54,1.305
1997-12-14 19:00,1.315
1997-12-14 19:06,1.325
1997-12-14 19:12,1.336
1997-12-14 19:18,1.346
1997-12-14 19:24,1.357
1997-12-14 19:30,1.367
1997-12-14 19:36,1.377
1997-12-14 19:42,1.388
1997-12-14 19:48,1.398
1997-12-14 19:54,1.408
1997-12-14 20:00,1.418
1997-12-14 20:06,1.428
1997-12-14 20:12,1.438
1997-12-14 20:18,1.448
1997-12-14 20:24,1.457
1997-12-14 20:30,1.467
1997-12-14 20:36,1.476
1997-12-14 20:42,1.485
1997-12-14 20:48,1.493
1997-12-14 20:54,1.502
1997-12-14 21:00,1.510
1997-12-14 21:06,1.517
1997-12-14 21:12,1.525
1997-12-14 21:18,1.532
1997-12-14 21:24,1.539
1997-12-14 21:30,1.546
1997-12-14 21:36,1.552
1997-12-14 21:42,1.558
1997-12-14 21:48,1.563
1997-12-14 21:54,1.569
1997-12-14 22:00,1.574
1997-12-14 22:06,1.579
1997-12-14 22:12,1.583
1997-12-14 22:18,1.587
1997-12-14 22:24,1.591
1997-12-14 22:30,1.595
1997-12-14 22:36,1.598
1997-12-14 22:42,1.601
1997-12-14 22:48,1.604
1997-12-14 22:54,1.607
1997-12-14 23:00,1.609
1997-12-14 23:06,1.611
1997-12-14 23:12,1.613
1997-12-14 23:18,1.615
1997-12-14 23:24,1.617
1997-12-14 23:30,1.619
1997-12-14 23:36,1.620
1997-12-14 23:42,1.621
1997-12-14 23:48,1.622
1997-12-14 23:54,1.623
1997-12-15 00:00,1.624
1997-12-15 00:06,1.625
1997-12-15 00:12,1.625
1997-12-15 00:18,1.626
1997-12-15 00:24,1.626
1997-12-15 00:30,1.626
1997-12-15 00:36,1.626
1997-12-15 00:42,1.626
1997-12-15 00:48,1.626
1997-12-15 00:54,1.625
1997-12-15 01:00,1.625
1997-12-15 01:06,1.624
1997-12-15 01:12,1.623
1997-12-15 01:18,1.622
1997-12-15 01:24,1.621
1997-12-15 01:30,1.620
1997-12-15 01:36,1.618
1997-12-15 01:42,1.617
1997-12-15 01:48,1.615
1997-12-15 01:54,1.613
1997-12-15 02:00,1.611
1997-12-15 02:06,1.609
1997-12-15 02:12,1.607
1997-12-15 02:18,1.605
1997-12-15 02:24,1.603
1997-12-15 02:30,1.601
1997-12-15 02:36,1.598
1997-12-15 02:42,1.596
1997-12-15 02:48,1.593
1997-12-15 02:54,1.591
1997-12-15 03:00,1.589
1997-12-15 03:06,1.586
1997-12-15 03:12,1.584
1997-12-15 03:18,1.581
1997-12-15 03:24,1.579
1997-12-15 03:30,1.577
1997-12-15 03:36,1.574
1997-12-15 03:42,1.572
1997-12-15 03:48,1.570
1997-12-15 03:54,1.568
1997-12-15 04:00,1.566
1997-12-15 04:06,1.564
1997-12-15 04:12,1.562
1997-12-15 04:18,1.560
1997-12-15 04:24,1.558
1997-12-15 04:30,1.556
1997-12-15 04:36,1.554
1997-12-15 04:42,1.553
1997-12-15 04:48,1.551
1997-12-15 04:54,1.549
1997-12-15 05:00,1.548
1997-12-15 05:06,1.546
1997-12-15 05:12,1.545
1997-12-15 05:18,1.543
1997-12-15 05:24,1.542
1997-12-15 05:30,1.540
1997-12-15 05:36,1.539
1997-12-15 05:42,1.537
1997-12-15 05:48,1.536
1997-12-15 05:54,1.534
1997-12-15 06:00,1.533
1997-12-15 06:06,1.532
1997-12-15 06:12,1.530
1997-12-15 06:18,1.529
1997-12-15 06:24,1.528
1997-12-15 06:30,1.526
1997-12-15 06:36,1.525
1997-12-15 06:42,1.524
1997-12-15 06:48,1.522
1997-12-15 06:54,1.521
1997-12-15 07:00,1.520
1997-12-15 07:06,1.518
1997-12-15 07:12,1.517
1997-12-15 07:18,1.516
1997-12-15 07:24,1.514
1997-12-15 07:30,1.513
1997-12-15 07:36,1.511
1997-12-15 07:42,1.510
1997-12-15 07:48,1.508
1997-12-15 07:54,1.507
1997-12-15 08:00,1.505
1997-12-15 08:06,1.503
1997-12-15 08:12,1.501
1997-12-15 08:18,1.499
1997-12-15 08:24,1.496
1997-12-15 08:30,1.494
1997-12-15 08:36,1.491
1997-12-15 08:42,1.488
1997-12-15 08:48,1.485
1997-12-15 08:54,1.482
1997-12-15 09:00,1.479
1997-12-15 09:06,1.475
1997-12-15 09:12,1.471
1997-12-15 09:18,1.466
1997-12-15 09:24,1.462
1997-12-15 09:30,1.457
1997-12-15 09:36,1.452
1997-12-15 09:42,1.446
1997-12-15 09:48,1.441
1997-12-15 09:54,1.435
1997-12-15 10:00,1.429
1997-12-15 10:06,1.422
1997-12-15 10:12,1.415
1997-12-15 10:18,1.408
1997-12-15 10:24,1.401
1997-12-15 10:30,1.394
1997-12-15 10:36,1.386
1997-12-15 10:42,1.378
1997-12-15 10:48,1.370
1997-12-15 10:54,1.362
1997-12-15 11:00,1.354
1997-12-15 11:06,1.345
1997-12-15 11:12,1.337
1997-12-15 11:18,1.328
1997-12-15 11:24,1.319
1997-12-15 11:30,1.310
1997-12-15 11:36,1.302
1997-12-15 11:42,1.293
1997-12-15 11:48,1.284
1997-12-15 11:54,1.275
1997-12-15 12:00,1.266
1997-12-15 12:06,1.257
1997-12-15 12:12,1.249
1997-12-15 12:18,1.240
1997-12-15 12:24,1.232
1997-12-15 12:30,1.223
1997-12-15 12:36,1.215
1997-12-15 12:42,1.206
1997-12-15 12:48,1.198
1997-12-15 12:54,1.190
1997-12-15 13:00,1.182
1997-12-15 13:06,1.175
1997-12-15 13:12,1.167
1997-12-15 13:18,1.160
1997-12-15 13:24,1.152
1997-12-15 13:30,1.145
1997-12-15 13:36,1.138
1997-12-15 13:42,1.132
1997-12-15 13:48,1.125
1997-12-15 13:54,1.119
1997-12-15 14:00,1.113
1997-12-15 14:06,1.108
1997-12-15 14:12,1.102
1997-12-15 14:18,1.097
1997-12-15 14:24,1.092
1997-12-15 14:30,1.088
1997-12-15 14:36,1.084
1997-12-15 14:42,1.080
1997-12-15 14:48,1.076
1997-12-15 14:54,1.073
1997-12-15 15:00,1.070
1997-12-15 15:06,1.067
1997-12-15 15:12,1.065
1997-12-15 15:18,1.064
1997-12-15 15:24,1.062
1997-12-15 15:30,1.061
1997-12-15 15:36,1.061
1997-12-15 15:42,1.060
1997-12-15 15:48,1.061
1997-12-15 15:54,1.061
1997-12-15 16:00,1.062
1997-12-15 16:06,1.064
1997-12-15 16:12,1.065
1997-12-15 16:18,1.068
1997-12-15 16:24,1.070
1997-12-15 16:30,1.073
1997-12-15 16:36,1.076
1997-12-15 16:42,1.080
1997-12-15 16:48,1.084
1997-12-15 16:54,1.089
1997-12-15 17:00,1.093
1997-12-15 17:06,1.098
1997-12-15 17:12,1.104
1997-12-15 17:18,1.109
1997-12-15 17:24,1.115
1997-12-15 17:30,1.122
1997-12-15 17:36,1.128
1997-12-15 17:42,1.135
1997-12-15 17:48,1.142
1997-12-15 17:54,1.149
1997-12-15 18:00,1.157
1997-12-15 18:06,1.165
1997-12-15 18:12,1.173
1997-12-15 18:18,1.181
1997-12-15 18:24,1.189
1997-12-15 18:30,1.198
1997-12-15 18:36,1.207
1997-12-15 18:42,1.216
1997-12-15 18:48,1.225
1997-12-15 18:54,1.234
1997-12-15 19:00,1.244
1997-12-15 19:06,1.253
1997-12-15 19:12,1.263
1997-12-15 19:18,1.273
1997-12-15 19:24,1.283
1997-12-15 19:30,1.293
1997-12-15 19:36,1.303
1997-12-15 19:42,1.313
1997-12-15 19:48,1.323
1997-12-15 19:54,1.333
1997-12-15 20:00,1.343
1997-12-15 20:06,1.353
1997-12-15 20:12,1.363
1997-12-15 20:18,1.373
1997-12-15 20:24,1.383
1997-12-15 20:30,1.393
1997-12-15 20:36,1.402
1997-12-15 20:42,1.412
1997-12-15 20:48,1.421
1997-12-15 20:54,1.431
1997-12-15 21:00,1.440
1997-12-15 21:06,1.449
1997-12-15 21:12,1.457
1997-12-15 21:18,1.466
1997-12-15 21:24,1.474
1997-12-15 21:30,1.482
1997-12-15 21:36,1.490
1997-12-15 21:42,1.497
1997-12-15 21:48,1.505
1997-12-15 21:54,1.512
1997-12-15 22:00,1.518
1997-12-15 22:06,1.525
1997-12-15 22:12,1.531
1997-12-15 22:18,1.537
1997-12-15 22:24,1.543
1997-12-15 22:30,1.548
1997-12-15 22:36,1.553
1997-12-15 22:42,1.558
1997-12-15 22:48,1.562
1997-12-15 22:54,1.567
1997-12-15 23:00,1.571
1997-12-15 23:06,1.574
1997-12-15 23:12,1.578
1997-12-15 23:18,1.581
1997-12-15 23:24,1.584
1997-12-15 23:30,1.587
1997-12-15 23:36,1.590
1997-12-15 23:42,1.592
1997-12-15 23:48,1.595
1997-12-15 23:54,1.597
1997-12-16 00:00,1.599
1997-12-16 00:06,1.600
1997-12-16 00:12,1.602
1997-12-16 00:18,1.603
1997-12-16 00:24,1.604
1997-12-16 00:30,1.605
1997-12-16 00:36,1.606
1997-12-16 00:42,1.607
1997-12-16 00:48,1.608
1997-12-16 00:54,1.608
1997-12-16 01:00,1.609
1997-12-16 01:06,1.609
1997-12-16 01:12,1.609
1997-12-16 01:18,1.609
1997-12-16 01:24,1.609
1997-12-16 01:30,1.608
1997-12-16 01:36,1.608
1997-12-16 01:42,1.607
1997-12-16 01:48,1.606
1997-12-16 01:54,1.606
1997-12-16 02:00,1.605
1997-12-16 02:06,1.604
1997-12-16 02:12,1.603
1997-12-16 02:18,1.601
1997-12-16 02:24,1.600
1997-12-16 02:30,1.598
1997-12-16 02:36,1.597
1997-12-16 02:42,1.595
1997-12-16 02:48,1.594
1997-12-16 02:54,1.592
1997-12-16 03:00,1.590
1997-12-16 03:06,1.588
1997-12-16 03:12,1.586
1997-12-16 03:18,1.584
1997-12-16 03:24,1.582
1997-12-16 03:30,1.580
1997-12-16 03:36,1.578
1997-12-16 03:42,1.576
1997-12-16 03:48,1.574
1997-12-16 03:54,1.572
1997-12-16 04:00,1.569
1997-12-16 04:06,1.567
1997-12-16 04:12,1.565
1997-12-16 04:18,1.563
1997-12-16 04:24,1.561
1997-12-16 04:30,1.559
1997-12-16 04:36,1.557
1997-12-16 04:42,1.554
1997-12-16 04:48,1.552
1997-12-16 04:54,1.550
1997-12-16 05:00,1.548
1997-12-16 05:06,1.546
1997-12-16 05:12,1.544
1997-12-16 05:18,1.542
1997-12-16 05:24,1.540
1997-12-16 05:30,1.539
1997-12-16 05:36,1.537
1997-12-16 05:42,1.535
1997-12-16 05:48,1.533
1997-12-16 05:54,1.531
1997-12-16 06:00,1.530
1997-12-16 06:06,1.528
1997-12-16 06:12,1.527
1997-12-16 06:18,1.525
1997-12-16 06:24,1.524
1997-12-16 06:30,1.522
1997-12-16 06:36,1.521
1997-12-16 06:42,1.520
1997-12-16 06:48,1.518
1997-12-16 06:54,1.517
1997-12-16 07:00,1.516
1997-12-16 07:06,1.515
1997-12-16 07:12,1.514
1997-12-16 07:18,1.513
1997-12-16 07:24,1.511
1997-12-16 07:30,1.510
1997-12-16 07:36,1.509
1997-12-16 07:42,1.508
1997-12-16 07:48,1.507
1997-12-16 07:54,1.506
1997-12-16 08:00,1.505
1997-12-16 08:06,1.503
1997-12-16 08:12,1.502
1997-12-16 08:18,1.501
1997-12-16 08:24,1.499
1997-12-16 08:30,1.498
1997-12-16 08:36,1.496
1997-12-16 08:42,1.495
1997-12-16 08:48,1.493
1997-12-16 08:54,1.491
1997-12-16 09:00,1.489
1997-12-16 09:06,1.486
1997-12-16 09:12,1.484
1997-12-16 09:18,1.481
1997-12-16 09:24,1.478
1997-12-16 09:30,1.475
1997-12-16 09:36,1.472
1997-12-16 09:42,1.469
1997-12-16 09:48,1.465
1997-12-16 09:54,1.461
1997-12-16 10:00,1.457
1997-12-16 10:06,1.453
1997-12-16 10:12,1.448
1997-12-16 10:18,1.444
1997-12-16 10:24,1.439
1997-12-16 10:30,1.433
1997-12-16 10:36,1.428
1997-12-16 10:42,1.422
1997-12-16 10:48,1.416
1997-12-16 10:54,1.410
1997-12-16 11:00,1.404
1997-12-16 11:06,1.398
1997-12-16 11:12,1.391
1997-12-16 11:18,1.384
1997-12-16 11:24,1.377
1997-12-16 11:30,1.370
1997-12-16 11:36,1.362
1997-12-16 11:42,1.355
1997-12-16 11:48,1.347
1997-12-16 11:54,1.340
1997-12-16 12:00,1.332
1997-12-16 12:06,1.324
1997-12-16 12:12,1.316
1997-12-16 12:18,1.308
1997-12-16 12:24,1.300
1997-12-16 12:30,1.292
1997-12-16 12:36,1.283
1997-12-16 12:42,1.275
1997-12-16 12:48,1.267
1997-12-16 12:54,1.259
1997-12-16 13:00,1.251
1997-12-16 13:06,1.243
1997-12-16 13:12,1.235
1997-12-16 13:18,1.227
1997-12-16 13:24,1.219
1997-12-16 13:30,1.212
1997-12-16 13:36,1.204
1997-12-16 13:42,1.197
1997-12-16 13:48,1.190
1997-12-16 13:54,1.182
1997-12-16 14:00,1.176
1997-12-16 14:06,1.169
1997-12-16 14:12,1.162
1997-12-16 14:18,1.156
1997-12-16 14:24,1.150
1997-12-16 14:30,1.144
1997-12-16 14:36,1.138
1997-12-16 14:42,1.133
1997-12-16 14:48,1.128
1997-12-16 14:54,1.123
1997-12-16 15:00,1.118
1997-12-16 15:06,1.114
1997-12-16 15:12,1.110
1997-12-16 15:18,1.106
1997-12-16 15:24,1.103
1997-12-16 15:30,1.100
1997-12-16 15:36,1.097
1997-12-16 15:42,1.094
1997-12-16 15:48,1.092
1997-12-16 15:54,1.090
1997-12-16 16:00,1.089
1997-12-16 16:06,1.088
1997-12-16 16:12,1.087
1997-12-16 16:18,1.086
1997-12-16 16:24,1.086
1997-12-16 16:30,1.086
1997-12-16 16:36,1.087
1997-12-16 16:42,1.087
1997-12-16 16:48,1.088
1997-12-16 16:54,1.090
1997-12-16 17:00,1.092
1997-12-16 17:06,1.094
1997-12-16 17:12,1.096
1997-12-16 17:18,1.099
1997-12-16 17:24,1.102
1997-12-16 17:30,1.106
1997-12-16 17:36,1.110
1997-12-16 17:42,1.114
1997-12-16 17:48,1.118
1997-12-16 17:54,1.123
1997-12-16 18:00,1.128
1997-12-16 18:06,1.134
1997-12-16 18:12,1.140
1997-12-16 18:18,1.146
1997-12-16 18:24,1.152
1997-12-16 18:30,1.158
1997-12-16 18:36,1.165
1997-12-16 18:42,1.172
1997-12-16 18:48,1.180
1997-12-16 18:54,1.187
1997-12-16 19:00,1.195
1997-12-16 19:06,1.203
1997-12-16 19:12,1.211
1997-12-16 19:18,1.219
1997-12-16 19:24,1.228
1997-12-16 19:30,1.237
1997-12-16 19:36,1.245
1997-12-16 19:42,1.254
1997-12-16 19:48,1.263
1997-12-16 19:54,1.272
1997-12-16 20:00,1.281
1997-12-16 20:06,1.291
1997-12-16 20:12,1.300
1997-12-16 20:18,1.309
1997-12-16 20:24,1.318
1997-12-16 20:30,1.328
1997-12-16 20:36,1.337
1997-12-16 20:42,1.346
1997-12-16 20:48,1.355
1997-12-16 20:54,1.364
1997-12-16 21:00,1.373
1997-12-16 21:06,1.382
1997-12-16 21:12,1.391
1997-12-16 21:18,1.399
1997-12-16 21:24,1.408
1997-12-16 21:30,1.416
1997-12-16 21:36,1.425
1997-12-16 21:42,1.433
1997-12-16 21:48,1.441
1997-12-16 21:54,1.448
1997-12-16 22:00,1.456
1997-12-16 22:06,1.463
1997-12-16 22:12,1.470
1997-12-16 22:18,1.477
1997-12-16 22:24,1.484
1997-12-16 22:30,1.491
1997-12-16 22:36,1.497
1997-12-16 22:42,1.503
1997-12-16 22:48,1.509
1997-12-16 22:54,1.515
1997-12-16 23:00,1.520
1997-12-16 23:06,1.525
1997-12-16 23:12,1.530
1997-12-16 23:18,1.535
1997-12-16 23:24,1.539
1997-12-16 23:30,1.544
1997-12-16 23:36,1.548
1997-12-16 23:42,1.551
1997-12-16 23:48,1.555
1997-12-16 23:54,1.558
1997-12-17 00:00,1.561
1997-12-17 00:06,1.564
1997-12-17 00:12,1.567
1997-12-17 00:18,1.569
1997-12-17 00:24,1.571
1997-12-17 00:30,1.573
1997-12-17 00:36,1.575
1997-12-17 00:42,1.577
1997-12-17 00:48,1.578
1997-12-17 00:54,1.580
1997-12-17 01:00,1.581
1997-12-17 01:06,1.582
1997-12-17 01:12,1.582
1997-12-17 01:18,1.583
1997-12-17 01:24,1.584
1997-12-17 01:30,1.584
1997-12-17 01:36,1.584
1997-12-17 01:42,1.584
1997-12-17 01:48,1.584
1997-12-17 01:54,1.584
1997-12-17 02:00,1.584
1997-12-17 02:06,1.584
1997-12-17 02:12,1.583
1997-12-17 02:18,1.583
1997-12-17 02:24,1.582
1997-12-17 02:30,1.582
1997-12-17 02:36,1.581
1997-12-17 02:42,1.580
1997-12-17 02:48,1.579
1997-12-17 02:54,1.578
1997-12-17 03:00,1.577
1997-12-17 03:06,1.576
1997-12-17 03:12,1.575
1997-12-17 03:18,1.574
1997-12-17 03:24,1.572
1997-12-17 03:30,1.571
1997-12-17 03:36,1.569
1997-12-17 03:42,1.568
1997-12-17 03:48,1.566
1997-12-17 03:54,1.564
1997-12-17 04:00,1.563
1997-12-17 04:06,1.561
1997-12-17 04:12,1.559
1997-12-17 04:18,1.557
1997-12-17 04:24,1.555
1997-12-17 04:30,1.553
1997-12-17 04:36,1.551
1997-12-17 04:42,1.549
1997-12-17 04:48,1.547
1997-12-17 04:54,1.544
1997-12-17 05:00,1.542
1997-12-17 05:06,1.540
1997-12-17 05:12,1.538
1997-12-17 05:18,1.535
1997-12-17 05:24,1.533
1997-12-17 05:30,1.531
1997-12-17 05:36,1.529
1997-12-17 05:42,1.527
1997-12-17 05:48,1.525
1997-12-17 05:54,1.523
1997-12-17 06:00,1.521
1997-12-17 06:06,1.519
1997-12-17 06:12,1.517
1997-12-17 06:18,1.515
1997-12-17 06:24,1.513
1997-12-17 06:30,1.511
1997-12-17 06:36,1.510
1997-12-17 06:42,1.508
1997-12-17 06:48,1.507
1997-12-17 06:54,1.506
1997-12-17 07:00,1.504
1997-12-17 07:06,1.503
1997-12-17 07:12,1.502
1997-12-17 07:18,1.501
1997-12-17 07:24,1.500
1997-12-17 07:30,1.499
1997-12-17 07:36,1.498
1997-12-17 07:42,1.497
1997-12-17 07:48,1.496
1997-12-17 07:54,1.495
1997-12-17 08:00,1.494
1997-12-17 08:06,1.493
1997-12-17 08:12,1.492
1997-12-17 08:18,1.491
1997-12-17 08:24,1.490
1997-12-17 08:30,1.489
1997-12-17 08:36,1.488
1997-12-17 08:42,1.487
1997-12-17 08:48,1.486
1997-12-17 08:54,1.485
1997-12-17 09:00,1.483
1997-12-17 09:06,1.482
1997-12-17 09:12,1.480
1997-12-17 09:18,1.479
1997-12-17 09:24,1.477
1997-12-17 09:30,1.475
1997-12-17 09:36,1.473
1997-12-17 09:42,1.471
1997-12-17 09:48,1.469
1997-12-17 09:54,1.467
1997-12-17 10:00,1.464
1997-12-17 10:06,1.462
1997-12-17 10:12,1.459
1997-12-17 10:18,1.456
1997-12-17 10:24,1.453
1997-12-17 10:30,1.450
1997-12-17 10:36,1.446
1997-12-17 10:42,1.443
1997-12-17 10:48,1.439
1997-12-17 10:54,1.435
1997-12-17 11:00,1.431
1997-12-17 11:06,1.427
1997-12-17 11:12,1.422
1997-12-17 11:18,1.418
1997-12-17 11:24,1.413
1997-12-17 11:30,1.408
1997-12-17 11:36,1.403
1997-12-17 11:42,1.398
1997-12-17 11:48,1.392
1997-12-17 11:54,1.387
1997-12-17 12:00,1.381
1997-12-17 12:06,1.375
1997-12-17 12:12,1.369
1997-12-17 12:18,1.363
1997-12-17 12:24,1.356
1997-12-17 12:30,1.350
1997-12-17 12:36,1.343
1997-12-17 12:42,1.336
1997-12-17 12:48,1.329
1997-12-17 12:54,1.322
1997-12-17 13:00,1.315
1997-12-17 13:06,1.308
1997-12-17 13:12,1.301
1997-12-17 13:18,1.294
1997-12-17 13:24,1.287
1997-12-17 13:30,1.279
1997-12-17 13:36,1.272
1997-12-17 13:42,1.265
1997-12-17 13:48,1.258
1997-12-17 13:54,1.251
1997-12-17 14:00,1.244
1997-12-17 14:06,1.237
1997-12-17 14:12,1.230
1997-12-17 14:18,1.223
1997-12-17 14:24,1.217
1997-12-17 14:30,1.211
1997-12-17 14:36,1.204
1997-12-17 14:42,1.198
1997-12-17 14:48,1.193
1997-12-17 14:54,1.187
1997-12-17 15:00,1.182
1997-12-17 15:06,1.176
1997-12-17 15:12,1.171
1997-12-17 15:18,1.167
1997-12-17 15:24,1.162
1997-12-17 15:30,1.158
1997-12-17 15:36,1.154
1997-12-17 15:42,1.150
1997-12-17 15:48,1.146
1997-12-17 15:54,1.143
1997-12-17 16:00,1.139
1997-12-17 16:06,1.137
1997-12-17 16:12,1.134
1997-12-17 16:18,1.131
1997-12-17 16:24,1.129
1997-12-17 16:30,1.127
1997-12-17 16:36,1.126
1997-12-17 16:42,1.124
1997-12-17 16:48,1.123
1997-12-17 16:54,1.122
1997-12-17 17:00,1.121
1997-12-17 17:06,1.121
1997-12-17 17:12,1.121
1997-12-17 17:18,1.121
1997-12-17 17:24,1.122
1997-12-17 17:30,1.123
1997-12-17 17:36,1.124
1997-12-17 17:42,1.125
1997-12-17 17:48,1.127
1997-12-17 17:54,1.129
1997-12-17 18:00,1.132
1997-12-17 18:06,1.134
1997-12-17 18:12,1.137
1997-12-17 18:18,1.141
1997-12-17 18:24,1.145
1997-12-17 18:30,1.149
1997-12-17 18:36,1.153
1997-12-17 18:42,1.158
1997-12-17 18:48,1.163
1997-12-17 18:54,1.168
1997-12-17 19:00,1.173
1997-12-17 19:06,1.179
1997-12-17 19:12,1.185
1997-12-17 19:18,1.192
1997-12-17 19:24,1.198
1997-12-17 19:30,1.205
1997-12-17 19:36,1.212
1997-12-17 19:42,1.219
1997-12-17 19:48,1.227
1997-12-17 19:54,1.234
1997-12-17 20:00,1.242
1997-12-17 20:06,1.249
1997-12-17 20:12,1.257
1997-12-17 20:18,1.265
1997-12-17 20:24,1.273
1997-12-17 20:30,1.281
1997-12-17 20:36,1.289
1997-12-17 20:42,1.297
1997-12-17 20:48,1.305
1997-12-17 20:54,1.313
1997-12-17 21:00,1.322
1997-12-17 21:06,1.330
1997-12-17 21:12,1.338
1997-12-17 21:18,1.346
1997-12-17 21:24,1.353
1997-12-17 21:30,1.361
1997-12-17 21:36,1.369
1997-12-17 21:42,1.377
1997-12-17 21:48,1.384
1997-12-17 21:54,1.392
1997-12-17 22:00,1.399
1997-12-17 22:06,1.406
1997-12-17 22:12,1.413
1997-12-17 22:18,1.420
1997-12-17 22:24,1.427
1997-12-17 22:30,1.434
1997-12-17 22:36,1.441
1997-12-17 22:42,1.447
1997-12-17 22:48,1.454
1997-12-17 22:54,1.460
1997-12-17 23:00,1.466
1997-12-17 23:06,1.472
1997-12-17 23:12,1.478
1997-12-17 23:18,1.483
1997-12-17 23:24,1.489
1997-12-17 23:30,1.494
1997-12-17 23:36,1.499
1997-12-17 23:42,1.504
1997-12-17 23:48,1.509
1997-12-17 23:54,1.513
1997-12-18 00:00,1.517
1997-12-18 00:06,1.521
1997-12-18 00:12,1.525
1997-12-18 00:18,1.528
1997-12-18 00:24,1.532
1997-12-18 00:30,1.535
1997-12-18 00:36,1.537
1997-12-18 00:42,1.540
1997-12-18 00:48,1.542
1997-12-18 00:54,1.545
1997-12-18 01:00,1.547
1997-12-18 01:06,1.548
1997-12-18 01:12,1.550
1997-12-18 01:18,1.551
1997-12-18 01:24,1.552
1997-12-18 01:30,1.553
1997-12-18 01:36,1.554
1997-12-18 01:42,1.555
1997-12-18 01:48,1.555
1997-12-18 01:54,1.556
1997-12-18 02:00,1.556
1997-12-18 02:06,1.556
1997-12-18 02:12,1.556
1997-12-18 02:18,1.556
1997-12-18 02:24,1.556
1997-12-18 02:30,1.556
1997-12-18 02:36,1.556
1997-12-18 02:42,1.556
1997-12-18 02:48,1.555
1997-12-18 02:54,1.555
1997-12-18 03:00,1.554
1997-12-18 03:06,1.554
1997-12-18 03:12,1.553
1997-12-18 03:18,1.552
1997-12-18 03:24,1.551
1997-12-18 03:30,1.551
1997-12-18 03:36,1.550
1997-12-18 03:42,1.549
1997-12-18 03:48,1.548
1997-12-18 03:54,1.547
1997-12-18 04:00,1.545
1997-12-18 04:06,1.544
1997-12-18 04:12,1.543
1997-12-18 04:18,1.541
1997-12-18 04:24,1.540
1997-12-18 04:30,1.538
1997-12-18 04:36,1.536
1997-12-18 04:42,1.534
1997-12-18 04:48,1.533
1997-12-18 04:54,1.531
1997-12-18 05:00,1.529
1997-12-18 05:06,1.526
1997-12-18 05:12,1.524
1997-12-18 05:18,1.522
1997-12-18 05:24,1.520
1997-12-18 05:30,1.517
1997-12-18 05:36,1.515
1997-12-18 05:42,1.513
1997-12-18 05:48,1.510
1997-12-18 05:54,1.508
1997-12-18 06:00,1.506
1997-12-18 06:06,1.504
1997-12-18 06:12,1.501
1997-12-18 06:18,1.499
1997-12-18 06:24,1.497
1997-12-18 06:30,1.495
1997-12-18 06:36,1.493
1997-12-18 06:42,1.491
1997-12-18 06:48,1.489
1997-12-18 06:54,1.488
1997-12-18 07:00,1.486
1997-12-18 07:06,1.485
1997-12-18 07:12,1.483
1997-12-18 07:18,1.482
1997-12-18 07:24,1.481
1997-12-18 07:30,1.480
1997-12-18 07:36,1.479
1997-12-18 07:42,1.478
1997-12-18 07:48,1.477
1997-12-18 07:54,1.476
1997-12-18 08:00,1.475
1997-12-18 08:06,1.474
1997-12-18 08:12,1.473
1997-12-18 08:18,1.473
1997-12-18 08:24,1.472
1997-12-18 08:30,1.471
1997-12-18 08:36,1.470
1997-12-18 08:42,1.469
1997-12-18 08:48,1.469
1997-12-18 08:54,1.468
1997-12-18 09:00,1.467
1997-12-18 09:06,1.466
1997-12-18 09:12,1.465
1997-12-18 09:18,1.464
1997-12-18 09:24,1.463
1997-12-18 09:30,1.461
1997-12-18 09:36,1.460
1997-12-18 09:42,1.459
1997-12-18 09:48,1.457
1997-12-18 09:54,1.456
1997-12-18 10:00,1.454
1997-12-18 10:06,1.453
1997-12-18 10:12,1.451
1997-12-18 10:18,1.449
1997-12-18 10:24,1.447
1997-12-18 10:30,1.445
1997-12-18 10:36,1.443
1997-12-18 10:42,1.441
1997-12-18 10:48,1.439
1997-12-18 10:54,1.437
1997-12-18 11:00,1.435
1997-12-18 11:06,1.432
1997-12-18 11:12,1.430
1997-12-18 11:18,1.427
1997-12-18 11:24,1.425
1997-12-18 11:30,1.422
1997-12-18 11:36,1.419
1997-12-18 11:42,1.416
1997-12-18 11:48,1.413
1997-12-18 11:54,1.409
1997-12-18 12:00,1.406
1997-12-18 12:06,1.402
1997-12-18 12:12,1.398
1997-12-18 12:18,1.394
1997-12-18 12:24,1.390
1997-12-18 12:30,1.386
1997-12-18 12:36,1.382
1997-12-18 12:42,1.377
1997-12-18 12:48,1.372
1997-12-18 12:54,1.367
1997-12-18 13:00,1.362
1997-12-18 13:06,1.357
1997-12-18 13:12,1.352
1997-12-18 13:18,1.346
1997-12-18 13:24,1.341
1997-12-18 13:30,1.335
1997-12-18 13:36,1.329
1997-12-18 13:42,1.323
1997-12-18 13:48,1.317
1997-12-18 13:54,1.311
1997-12-18 14:00,1.306
1997-12-18 14:06,1.300
1997-12-18 14:12,1.294
1997-12-18 14:18,1.288
1997-12-18 14:24,1.282
1997-12-18 14:30,1.276
1997-12-18 14:36,1.270
1997-12-18 14:42,1.264
1997-12-18 14:48,1.259
1997-12-18 14:54,1.253
1997-12-18 15:00,1.248
1997-12-18 15:06,1.243
1997-12-18 15:12,1.237
1997-12-18 15:18,1.232
1997-12-18 15:24,1.228
1997-12-18 15:30,1.223
1997-12-18 15:36,1.218
1997-12-18 15:42,1.214
1997-12-18 15:48,1.210
1997-12-18 15:54,1.206
1997-12-18 16:00,1.202
1997-12-18 16:06,1.198
1997-12-18 16:12,1.195
1997-12-18 16:18,1.191
1997-12-18 16:24,1.188
1997-12-18 16:30,1.185
1997-12-18 16:36,1.182
1997-12-18 16:42,1.179
1997-12-18 16:48,1.177
1997-12-18 16:54,1.175
1997-12-18 17:00,1.172
1997-12-18 17:06,1.171
1997-12-18 17:12,1.169
1997-12-18 17:18,1.167
1997-12-18 17:24,1.166
1997-12-18 17:30,1.165
1997-12-18 17:36,1.164
1997-12-18 17:42,1.163
1997-12-18 17:48,1.163
1997-12-18 17:54,1.163
1997-12-18 18:00,1.163
1997-12-18 18:06,1.163
1997-12-18 18:12,1.164
1997-12-18 18:18,1.165
1997-12-18 18:24,1.166
1997-12-18 18:30,1.168
1997-12-18 18:36,1.170
1997-12-18 18:42,1.172
1997-12-18 18:48,1.174
1997-12-18 18:54,1.177
1997-12-18 19:00,1.180
1997-12-18 19:06,1.184
1997-12-18 19:12,1.187
1997-12-18 19:18,1.191
1997-12-18 19:24,1.196
1997-12-18 19:30,1.200
1997-12-18 19:36,1.205
1997-12-18 19:42,1.210
1997-12-18 19:48,1.215
1997-12-18 19:54,1.221
1997-12-18 20:00,1.227
1997-12-18 20:06,1.232
1997-12-18 20:12,1.238
1997-12-18 20:18,1.245
1997-12-18 20:24,1.251
1997-12-18 20:30,1.257
1997-12-18 20:36,1.264
1997-12-18 20:42,1.270
1997-12-18 20:48,1.277
1997-12-18 20:54,1.284
1997-12-18 21:00,1.291
1997-12-18 21:06,1.297
1997-12-18 21:12,1.304
1997-12-18 21:18,1.311
1997-12-18 21:24,1.318
1997-12-18 21:30,1.324
1997-12-18 21:36,1.331
1997-12-18 21:42,1.338
1997-12-18 21:48,1.344
1997-12-18 21:54,1.351
1997-12-18 22:00,1.357
1997-12-18 22:06,1.364
1997-12-18 22:12,1.370
1997-12-18 22:18,1.376
1997-12-18 22:24,1.383
1997-12-18 22:30,1.389
1997-12-18 22:36,1.395
1997-12-18 22:42,1.401
1997-12-18 22:48,1.407
1997-12-18 22:54,1.413
1997-12-18 23:00,1.419
1997-12-18 23:06,1.425
1997-12-18 23:12,1.431
1997-12-18 23:18,1.436
1997-12-18 23:24,1.442
1997-12-18 23:30,1.447
1997-12-18 23:36,1.452
1997-12-18 23:42,1.458
1997-12-18 23:48,1.463
1997-12-18 23:54,1.467
1997-12-19 00:00,1.472
1997-12-19 00:06,1.477
1997-12-19 00:12,1.481
1997-12-19 00:18,1.485
1997-12-19 00:24,1.490
1997-12-19 00:30,1.493
1997-12-19 00:36,1.497
1997-12-19 00:42,1.500
1997-12-19 00:48,1.504
1997-12-19 00:54,1.507
1997-12-19 01:00,1.510
1997-12-19 01:06,1.512
1997-12-19 01:12,1.514
1997-12-19 01:18,1.517
1997-12-19 01:24,1.519
1997-12-19 01:30,1.520
1997-12-19 01:36,1.522
1997-12-19 01:42,1.523
1997-12-19 01:48,1.524
1997-12-19 01:54,1.525
1997-12-19 02:00,1.526
1997-12-19 02:06,1.527
1997-12-19 02:12,1.527
1997-12-19 02:18,1.528
1997-12-19 02:24,1.528
1997-12-19 02:30,1.528
1997-12-19 02:36,1.528
1997-12-19 02:42,1.528
1997-12-19 02:48,1.528
1997-12-19 02:54,1.528
1997-12-19 03:00,1.528
1997-12-19 03:06,1.527
1997-12-19 03:12,1.527
1997-12-19 03:18,1.526
1997-12-19 03:24,1.526
1997-12-19 03:30,1.525
1997-12-19 03:36,1.525
1997-12-19 03:42,1.524
1997-12-19 03:48,1.523
1997-12-19 03:54,1.522
1997-12-19 04:00,1.522
1997-12-19 04:06,1.521
1997-12-19 04:12,1.519
1997-12-19 04:18,1.518
1997-12-19 04:24,1.517
1997-12-19 04:30,1.516
1997-12-19 04:36,1.514
1997-12-19 04:42,1.513
1997-12-19 04:48,1.511
1997-12-19 04:54,1.510
1997-12-19 05:00,1.508
1997-12-19 05:06,1.506
1997-12-19 05:12,1.504
1997-12-19 05:18,1.502
1997-12-19 05:24,1.500
1997-12-19 05:30,1.498
1997-12-19 05:36,1.496
1997-12-19 05:42,1.493
1997-12-19 05:48,1.491
1997-12-19 05:54,1.488
1997-12-19 06:00,1.486
1997-12-19 06:06,1.484
1997-12-19 06:12,1.481
1997-12-19 06:18,1.479
1997-12-19 06:24,1.477
1997-12-19 06:30,1.474
1997-12-19 06:36,1.472
1997-12-19 06:42,1.470
1997-12-19 06:48,1.468
1997-12-19 06:54,1.465
1997-12-19 07:00,1.463
1997-12-19 07:06,1.462
1997-12-19 07:12,1.460
1997-12-19 07:18,1.458
1997-12-19 07:24,1.456
1997-12-19 07:30,1.455
1997-12-19 07:36,1.454
1997-12-19 07:42,1.452
1997-12-19 07:48,1.451
1997-12-19 07:54,1.450
1997-12-19 08:00,1.449
1997-12-19 08:06,1.448
1997-12-19 08:12,1.447
1997-12-19 08:18,1.446
1997-12-19 08:24,1.445
1997-12-19 08:30,1.444
1997-12-19 08:36,1.444
1997-12-19 08:42,1.443
1997-12-19 08:48,1.442
1997-12-19 08:54,1.442
1997-12-19 09:00,1.441
1997-12-19 09:06,1.440
1997-12-19 09:12,1.439
1997-12-19 09:18,1.438
1997-12-19 09:24,1.438
1997-12-19 09:30,1.437
1997-12-19 09:36,1.436
1997-12-19 09:42,1.435
1997-12-19 09:48,1.434
1997-12-19 09:54,1.433
1997-12-19 10:00,1.432
1997-12-19 10:06,1.431
1997-12-19 10:12,1.430
1997-12-19 10:18,1.429
1997-12-19 10:24,1.428
1997-12-19 10:30,1.427
1997-12-19 10:36,1.425
1997-12-19 10:42,1.424
1997-12-19 10:48,1.423
1997-12-19 10:54,1.422
1997-12-19 11:00,1.420
1997-12-19 11:06,1.419
1997-12-19 11:12,1.418
1997-12-19 11:18,1.417
1997-12-19 11:24,1.415
1997-12-19 11:30,1.414
1997-12-19 11:36,1.412
1997-12-19 11:42,1.411
1997-12-19 11:48,1.409
1997-12-19 11:54,1.408
1997-12-19 12:00,1.406
1997-12-19 12:06,1.405
1997-12-19 12:12,1.403
1997-12-19 12:18,1.401
1997-12-19 12:24,1.399
1997-12-19 12:30,1.397
1997-12-19 12:36,1.395
1997-12-19 12:42,1.392
1997-12-19 12:48,1.390
1997-12-19 12:54,1.387
1997-12-19 13:00,1.385
1997-12-19 13:06,1.382
1997-12-19 13:12,1.379
1997-12-19 13:18,1.376
1997-12-19 13:24,1.372
1997-12-19 13:30,1.369
1997-12-19 13:36,1.365
1997-12-19 13:42,1.362
1997-12-19 13:48,1.358
1997-12-19 13:54,1.354
1997-12-19 14:00,1.350
1997-12-19 14:06,1.346
1997-12-19 14:12,1.342
1997-12-19 14:18,1.337
1997-12-19 14:24,1.333
1997-12-19 14:30,1.329
1997-12-19 14:36,1.324
1997-12-19 14:42,1.320
1997-12-19 14:48,1.315
1997-12-19 14:54,1.311
1997-12-19 15:00,1.306
1997-12-19 15:06,1.302
1997-12-19 15:12,1.298
1997-12-19 15:18,1.293
1997-12-19 15:24,1.289
1997-12-19 15:30,1.285
1997-12-19 15:36,1.281
1997-12-19 15:42,1.277
1997-12-19 15:48,1.273
1997-12-19 15:54,1.269
1997-12-19 16:00,1.265
1997-12-19 16:06,1.262
1997-12-19 16:12,1.258
1997-12-19 16:18,1.255
1997-12-19 16:24,1.251
1997-12-19 16:30,1.248
1997-12-19 16:36,1.245
1997-12-19 16:42,1.242
1997-12-19 16:48,1.239
1997-12-19 16:54,1.236
1997-12-19 17:00,1.233
1997-12-19 17:06,1.231
1997-12-19 17:12,1.228
1997-12-19 17:18,1.226
1997-12-19 17:24,1.224
1997-12-19 17:30,1.221
1997-12-19 17:36,1.219
1997-12-19 17:42,1.218
1997-12-19 17:48,1.216
1997-12-19 17:54,1.214
1997-12-19 18:00,1.213
1997-12-19 18:06,1.212
1997-12-19 18:12,1.211
1997-12-19 18:18,1.210
1997-12-19 18:24,1.210
1997-12-19 18:30,1.210
1997-12-19 18:36,1.210
1997-12-19 18:42,1.210
1997-12-19 18:48,1.210
1997-12-19 18:54,1.211
1997-12-19 19:00,1.212
1997-12-19 19:06,1.213
1997-12-19 19:12,1.215
1997-12-19 19:18,1.216
1997-12-19 19:24,1.219
1997-12-19 19:30,1.221
1997-12-19 19:36,1.223
1997-12-19 19:42,1.226
1997-12-19 19:48,1.229
1997-12-19 19:54,1.233
1997-12-19 20:00,1.236
1997-12-19 20:06,1.240
1997-12-19 20:12,1.244
1997-12-19 20:18,1.248
1997-12-19 20:24,1.252
1997-12-19 20:30,1.257
1997-12-19 20:36,1.262
1997-12-19 20:42,1.266
1997-12-19 20:48,1.271
1997-12-19 20:54,1.276
1997-12-19 21:00,1.281
1997-12-19 21:06,1.287
1997-12-19 21:12,1.292
1997-12-19 21:18,1.297
1997-12-19 21:24,1.302
1997-12-19 21:30,1.308
1997-12-19 21:36,1.313
1997-12-19 21:42,1.319
1997-12-19 21:48,1.324
1997-12-19 21:54,1.329
1997-12-19 22:00,1.335
1997-12-19 22:06,1.340
1997-12-19 22:12,1.345
1997-12-19 22:18,1.350
1997-12-19 22:24,1.356
1997-12-19 22:30,1.361
1997-12-19 22:36,1.366
1997-12-19 22:42,1.371
1997-12-19 22:48,1.376
1997-12-19 22:54,1.382
1997-12-19 23:00,1.387
1997-12-19 23:06,1.392
1997-12-19 23:12,1.397
1997-12-19 23:18,1.402
1997-12-19 23:24,1.406
1997-12-19 23:30,1.411
1997-12-19 23:36,1.416
1997-12-19 23:42,1.421
1997-12-19 23:48,1.425
1997-12-19 23:54,1.430
1997-12-20 00:00,1.435
1997-12-20 00:06,1.439
1997-12-20 00:12,1.443
1997-12-20 00:18,1.448
1997-12-20 00:24,1.452
1997-12-20 00:30,1.456
1997-12-20 00:36,1.460
1997-12-20 00:42,1.463
1997-12-20 00:48,1.467
1997-12-20 00:54,1.470
1997-12-20 01:00,1.474
1997-12-20 01:06,1.477
1997-12-20 01:12,1.480
1997-12-20 01:18,1.482
1997-12-20 01:24,1.485
1997-12-20 01:30,1.487
1997-12-20 01:36,1.489
1997-12-20 01:42,1.491
1997-12-20 01:48,1.493
1997-12-20 01:54,1.495
1997-12-20 02:00,1.496
1997-12-20 02:06,1.498
1997-12-20 02:12,1.499
1997-12-20 02:18,1.500
1997-12-20 02:24,1.500
1997-12-20 02:30,1.501
1997-12-20 02:36,1.502
1997-12-20 02:42,1.502
1997-12-20 02:48,1.502
1997-12-20 02:54,1.502
1997-12-20 03:00,1.502
1997-12-20 03:06,1.502
1997-12-20 03:12,1.502
1997-12-20 03:18,1.501
1997-12-20 03:24,1.501
1997-12-20 03:30,1.501
1997-12-20 03:36,1.500
1997-12-20 03:42,1.499
1997-12-20 03:48,1.499
1997-12-20 03:54,1.498
1997-12-20 04:00,1.497
1997-12-20 04:06,1.496
1997-12-20 04:12,1.495
1997-12-20 04:18,1.494
1997-12-20 04:24,1.492
1997-12-20 04:30,1.491
1997-12-20 04:36,1.490
1997-12-20 04:42,1.488
1997-12-20 04:48,1.487
1997-12-20 04:54,1.485
1997-12-20 05:00,1.483
1997-12-20 05:06,1.482
1997-12-20 05:12,1.480
1997-12-20 05:18,1.478
1997-12-20 05:24,1.476
1997-12-20 05:30,1.474
1997-12-20 05:36,1.471
1997-12-20 05:42,1.469
1997-12-20 05:48,1.467
1997-12-20 05:54,1.465
1997-12-20 06:00,1.462
1997-12-20 06:06,1.460
1997-12-20 06:12,1.457
1997-12-20 06:18,1.455
1997-12-20 06:24,1.452
1997-12-20 06:30,1.450
1997-12-20 06:36,1.447
1997-12-20 06:42,1.445
1997-12-20 06:48,1.442
1997-12-20 06:54,1.440
1997-12-20 07:00,1.438
1997-12-20 07:06,1.435
1997-12-20 07:12,1.433
1997-12-20 07:18,1.431
1997-12-20 07:24,1.429
1997-12-20 07:30,1.427
1997-12-20 07:36,1.425
1997-12-20 07:42,1.423
1997-12-20 07:48,1.421
1997-12-20 07:54,1.420
1997-12-20 08:00,1.418
1997-12-20 08:06,1.417
1997-12-20 08:12,1.415
1997-12-20 08:18,1.414
1997-12-20 08:24,1.413
1997-12-20 08:30,1.412
1997-12-20 08:36,1.411
1997-12-20 08:42,1.410
1997-12-20 08:48,1.409
1997-12-20 08:54,1.408
1997-12-20 09:00,1.407
1997-12-20 09:06,1.406
1997-12-20 09:12,1.405
1997-12-20 09:18,1.405
1997-12-20 09:24,1.404
1997-12-20 09:30,1.403
1997-12-20 09:36,1.403
1997-12-20 09:42,1.402
1997-12-20 09:48,1.401
1997-12-20 09:54,1.400
1997-12-20 10:00,1.400
1997-12-20 10:06,1.399
1997-12-20 10:12,1.398
1997-12-20 10:18,1.398
1997-12-20 10:24,1.397
1997-12-20 10:30,1.396
1997-12-20 10:36,1.396
1997-12-20 10:42,1.395
1997-12-20 10:48,1.395
1997-12-20 10:54,1.394
1997-12-20 11:00,1.393
1997-12-20 11:06,1.393
1997-12-20 11:12,1.392
1997-12-20 11:18,1.392
1997-12-20 11:24,1.391
1997-12-20 11:30,1.391
1997-12-20 11:36,1.390
1997-12-20 11:42,1.390
1997-12-20 11:48,1.389
1997-12-20 11:54,1.389
1997-12-20 12:00,1.388
1997-12-20 12:06,1.388
1997-12-20 12:12,1.387
1997-12-20 12:18,1.387
1997-12-20 12:24,1.386
1997-12-20 12:30,1.386
1997-12-20 12:36,1.385
1997-12-20 12:42,1.385
1997-12-20 12:48,1.384
1997-12-20 12:54,1.383
1997-12-20 13:00,1.383
1997-12-20 13:06,1.382
1997-12-20 13:12,1.381
1997-12-20 13:18,1.380
1997-12-20 13:24,1.379
1997-12-20 13:30,1.378
1997-12-20 13:36,1.376
1997-12-20 13:42,1.375
1997-12-20 13:48,1.373
1997-12-20 13:54,1.372
1997-12-20 14:00,1.370
1997-12-20 14:06,1.368
1997-12-20 14:12,1.367
1997-12-20 14:18,1.365
1997-12-20 14:24,1.363
1997-12-20 14:30,1.360
1997-12-20 14:36,1.358
1997-12-20 14:42,1.356
1997-12-20 14:48,1.353
1997-12-20 14:54,1.351
1997-12-20 15:00,1.348
1997-12-20 15:06,1.346
1997-12-20 15:12,1.343
1997-12-20 15:18,1.341
1997-12-20 15:24,1.338
1997-12-20 15:30,1.335
1997-12-20 15:36,1.332
1997-12-20 15:42,1.330
1997-12-20 15:48,1.327
1997-12-20 15:54,1.324
1997-12-20 16:00,1.321
1997-12-20 16:06,1.318
1997-12-20 16:12,1.316
1997-12-20 16:18,1.313
1997-12-20 16:24,1.310
1997-12-20 16:30,1.307
1997-12-20 16:36,1.305
1997-12-20 16:42,1.302
1997-12-20 16:48,1.299
1997-12-20 16:54,1.297
1997-12-20 17:00,1.294
1997-12-20 17:06,1.292
1997-12-20 17:12,1.289
1997-12-20 17:18,1.287
1997-12-20 17:24,1.284
1997-12-20 17:30,1.282
1997-12-20 17:36,1.280
1997-12-20 17:42,1.278
1997-12-20 17:48,1.276
1997-12-20 17:54,1.274
1997-12-20 18:00,1.272
1997-12-20 18:06,1.270
1997-12-20 18:12,1.269
1997-12-20 18:18,1.267
1997-12-20 18:24,1.266
1997-12-20 18:30,1.265
1997-12-20 18:36,1.264
1997-12-20 18:42,1.263
1997-12-20 18:48,1.262
1997-12-20 18:54,1.261
1997-12-20 19:00,1.261
1997-12-20 19:06,1.261
1997-12-20 19:12,1.261
1997-12-20 19:18,1.261
1997-12-20 19:24,1.261
1997-12-20 19:30,1.262
1997-12-20 19:36,1.263
1997-12-20 19:42,1.264
1997-12-20 19:48,1.265
1997-12-20 19:54,1.267
1997-12-20 20:00,1.268
1997-12-20 20:06,1.270
1997-12-20 20:12,1.272
1997-12-20 20:18,1.274
1997-12-20 20:24,1.276
1997-12-20 20:30,1.279
1997-12-20 20:36,1.282
1997-12-20 20:42,1.285
1997-12-20 20:48,1.288
1997-12-20 20:54,1.291
1997-12-20 21:00,1.294
1997-12-20 21:06,1.297
1997-12-20 21:12,1.301
1997-12-20 21:18,1.304
1997-12-20 21:24,1.308
1997-12-20 21:30,1.312
1997-12-20 21:36,1.316
1997-12-20 21:42,1.319
1997-12-20 21:48,1.323
1997-12-20 21:54,1.327
1997-12-20 22:00,1.331
1997-12-20 22:06,1.335
1997-12-20 22:12,1.339
1997-12-20 22:18,1.343
1997-12-20 22:24,1.347
1997-12-20 22:30,1.352
1997-12-20 22:36,1.356
1997-12-20 22:42,1.360
1997-12-20 22:48,1.364
1997-12-20 22:54,1.368
1997-12-20 23:00,1.372
1997-12-20 23:06,1.376
1997-12-20 23:12,1.380
1997-12-20 23:18,1.384
1997-12-20 23:24,1.388
1997-12-20 23:30,1.392
1997-12-20 23:36,1.396
1997-12-20 23:42,1.400
1997-12-20 23:48,1.403
1997-12-20 23:54,1.407
1997-12-21 00:00,1.411
1997-12-21 00:06,1.415
1997-12-21 00:12,1.418
1997-12-21 00:18,1.422
1997-12-21 00:24,1.425
1997-12-21 00:30,1.429
1997-12-21 00:36,1.432
1997-12-21 00:42,1.436
1997-12-21 00:48,1.439
1997-12-21 00:54,1.442
1997-12-21 01:00,1.445
1997-12-21 01:06,1.448
1997-12-21 01:12,1.451
1997-12-21 01:18,1.453
1997-12-21 01:24,1.456
1997-12-21 01:30,1.458
1997-12-21 01:36,1.461
1997-12-21 01:42,1.463
1997-12-21 01:48,1.465
1997-12-21 01:54,1.467
1997-12-21 02:00,1.469
1997-12-21 02:06,1.471
1997-12-21 02:12,1.472
1997-12-21 02:18,1.473
1997-12-21 02:24,1.475
1997-12-21 02:30,1.476
1997-12-21 02:36,1.477
1997-12-21 02:42,1.478
1997-12-21 02:48,1.478
1997-12-21 02:54,1.479
1997-12-21 03:00,1.479
1997-12-21 03:06,1.479
1997-12-21 03:12,1.480
1997-12-21 03:18,1.480
1997-12-21 03:24,1.479
1997-12-21 03:30,1.479
1997-12-21 03:36,1.479
1997-12-21 03:42,1.478
1997-12-21 03:48,1.477
1997-12-21 03:54,1.477
1997-12-21 04:00,1.476
1997-12-21 04:06,1.475
1997-12-21 04:12,1.474
1997-12-21 04:18,1.472
1997-12-21 04:24,1.471
1997-12-21 04:30,1.470
1997-12-21 04:36,1.468
1997-12-21 04:42,1.466
1997-12-21 04:48,1.465
1997-12-21 04:54,1.463
1997-12-21 05:00,1.461
1997-12-21 05:06,1.459
1997-12-21 05:12,1.457
1997-12-21 05:18,1.454
1997-12-21 05:24,1.452
1997-12-21 05:30,1.450
1997-12-21 05:36,1.447
1997-12-21 05:42,1.445
1997-12-21 05:48,1.442
1997-12-21 05:54,1.440
1997-12-21 06:00,1.437
1997-12-21 06:06,1.435
1997-12-21 06:12,1.432
1997-12-21 06:18,1.429
1997-12-21 06:24,1.426
1997-12-21 06:30,1.424
1997-12-21 06:36,1.421
1997-12-21 06:42,1.418
1997-12-21 06:48,1.416
1997-12-21 06:54,1.413
1997-12-21 07:00,1.410
1997-12-21 07:06,1.408
1997-12-21 07:12,1.405
1997-12-21 07:18,1.402
1997-12-21 07:24,1.400
1997-12-21 07:30,1.397
1997-12-21 07:36,1.395
1997-12-21 07:42,1.393
1997-12-21 07:48,1.390
1997-12-21 07:54,1.388
1997-12-21 08:00,1.386
1997-12-21 08:06,1.384
1997-12-21 08:12,1.382
1997-12-21 08:18,1.380
1997-12-21 08:24,1.378
1997-12-21 08:30,1.377
1997-12-21 08:36,1.375
1997-12-21 08:42,1.373
1997-12-21 08:48,1.372
1997-12-21 08:54,1.370
1997-12-21 09:00,1.369
1997-12-21 09:06,1.368
1997-12-21 09:12,1.366
1997-12-21 09:18,1.365
1997-12-21 09:24,1.364
1997-12-21 09:30,1.363
1997-12-21 09:36,1.362
1997-12-21 09:42,1.361
1997-12-21 09:48,1.360
1997-12-21 09:54,1.360
1997-12-21 10:00,1.359
1997-12-21 10:06,1.358
1997-12-21 10:12,1.358
1997-12-21 10:18,1.357
1997-12-21 10:24,1.357
1997-12-21 10:30,1.356
1997-12-21 10:36,1.356
1997-12-21 10:42,1.356
1997-12-21 10:48,1.356
1997-12-21 10:54,1.355
1997-12-21 11:00,1.355
1997-12-21 11:06,1.355
1997-12-21 11:12,1.355
1997-12-21 11:18,1.355
1997-12-21 11:24,1.355
1997-12-21 11:30,1.355
1997-12-21 11:36,1.356
1997-12-21 11:42,1.356
1997-12-21 11:48,1.356
1997-12-21 11:54,1.356
1997-12-21 12:00,1.357
1997-12-21 12:06,1.357
1997-12-21 12:12,1.357
1997-12-21 12:18,1.358
1997-12-21 12:24,1.358
1997-12-21 12:30,1.359
1997-12-21 12:36,1.359
1997-12-21 12:42,1.360
1997-12-21 12:48,1.360
1997-12-21 12:54,1.361
1997-12-21 13:00,1.361
1997-12-21 13:06,1.362
1997-12-21 13:12,1.362
1997-12-21 13:18,1.363
1997-12-21 13:24,1.363
1997-12-21 13:30,1.364
1997-12-21 13:36,1.364
1997-12-21 13:42,1.365
1997-12-21 13:48,1.365
1997-12-21 13:54,1.366
1997-12-21 14:00,1.366
1997-12-21 14:06,1.366
1997-12-21 14:12,1.367
1997-12-21 14:18,1.367
1997-12-21 14:24,1.367
1997-12-21 14:30,1.367
1997-12-21 14:36,1.367
1997-12-21 14:42,1.367
1997-12-21 14:48,1.367
1997-12-21 14:54,1.367
1997-12-21 15:00,1.367
1997-12-21 15:06,1.367
1997-12-21 15:12,1.366
1997-12-21 15:18,1.366
1997-12-21 15:24,1.366
1997-12-21 15:30,1.365
1997-12-21 15:36,1.364
1997-12-21 15:42,1.364
1997-12-21 15:48,1.363
1997-12-21 15:54,1.362
1997-12-21 16:00,1.361
1997-12-21 16:06,1.360
1997-12-21 16:12,1.359
1997-12-21 16:18,1.357
1997-12-21 16:24,1.356
1997-12-21 16:30,1.355
1997-12-21 16:36,1.353
1997-12-21 16:42,1.352
1997-12-21 16:48,1.350
1997-12-21 16:54,1.349
1997-12-21 17:00,1.347
1997-12-21 17:06,1.345
1997-12-21 17:12,1.344
1997-12-21 17:18,1.342
1997-12-21 17:24,1.340
1997-12-21 17:30,1.338
1997-12-21 17:36,1.337
1997-12-21 17:42,1.335
1997-12-21 17:48,1.333
1997-12-21 17:54,1.332
1997-12-21 18:00,1.330
1997-12-21 18:06,1.328
1997-12-21 18:12,1.327
1997-12-21 18:18,1.325
1997-12-21 18:24,1.324
1997-12-21 18:30,1.323
1997-12-21 18:36,1.322
1997-12-21 18:42,1.320
1997-12-21 18:48,1.319
1997-12-21 18:54,1.318
1997-12-21 19:00,1.318
1997-12-21 19:06,1.317
1997-12-21 19:12,1.316
1997-12-21 19:18,1.316
1997-12-21 19:24,1.315
1997-12-21 19:30,1.315
1997-12-21 19:36,1.315
1997-12-21 19:42,1.315
1997-12-21 19:48,1.315
1997-12-21 19:54,1.315
1997-12-21 20:00,1.315
1997-12-21 20:06,1.316
1997-12-21 20:12,1.317
1997-12-21 20:18,1.317
1997-12-21 20:24,1.318
1997-12-21 20:30,1.319
1997-12-21 20:36,1.320
1997-12-21 20:42,1.321
1997-12-21 20:48,1.323
1997-12-21 20:54,1.324
1997-12-21 21:00,1.325
1997-12-21 21:06,1.327
1997-12-21 21:12,1.329
1997-12-21 21:18,1.331
1997-12-21 21:24,1.333
1997-12-21 21:30,1.335
1997-12-21 21:36,1.337
1997-12-21 21:42,1.339
1997-12-21 21:48,1.341
1997-12-21 21:54,1.344
1997-12-21 22:00,1.346
1997-12-21 22:06,1.349
1997-12-21 22:12,1.351
1997-12-21 22:18,1.354
1997-12-21 22:24,1.357
1997-12-21 22:30,1.359
1997-12-21 22:36,1.362
1997-12-21 22:42,1.365
1997-12-21 22:48,1.368
1997-12-21 22:54,1.371
1997-12-21 23:00,1.374
1997-12-21 23:06,1.377
1997-12-21 23:12,1.380
1997-12-21 23:18,1.383
1997-12-21 23:24,1.386
1997-12-21 23:30,1.389
1997-12-21 23:36,1.392
1997-12-21 23:42,1.395
1997-12-21 23:48,1.398
1997-12-21 23:54,1.401
1997-12-22 00:00,1.403
1997-12-22 00:06,1.406
1997-12-22 00:12,1.409
1997-12-22 00:18,1.412
1997-12-22 00:24,1.414
1997-12-22 00:30,1.417
1997-12-22 00:36,1.420
1997-12-22 00:42,1.422
1997-12-22 00:48,1.425
1997-12-22 00:54,1.427
1997-12-22 01:00,1.429
1997-12-22 01:06,1.432
1997-12-22 01:12,1.434
1997-12-22 01:18,1.436
1997-12-22 01:24,1.438
1997-12-22 01:30,1.440
1997-12-22 01:36,1.442
1997-12-22 01:42,1.444
1997-12-22 01:48,1.446
1997-12-22 01:54,1.447
1997-12-22 02:00,1.449
1997-12-22 02:06,1.450
1997-12-22 02:12,1.452
1997-12-22 02:18,1.453
1997-12-22 02:24,1.455
1997-12-22 02:30,1.456
1997-12-22 02:36,1.457
1997-12-22 02:42,1.458
1997-12-22 02:48,1.459
1997-12-22 02:54,1.460
1997-12-22 03:00,1.460
1997-12-22 03:06,1.461
1997-12-22 03:12,1.461
1997-12-22 03:18,1.462
1997-12-22 03:24,1.462
1997-12-22 03:30,1.462
1997-12-22 03:36,1.462
1997-12-22 03:42,1.462
1997-12-22 03:48,1.461
1997-12-22 03:54,1.461
1997-12-22 04:00,1.460
1997-12-22 04:06,1.459
1997-12-22 04:12,1.458
1997-12-22 04:18,1.457
1997-12-22 04:24,1.456
1997-12-22 04:30,1.454
1997-12-22 04:36,1.452
1997-12-22 04:42,1.451
1997-12-22 04:48,1.449
1997-12-22 04:54,1.447
1997-12-22 05:00,1.444
1997-12-22 05:06,1.442
1997-12-22 05:12,1.440
1997-12-22 05:18,1.437
1997-12-22 05:24,1.434
1997-12-22 05:30,1.432
1997-12-22 05:36,1.429
1997-12-22 05:42,1.426
1997-12-22 05:48,1.423
1997-12-22 05:54,1.420
1997-12-22 06:00,1.417
1997-12-22 06:06,1.414
1997-12-22 06:12,1.411
1997-12-22 06:18,1.407
1997-12-22 06:24,1.404
1997-12-22 06:30,1.401
1997-12-22 06:36,1.398
1997-12-22 06:42,1.395
1997-12-22 06:48,1.391
1997-12-22 06:54,1.388
1997-12-22 07:00,1.385
1997-12-22 07:06,1.382
1997-12-22 07:12,1.379
1997-12-22 07:18,1.376
1997-12-22 07:24,1.373
1997-12-22 07:30,1.370
1997-12-22 07:36,1.367
1997-12-22 07:42,1.364
1997-12-22 07:48,1.361
1997-12-22 07:54,1.358
1997-12-22 08:00,1.356
1997-12-22 08:06,1.353
1997-12-22 08:12,1.350
1997-12-22 08:18,1.348
1997-12-22 08:24,1.345
1997-12-22 08:30,1.343
1997-12-22 08:36,1.340
1997-12-22 08:42,1.338
1997-12-22 08:48,1.335
1997-12-22 08:54,1.333
1997-12-22 09:00,1.331
1997-12-22 09:06,1.329
1997-12-22 09:12,1.327
1997-12-22 09:18,1.325
1997-12-22 09:24,1.323
1997-12-22 09:30,1.321
1997-12-22 09:36,1.320
1997-12-22 09:42,1.318
1997-12-22 09:48,1.317
1997-12-22 09:54,1.315
1997-12-22 10:00,1.314
1997-12-22 10:06,1.313
1997-12-22 10:12,1.312
1997-12-22 10:18,1.311
1997-12-22 10:24,1.310
1997-12-22 10:30,1.310
1997-12-22 10:36,1.309
1997-12-22 10:42,1.309
1997-12-22 10:48,1.309
1997-12-22 10:54,1.308
1997-12-22 11:00,1.308
1997-12-22 11:06,1.309
1997-12-22 11:12,1.309
1997-12-22 11:18,1.309
1997-12-22 11:24,1.309
1997-12-22 11:30,1.310
1997-12-22 11:36,1.311
1997-12-22 11:42,1.311
1997-12-22 11:48,1.312
1997-12-22 11:54,1.313
1997-12-22 12:00,1.314
1997-12-22 12:06,1.315
1997-12-22 12:12,1.316
1997-12-22 12:18,1.317
1997-12-22 12:24,1.318
1997-12-22 12:30,1.319
1997-12-22 12:36,1.320
1997-12-22 12:42,1.322
1997-12-22 12:48,1.323
1997-12-22 12:54,1.324
1997-12-22 13:00,1.326
1997-12-22 13:06,1.327
1997-12-22 13:12,1.329
1997-12-22 13:18,1.330
1997-12-22 13:24,1.332
1997-12-22 13:30,1.333
1997-12-22 13:36,1.335
1997-12-22 13:42,1.337
1997-12-22 13:48,1.338
1997-12-22 13:54,1.340
1997-12-22 14:00,1.342
1997-12-22 14:06,1.344
1997-12-22 14:12,1.346
1997-12-22 14:18,1.348
1997-12-22 14:24,1.350
1997-12-22 14:30,1.351
1997-12-22 14:36,1.353
1997-12-22 14:42,1.355
1997-12-22 14:48,1.357
1997-12-22 14:54,1.359
1997-12-22 15:00,1.361
1997-12-22 15:06,1.363
1997-12-22 15:12,1.365
1997-12-22 15:18,1.367
1997-12-22 15:24,1.369
1997-12-22 15:30,1.370
1997-12-22 15:36,1.372
1997-12-22 15:42,1.374
1997-12-22 15:48,1.375
1997-12-22 15:54,1.377
1997-12-22 16:00,1.378
1997-12-22 16:06,1.379
1997-12-22 16:12,1.380
1997-12-22 16:18,1.381
1997-12-22 16:24,1.382
1997-12-22 16:30,1.383
1997-12-22 16:36,1.383
1997-12-22 16:42,1.384
1997-12-22 16:48,1.384
1997-12-22 16:54,1.384
1997-12-22 17:00,1.384
1997-12-22 17:06,1.384
1997-12-22 17:12,1.384
1997-12-22 17:18,1.384
1997-12-22 17:24,1.383
1997-12-22 17:30,1.383
1997-12-22 17:36,1.382
1997-12-22 17:42,1.382
1997-12-22 17:48,1.381
1997-12-22 17:54,1.380
1997-12-22 18:00,1.379
1997-12-22 18:06,1.379
1997-12-22 18:12,1.378
1997-12-22 18:18,1.377
1997-12-22 18:24,1.376
1997-12-22 18:30,1.375
1997-12-22 18:36,1.375
1997-12-22 18:42,1.374
1997-12-22 18:48,1.373
1997-12-22 18:54,1.373
1997-12-22 19:00,1.372
1997-12-22 19:06,1.371
1997-12-22 19:12,1.371
1997-12-22 19:18,1.370
1997-12-22 19:24,1.370
1997-12-22 19:30,1.370
1997-12-22 19:36,1.369
1997-12-22 19:42,1.369
1997-12-22 19:48,1.369
1997-12-22 19:54,1.369
1997-12-22 20:00,1.369
1997-12-22 20:06,1.369
1997-12-22 20:12,1.369
1997-12-22 20:18,1.369
1997-12-22 20:24,1.369
1997-12-22 20:30,1.369
1997-12-22 20:36,1.369
1997-12-22 20:42,1.369
1997-12-22 20:48,1.370
1997-12-22 20:54,1.370
1997-12-22 21:00,1.370
1997-12-22 21:06,1.371
1997-12-22 21:12,1.371
1997-12-22 21:18,1.371
1997-12-22 21:24,1.372
1997-12-22 21:30,1.373
1997-12-22 21:36,1.373
1997-12-22 21:42,1.374
1997-12-22 21:48,1.375
1997-12-22 21:54,1.376
1997-12-22 22:00,1.377
1997-12-22 22:06,1.378
1997-12-22 22:12,1.379
1997-12-22 22:18,1.380
1997-12-22 22:24,1.381
1997-12-22 22:30,1.382
1997-12-22 22:36,1.384
1997-12-22 22:42,1.385
1997-12-22 22:48,1.387
1997-12-22 22:54,1.389
1997-12-22 23:00,1.390
1997-12-22 23:06,1.392
1997-12-22 23:12,1.394
1997-12-22 23:18,1.396
1997-12-22 23:24,1.398
1997-12-22 23:30,1.400
1997-12-22 23:36,1.402
1997-12-22 23:42,1.404
1997-12-22 23:48,1.406
1997-12-22 23:54,1.408
1997-12-23 00:00,1.410
1997-12-23 00:06,1.412
1997-12-23 00:12,1.414
1997-12-23 00:18,1.416
1997-12-23 00:24,1.418
1997-12-23 00:30,1.419
1997-12-23 00:36,1.421
1997-12-23 00:42,1.423
1997-12-23 00:48,1.425
1997-12-23 00:54,1.426
1997-12-23 01:00,1.428
1997-12-23 01:06,1.429
1997-12-23 01:12,1.431
1997-12-23 01:18,1.432
1997-12-23 01:24,1.434
1997-12-23 01:30,1.435
1997-12-23 01:36,1.436
1997-12-23 01:42,1.437
1997-12-23 01:48,1.438
1997-12-23 01:54,1.440
1997-12-23 02:00,1.441
1997-12-23 02:06,1.442
1997-12-23 02:12,1.443
1997-12-23 02:18,1.443
1997-12-23 02:24,1.444
1997-12-23 02:30,1.445
1997-12-23 02:36,1.446
1997-12-23 02:42,1.447
1997-12-23 02:48,1.447
1997-12-23 02:54,1.448
1997-12-23 03:00,1.449
1997-12-23 03:06,1.449
1997-12-23 03:12,1.450
1997-12-23 03:18,1.450
1997-12-23 03:24,1.450
1997-12-23 03:30,1.450
1997-12-23 03:36,1.450
1997-12-23 03:42,1.450
1997-12-23 03:48,1.450
1997-12-23 03:54,1.450
1997-12-23 04:00,1.450
1997-12-23 04:06,1.449
1997-12-23 04:12,1.448
1997-12-23 04:18,1.447
1997-12-23 04:24,1.446
1997-12-23 04:30,1.445
1997-12-23 04:36,1.444
1997-12-23 04:42,1.442
1997-12-23 04:48,1.440
1997-12-23 04:54,1.438
1997-12-23 05:00,1.436
1997-12-23 05:06,1.434
1997-12-23 05:12,1.431
1997-12-23 05:18,1.429
1997-12-23 05:24,1.426
1997-12-23 05:30,1.423
1997-12-23 05:36,1.420
1997-12-23 05:42,1.416
1997-12-23 05:48,1.413
1997-12-23 05:54,1.409
1997-12-23 06:00,1.406
1997-12-23 06:06,1.402
1997-12-23 06:12,1.399
1997-12-23 06:18,1.395
1997-12-23 06:24,1.391
1997-12-23 06:30,1.387
1997-12-23 06:36,1.383
1997-12-23 06:42,1.379
1997-12-23 06:48,1.376
1997-12-23 06:54,1.372
1997-12-23 07:00,1.368
1997-12-23 07:06,1.364
1997-12-23 07:12,1.360
1997-12-23 07:18,1.357
1997-12-23 07:24,1.353
1997-12-23 07:30,1.349
1997-12-23 07:36,1.345
1997-12-23 07:42,1.342
1997-12-23 07:48,1.338
1997-12-23 07:54,1.335
1997-12-23 08:00,1.331
1997-12-23 08:06,1.328
1997-12-23 08:12,1.324
1997-12-23 08:18,1.321
1997-12-23 08:24,1.318
1997-12-23 08:30,1.314
1997-12-23 08:36,1.311
1997-12-23 08:42,1.308
1997-12-23 08:48,1.305
1997-12-23 08:54,1.301
1997-12-23 09:00,1.298
1997-12-23 09:06,1.295
1997-12-23 09:12,1.292
1997-12-23 09:18,1.289
1997-12-23 09:24,1.287
1997-12-23 09:30,1.284
1997-12-23 09:36,1.281
1997-12-23 09:42,1.279
1997-12-23 09:48,1.276
1997-12-23 09:54,1.274
1997-12-23 10:00,1.272
1997-12-23 10:06,1.269
1997-12-23 10:12,1.268
1997-12-23 10:18,1.266
1997-12-23 10:24,1.264
1997-12-23 10:30,1.263
1997-12-23 10:36,1.261
1997-12-23 10:42,1.260
1997-12-23 10:48,1.259
1997-12-23 10:54,1.259
1997-12-23 11:00,1.258
1997-12-23 11:06,1.258
1997-12-23 11:12,1.257
1997-12-23 11:18,1.257
1997-12-23 11:24,1.257
1997-12-23 11:30,1.258
1997-12-23 11:36,1.258
1997-12-23 11:42,1.259
1997-12-23 11:48,1.260
1997-12-23 11:54,1.261
1997-12-23 12:00,1.262
1997-12-23 12:06,1.263
1997-12-23 12:12,1.264
1997-12-23 12:18,1.266
1997-12-23 12:24,1.267
1997-12-23 12:30,1.269
1997-12-23 12:36,1.271
1997-12-23 12:42,1.273
1997-12-23 12:48,1.275
1997-12-23 12:54,1.277
1997-12-23 13:00,1.279
1997-12-23 13:06,1.281
1997-12-23 13:12,1.283
1997-12-23 13:18,1.285
1997-12-23 13:24,1.288
1997-12-23 13:30,1.290
1997-12-23 13:36,1.292
1997-12-23 13:42,1.295
1997-12-23 13:48,1.298
1997-12-23 13:54,1.300
1997-12-23 14:00,1.303
1997-12-23 14:06,1.306
1997-12-23 14:12,1.309
1997-12-23 14:18,1.312
1997-12-23 14:24,1.315
1997-12-23 14:30,1.318
1997-12-23 14:36,1.321
1997-12-23 14:42,1.325
1997-12-23 14:48,1.328
1997-12-23 14:54,1.331
1997-12-23 15:00,1.335
1997-12-23 15:06,1.339
1997-12-23 15:12,1.342
1997-12-23 15:18,1.346
1997-12-23 15:24,1.349
1997-12-23 15:30,1.353
1997-12-23 15:36,1.357
1997-12-23 15:42,1.360
1997-12-23 15:48,1.364
1997-12-23 15:54,1.367
1997-12-23 16:00,1.371
1997-12-23 16:06,1.374
1997-12-23 16:12,1.378
1997-12-23 16:18,1.381
1997-12-23 16:24,1.384
1997-12-23 16:30,1.387
1997-12-23 16:36,1.390
1997-12-23 16:42,1.392
1997-12-23 16:48,1.395
1997-12-23 16:54,1.397
1997-12-23 17:00,1.400
1997-12-23 17:06,1.402
1997-12-23 17:12,1.404
1997-12-23 17:18,1.405
1997-12-23 17:24,1.407
1997-12-23 17:30,1.408
1997-12-23 17:36,1.410
1997-12-23 17:42,1.411
1997-12-23 17:48,1.412
1997-12-23 17:54,1.413
1997-12-23 18:00,1.414
1997-12-23 18:06,1.414
1997-12-23 18:12,1.415
1997-12-23 18:18,1.415
1997-12-23 18:24,1.416
1997-12-23 18:30,1.416
1997-12-23 18:36,1.416
1997-12-23 18:42,1.417
1997-12-23 18:48,1.417
1997-12-23 18:54,1.417
1997-12-23 19:00,1.417
1997-12-23 19:06,1.417
1997-12-23 19:12,1.417
1997-12-23 19:18,1.418
1997-12-23 19:24,1.418
1997-12-23 19:30,1.418
1997-12-23 19:36,1.418
1997-12-23 19:42,1.418
1997-12-23 19:48,1.418
1997-12-23 19:54,1.418
1997-12-23 20:00,1.418
1997-12-23 20:06,1.419
1997-12-23 20:12,1.419
1997-12-23 20:18,1.419
1997-12-23 20:24,1.419
1997-12-23 20:30,1.419
1997-12-23 20:36,1.419
1997-12-23 20:42,1.419
1997-12-23 20:48,1.419
1997-12-23 20:54,1.419
1997-12-23 21:00,1.419
1997-12-23 21:06,1.419
1997-12-23 21:12,1.419
1997-12-23 21:18,1.419
1997-12-23 21:24,1.418
1997-12-23 21:30,1.418
1997-12-23 21:36,1.418
1997-12-23 21:42,1.418
1997-12-23 21:48,1.418
1997-12-23 21:54,1.418
1997-12-23 22:00,1.417
1997-12-23 22:06,1.417
1997-12-23 22:12,1.417
1997-12-23 22:18,1.417
1997-12-23 22:24,1.417
1997-12-23 22:30,1.417
1997-12-23 22:36,1.417
1997-12-23 22:42,1.418
1997-12-23 22:48,1.418
1997-12-23 22:54,1.418
1997-12-23 23:00,1.419
1997-12-23 23:06,1.419
1997-12-23 23:12,1.420
1997-12-23 23:18,1.421
1997-12-23 23:24,1.421
1997-12-23 23:30,1.422
1997-12-23 23:36,1.423
1997-12-23 23:42,1.424
1997-12-23 23:48,1.425
1997-12-23 23:54,1.426
1997-12-24 00:00,1.427
1997-12-24 00:06,1.428
1997-12-24 00:12,1.429
1997-12-24 00:18,1.430
1997-12-24 00:24,1.431
1997-12-24 00:30,1.432
1997-12-24 00:36,1.434
1997-12-24 00:42,1.435
1997-12-24 00:48,1.436
1997-12-24 00:54,1.437
1997-12-24 01:00,1.438
1997-12-24 01:06,1.439
1997-12-24 01:12,1.439
1997-12-24 01:18,1.440
1997-12-24 01:24,1.441
1997-12-24 01:30,1.442
1997-12-24 01:36,1.442
1997-12-24 01:42,1.443
1997-12-24 01:48,1.443
1997-12-24 01:54,1.444
1997-12-24 02:00,1.444
1997-12-24 02:06,1.445
1997-12-24 02:12,1.445
1997-12-24 02:18,1.445
1997-12-24 02:24,1.446
1997-12-24 02:30,1.446
1997-12-24 02:36,1.446
1997-12-24 02:42,1.446
1997-12-24 02:48,1.447
1997-12-24 02:54,1.447
1997-12-24 03:00,1.447
1997-12-24 03:06,1.447
1997-12-24 03:12,1.447
1997-12-24 03:18,1.447
1997-12-24 03:24,1.447
1997-12-24 03:30,1.447
1997-12-24 03:36,1.447
1997-12-24 03:42,1.447
1997-12-24 03:48,1.447
1997-12-24 03:54,1.446
1997-12-24 04:00,1.446
1997-12-24 04:06,1.446
1997-12-24 04:12,1.445
1997-12-24 04:18,1.444
1997-12-24 04:24,1.443
1997-12-24 04:30,1.442
1997-12-24 04:36,1.441
1997-12-24 04:42,1.440
1997-12-24 04:48,1.438
1997-12-24 04:54,1.437
1997-12-24 05:00,1.435
1997-12-24 05:06,1.433
1997-12-24 05:12,1.430
1997-12-24 05:18,1.428
1997-12-24 05:24,1.425
1997-12-24 05:30,1.422
1997-12-24 05:36,1.419
1997-12-24 05:42,1.416
1997-12-24 05:48,1.413
1997-12-24 05:54,1.409
1997-12-24 06:00,1.405
1997-12-24 06:06,1.402
1997-12-24 06:12,1.398
1997-12-24 06:18,1.394
1997-12-24 06:24,1.389
1997-12-24 06:30,1.385
1997-12-24 06:36,1.381
1997-12-24 06:42,1.376
1997-12-24 06:48,1.372
1997-12-24 06:54,1.367
1997-12-24 07:00,1.363
1997-12-24 07:06,1.358
1997-12-24 07:12,1.354
1997-12-24 07:18,1.349
1997-12-24 07:24,1.345
1997-12-24 07:30,1.340
1997-12-24 07:36,1.336
1997-12-24 07:42,1.331
1997-12-24 07:48,1.327
1997-12-24 07:54,1.322
1997-12-24 08:00,1.318
1997-12-24 08:06,1.313
1997-12-24 08:12,1.309
1997-12-24 08:18,1.305
1997-12-24 08:24,1.300
1997-12-24 08:30,1.296
1997-12-24 08:36,1.292
1997-12-24 08:42,1.288
1997-12-24 08:48,1.284
1997-12-24 08:54,1.280
1997-12-24 09:00,1.275
1997-12-24 09:06,1.271
1997-12-24 09:12,1.267
1997-12-24 09:18,1.263
1997-12-24 09:24,1.260
1997-12-24 09:30,1.256
1997-12-24 09:36,1.252
1997-12-24 09:42,1.248
1997-12-24 09:48,1.245
1997-12-24 09:54,1.241
1997-12-24 10:00,1.238
1997-12-24 10:06,1.234
1997-12-24 10:12,1.231
1997-12-24 10:18,1.228
1997-12-24 10:24,1.225
1997-12-24 10:30,1.223
1997-12-24 10:36,1.220
1997-12-24 10:42,1.218
1997-12-24 10:48,1.216
1997-12-24 10:54,1.214
1997-12-24 11:00,1.212
1997-12-24 11:06,1.210
1997-12-24 11:12,1.209
1997-12-24 11:18,1.208
1997-12-24 11:24,1.207
1997-12-24 11:30,1.207
1997-12-24 11:36,1.206
1997-12-24 11:42,1.206
1997-12-24 11:48,1.206
1997-12-24 11:54,1.206
1997-12-24 12:00,1.207
1997-12-24 12:06,1.208
1997-12-24 12:12,1.209
1997-12-24 12:18,1.210
1997-12-24 12:24,1.211
1997-12-24 12:30,1.213
1997-12-24 12:36,1.214
1997-12-24 12:42,1.216
1997-12-24 12:48,1.218
1997-12-24 12:54,1.220
1997-12-24 13:00,1.223
1997-12-24 13:06,1.225
1997-12-24 13:12,1.228
1997-12-24 13:18,1.230
1997-12-24 13:24,1.233
1997-12-24 13:30,1.236
1997-12-24 13:36,1.239
1997-12-24 13:42,1.242
1997-12-24 13:48,1.246
1997-12-24 13:54,1.249
1997-12-24 14:00,1.252
1997-12-24 14:06,1.256
1997-12-24 14:12,1.260
1997-12-24 14:18,1.264
1997-12-24 14:24,1.268
1997-12-24 14:30,1.272
1997-12-24 14:36,1.276
1997-12-24 14:42,1.280
1997-12-24 14:48,1.284
1997-12-24 14:54,1.289
1997-12-24 15:00,1.293
1997-12-24 15:06,1.298
1997-12-24 15:12,1.303
1997-12-24 15:18,1.307
1997-12-24 15:24,1.312
1997-12-24 15:30,1.317
1997-12-24 15:36,1.322
1997-12-24 15:42,1.327
1997-12-24 15:48,1.333
1997-12-24 15:54,1.338
1997-12-24 16:00,1.343
1997-12-24 16:06,1.348
1997-12-24 16:12,1.353
1997-12-24 16:18,1.358
1997-12-24 16:24,1.363
1997-12-24 16:30,1.368
1997-12-24 16:36,1.373
1997-12-24 16:42,1.378
1997-12-24 16:48,1.382
1997-12-24 16:54,1.387
1997-12-24 17:00,1.391
1997-12-24 17:06,1.396
1997-12-24 17:12,1.400
1997-12-24 17:18,1.404
1997-12-24 17:24,1.408
1997-12-24 17:30,1.411
1997-12-24 17:36,1.415
1997-12-24 17:42,1.418
1997-12-24 17:48,1.421
1997-12-24 17:54,1.424
1997-12-24 18:00,1.427
1997-12-24 18:06,1.430
1997-12-24 18:12,1.432
1997-12-24 18:18,1.435
1997-12-24 18:24,1.437
1997-12-24 18:30,1.439
1997-12-24 18:36,1.441
1997-12-24 18:42,1.443
1997-12-24 18:48,1.445
1997-12-24 18:54,1.446
1997-12-24 19:00,1.448
1997-12-24 19:06,1.449
1997-12-24 19:12,1.450
1997-12-24 19:18,1.452
1997-12-24 19:24,1.453
1997-12-24 19:30,1.454
1997-12-24 19:36,1.455
1997-12-24 19:42,1.456
1997-12-24 19:48,1.457
1997-12-24 19:54,1.458
1997-12-24 20:00,1.459
1997-12-24 20:06,1.459
1997-12-24 20:12,1.460
1997-12-24 20:18,1.461
1997-12-24 20:24,1.461
1997-12-24 20:30,1.462
1997-12-24 20:36,1.462
1997-12-24 20:42,1.463
1997-12-24 20:48,1.463
1997-12-24 20:54,1.463
1997-12-24 21:00,1.463
1997-12-24 21:06,1.463
1997-12-24 21:12,1.463
1997-12-24 21:18,1.463
1997-12-24 21:24,1.463
1997-12-24 21:30,1.463
1997-12-24 21:36,1.463
1997-12-24 21:42,1.462
1997-12-24 21:48,1.462
1997-12-24 21:54,1.461
1997-12-24 22:00,1.461
1997-12-24 22:06,1.460
1997-12-24 22:12,1.460
1997-12-24 22:18,1.459
1997-12-24 22:24,1.459
1997-12-24 22:30,1.458
1997-12-24 22:36,1.457
1997-12-24 22:42,1.457
1997-12-24 22:48,1.456
1997-12-24 22:54,1.455
1997-12-24 23:00,1.455
1997-12-24 23:06,1.454
1997-12-24 23:12,1.454
1997-12-24 23:18,1.454
1997-12-24 23:24,1.453
1997-12-24 23:30,1.453
1997-12-24 23:36,1.453
1997-12-24 23:42,1.453
1997-12-24 23:48,1.452
1997-12-24 23:54,1.452
1997-12-25 00:00,1.452
1997-12-25 00:06,1.452
1997-12-25 00:12,1.453
1997-12-25 00:18,1.453
1997-12-25 00:24,1.453
1997-12-25 00:30,1.453
1997-12-25 00:36,1.453
1997-12-25 00:42,1.454
1997-12-25 00:48,1.454
1997-12-25 00:54,1.454
1997-12-25 01:00,1.455
1997-12-25 01:06,1.455
1997-12-25 01:12,1.455
1997-12-25 01:18,1.455
1997-12-25 01:24,1.456
1997-12-25 01:30,1.456
1997-12-25 01:36,1.456
1997-12-25 01:42,1.456
1997-12-25 01:48,1.456
1997-12-25 01:54,1.456
1997-12-25 02:00,1.456
1997-12-25 02:06,1.456
1997-12-25 02:12,1.456
1997-12-25 02:18,1.456
1997-12-25 02:24,1.456
1997-12-25 02:30,1.456
1997-12-25 02:36,1.456
1997-12-25 02:42,1.456
1997-12-25 02:48,1.456
1997-12-25 02:54,1.455
1997-12-25 03:00,1.455
1997-12-25 03:06,1.455
1997-12-25 03:12,1.454
1997-12-25 03:18,1.454
1997-12-25 03:24,1.454
1997-12-25 03:30,1.453
1997-12-25 03:36,1.453
1997-12-25 03:42,1.453
1997-12-25 03:48,1.452
1997-12-25 03:54,1.451
1997-12-25 04:00,1.451
1997-12-25 04:06,1.450
1997-12-25 04:12,1.449
1997-12-25 04:18,1.449
1997-12-25 04:24,1.448
1997-12-25 04:30,1.447
1997-12-25 04:36,1.445
1997-12-25 04:42,1.444
1997-12-25 04:48,1.443
1997-12-25 04:54,1.441
1997-12-25 05:00,1.440
1997-12-25 05:06,1.438
1997-12-25 05:12,1.436
1997-12-25 05:18,1.433
1997-12-25 05:24,1.431
1997-12-25 05:30,1.429
1997-12-25 05:36,1.426
1997-12-25 05:42,1.423
1997-12-25 05:48,1.420
1997-12-25 05:54,1.417
1997-12-25 06:00,1.413
1997-12-25 06:06,1.410
1997-12-25 06:12,1.406
1997-12-25 06:18,1.402
1997-12-25 06:24,1.398
1997-12-25 06:30,1.394
1997-12-25 06:36,1.389
1997-12-25 06:42,1.385
1997-12-25 06:48,1.380
1997-12-25 06:54,1.376
1997-12-25 07:00,1.371
1997-12-25 07:06,1.366
1997-12-25 07:12,1.361
1997-12-25 07:18,1.356
1997-12-25 07:24,1.351
1997-12-25 07:30,1.346
1997-12-25 07:36,1.340
1997-12-25 07:42,1.335
1997-12-25 07:48,1.330
1997-12-25 07:54,1.325
1997-12-25 08:00,1.319
1997-12-25 08:06,1.314
1997-12-25 08:12,1.309
1997-12-25 08:18,1.303
1997-12-25 08:24,1.298
1997-12-25 08:30,1.293
1997-12-25 08:36,1.287
1997-12-25 08:42,1.282
1997-12-25 08:48,1.277
1997-12-25 08:54,1.272
1997-12-25 09:00,1.266
1997-12-25 09:06,1.261
1997-12-25 09:12,1.256
1997-12-25 09:18,1.251
1997-12-25 09:24,1.246
1997-12-25 09:30,1.241
1997-12-25 09:36,1.236
1997-12-25 09:42,1.231
1997-12-25 09:48,1.226
1997-12-25 09:54,1.221
1997-12-25 10:00,1.217
1997-12-25 10:06,1.212
1997-12-25 10:12,1.208
1997-12-25 10:18,1.203
1997-12-25 10:24,1.199
1997-12-25 10:30,1.195
1997-12-25 10:36,1.191
1997-12-25 10:42,1.188
1997-12-25 10:48,1.184
1997-12-25 10:54,1.181
1997-12-25 11:00,1.177
1997-12-25 11:06,1.174
1997-12-25 11:12,1.172
1997-12-25 11:18,1.169
1997-12-25 11:24,1.167
1997-12-25 11:30,1.165
1997-12-25 11:36,1.163
1997-12-25 11:42,1.161
1997-12-25 11:48,1.160
1997-12-25 11:54,1.159
1997-12-25 12:00,1.158
1997-12-25 12:06,1.158
1997-12-25 12:12,1.157
1997-12-25 12:18,1.157
1997-12-25 12:24,1.158
1997-12-25 12:30,1.158
1997-12-25 12:36,1.159
1997-12-25 12:42,1.160
1997-12-25 12:48,1.161
1997-12-25 12:54,1.162
1997-12-25 13:00,1.164
1997-12-25 13:06,1.166
1997-12-25 13:12,1.168
1997-12-25 13:18,1.171
1997-12-25 13:24,1.173
1997-12-25 13:30,1.176
1997-12-25 13:36,1.179
1997-12-25 13:42,1.182
1997-12-25 13:48,1.186
1997-12-25 13:54,1.189
1997-12-25 14:00,1.193
1997-12-25 14:06,1.197
1997-12-25 14:12,1.201
1997-12-25 14:18,1.205
1997-12-25 14:24,1.210
1997-12-25 14:30,1.214
1997-12-25 14:36,1.219
1997-12-25 14:42,1.224
1997-12-25 14:48,1.229
1997-12-25 14:54,1.234
1997-12-25 15:00,1.239
1997-12-25 15:06,1.245
1997-12-25 15:12,1.250
1997-12-25 15:18,1.256
1997-12-25 15:24,1.262
1997-12-25 15:30,1.268
1997-12-25 15:36,1.274
1997-12-25 15:42,1.280
1997-12-25 15:48,1.286
1997-12-25 15:54,1.292
1997-12-25 16:00,1.299
1997-12-25 16:06,1.305
1997-12-25 16:12,1.311
1997-12-25 16:18,1.318
1997-12-25 16:24,1.324
1997-12-25 16:30,1.330
1997-12-25 16:36,1.337
1997-12-25 16:42,1.343
1997-12-25 16:48,1.350
1997-12-25 16:54,1.356
1997-12-25 17:00,1.362
1997-12-25 17:06,1.368
1997-12-25 17:12,1.374
1997-12-25 17:18,1.380
1997-12-25 17:24,1.386
1997-12-25 17:30,1.392
1997-12-25 17:36,1.397
1997-12-25 17:42,1.403
1997-12-25 17:48,1.408
1997-12-25 17:54,1.413
1997-12-25 18:00,1.418
1997-12-25 18:06,1.423
1997-12-25 18:12,1.428
1997-12-25 18:18,1.432
1997-12-25 18:24,1.437
1997-12-25 18:30,1.441
1997-12-25 18:36,1.445
1997-12-25 18:42,1.449
1997-12-25 18:48,1.452
1997-12-25 18:54,1.456
1997-12-25 19:00,1.459
1997-12-25 19:06,1.463
1997-12-25 19:12,1.466
1997-12-25 19:18,1.469
1997-12-25 19:24,1.471
1997-12-25 19:30,1.474
1997-12-25 19:36,1.477
1997-12-25 19:42,1.479
1997-12-25 19:48,1.481
1997-12-25 19:54,1.483
1997-12-25 20:00,1.485
1997-12-25 20:06,1.487
1997-12-25 20:12,1.489
1997-12-25 20:18,1.490
1997-12-25 20:24,1.492
1997-12-25 20:30,1.493
1997-12-25 20:36,1.494
1997-12-25 20:42,1.495
1997-12-25 20:48,1.496
1997-12-25 20:54,1.497
1997-12-25 21:00,1.498
1997-12-25 21:06,1.499
1997-12-25 21:12,1.499
1997-12-25 21:18,1.500
1997-12-25 21:24,1.500
1997-12-25 21:30,1.500
1997-12-25 21:36,1.500
1997-12-25 21:42,1.500
1997-12-25 21:48,1.500
1997-12-25 21:54,1.500
1997-12-25 22:00,1.499
1997-12-25 22:06,1.499
1997-12-25 22:12,1.498
1997-12-25 22:18,1.498
1997-12-25 22:24,1.497
1997-12-25 22:30,1.497
1997-12-25 22:36,1.496
1997-12-25 22:42,1.495
1997-12-25 22:48,1.494
1997-12-25 22:54,1.493
1997-12-25 23:00,1.493
1997-12-25 23:06,1.492
1997-12-25 23:12,1.491
1997-12-25 23:18,1.490
1997-12-25 23:24,1.489
1997-12-25 23:30,1.488
1997-12-25 23:36,1.487
1997-12-25 23:42,1.486
1997-12-25 23:48,1.485
1997-12-25 23:54,1.484
1997-12-26 00:00,1.484
1997-12-26 00:06,1.483
1997-12-26 00:12,1.482
1997-12-26 00:18,1.481
1997-12-26 00:24,1.480
1997-12-26 00:30,1.480
1997-12-26 00:36,1.479
1997-12-26 00:42,1.478
1997-12-26 00:48,1.478
1997-12-26 00:54,1.477
1997-12-26 01:00,1.477
1997-12-26 01:06,1.476
1997-12-26 01:12,1.476
1997-12-26 01:18,1.475
1997-12-26 01:24,1.475
1997-12-26 01:30,1.474
1997-12-26 01:36,1.474
1997-12-26 01:42,1.474
1997-12-26 01:48,1.473
1997-12-26 01:54,1.473
1997-12-26 02:00,1.472
1997-12-26 02:06,1.472
1997-12-26 02:12,1.472
1997-12-26 02:18,1.471
1997-12-26 02:24,1.471
1997-12-26 02:30,1.471
1997-12-26 02:36,1.470
1997-12-26 02:42,1.470
1997-12-26 02:48,1.470
1997-12-26 02:54,1.469
1997-12-26 03:00,1.469
1997-12-26 03:06,1.468
1997-12-26 03:12,1.468
1997-12-26 03:18,1.467
1997-12-26 03:24,1.467
1997-12-26 03:30,1.466
1997-12-26 03:36,1.466
1997-12-26 03:42,1.465
1997-12-26 03:48,1.464
1997-12-26 03:54,1.464
1997-12-26 04:00,1.463
1997-12-26 04:06,1.462
1997-12-26 04:12,1.461
1997-12-26 04:18,1.460
1997-12-26 04:24,1.459
1997-12-26 04:30,1.458
1997-12-26 04:36,1.457
1997-12-26 04:42,1.455
1997-12-26 04:48,1.454
1997-12-26 04:54,1.452
1997-12-26 05:00,1.451
1997-12-26 05:06,1.449
1997-12-26 05:12,1.447
1997-12-26 05:18,1.445
1997-12-26 05:24,1.443
1997-12-26 05:30,1.441
1997-12-26 05:36,1.438
1997-12-26 05:42,1.435
1997-12-26 05:48,1.433
1997-12-26 05:54,1.430
1997-12-26 06:00,1.427
1997-12-26 06:06,1.424
1997-12-26 06:12,1.420
1997-12-26 06:18,1.417
1997-12-26 06:24,1.413
1997-12-26 06:30,1.409
1997-12-26 06:36,1.405
1997-12-26 06:42,1.401
1997-12-26 06:48,1.397
1997-12-26 06:54,1.393
1997-12-26 07:00,1.388
1997-12-26 07:06,1.383
1997-12-26 07:12,1.378
1997-12-26 07:18,1.373
1997-12-26 07:24,1.368
1997-12-26 07:30,1.363
1997-12-26 07:36,1.358
1997-12-26 07:42,1.352
1997-12-26 07:48,1.347
1997-12-26 07:54,1.341
1997-12-26 08:00,1.335
1997-12-26 08:06,1.330
1997-12-26 08:12,1.324
1997-12-26 08:18,1.318
1997-12-26 08:24,1.312
1997-12-26 08:30,1.306
1997-12-26 08:36,1.299
1997-12-26 08:42,1.293
1997-12-26 08:48,1.287
1997-12-26 08:54,1.281
1997-12-26 09:00,1.274
1997-12-26 09:06,1.268
1997-12-26 09:12,1.262
1997-12-26 09:18,1.255
1997-12-26 09:24,1.249
1997-12-26 09:30,1.243
1997-12-26 09:36,1.237
1997-12-26 09:42,1.231
1997-12-26 09:48,1.224
1997-12-26 09:54,1.218
1997-12-26 10:00,1.212
1997-12-26 10:06,1.207
1997-12-26 10:12,1.201
1997-12-26 10:18,1.195
1997-12-26 10:24,1.189
1997-12-26 10:30,1.184
1997-12-26 10:36,1.179
1997-12-26 10:42,1.174
1997-12-26 10:48,1.168
1997-12-26 10:54,1.164
1997-12-26 11:00,1.159
1997-12-26 11:06,1.154
1997-12-26 11:12,1.150
1997-12-26 11:18,1.146
1997-12-26 11:24,1.142
1997-12-26 11:30,1.138
1997-12-26 11:36,1.135
1997-12-26 11:42,1.132
1997-12-26 11:48,1.129
1997-12-26 11:54,1.126
1997-12-26 12:00,1.123
1997-12-26 12:06,1.121
1997-12-26 12:12,1.119
1997-12-26 12:18,1.117
1997-12-26 12:24,1.116
1997-12-26 12:30,1.115
1997-12-26 12:36,1.114
1997-12-26 12:42,1.113
1997-12-26 12:48,1.113
1997-12-26 12:54,1.113
1997-12-26 13:00,1.113
1997-12-26 13:06,1.113
1997-12-26 13:12,1.114
1997-12-26 13:18,1.115
1997-12-26 13:24,1.117
1997-12-26 13:30,1.119
1997-12-26 13:36,1.120
1997-12-26 13:42,1.123
1997-12-26 13:48,1.125
1997-12-26 13:54,1.128
1997-12-26 14:00,1.131
1997-12-26 14:06,1.135
1997-12-26 14:12,1.138
1997-12-26 14:18,1.142
1997-12-26 14:24,1.146
1997-12-26 14:30,1.151
1997-12-26 14:36,1.156
1997-12-26 14:42,1.161
1997-12-26 14:48,1.166
1997-12-26 14:54,1.171
1997-12-26 15:00,1.177
1997-12-26 15:06,1.182
1997-12-26 15:12,1.188
1997-12-26 15:18,1.195
1997-12-26 15:24,1.201
1997-12-26 15:30,1.207
1997-12-26 15:36,1.214
1997-12-26 15:42,1.221
1997-12-26 15:48,1.228
1997-12-26 15:54,1.235
1997-12-26 16:00,1.242
1997-12-26 16:06,1.249
1997-12-26 16:12,1.256
1997-12-26 16:18,1.263
1997-12-26 16:24,1.271
1997-12-26 16:30,1.278
1997-12-26 16:36,1.286
1997-12-26 16:42,1.293
1997-12-26 16:48,1.301
1997-12-26 16:54,1.308
1997-12-26 17:00,1.315
1997-12-26 17:06,1.323
1997-12-26 17:12,1.330
1997-12-26 17:18,1.338
1997-12-26 17:24,1.345
1997-12-26 17:30,1.352
1997-12-26 17:36,1.360
1997-12-26 17:42,1.367
1997-12-26 17:48,1.374
1997-12-26 17:54,1.381
1997-12-26 18:00,1.388
1997-12-26 18:06,1.394
1997-12-26 18:12,1.401
1997-12-26 18:18,1.407
1997-12-26 18:24,1.414
1997-12-26 18:30,1.420
1997-12-26 18:36,1.426
1997-12-26 18:42,1.432
1997-12-26 18:48,1.438
1997-12-26 18:54,1.444
1997-12-26 19:00,1.449
1997-12-26 19:06,1.455
1997-12-26 19:12,1.460
1997-12-26 19:18,1.465
1997-12-26 19:24,1.470
1997-12-26 19:30,1.474
1997-12-26 19:36,1.479
1997-12-26 19:42,1.483
1997-12-26 19:48,1.487
1997-12-26 19:54,1.491
1997-12-26 20:00,1.495
1997-12-26 20:06,1.498
1997-12-26 20:12,1.501
1997-12-26 20:18,1.504
1997-12-26 20:24,1.507
1997-12-26 20:30,1.510
1997-12-26 20:36,1.512
1997-12-26 20:42,1.515
1997-12-26 20:48,1.517
1997-12-26 20:54,1.518
1997-12-26 21:00,1.520
1997-12-26 21:06,1.522
1997-12-26 21:12,1.523
1997-12-26 21:18,1.524
1997-12-26 21:24,1.525
1997-12-26 21:30,1.526
1997-12-26 21:36,1.527
1997-12-26 21:42,1.528
1997-12-26 21:48,1.528
1997-12-26 21:54,1.528
1997-12-26 22:00,1.528
1997-12-26 22:06,1.529
1997-12-26 22:12,1.529
1997-12-26 22:18,1.528
1997-12-26 22:24,1.528
1997-12-26 22:30,1.528
1997-12-26 22:36,1.528
1997-12-26 22:42,1.527
1997-12-26 22:48,1.527
1997-12-26 22:54,1.526
1997-12-26 23:00,1.525
1997-12-26 23:06,1.524
1997-12-26 23:12,1.524
1997-12-26 23:18,1.523
1997-12-26 23:24,1.522
1997-12-26 23:30,1.521
1997-12-26 23:36,1.520
1997-12-26 23:42,1.519
1997-12-26 23:48,1.518
1997-12-26 23:54,1.517
1997-12-27 00:00,1.515
1997-12-27 00:06,1.514
1997-12-27 00:12,1.513
1997-12-27 00:18,1.512
1997-12-27 00:24,1.510
1997-12-27 00:30,1.509
1997-12-27 00:36,1.508
1997-12-27 00:42,1.507
1997-12-27 00:48,1.505
1997-12-27 00:54,1.504
1997-12-27 01:00,1.503
1997-12-27 01:06,1.501
1997-12-27 01:12,1.500
1997-12-27 01:18,1.499
1997-12-27 01:24,1.498
1997-12-27 01:30,1.496
1997-12-27 01:36,1.495
1997-12-27 01:42,1.494
1997-12-27 01:48,1.493
1997-12-27 01:54,1.492
1997-12-27 02:00,1.491
1997-12-27 02:06,1.490
1997-12-27 02:12,1.489
1997-12-27 02:18,1.489
1997-12-27 02:24,1.488
1997-12-27 02:30,1.487
1997-12-27 02:36,1.486
1997-12-27 02:42,1.486
1997-12-27 02:48,1.485
1997-12-27 02:54,1.484
1997-12-27 03:00,1.484
1997-12-27 03:06,1.483
1997-12-27 03:12,1.483
1997-12-27 03:18,1.482
1997-12-27 03:24,1.482
1997-12-27 03:30,1.481
1997-12-27 03:36,1.481
1997-12-27 03:42,1.480
1997-12-27 03:48,1.479
1997-12-27 03:54,1.479
1997-12-27 04:00,1.478
1997-12-27 04:06,1.477
1997-12-27 04:12,1.476
1997-12-27 04:18,1.476
1997-12-27 04:24,1.475
1997-12-27 04:30,1.473
1997-12-27 04:36,1.472
1997-12-27 04:42,1.471
1997-12-27 04:48,1.470
1997-12-27 04:54,1.468
1997-12-27 05:00,1.467
1997-12-27 05:06,1.465
1997-12-27 05:12,1.463
1997-12-27 05:18,1.461
1997-12-27 05:24,1.459
1997-12-27 05:30,1.457
1997-12-27 05:36,1.455
1997-12-27 05:42,1.453
1997-12-27 05:48,1.450
1997-12-27 05:54,1.448
1997-12-27 06:00,1.445
1997-12-27 06:06,1.442
1997-12-27 06:12,1.439
1997-12-27 06:18,1.436
1997-12-27 06:24,1.433
1997-12-27 06:30,1.429
1997-12-27 06:36,1.426
1997-12-27 06:42,1.422
1997-12-27 06:48,1.418
1997-12-27 06:54,1.415
1997-12-27 07:00,1.411
1997-12-27 07:06,1.406
1997-12-27 07:12,1.402
1997-12-27 07:18,1.398
1997-12-27 07:24,1.393
1997-12-27 07:30,1.388
1997-12-27 07:36,1.383
1997-12-27 07:42,1.378
1997-12-27 07:48,1.373
1997-12-27 07:54,1.368
1997-12-27 08:00,1.362
1997-12-27 08:06,1.356
1997-12-27 08:12,1.351
1997-12-27 08:18,1.345
1997-12-27 08:24,1.338
1997-12-27 08:30,1.332
1997-12-27 08:36,1.326
1997-12-27 08:42,1.319
1997-12-27 08:48,1.312
1997-12-27 08:54,1.306
1997-12-27 09:00,1.299
1997-12-27 09:06,1.292
1997-12-27 09:12,1.285
1997-12-27 09:18,1.278
1997-12-27 09:24,1.270
1997-12-27 09:30,1.263
1997-12-27 09:36,1.256
1997-12-27 09:42,1.249
1997-12-27 09:48,1.241
1997-12-27 09:54,1.234
1997-12-27 10:00,1.227
1997-12-27 10:06,1.220
1997-12-27 10:12,1.213
1997-12-27 10:18,1.205
1997-12-27 10:24,1.199
1997-12-27 10:30,1.192
1997-12-27 10:36,1.185
1997-12-27 10:42,1.178
1997-12-27 10:48,1.172
1997-12-27 10:54,1.165
1997-12-27 11:00,1.159
1997-12-27 11:06,1.153
1997-12-27 11:12,1.147
1997-12-27 11:18,1.142
1997-12-27 11:24,1.136
1997-12-27 11:30,1.131
1997-12-27 11:36,1.126
1997-12-27 11:42,1.121
1997-12-27 11:48,1.116
1997-12-27 11:54,1.112
1997-12-27 12:00,1.107
1997-12-27 12:06,1.103
1997-12-27 12:12,1.099
1997-12-27 12:18,1.096
1997-12-27 12:24,1.092
1997-12-27 12:30,1.089
1997-12-27 12:36,1.087
1997-12-27 12:42,1.084
1997-12-27 12:48,1.082
1997-12-27 12:54,1.080
1997-12-27 13:00,1.078
1997-12-27 13:06,1.076
1997-12-27 13:12,1.075
1997-12-27 13:18,1.074
1997-12-27 13:24,1.074
1997-12-27 13:30,1.074
1997-12-27 13:36,1.074
1997-12-27 13:42,1.074
1997-12-27 13:48,1.075
1997-12-27 13:54,1.076
1997-12-27 14:00,1.078
1997-12-27 14:06,1.079
1997-12-27 14:12,1.082
1997-12-27 14:18,1.084
1997-12-27 14:24,1.087
1997-12-27 14:30,1.090
1997-12-27 14:36,1.094
1997-12-27 14:42,1.098
1997-12-27 14:48,1.102
1997-12-27 14:54,1.107
1997-12-27 15:00,1.112
1997-12-27 15:06,1.117
1997-12-27 15:12,1.122
1997-12-27 15:18,1.128
1997-12-27 15:24,1.134
1997-12-27 15:30,1.140
1997-12-27 15:36,1.147
1997-12-27 15:42,1.154
1997-12-27 15:48,1.161
1997-12-27 15:54,1.168
1997-12-27 16:00,1.175
1997-12-27 16:06,1.183
1997-12-27 16:12,1.190
1997-12-27 16:18,1.198
1997-12-27 16:24,1.206
1997-12-27 16:30,1.214
1997-12-27 16:36,1.222
1997-12-27 16:42,1.230
1997-12-27 16:48,1.239
1997-12-27 16:54,1.247
1997-12-27 17:00,1.255
1997-12-27 17:06,1.264
1997-12-27 17:12,1.272
1997-12-27 17:18,1.280
1997-12-27 17:24,1.289
1997-12-27 17:30,1.297
1997-12-27 17:36,1.305
1997-12-27 17:42,1.314
1997-12-27 17:48,1.322
1997-12-27 17:54,1.330
1997-12-27 18:00,1.339
1997-12-27 18:06,1.347
1997-12-27 18:12,1.355
1997-12-27 18:18,1.363
1997-12-27 18:24,1.371
1997-12-27 18:30,1.379
1997-12-27 18:36,1.387
1997-12-27 18:42,1.395
1997-12-27 18:48,1.402
1997-12-27 18:54,1.410
1997-12-27 19:00,1.417
1997-12-27 19:06,1.425
1997-12-27 19:12,1.432
1997-12-27 19:18,1.439
1997-12-27 19:24,1.446
1997-12-27 19:30,1.453
1997-12-27 19:36,1.459
1997-12-27 19:42,1.466
1997-12-27 19:48,1.472
1997-12-27 19:54,1.478
1997-12-27 20:00,1.483
1997-12-27 20:06,1.489
1997-12-27 20:12,1.494
1997-12-27 20:18,1.499
1997-12-27 20:24,1.504
1997-12-27 20:30,1.508
1997-12-27 20:36,1.513
1997-12-27 20:42,1.516
1997-12-27 20:48,1.520
1997-12-27 20:54,1.524
1997-12-27 21:00,1.527
1997-12-27 21:06,1.530
1997-12-27 21:12,1.532
1997-12-27 21:18,1.535
1997-12-27 21:24,1.537
1997-12-27 21:30,1.539
1997-12-27 21:36,1.541
1997-12-27 21:42,1.543
1997-12-27 21:48,1.544
1997-12-27 21:54,1.545
1997-12-27 22:00,1.546
1997-12-27 22:06,1.547
1997-12-27 22:12,1.548
1997-12-27 22:18,1.548
1997-12-27 22:24,1.549
1997-12-27 22:30,1.549
1997-12-27 22:36,1.549
1997-12-27 22:42,1.549
1997-12-27 22:48,1.549
1997-12-27 22:54,1.549
1997-12-27 23:00,1.549
1997-12-27 23:06,1.549
1997-12-27 23:12,1.548
1997-12-27 23:18,1.548
1997-12-27 23:24,1.547
1997-12-27 23:30,1.547
1997-12-27 23:36,1.546
1997-12-27 23:42,1.545
1997-12-27 23:48,1.544
1997-12-27 23:54,1.543
1997-12-28 00:00,1.542
1997-12-28 00:06,1.541
1997-12-28 00:12,1.540
1997-12-28 00:18,1.539
1997-12-28 00:24,1.538
1997-12-28 00:30,1.536
1997-12-28 00:36,1.535
1997-12-28 00:42,1.534
1997-12-28 00:48,1.532
1997-12-28 00:54,1.531
1997-12-28 01:00,1.529
1997-12-28 01:06,1.527
1997-12-28 01:12,1.526
1997-12-28 01:18,1.524
1997-12-28 01:24,1.522
1997-12-28 01:30,1.520
1997-12-28 01:36,1.519
1997-12-28 01:42,1.517
1997-12-28 01:48,1.515
1997-12-28 01:54,1.514
1997-12-28 02:00,1.512
1997-12-28 02:06,1.510
1997-12-28 02:12,1.509
1997-12-28 02:18,1.507
1997-12-28 02:24,1.506
1997-12-28 02:30,1.505
1997-12-28 02:36,1.503
1997-12-28 02:42,1.502
1997-12-28 02:48,1.501
1997-12-28 02:54,1.500
1997-12-28 03:00,1.499
1997-12-28 03:06,1.498
1997-12-28 03:12,1.497
1997-12-28 03:18,1.497
1997-12-28 03:24,1.496
1997-12-28 03:30,1.495
1997-12-28 03:36,1.495
1997-12-28 03:42,1.494
1997-12-28 03:48,1.493
1997-12-28 03:54,1.493
1997-12-28 04:00,1.492
1997-12-28 04:06,1.491
1997-12-28 04:12,1.491
1997-12-28 04:18,1.490
1997-12-28 04:24,1.489
1997-12-28 04:30,1.489
1997-12-28 04:36,1.488
1997-12-28 04:42,1.487
1997-12-28 04:48,1.486
1997-12-28 04:54,1.485
1997-12-28 05:00,1.483
1997-12-28 05:06,1.482
1997-12-28 05:12,1.481
1997-12-28 05:18,1.479
1997-12-28 05:24,1.477
1997-12-28 05:30,1.475
1997-12-28 05:36,1.474
1997-12-28 05:42,1.472
1997-12-28 05:48,1.469
1997-12-28 05:54,1.467
1997-12-28 06:00,1.465
1997-12-28 06:06,1.462
1997-12-28 06:12,1.460
1997-12-28 06:18,1.457
1997-12-28 06:24,1.455
1997-12-28 06:30,1.452
1997-12-28 06:36,1.449
1997-12-28 06:42,1.446
1997-12-28 06:48,1.442
1997-12-28 06:54,1.439
1997-12-28 07:00,1.436
1997-12-28 07:06,1.432
1997-12-28 07:12,1.429
1997-12-28 07:18,1.425
1997-12-28 07:24,1.421
1997-12-28 07:30,1.417
1997-12-28 07:36,1.413
1997-12-28 07:42,1.408
1997-12-28 07:48,1.404
1997-12-28 07:54,1.399
1997-12-28 08:00,1.394
1997-12-28 08:06,1.389
1997-12-28 08:12,1.384
1997-12-28 08:18,1.378
1997-12-28 08:24,1.373
1997-12-28 08:30,1.367
1997-12-28 08:36,1.361
1997-12-28 08:42,1.355
1997-12-28 08:48,1.348
1997-12-28 08:54,1.342
1997-12-28 09:00,1.335
1997-12-28 09:06,1.328
1997-12-28 09:12,1.321
1997-12-28 09:18,1.314
1997-12-28 09:24,1.306
1997-12-28 09:30,1.299
1997-12-28 09:36,1.291
1997-12-28 09:42,1.283
1997-12-28 09:48,1.275
1997-12-28 09:54,1.267
1997-12-28 10:00,1.259
1997-12-28 10:06,1.251
1997-12-28 10:12,1.243
1997-12-28 10:18,1.235
1997-12-28 10:24,1.227
1997-12-28 10:30,1.219
1997-12-28 10:36,1.211
1997-12-28 10:42,1.203
1997-12-28 10:48,1.196
1997-12-28 10:54,1.188
1997-12-28 11:00,1.180
1997-12-28 11:06,1.173
1997-12-28 11:12,1.165
1997-12-28 11:18,1.158
1997-12-28 11:24,1.151
1997-12-28 11:30,1.144
1997-12-28 11:36,1.138
1997-12-28 11:42,1.131
1997-12-28 11:48,1.125
1997-12-28 11:54,1.119
1997-12-28 12:00,1.113
1997-12-28 12:06,1.107
1997-12-28 12:12,1.101
1997-12-28 12:18,1.096
1997-12-28 12:24,1.091
1997-12-28 12:30,1.086
1997-12-28 12:36,1.081
1997-12-28 12:42,1.077
1997-12-28 12:48,1.072
1997-12-28 12:54,1.068
1997-12-28 13:00,1.065
1997-12-28 13:06,1.061
1997-12-28 13:12,1.058
1997-12-28 13:18,1.055
1997-12-28 13:24,1.052
1997-12-28 13:30,1.050
1997-12-28 13:36,1.048
1997-12-28 13:42,1.046
1997-12-28 13:48,1.044
1997-12-28 13:54,1.043
1997-12-28 14:00,1.043
1997-12-28 14:06,1.042
1997-12-28 14:12,1.042
1997-12-28 14:18,1.042
1997-12-28 14:24,1.043
1997-12-28 14:30,1.044
1997-12-28 14:36,1.046
1997-12-28 14:42,1.048
1997-12-28 14:48,1.050
1997-12-28 14:54,1.053
1997-12-28 15:00,1.056
1997-12-28 15:06,1.059
1997-12-28 15:12,1.063
1997-12-28 15:18,1.067
1997-12-28 15:24,1.072
1997-12-28 15:30,1.077
1997-12-28 15:36,1.082
1997-12-28 15:42,1.088
1997-12-28 15:48,1.094
1997-12-28 15:54,1.100
1997-12-28 16:00,1.107
1997-12-28 16:06,1.114
1997-12-28 16:12,1.121
1997-12-28 16:18,1.128
1997-12-28 16:24,1.136
1997-12-28 16:30,1.144
1997-12-28 16:36,1.152
1997-12-28 16:42,1.160
1997-12-28 16:48,1.168
1997-12-28 16:54,1.177
1997-12-28 17:00,1.185
1997-12-28 17:06,1.194
1997-12-28 17:12,1.203
1997-12-28 17:18,1.212
1997-12-28 17:24,1.221
1997-12-28 17:30,1.230
1997-12-28 17:36,1.239
1997-12-28 17:42,1.248
1997-12-28 17:48,1.257
1997-12-28 17:54,1.266
1997-12-28 18:00,1.275
1997-12-28 18:06,1.284
1997-12-28 18:12,1.294
1997-12-28 18:18,1.303
1997-12-28 18:24,1.312
1997-12-28 18:30,1.321
1997-12-28 18:36,1.330
1997-12-28 18:42,1.339
1997-12-28 18:48,1.348
1997-12-28 18:54,1.357
1997-12-28 19:00,1.366
1997-12-28 19:06,1.375
1997-12-28 19:12,1.384
1997-12-28 19:18,1.393
1997-12-28 19:24,1.401
1997-12-28 19:30,1.410
1997-12-28 19:36,1.418
1997-12-28 19:42,1.426
1997-12-28 19:48,1.435
1997-12-28 19:54,1.442
1997-12-28 20:00,1.450
1997-12-28 20:06,1.458
1997-12-28 20:12,1.465
1997-12-28 20:18,1.472
1997-12-28 20:24,1.479
1997-12-28 20:30,1.485
1997-12-28 20:36,1.492
1997-12-28 20:42,1.498
1997-12-28 20:48,1.503
1997-12-28 20:54,1.509
1997-12-28 21:00,1.514
1997-12-28 21:06,1.519
1997-12-28 21:12,1.523
1997-12-28 21:18,1.528
1997-12-28 21:24,1.532
1997-12-28 21:30,1.535
1997-12-28 21:36,1.539
1997-12-28 21:42,1.542
1997-12-28 21:48,1.545
1997-12-28 21:54,1.547
1997-12-28 22:00,1.549
1997-12-28 22:06,1.552
1997-12-28 22:12,1.553
1997-12-28 22:18,1.555
1997-12-28 22:24,1.556
1997-12-28 22:30,1.558
1997-12-28 22:36,1.559
1997-12-28 22:42,1.560
1997-12-28 22:48,1.560
1997-12-28 22:54,1.561
1997-12-28 23:00,1.562
1997-12-28 23:06,1.562
1997-12-28 23:12,1.562
1997-12-28 23:18,1.562
1997-12-28 23:24,1.562
1997-12-28 23:30,1.562
1997-12-28 23:36,1.562
1997-12-28 23:42,1.562
1997-12-28 23:48,1.561
1997-12-28 23:54,1.561
1997-12-29 00:00,1.560
1997-12-29 00:06,1.560
1997-12-29 00:12,1.559
1997-12-29 00:18,1.558
1997-12-29 00:24,1.557
1997-12-29 00:30,1.556
1997-12-29 00:36,1.555
1997-12-29 00:42,1.554
1997-12-29 00:48,1.553
1997-12-29 00:54,1.552
1997-12-29 01:00,1.550
1997-12-29 01:06,1.549
1997-12-29 01:12,1.547
1997-12-29 01:18,1.545
1997-12-29 01:24,1.544
1997-12-29 01:30,1.542
1997-12-29 01:36,1.540
1997-12-29 01:42,1.538
1997-12-29 01:48,1.536
1997-12-29 01:54,1.534
1997-12-29 02:00,1.532
1997-12-29 02:06,1.530
1997-12-29 02:12,1.528
1997-12-29 02:18,1.526
1997-12-29 02:24,1.525
1997-12-29 02:30,1.523
1997-12-29 02:36,1.521
1997-12-29 02:42,1.519
1997-12-29 02:48,1.517
1997-12-29 02:54,1.516
1997-12-29 03:00,1.514
1997-12-29 03:06,1.513
1997-12-29 03:12,1.511
1997-12-29 03:18,1.510
1997-12-29 03:24,1.509
1997-12-29 03:30,1.508
1997-12-29 03:36,1.507
1997-12-29 03:42,1.506
1997-12-29 03:48,1.505
1997-12-29 03:54,1.504
1997-12-29 04:00,1.503
1997-12-29 04:06,1.502
1997-12-29 04:12,1.502
1997-12-29 04:18,1.501
1997-12-29 04:24,1.500
1997-12-29 04:30,1.500
1997-12-29 04:36,1.499
1997-12-29 04:42,1.498
1997-12-29 04:48,1.497
1997-12-29 04:54,1.497
1997-12-29 05:00,1.496
1997-12-29 05:06,1.495
1997-12-29 05:12,1.494
1997-12-29 05:18,1.493
1997-12-29 05:24,1.491
1997-12-29 05:30,1.490
1997-12-29 05:36,1.489
1997-12-29 05:42,1.487
1997-12-29 05:48,1.486
1997-12-29 05:54,1.484
1997-12-29 06:00,1.483
1997-12-29 06:06,1.481
1997-12-29 06:12,1.479
1997-12-29 06:18,1.477
1997-12-29 06:24,1.475
1997-12-29 06:30,1.472
1997-12-29 06:36,1.470
1997-12-29 06:42,1.468
1997-12-29 06:48,1.465
1997-12-29 06:54,1.463
1997-12-29 07:00,1.460
1997-12-29 07:06,1.457
1997-12-29 07:12,1.454
1997-12-29 07:18,1.451
1997-12-29 07:24,1.448
1997-12-29 07:30,1.445
1997-12-29 07:36,1.442
1997-12-29 07:42,1.438
1997-12-29 07:48,1.434
1997-12-29 07:54,1.431
1997-12-29 08:00,1.427
1997-12-29 08:06,1.422
1997-12-29 08:12,1.418
1997-12-29 08:18,1.414
1997-12-29 08:24,1.409
1997-12-29 08:30,1.404
1997-12-29 08:36,1.399
1997-12-29 08:42,1.394
1997-12-29 08:48,1.388
1997-12-29 08:54,1.383
1997-12-29 09:00,1.377
1997-12-29 09:06,1.370
1997-12-29 09:12,1.364
1997-12-29 09:18,1.357
1997-12-29 09:24,1.350
1997-12-29 09:30,1.343
1997-12-29 09:36,1.336
1997-12-29 09:42,1.329
1997-12-29 09:48,1.321
1997-12-29 09:54,1.313
1997-12-29 10:00,1.305
1997-12-29 10:06,1.297
1997-12-29 10:12,1.289
1997-12-29 10:18,1.281
1997-12-29 10:24,1.272
1997-12-29 10:30,1.264
1997-12-29 10:36,1.255
1997-12-29 10:42,1.247
1997-12-29 10:48,1.238
1997-12-29 10:54,1.230
1997-12-29 11:00,1.221
1997-12-29 11:06,1.213
1997-12-29 11:12,1.204
1997-12-29 11:18,1.196
1997-12-29 11:24,1.188
1997-12-29 11:30,1.180
1997-12-29 11:36,1.172
1997-12-29 11:42,1.164
1997-12-29 11:48,1.156
1997-12-29 11:54,1.148
1997-12-29 12:00,1.141
1997-12-29 12:06,1.134
1997-12-29 12:12,1.126
1997-12-29 12:18,1.119
1997-12-29 12:24,1.113
1997-12-29 12:30,1.106
1997-12-29 12:36,1.100
1997-12-29 12:42,1.093
1997-12-29 12:48,1.087
1997-12-29 12:54,1.081
1997-12-29 13:00,1.076
1997-12-29 13:06,1.070
1997-12-29 13:12,1.065
1997-12-29 13:18,1.060
1997-12-29 13:24,1.056
1997-12-29 13:30,1.051
1997-12-29 13:36,1.047
1997-12-29 13:42,1.043
1997-12-29 13:48,1.039
1997-12-29 13:54,1.036
1997-12-29 14:00,1.033
1997-12-29 14:06,1.030
1997-12-29 14:12,1.028
1997-12-29 14:18,1.026
1997-12-29 14:24,1.024
1997-12-29 14:30,1.023
1997-12-29 14:36,1.022
1997-12-29 14:42,1.021
1997-12-29 14:48,1.021
1997-12-29 14:54,1.021
1997-12-29 15:00,1.022
1997-12-29 15:06,1.023
1997-12-29 15:12,1.024
1997-12-29 15:18,1.026
1997-12-29 15:24,1.028
1997-12-29 15:30,1.031
1997-12-29 15:36,1.034
1997-12-29 15:42,1.037
1997-12-29 15:48,1.041
1997-12-29 15:54,1.045
1997-12-29 16:00,1.050
1997-12-29 16:06,1.055
1997-12-29 16:12,1.061
1997-12-29 16:18,1.066
1997-12-29 16:24,1.072
1997-12-29 16:30,1.079
1997-12-29 16:36,1.085
1997-12-29 16:42,1.092
1997-12-29 16:48,1.100
1997-12-29 16:54,1.107
1997-12-29 17:00,1.115
1997-12-29 17:06,1.123
1997-12-29 17:12,1.131
1997-12-29 17:18,1.140
1997-12-29 17:24,1.148
1997-12-29 17:30,1.157
1997-12-29 17:36,1.166
1997-12-29 17:42,1.175
1997-12-29 17:48,1.184
1997-12-29 17:54,1.193
1997-12-29 18:00,1.203
1997-12-29 18:06,1.212
1997-12-29 18:12,1.222
1997-12-29 18:18,1.232
1997-12-29 18:24,1.241
1997-12-29 18:30,1.251
1997-12-29 18:36,1.261
1997-12-29 18:42,1.271
1997-12-29 18:48,1.281
1997-12-29 18:54,1.290
1997-12-29 19:00,1.300
1997-12-29 19:06,1.310
1997-12-29 19:12,1.320
1997-12-29 19:18,1.330
1997-12-29 19:24,1.340
1997-12-29 19:30,1.350
1997-12-29 19:36,1.359
1997-12-29 19:42,1.369
1997-12-29 19:48,1.378
1997-12-29 19:54,1.388
1997-12-29 20:00,1.397
1997-12-29 20:06,1.406
1997-12-29 20:12,1.415
1997-12-29 20:18,1.424
1997-12-29 20:24,1.433
1997-12-29 20:30,1.441
1997-12-29 20:36,1.449
1997-12-29 20:42,1.457
1997-12-29 20:48,1.465
1997-12-29 20:54,1.472
1997-12-29 21:00,1.479
1997-12-29 21:06,1.486
1997-12-29 21:12,1.493
1997-12-29 21:18,1.499
1997-12-29 21:24,1.505
1997-12-29 21:30,1.511
1997-12-29 21:36,1.516
1997-12-29 21:42,1.521
1997-12-29 21:48,1.526
1997-12-29 21:54,1.530
1997-12-29 22:00,1.534
1997-12-29 22:06,1.538
1997-12-29 22:12,1.542
1997-12-29 22:18,1.545
1997-12-29 22:24,1.548
1997-12-29 22:30,1.550
1997-12-29 22:36,1.553
1997-12-29 22:42,1.555
1997-12-29 22:48,1.557
1997-12-29 22:54,1.559
1997-12-29 23:00,1.560
1997-12-29 23:06,1.562
1997-12-29 23:12,1.563
1997-12-29 23:18,1.564
1997-12-29 23:24,1.565
1997-12-29 23:30,1.566
1997-12-29 23:36,1.566
1997-12-29 23:42,1.567
1997-12-29 23:48,1.567
1997-12-29 23:54,1.567
1997-12-30 00:00,1.567
1997-12-30 00:06,1.567
1997-12-30 00:12,1.567
1997-12-30 00:18,1.566
1997-12-30 00:24,1.566
1997-12-30 00:30,1.566
1997-12-30 00:36,1.565
1997-12-30 00:42,1.564
1997-12-30 00:48,1.563
1997-12-30 00:54,1.562
1997-12-30 01:00,1.561
1997-12-30 01:06,1.560
1997-12-30 01:12,1.559
1997-12-30 01:18,1.558
1997-12-30 01:24,1.556
1997-12-30 01:30,1.555
1997-12-30 01:36,1.553
1997-12-30 01:42,1.552
1997-12-30 01:48,1.550
1997-12-30 01:54,1.548
1997-12-30 02:00,1.546
1997-12-30 02:06,1.545
1997-12-30 02:12,1.543
1997-12-30 02:18,1.541
1997-12-30 02:24,1.539
1997-12-30 02:30,1.537
1997-12-30 02:36,1.535
1997-12-30 02:42,1.533
1997-12-30 02:48,1.531
1997-12-30 02:54,1.529
1997-12-30 03:00,1.527
1997-12-30 03:06,1.525
1997-12-30 03:12,1.523
1997-12-30 03:18,1.521
1997-12-30 03:24,1.520
1997-12-30 03:30,1.518
1997-12-30 03:36,1.517
1997-12-30 03:42,1.515
1997-12-30 03:48,1.514
1997-12-30 03:54,1.512
1997-12-30 04:00,1.511
1997-12-30 04:06,1.510
1997-12-30 04:12,1.509
1997-12-30 04:18,1.508
1997-12-30 04:24,1.506
1997-12-30 04:30,1.505
1997-12-30 04:36,1.505
1997-12-30 04:42,1.504
1997-12-30 04:48,1.503
1997-12-30 04:54,1.502
1997-12-30 05:00,1.501
1997-12-30 05:06,1.500
1997-12-30 05:12,1.499
1997-12-30 05:18,1.498
1997-12-30 05:24,1.498
1997-12-30 05:30,1.497
1997-12-30 05:36,1.496
1997-12-30 05:42,1.495
1997-12-30 05:48,1.494
1997-12-30 05:54,1.493
1997-12-30 06:00,1.492
1997-12-30 06:06,1.491
1997-12-30 06:12,1.489
1997-12-30 06:18,1.488
1997-12-30 06:24,1.487
1997-12-30 06:30,1.486
1997-12-30 06:36,1.484
1997-12-30 06:42,1.483
1997-12-30 06:48,1.481
1997-12-30 06:54,1.479
1997-12-30 07:00,1.478
1997-12-30 07:06,1.476
1997-12-30 07:12,1.474
1997-12-30 07:18,1.472
1997-12-30 07:24,1.470
1997-12-30 07:30,1.467
1997-12-30 07:36,1.465
1997-12-30 07:42,1.462
1997-12-30 07:48,1.460
1997-12-30 07:54,1.457
1997-12-30 08:00,1.454
1997-12-30 08:06,1.451
1997-12-30 08:12,1.448
1997-12-30 08:18,1.445
1997-12-30 08:24,1.441
1997-12-30 08:30,1.437
1997-12-30 08:36,1.434
1997-12-30 08:42,1.429
1997-12-30 08:48,1.425
1997-12-30 08:54,1.421
1997-12-30 09:00,1.416
1997-12-30 09:06,1.411
1997-12-30 09:12,1.406
1997-12-30 09:18,1.400
1997-12-30 09:24,1.395
1997-12-30 09:30,1.389
1997-12-30 09:36,1.383
1997-12-30 09:42,1.376
1997-12-30 09:48,1.370
1997-12-30 09:54,1.363
1997-12-30 10:00,1.356
1997-12-30 10:06,1.349
1997-12-30 10:12,1.342
1997-12-30 10:18,1.334
1997-12-30 10:24,1.326
1997-12-30 10:30,1.318
1997-12-30 10:36,1.310
1997-12-30 10:42,1.302
1997-12-30 10:48,1.294
1997-12-30 10:54,1.285
1997-12-30 11:00,1.277
1997-12-30 11:06,1.268
1997-12-30 11:12,1.260
1997-12-30 11:18,1.251
1997-12-30 11:24,1.243
1997-12-30 11:30,1.234
1997-12-30 11:36,1.225
1997-12-30 11:42,1.217
1997-12-30 11:48,1.208
1997-12-30 11:54,1.200
1997-12-30 12:00,1.191
1997-12-30 12:06,1.183
1997-12-30 12:12,1.175
1997-12-30 12:18,1.166
1997-12-30 12:24,1.158
1997-12-30 12:30,1.150
1997-12-30 12:36,1.143
1997-12-30 12:42,1.135
1997-12-30 12:48,1.128
1997-12-30 12:54,1.120
1997-12-30 13:00,1.113
1997-12-30 13:06,1.106
1997-12-30 13:12,1.099
1997-12-30 13:18,1.093
1997-12-30 13:24,1.086
1997-12-30 13:30,1.080
1997-12-30 13:36,1.074
1997-12-30 13:42,1.068
1997-12-30 13:48,1.063
1997-12-30 13:54,1.057
1997-12-30 14:00,1.052
1997-12-30 14:06,1.048
1997-12-30 14:12,1.043
1997-12-30 14:18,1.039
1997-12-30 14:24,1.035
1997-12-30 14:30,1.031
1997-12-30 14:36,1.028
1997-12-30 14:42,1.025
1997-12-30 14:48,1.022
1997-12-30 14:54,1.020
1997-12-30 15:00,1.018
1997-12-30 15:06,1.017
1997-12-30 15:12,1.015
1997-12-30 15:18,1.015
1997-12-30 15:24,1.014
1997-12-30 15:30,1.014
1997-12-30 15:36,1.014
1997-12-30 15:42,1.015
1997-12-30 15:48,1.016
1997-12-30 15:54,1.018
1997-12-30 16:00,1.020
1997-12-30 16:06,1.022
1997-12-30 16:12,1.025
1997-12-30 16:18,1.028
1997-12-30 16:24,1.031
1997-12-30 16:30,1.035
1997-12-30 16:36,1.039
1997-12-30 16:42,1.044
1997-12-30 16:48,1.049
1997-12-30 16:54,1.054
1997-12-30 17:00,1.060
1997-12-30 17:06,1.066
1997-12-30 17:12,1.072
1997-12-30 17:18,1.079
1997-12-30 17:24,1.086
1997-12-30 17:30,1.093
1997-12-30 17:36,1.100
1997-12-30 17:42,1.108
1997-12-30 17:48,1.116
1997-12-30 17:54,1.124
1997-12-30 18:00,1.133
1997-12-30 18:06,1.142
1997-12-30 18:12,1.150
1997-12-30 18:18,1.160
1997-12-30 18:24,1.169
1997-12-30 18:30,1.178
1997-12-30 18:36,1.188
1997-12-30 18:42,1.198
1997-12-30 18:48,1.207
1997-12-30 18:54,1.217
1997-12-30 19:00,1.227
1997-12-30 19:06,1.238
1997-12-30 19:12,1.248
1997-12-30 19:18,1.258
1997-12-30 19:24,1.268
1997-12-30 19:30,1.279
1997-12-30 19:36,1.289
1997-12-30 19:42,1.299
1997-12-30 19:48,1.310
1997-12-30 19:54,1.320
1997-12-30 20:00,1.330
1997-12-30 20:06,1.340
1997-12-30 20:12,1.350
1997-12-30 20:18,1.360
1997-12-30 20:24,1.370
1997-12-30 20:30,1.380
1997-12-30 20:36,1.389
1997-12-30 20:42,1.398
1997-12-30 20:48,1.407
1997-12-30 20:54,1.416
1997-12-30 21:00,1.425
1997-12-30 21:06,1.434
1997-12-30 21:12,1.442
1997-12-30 21:18,1.450
1997-12-30 21:24,1.458
1997-12-30 21:30,1.465
1997-12-30 21:36,1.472
1997-12-30 21:42,1.479
1997-12-30 21:48,1.486
1997-12-30 21:54,1.492
1997-12-30 22:00,1.498
1997-12-30 22:06,1.504
1997-12-30 22:12,1.509
1997-12-30 22:18,1.514
1997-12-30 22:24,1.519
1997-12-30 22:30,1.524
1997-12-30 22:36,1.528
1997-12-30 22:42,1.532
1997-12-30 22:48,1.536
1997-12-30 22:54,1.539
1997-12-30 23:00,1.542
1997-12-30 23:06,1.545
1997-12-30 23:12,1.548
1997-12-30 23:18,1.550
1997-12-30 23:24,1.552
1997-12-30 23:30,1.554
1997-12-30 23:36,1.556
1997-12-30 23:42,1.557
1997-12-30 23:48,1.559
1997-12-30 23:54,1.560
1997-12-31 00:00,1.561
1997-12-31 00:06,1.561
1997-12-31 00:12,1.562
1997-12-31 00:18,1.562
1997-12-31 00:24,1.562
1997-12-31 00:30,1.563
1997-12-31 00:36,1.562
1997-12-31 00:42,1.562
1997-12-31 00:48,1.562
1997-12-31 00:54,1.561
1997-12-31 01:00,1.561
1997-12-31 01:06,1.560
1997-12-31 01:12,1.559
1997-12-31 01:18,1.558
1997-12-31 01:24,1.557
1997-12-31 01:30,1.556
1997-12-31 01:36,1.555
1997-12-31 01:42,1.554
1997-12-31 01:48,1.552
1997-12-31 01:54,1.551
1997-12-31 02:00,1.549
1997-12-31 02:06,1.548
1997-12-31 02:12,1.546
1997-12-31 02:18,1.545
1997-12-31 02:24,1.543
1997-12-31 02:30,1.541
1997-12-31 02:36,1.539
1997-12-31 02:42,1.537
1997-12-31 02:48,1.536
1997-12-31 02:54,1.534
1997-12-31 03:00,1.532
1997-12-31 03:06,1.530
1997-12-31 03:12,1.528
1997-12-31 03:18,1.526
1997-12-31 03:24,1.524
1997-12-31 03:30,1.522
1997-12-31 03:36,1.520
1997-12-31 03:42,1.519
1997-12-31 03:48,1.517
1997-12-31 03:54,1.515
1997-12-31 04:00,1.513
1997-12-31 04:06,1.512
1997-12-31 04:12,1.510
1997-12-31 04:18,1.508
1997-12-31 04:24,1.507
1997-12-31 04:30,1.505
1997-12-31 04:36,1.504
1997-12-31 04:42,1.503
1997-12-31 04:48,1.501
1997-12-31 04:54,1.500
1997-12-31 05:00,1.499
1997-12-31 05:06,1.497
1997-12-31 05:12,1.496
1997-12-31 05:18,1.495
1997-12-31 05:24,1.494
1997-12-31 05:30,1.493
1997-12-31 05:36,1.492
1997-12-31 05:42,1.491
1997-12-31 05:48,1.490
1997-12-31 05:54,1.490
1997-12-31 06:00,1.489
1997-12-31 06:06,1.488
1997-12-31 06:12,1.487
1997-12-31 06:18,1.486
1997-12-31 06:24,1.486
1997-12-31 06:30,1.485
1997-12-31 06:36,1.484
1997-12-31 06:42,1.484
1997-12-31 06:48,1.483
1997-12-31 06:54,1.482
1997-12-31 07:00,1.481
1997-12-31 07:06,1.480
1997-12-31 07:12,1.480
1997-12-31 07:18,1.479
1997-12-31 07:24,1.478
1997-12-31 07:30,1.477
1997-12-31 07:36,1.475
1997-12-31 07:42,1.474
1997-12-31 07:48,1.473
1997-12-31 07:54,1.471
1997-12-31 08:00,1.470
1997-12-31 08:06,1.468
1997-12-31 08:12,1.466
1997-12-31 08:18,1.464
1997-12-31 08:24,1.462
1997-12-31 08:30,1.460
1997-12-31 08:36,1.457
1997-12-31 08:42,1.455
1997-12-31 08:48,1.452
1997-12-31 08:54,1.449
1997-12-31 09:00,1.445
1997-12-31 09:06,1.442
1997-12-31 09:12,1.438
1997-12-31 09:18,1.434
1997-12-31 09:24,1.430
1997-12-31 09:30,1.426
1997-12-31 09:36,1.421
1997-12-31 09:42,1.417
1997-12-31 09:48,1.412
1997-12-31 09:54,1.407
1997-12-31 10:00,1.401
1997-12-31 10:06,1.396
1997-12-31 10:12,1.390
1997-12-31 10:18,1.384
1997-12-31 10:24,1.378
1997-12-31 10:30,1.371
1997-12-31 10:36,1.364
1997-12-31 10:42,1.358
1997-12-31 10:48,1.351
1997-12-31 10:54,1.344
1997-12-31 11:00,1.336
1997-12-31 11:06,1.329
1997-12-31 11:12,1.321
1997-12-31 11:18,1.313
1997-12-31 11:24,1.306
1997-12-31 11:30,1.298
1997-12-31 11:36,1.290
1997-12-31 11:42,1.281
1997-12-31 11:48,1.273
1997-12-31 11:54,1.265
1997-12-31 12:00,1.257
1997-12-31 12:06,1.248
1997-12-31 12:12,1.240
1997-12-31 12:18,1.232
1997-12-31 12:24,1.223
1997-12-31 12:30,1.215
1997-12-31 12:36,1.206
1997-12-31 12:42,1.198
1997-12-31 12:48,1.190
1997-12-31 12:54,1.182
1997-12-31 13:00,1.174
1997-12-31 13:06,1.166
1997-12-31 13:12,1.158
1997-12-31 13:18,1.150
1997-12-31 13:24,1.142
1997-12-31 13:30,1.135
1997-12-31 13:36,1.128
1997-12-31 13:42,1.121
1997-12-31 13:48,1.114
1997-12-31 13:54,1.107
1997-12-31 14:00,1.100
1997-12-31 14:06,1.094
1997-12-31 14:12,1.088
1997-12-31 14:18,1.082
1997-12-31 14:24,1.076
1997-12-31 14:30,1.071
1997-12-31 14:36,1.066
1997-12-31 14:42,1.061
1997-12-31 14:48,1.056
1997-12-31 14:54,1.052
1997-12-31 15:00,1.048
1997-12-31 15:06,1.044
1997-12-31 15:12,1.041
1997-12-31 15:18,1.038
1997-12-31 15:24,1.035
1997-12-31 15:30,1.033
1997-12-31 15:36,1.031
1997-12-31 15:42,1.029
1997-12-31 15:48,1.027
1997-12-31 15:54,1.026
1997-12-31 16:00,1.025
1997-12-31 16:06,1.025
1997-12-31 16:12,1.025
1997-12-31 16:18,1.025
1997-12-31 16:24,1.025
1997-12-31 16:30,1.026
1997-12-31 16:36,1.027
1997-12-31 16:42,1.029
1997-12-31 16:48,1.031
1997-12-31 16:54,1.033
1997-12-31 17:00,1.036
1997-12-31 17:06,1.039
1997-12-31 17:12,1.043
1997-12-31 17:18,1.046
1997-12-31 17:24,1.050
1997-12-31 17:30,1.055
1997-12-31 17:36,1.060
1997-12-31 17:42,1.065
1997-12-31 17:48,1.071
1997-12-31 17:54,1.076
1997-12-31 18:00,1.083
1997-12-31 18:06,1.089
1997-12-31 18:12,1.096
1997-12-31 18:18,1.103
1997-12-31 18:24,1.111
1997-12-31 18:30,1.119
1997-12-31 18:36,1.127
1997-12-31 18:42,1.135
1997-12-31 18:48,1.144
1997-12-31 18:54,1.152
1997-12-31 19:00,1.161
1997-12-31 19:06,1.171
1997-12-31 19:12,1.180
1997-12-31 19:18,1.190
1997-12-31 19:24,1.199
1997-12-31 19:30,1.209
1997-12-31 19:36,1.219
1997-12-31 19:42,1.229
1997-12-31 19:48,1.240
1997-12-31 19:54,1.250
1997-12-31 20:00,1.260
1997-12-31 20:06,1.270
1997-12-31 20:12,1.280
1997-12-31 20:18,1.291
1997-12-31 20:24,1.301
1997-12-31 20:30,1.311
1997-12-31 20:36,1.321
1997-12-31 20:42,1.331
1997-12-31 20:48,1.340
1997-12-31 20:54,1.350
1997-12-31 21:00,1.360
1997-12-31 21:06,1.369
1997-12-31 21:12,1.378
1997-12-31 21:18,1.387
1997-12-31 21:24,1.396
1997-12-31 21:30,1.405
1997-12-31 21:36,1.413
1997-12-31 21:42,1.421
1997-12-31 21:48,1.429
1997-12-31 21:54,1.437
1997-12-31 22:00,1.444
1997-12-31 22:06,1.452
1997-12-31 22:12,1.459
1997-12-31 22:18,1.465
1997-12-31 22:24,1.472
1997-12-31 22:30,1.478
1997-12-31 22:36,1.484
1997-12-31 22:42,1.490
1997-12-31 22:48,1.495
1997-12-31 22:54,1.500
1997-12-31 23:00,1.505
1997-12-31 23:06,1.510
1997-12-31 23:12,1.514
1997-12-31 23:18,1.518
1997-12-31 23:24,1.522
1997-12-31 23:30,1.525
1997-12-31 23:36,1.528
1997-12-31 23:42,1.531
1997-12-31 23:48,1.534
1997-12-31 23:54,1.537
